<?xml version="1.0" encoding="utf-8"?>
<CorrespondenceTable xmlns:xsi="http://www.w3.org/2001/XMLSchema-instance" xmlns:xsd="http://www.w3.org/2001/XMLSchema" id="urn:ssb:corrtable:stabas:1387924" classVersionSourceId="urn:ssb:classversion:stabas:964502" classVersionTargetId="urn:ssb:classversion:stabas:1303192" classLevelSourceId="urn:ssb:codelist:stabas:964509" classLevelTargetId="urn:ssb:codelist:stabas:1303199" showInternet="true" showIntranet="true" xmlns="http://www.ssb.no/ns/meta/correspondence">
  <TitleGrp>
    <Title xml:lang="nn">Kommunar 2002, Bydel 2002</Title>
    <Title xml:lang="nb">Kommune 2002, bydel 2002</Title>
    <Title xml:lang="en">Municipalities 2002, Urban district 2002</Title>
  </TitleGrp>
  <DescriptionGrp />
  <ContactInformation>
    <Person xmlns="http://www.ssb.no/ns/meta/common">hhe</Person>
    <Division xmlns="http://www.ssb.no/ns/meta/common">320</Division>
  </ContactInformation>
  <CorrespondenceItemGroup id="urn:ssb:codelist:stabas:964509" relationshipType="1:N">
    <CorrespondenceItem id="urn:ssb:code:stabas:964509-964595">
      <CodeValue xmlns="http://www.ssb.no/ns/meta/codelist">0301</CodeValue>
      <CodeTextGrp xmlns="http://www.ssb.no/ns/meta/codelist">
        <CodeText xml:lang="nn">Oslo</CodeText>
        <CodeText xml:lang="nb">Oslo</CodeText>
        <CodeText xml:lang="en">Oslo</CodeText>
      </CodeTextGrp>
      <DescriptionGrp xmlns="http://www.ssb.no/ns/meta/codelist">
        <Description xml:lang="nn">Den 1.1. 1980 ble 53 personer overført fra 0231 Skedsmo kommune til 0301 Oslo kommune.</Description>
        <Description xml:lang="nb">Den 1.1. 1980 ble 53 personer overført fra 0231 Skedsmo kommune til 0301 Oslo kommune.</Description>
      </DescriptionGrp>
      <NoteGrp xmlns="http://www.ssb.no/ns/meta/codelist">
        <Note xml:lang="nn">Den 1.1. 1984 ble et ubebodd område (del Danielshøgda, Sandungen) overført fra 0233 Nittedal kommune til 0301Oslo kommune. Fra samme dato ble et ubebodd område overført fra Oslo til Nittedal.</Note>
        <Note xml:lang="nb">Den 1.1. 1984 ble et ubebodd område (del Danielshøgda, Sandungen) overført fra 0233 Nittedal kommune til 0301Oslo kommune. Fra samme dato ble et ubebodd område overført fra Oslo til Nittedal.</Note>
      </NoteGrp>
      <CorrespondenceItemRelation targetItem="urn:ssb:code:stabas:1303199-1303315" />
      <CorrespondenceItemRelation targetItem="urn:ssb:code:stabas:1303199-1303317" />
      <CorrespondenceItemRelation targetItem="urn:ssb:code:stabas:1303199-1303367" />
      <CorrespondenceItemRelation targetItem="urn:ssb:code:stabas:1303199-1303365" />
      <CorrespondenceItemRelation targetItem="urn:ssb:code:stabas:1303199-1303363" />
      <CorrespondenceItemRelation targetItem="urn:ssb:code:stabas:1303199-1303361" />
      <CorrespondenceItemRelation targetItem="urn:ssb:code:stabas:1303199-1303359" />
      <CorrespondenceItemRelation targetItem="urn:ssb:code:stabas:1303199-1303357" />
      <CorrespondenceItemRelation targetItem="urn:ssb:code:stabas:1303199-1303355" />
      <CorrespondenceItemRelation targetItem="urn:ssb:code:stabas:1303199-1303353" />
      <CorrespondenceItemRelation targetItem="urn:ssb:code:stabas:1303199-1303351" />
      <CorrespondenceItemRelation targetItem="urn:ssb:code:stabas:1303199-1303349" />
      <CorrespondenceItemRelation targetItem="urn:ssb:code:stabas:1303199-1303347" />
      <CorrespondenceItemRelation targetItem="urn:ssb:code:stabas:1303199-1303345" />
      <CorrespondenceItemRelation targetItem="urn:ssb:code:stabas:1303199-1303343" />
      <CorrespondenceItemRelation targetItem="urn:ssb:code:stabas:1303199-1303341" />
      <CorrespondenceItemRelation targetItem="urn:ssb:code:stabas:1303199-1303339" />
      <CorrespondenceItemRelation targetItem="urn:ssb:code:stabas:1303199-1303337" />
      <CorrespondenceItemRelation targetItem="urn:ssb:code:stabas:1303199-1303335" />
      <CorrespondenceItemRelation targetItem="urn:ssb:code:stabas:1303199-1303333" />
      <CorrespondenceItemRelation targetItem="urn:ssb:code:stabas:1303199-1303331" />
      <CorrespondenceItemRelation targetItem="urn:ssb:code:stabas:1303199-1303329" />
      <CorrespondenceItemRelation targetItem="urn:ssb:code:stabas:1303199-1303319" />
      <CorrespondenceItemRelation targetItem="urn:ssb:code:stabas:1303199-1303321" />
      <CorrespondenceItemRelation targetItem="urn:ssb:code:stabas:1303199-1303323" />
      <CorrespondenceItemRelation targetItem="urn:ssb:code:stabas:1303199-1303325" />
      <CorrespondenceItemRelation targetItem="urn:ssb:code:stabas:1303199-1303327" />
    </CorrespondenceItem>
    <CorrespondenceItem id="urn:ssb:code:stabas:964509-965179">
      <CodeValue xmlns="http://www.ssb.no/ns/meta/codelist">1103</CodeValue>
      <CodeTextGrp xmlns="http://www.ssb.no/ns/meta/codelist">
        <CodeText xml:lang="nn">Stavanger</CodeText>
        <CodeText xml:lang="nb">Stavanger</CodeText>
        <CodeText xml:lang="en">Stavanger</CodeText>
      </CodeTextGrp>
      <CorrespondenceItemRelation targetItem="urn:ssb:code:stabas:1303199-1303371" />
      <CorrespondenceItemRelation targetItem="urn:ssb:code:stabas:1303199-1303373" />
      <CorrespondenceItemRelation targetItem="urn:ssb:code:stabas:1303199-1303375" />
      <CorrespondenceItemRelation targetItem="urn:ssb:code:stabas:1303199-1303377" />
      <CorrespondenceItemRelation targetItem="urn:ssb:code:stabas:1303199-1303379" />
      <CorrespondenceItemRelation targetItem="urn:ssb:code:stabas:1303199-1303381" />
      <CorrespondenceItemRelation targetItem="urn:ssb:code:stabas:1303199-1303369" />
    </CorrespondenceItem>
    <CorrespondenceItem id="urn:ssb:code:stabas:964509-965331">
      <CodeValue xmlns="http://www.ssb.no/ns/meta/codelist">1201</CodeValue>
      <CodeTextGrp xmlns="http://www.ssb.no/ns/meta/codelist">
        <CodeText xml:lang="nn">Bergen</CodeText>
        <CodeText xml:lang="nb">Bergen</CodeText>
        <CodeText xml:lang="en">Bergen</CodeText>
      </CodeTextGrp>
      <CorrespondenceItemRelation targetItem="urn:ssb:code:stabas:1303199-1303387" />
      <CorrespondenceItemRelation targetItem="urn:ssb:code:stabas:1303199-1303389" />
      <CorrespondenceItemRelation targetItem="urn:ssb:code:stabas:1303199-1303391" />
      <CorrespondenceItemRelation targetItem="urn:ssb:code:stabas:1303199-1303393" />
      <CorrespondenceItemRelation targetItem="urn:ssb:code:stabas:1303199-1303395" />
      <CorrespondenceItemRelation targetItem="urn:ssb:code:stabas:1303199-1303397" />
      <CorrespondenceItemRelation targetItem="urn:ssb:code:stabas:1303199-1303501" />
      <CorrespondenceItemRelation targetItem="urn:ssb:code:stabas:1303199-1303399" />
    </CorrespondenceItem>
    <CorrespondenceItem id="urn:ssb:code:stabas:964509-965731">
      <CodeValue xmlns="http://www.ssb.no/ns/meta/codelist">1601</CodeValue>
      <CodeTextGrp xmlns="http://www.ssb.no/ns/meta/codelist">
        <CodeText xml:lang="nn">Trondheim</CodeText>
        <CodeText xml:lang="nb">Trondheim</CodeText>
        <CodeText xml:lang="en">Trondheim</CodeText>
      </CodeTextGrp>
      <CorrespondenceItemRelation targetItem="urn:ssb:code:stabas:1303199-1303511" />
      <CorrespondenceItemRelation targetItem="urn:ssb:code:stabas:1303199-1303509" />
      <CorrespondenceItemRelation targetItem="urn:ssb:code:stabas:1303199-1303507" />
      <CorrespondenceItemRelation targetItem="urn:ssb:code:stabas:1303199-1303505" />
      <CorrespondenceItemRelation targetItem="urn:ssb:code:stabas:1303199-1303503" />
      <CorrespondenceItemRelation targetItem="urn:ssb:code:stabas:1303199-1303513" />
    </CorrespondenceItem>
  </CorrespondenceItemGroup>
  <CorrespondenceItemGroup id="urn:ssb:codelist:stabas:1303199" relationshipType="N:1">
    <CorrespondenceItem id="urn:ssb:code:stabas:1303199-1303315">
      <CodeValue xmlns="http://www.ssb.no/ns/meta/codelist">030101</CodeValue>
      <CodeTextGrp xmlns="http://www.ssb.no/ns/meta/codelist">
        <CodeText xml:lang="nn">Bygdøy-Frogner</CodeText>
        <CodeText xml:lang="nb">Bygdøy-Frogner</CodeText>
        <CodeText xml:lang="en">Bygdøy-Frogner</CodeText>
      </CodeTextGrp>
      <CorrespondenceItemRelation targetItem="urn:ssb:code:stabas:964509-964595" />
    </CorrespondenceItem>
    <CorrespondenceItem id="urn:ssb:code:stabas:1303199-1303317">
      <CodeValue xmlns="http://www.ssb.no/ns/meta/codelist">030102</CodeValue>
      <CodeTextGrp xmlns="http://www.ssb.no/ns/meta/codelist">
        <CodeText xml:lang="nn">Uranienborg-Majorstuen</CodeText>
        <CodeText xml:lang="nb">Uranienborg-Majorstuen</CodeText>
        <CodeText xml:lang="en">Uranienborg-Majorstuen</CodeText>
      </CodeTextGrp>
      <CorrespondenceItemRelation targetItem="urn:ssb:code:stabas:964509-964595" />
    </CorrespondenceItem>
    <CorrespondenceItem id="urn:ssb:code:stabas:1303199-1303319">
      <CodeValue xmlns="http://www.ssb.no/ns/meta/codelist">030103</CodeValue>
      <CodeTextGrp xmlns="http://www.ssb.no/ns/meta/codelist">
        <CodeText xml:lang="nn">St. Hanshaugen-Ullevål</CodeText>
        <CodeText xml:lang="nb">St. Hanshaugen-Ullevål</CodeText>
        <CodeText xml:lang="en">St. Hanshaugen-Ullevål</CodeText>
      </CodeTextGrp>
      <CorrespondenceItemRelation targetItem="urn:ssb:code:stabas:964509-964595" />
    </CorrespondenceItem>
    <CorrespondenceItem id="urn:ssb:code:stabas:1303199-1303321">
      <CodeValue xmlns="http://www.ssb.no/ns/meta/codelist">030104</CodeValue>
      <CodeTextGrp xmlns="http://www.ssb.no/ns/meta/codelist">
        <CodeText xml:lang="nn">Sagene-Torshov</CodeText>
        <CodeText xml:lang="nb">Sagene-Torshov</CodeText>
        <CodeText xml:lang="en">Sagene-Torshov</CodeText>
      </CodeTextGrp>
      <CorrespondenceItemRelation targetItem="urn:ssb:code:stabas:964509-964595" />
    </CorrespondenceItem>
    <CorrespondenceItem id="urn:ssb:code:stabas:1303199-1303323">
      <CodeValue xmlns="http://www.ssb.no/ns/meta/codelist">030105</CodeValue>
      <CodeTextGrp xmlns="http://www.ssb.no/ns/meta/codelist">
        <CodeText xml:lang="nn">Grünerløkka-Sofienberg</CodeText>
        <CodeText xml:lang="nb">Grünerløkka-Sofienberg</CodeText>
        <CodeText xml:lang="en">Grünerløkka-Sofienberg</CodeText>
      </CodeTextGrp>
      <CorrespondenceItemRelation targetItem="urn:ssb:code:stabas:964509-964595" />
    </CorrespondenceItem>
    <CorrespondenceItem id="urn:ssb:code:stabas:1303199-1303325">
      <CodeValue xmlns="http://www.ssb.no/ns/meta/codelist">030106</CodeValue>
      <CodeTextGrp xmlns="http://www.ssb.no/ns/meta/codelist">
        <CodeText xml:lang="nn">Gamle Oslo</CodeText>
        <CodeText xml:lang="nb">Gamle Oslo</CodeText>
        <CodeText xml:lang="en">Gamle Oslo</CodeText>
      </CodeTextGrp>
      <CorrespondenceItemRelation targetItem="urn:ssb:code:stabas:964509-964595" />
    </CorrespondenceItem>
    <CorrespondenceItem id="urn:ssb:code:stabas:1303199-1303327">
      <CodeValue xmlns="http://www.ssb.no/ns/meta/codelist">030107</CodeValue>
      <CodeTextGrp xmlns="http://www.ssb.no/ns/meta/codelist">
        <CodeText xml:lang="nn">Ekeberg-Bekkelaget</CodeText>
        <CodeText xml:lang="nb">Ekeberg-Bekkelaget</CodeText>
        <CodeText xml:lang="en">Ekeberg-Bekkelaget</CodeText>
      </CodeTextGrp>
      <CorrespondenceItemRelation targetItem="urn:ssb:code:stabas:964509-964595" />
    </CorrespondenceItem>
    <CorrespondenceItem id="urn:ssb:code:stabas:1303199-1303329">
      <CodeValue xmlns="http://www.ssb.no/ns/meta/codelist">030108</CodeValue>
      <CodeTextGrp xmlns="http://www.ssb.no/ns/meta/codelist">
        <CodeText xml:lang="nn">Nordstrand</CodeText>
        <CodeText xml:lang="nb">Nordstrand</CodeText>
        <CodeText xml:lang="en">Nordstrand</CodeText>
      </CodeTextGrp>
      <CorrespondenceItemRelation targetItem="urn:ssb:code:stabas:964509-964595" />
    </CorrespondenceItem>
    <CorrespondenceItem id="urn:ssb:code:stabas:1303199-1303331">
      <CodeValue xmlns="http://www.ssb.no/ns/meta/codelist">030109</CodeValue>
      <CodeTextGrp xmlns="http://www.ssb.no/ns/meta/codelist">
        <CodeText xml:lang="nn">Søndre Nordstrand</CodeText>
        <CodeText xml:lang="nb">Søndre Nordstrand</CodeText>
        <CodeText xml:lang="en">Søndre Nordstrand</CodeText>
      </CodeTextGrp>
      <CorrespondenceItemRelation targetItem="urn:ssb:code:stabas:964509-964595" />
    </CorrespondenceItem>
    <CorrespondenceItem id="urn:ssb:code:stabas:1303199-1303333">
      <CodeValue xmlns="http://www.ssb.no/ns/meta/codelist">030110</CodeValue>
      <CodeTextGrp xmlns="http://www.ssb.no/ns/meta/codelist">
        <CodeText xml:lang="nn">Lambertseter</CodeText>
        <CodeText xml:lang="nb">Lambertseter</CodeText>
        <CodeText xml:lang="en">Lambertseter</CodeText>
      </CodeTextGrp>
      <CorrespondenceItemRelation targetItem="urn:ssb:code:stabas:964509-964595" />
    </CorrespondenceItem>
    <CorrespondenceItem id="urn:ssb:code:stabas:1303199-1303335">
      <CodeValue xmlns="http://www.ssb.no/ns/meta/codelist">030111</CodeValue>
      <CodeTextGrp xmlns="http://www.ssb.no/ns/meta/codelist">
        <CodeText xml:lang="nn">Bøler</CodeText>
        <CodeText xml:lang="nb">Bøler</CodeText>
        <CodeText xml:lang="en">Bøler</CodeText>
      </CodeTextGrp>
      <CorrespondenceItemRelation targetItem="urn:ssb:code:stabas:964509-964595" />
    </CorrespondenceItem>
    <CorrespondenceItem id="urn:ssb:code:stabas:1303199-1303337">
      <CodeValue xmlns="http://www.ssb.no/ns/meta/codelist">030112</CodeValue>
      <CodeTextGrp xmlns="http://www.ssb.no/ns/meta/codelist">
        <CodeText xml:lang="nn">Manglerud</CodeText>
        <CodeText xml:lang="nb">Manglerud</CodeText>
        <CodeText xml:lang="en">Manglerud</CodeText>
      </CodeTextGrp>
      <CorrespondenceItemRelation targetItem="urn:ssb:code:stabas:964509-964595" />
    </CorrespondenceItem>
    <CorrespondenceItem id="urn:ssb:code:stabas:1303199-1303339">
      <CodeValue xmlns="http://www.ssb.no/ns/meta/codelist">030113</CodeValue>
      <CodeTextGrp xmlns="http://www.ssb.no/ns/meta/codelist">
        <CodeText xml:lang="nn">Østensjø</CodeText>
        <CodeText xml:lang="nb">Østensjø</CodeText>
        <CodeText xml:lang="en">Østensjø</CodeText>
      </CodeTextGrp>
      <CorrespondenceItemRelation targetItem="urn:ssb:code:stabas:964509-964595" />
    </CorrespondenceItem>
    <CorrespondenceItem id="urn:ssb:code:stabas:1303199-1303341">
      <CodeValue xmlns="http://www.ssb.no/ns/meta/codelist">030114</CodeValue>
      <CodeTextGrp xmlns="http://www.ssb.no/ns/meta/codelist">
        <CodeText xml:lang="nn">Helsfyr-Sinsen</CodeText>
        <CodeText xml:lang="nb">Helsfyr-Sinsen</CodeText>
        <CodeText xml:lang="en">Helsfyr-Sinsen</CodeText>
      </CodeTextGrp>
      <CorrespondenceItemRelation targetItem="urn:ssb:code:stabas:964509-964595" />
    </CorrespondenceItem>
    <CorrespondenceItem id="urn:ssb:code:stabas:1303199-1303343">
      <CodeValue xmlns="http://www.ssb.no/ns/meta/codelist">030115</CodeValue>
      <CodeTextGrp xmlns="http://www.ssb.no/ns/meta/codelist">
        <CodeText xml:lang="nn">Hellerud</CodeText>
        <CodeText xml:lang="nb">Hellerud</CodeText>
        <CodeText xml:lang="en">Hellerud</CodeText>
      </CodeTextGrp>
      <CorrespondenceItemRelation targetItem="urn:ssb:code:stabas:964509-964595" />
    </CorrespondenceItem>
    <CorrespondenceItem id="urn:ssb:code:stabas:1303199-1303345">
      <CodeValue xmlns="http://www.ssb.no/ns/meta/codelist">030116</CodeValue>
      <CodeTextGrp xmlns="http://www.ssb.no/ns/meta/codelist">
        <CodeText xml:lang="nn">Furuset</CodeText>
        <CodeText xml:lang="nb">Furuset</CodeText>
        <CodeText xml:lang="en">Furuset</CodeText>
      </CodeTextGrp>
      <CorrespondenceItemRelation targetItem="urn:ssb:code:stabas:964509-964595" />
    </CorrespondenceItem>
    <CorrespondenceItem id="urn:ssb:code:stabas:1303199-1303347">
      <CodeValue xmlns="http://www.ssb.no/ns/meta/codelist">030117</CodeValue>
      <CodeTextGrp xmlns="http://www.ssb.no/ns/meta/codelist">
        <CodeText xml:lang="nn">Stovner</CodeText>
        <CodeText xml:lang="nb">Stovner</CodeText>
        <CodeText xml:lang="en">Stovner</CodeText>
      </CodeTextGrp>
      <CorrespondenceItemRelation targetItem="urn:ssb:code:stabas:964509-964595" />
    </CorrespondenceItem>
    <CorrespondenceItem id="urn:ssb:code:stabas:1303199-1303349">
      <CodeValue xmlns="http://www.ssb.no/ns/meta/codelist">030118</CodeValue>
      <CodeTextGrp xmlns="http://www.ssb.no/ns/meta/codelist">
        <CodeText xml:lang="nn">Romsås</CodeText>
        <CodeText xml:lang="nb">Romsås</CodeText>
        <CodeText xml:lang="en">Romsås</CodeText>
      </CodeTextGrp>
      <CorrespondenceItemRelation targetItem="urn:ssb:code:stabas:964509-964595" />
    </CorrespondenceItem>
    <CorrespondenceItem id="urn:ssb:code:stabas:1303199-1303351">
      <CodeValue xmlns="http://www.ssb.no/ns/meta/codelist">030119</CodeValue>
      <CodeTextGrp xmlns="http://www.ssb.no/ns/meta/codelist">
        <CodeText xml:lang="nn">Grorud</CodeText>
        <CodeText xml:lang="nb">Grorud</CodeText>
        <CodeText xml:lang="en">Grorud</CodeText>
      </CodeTextGrp>
      <CorrespondenceItemRelation targetItem="urn:ssb:code:stabas:964509-964595" />
    </CorrespondenceItem>
    <CorrespondenceItem id="urn:ssb:code:stabas:1303199-1303353">
      <CodeValue xmlns="http://www.ssb.no/ns/meta/codelist">030120</CodeValue>
      <CodeTextGrp xmlns="http://www.ssb.no/ns/meta/codelist">
        <CodeText xml:lang="nn">Bjerke</CodeText>
        <CodeText xml:lang="nb">Bjerke</CodeText>
        <CodeText xml:lang="en">Bjerke</CodeText>
      </CodeTextGrp>
      <CorrespondenceItemRelation targetItem="urn:ssb:code:stabas:964509-964595" />
    </CorrespondenceItem>
    <CorrespondenceItem id="urn:ssb:code:stabas:1303199-1303355">
      <CodeValue xmlns="http://www.ssb.no/ns/meta/codelist">030121</CodeValue>
      <CodeTextGrp xmlns="http://www.ssb.no/ns/meta/codelist">
        <CodeText xml:lang="nn">Grefsen-Kjelsås</CodeText>
        <CodeText xml:lang="nb">Grefsen-Kjelsås</CodeText>
        <CodeText xml:lang="en">Grefsen-Kjelsås</CodeText>
      </CodeTextGrp>
      <CorrespondenceItemRelation targetItem="urn:ssb:code:stabas:964509-964595" />
    </CorrespondenceItem>
    <CorrespondenceItem id="urn:ssb:code:stabas:1303199-1303357">
      <CodeValue xmlns="http://www.ssb.no/ns/meta/codelist">030122</CodeValue>
      <CodeTextGrp xmlns="http://www.ssb.no/ns/meta/codelist">
        <CodeText xml:lang="nn">Sogn</CodeText>
        <CodeText xml:lang="nb">Sogn</CodeText>
        <CodeText xml:lang="en">Sogn</CodeText>
      </CodeTextGrp>
      <CorrespondenceItemRelation targetItem="urn:ssb:code:stabas:964509-964595" />
    </CorrespondenceItem>
    <CorrespondenceItem id="urn:ssb:code:stabas:1303199-1303359">
      <CodeValue xmlns="http://www.ssb.no/ns/meta/codelist">030123</CodeValue>
      <CodeTextGrp xmlns="http://www.ssb.no/ns/meta/codelist">
        <CodeText xml:lang="nn">Vinderen</CodeText>
        <CodeText xml:lang="nb">Vinderen</CodeText>
        <CodeText xml:lang="en">Vinderen</CodeText>
      </CodeTextGrp>
      <CorrespondenceItemRelation targetItem="urn:ssb:code:stabas:964509-964595" />
    </CorrespondenceItem>
    <CorrespondenceItem id="urn:ssb:code:stabas:1303199-1303361">
      <CodeValue xmlns="http://www.ssb.no/ns/meta/codelist">030124</CodeValue>
      <CodeTextGrp xmlns="http://www.ssb.no/ns/meta/codelist">
        <CodeText xml:lang="nn">Røa</CodeText>
        <CodeText xml:lang="nb">Røa</CodeText>
        <CodeText xml:lang="en">Røa</CodeText>
      </CodeTextGrp>
      <CorrespondenceItemRelation targetItem="urn:ssb:code:stabas:964509-964595" />
    </CorrespondenceItem>
    <CorrespondenceItem id="urn:ssb:code:stabas:1303199-1303363">
      <CodeValue xmlns="http://www.ssb.no/ns/meta/codelist">030125</CodeValue>
      <CodeTextGrp xmlns="http://www.ssb.no/ns/meta/codelist">
        <CodeText xml:lang="nn">Ullern</CodeText>
        <CodeText xml:lang="nb">Ullern</CodeText>
        <CodeText xml:lang="en">Ullern</CodeText>
      </CodeTextGrp>
      <CorrespondenceItemRelation targetItem="urn:ssb:code:stabas:964509-964595" />
    </CorrespondenceItem>
    <CorrespondenceItem id="urn:ssb:code:stabas:1303199-1303365">
      <CodeValue xmlns="http://www.ssb.no/ns/meta/codelist">030126</CodeValue>
      <CodeTextGrp xmlns="http://www.ssb.no/ns/meta/codelist">
        <CodeText xml:lang="nn">Sentrum</CodeText>
        <CodeText xml:lang="nb">Sentrum</CodeText>
        <CodeText xml:lang="en">Sentrum</CodeText>
      </CodeTextGrp>
      <CorrespondenceItemRelation targetItem="urn:ssb:code:stabas:964509-964595" />
    </CorrespondenceItem>
    <CorrespondenceItem id="urn:ssb:code:stabas:1303199-1303367">
      <CodeValue xmlns="http://www.ssb.no/ns/meta/codelist">030127</CodeValue>
      <CodeTextGrp xmlns="http://www.ssb.no/ns/meta/codelist">
        <CodeText xml:lang="nn">Marka</CodeText>
        <CodeText xml:lang="nb">Marka</CodeText>
        <CodeText xml:lang="en">Marka</CodeText>
      </CodeTextGrp>
      <CorrespondenceItemRelation targetItem="urn:ssb:code:stabas:964509-964595" />
    </CorrespondenceItem>
    <CorrespondenceItem id="urn:ssb:code:stabas:1303199-1303369">
      <CodeValue xmlns="http://www.ssb.no/ns/meta/codelist">110301</CodeValue>
      <CodeTextGrp xmlns="http://www.ssb.no/ns/meta/codelist">
        <CodeText xml:lang="nn">Hundvåg</CodeText>
        <CodeText xml:lang="nb">Hundvåg</CodeText>
        <CodeText xml:lang="en">Hundvåg</CodeText>
      </CodeTextGrp>
      <CorrespondenceItemRelation targetItem="urn:ssb:code:stabas:964509-965179" />
    </CorrespondenceItem>
    <CorrespondenceItem id="urn:ssb:code:stabas:1303199-1303371">
      <CodeValue xmlns="http://www.ssb.no/ns/meta/codelist">110302</CodeValue>
      <CodeTextGrp xmlns="http://www.ssb.no/ns/meta/codelist">
        <CodeText xml:lang="nn">Tasta</CodeText>
        <CodeText xml:lang="nb">Tasta</CodeText>
        <CodeText xml:lang="en">Tasta</CodeText>
      </CodeTextGrp>
      <CorrespondenceItemRelation targetItem="urn:ssb:code:stabas:964509-965179" />
    </CorrespondenceItem>
    <CorrespondenceItem id="urn:ssb:code:stabas:1303199-1303373">
      <CodeValue xmlns="http://www.ssb.no/ns/meta/codelist">110303</CodeValue>
      <CodeTextGrp xmlns="http://www.ssb.no/ns/meta/codelist">
        <CodeText xml:lang="nn">Eiganes og Våland</CodeText>
        <CodeText xml:lang="nb">Eiganes og Våland</CodeText>
        <CodeText xml:lang="en">Eiganes og Våland</CodeText>
      </CodeTextGrp>
      <CorrespondenceItemRelation targetItem="urn:ssb:code:stabas:964509-965179" />
    </CorrespondenceItem>
    <CorrespondenceItem id="urn:ssb:code:stabas:1303199-1303375">
      <CodeValue xmlns="http://www.ssb.no/ns/meta/codelist">110304</CodeValue>
      <CodeTextGrp xmlns="http://www.ssb.no/ns/meta/codelist">
        <CodeText xml:lang="nn">Madla</CodeText>
        <CodeText xml:lang="nb">Madla</CodeText>
        <CodeText xml:lang="en">Madla</CodeText>
      </CodeTextGrp>
      <CorrespondenceItemRelation targetItem="urn:ssb:code:stabas:964509-965179" />
    </CorrespondenceItem>
    <CorrespondenceItem id="urn:ssb:code:stabas:1303199-1303377">
      <CodeValue xmlns="http://www.ssb.no/ns/meta/codelist">110305</CodeValue>
      <CodeTextGrp xmlns="http://www.ssb.no/ns/meta/codelist">
        <CodeText xml:lang="nn">Storhaug</CodeText>
        <CodeText xml:lang="nb">Storhaug</CodeText>
        <CodeText xml:lang="en">Storhaug</CodeText>
      </CodeTextGrp>
      <CorrespondenceItemRelation targetItem="urn:ssb:code:stabas:964509-965179" />
    </CorrespondenceItem>
    <CorrespondenceItem id="urn:ssb:code:stabas:1303199-1303379">
      <CodeValue xmlns="http://www.ssb.no/ns/meta/codelist">110306</CodeValue>
      <CodeTextGrp xmlns="http://www.ssb.no/ns/meta/codelist">
        <CodeText xml:lang="nn">Hillevåg</CodeText>
        <CodeText xml:lang="nb">Hillevåg</CodeText>
        <CodeText xml:lang="en">Hillevåg</CodeText>
      </CodeTextGrp>
      <CorrespondenceItemRelation targetItem="urn:ssb:code:stabas:964509-965179" />
    </CorrespondenceItem>
    <CorrespondenceItem id="urn:ssb:code:stabas:1303199-1303381">
      <CodeValue xmlns="http://www.ssb.no/ns/meta/codelist">110307</CodeValue>
      <CodeTextGrp xmlns="http://www.ssb.no/ns/meta/codelist">
        <CodeText xml:lang="nn">Hinna</CodeText>
        <CodeText xml:lang="nb">Hinna</CodeText>
        <CodeText xml:lang="en">Hinna</CodeText>
      </CodeTextGrp>
      <CorrespondenceItemRelation targetItem="urn:ssb:code:stabas:964509-965179" />
    </CorrespondenceItem>
    <CorrespondenceItem id="urn:ssb:code:stabas:1303199-1303387">
      <CodeValue xmlns="http://www.ssb.no/ns/meta/codelist">120101</CodeValue>
      <CodeTextGrp xmlns="http://www.ssb.no/ns/meta/codelist">
        <CodeText xml:lang="nn">Arna</CodeText>
        <CodeText xml:lang="nb">Arna</CodeText>
        <CodeText xml:lang="en">Arna</CodeText>
      </CodeTextGrp>
      <CorrespondenceItemRelation targetItem="urn:ssb:code:stabas:964509-965331" />
    </CorrespondenceItem>
    <CorrespondenceItem id="urn:ssb:code:stabas:1303199-1303389">
      <CodeValue xmlns="http://www.ssb.no/ns/meta/codelist">120102</CodeValue>
      <CodeTextGrp xmlns="http://www.ssb.no/ns/meta/codelist">
        <CodeText xml:lang="nn">Bergenhus</CodeText>
        <CodeText xml:lang="nb">Bergenhus</CodeText>
        <CodeText xml:lang="en">Bergenhus</CodeText>
      </CodeTextGrp>
      <CorrespondenceItemRelation targetItem="urn:ssb:code:stabas:964509-965331" />
    </CorrespondenceItem>
    <CorrespondenceItem id="urn:ssb:code:stabas:1303199-1303391">
      <CodeValue xmlns="http://www.ssb.no/ns/meta/codelist">120103</CodeValue>
      <CodeTextGrp xmlns="http://www.ssb.no/ns/meta/codelist">
        <CodeText xml:lang="nn">Fana</CodeText>
        <CodeText xml:lang="nb">Fana</CodeText>
        <CodeText xml:lang="en">Fana</CodeText>
      </CodeTextGrp>
      <CorrespondenceItemRelation targetItem="urn:ssb:code:stabas:964509-965331" />
    </CorrespondenceItem>
    <CorrespondenceItem id="urn:ssb:code:stabas:1303199-1303393">
      <CodeValue xmlns="http://www.ssb.no/ns/meta/codelist">120104</CodeValue>
      <CodeTextGrp xmlns="http://www.ssb.no/ns/meta/codelist">
        <CodeText xml:lang="nn">Fyllingsdalen</CodeText>
        <CodeText xml:lang="nb">Fyllingsdalen</CodeText>
        <CodeText xml:lang="en">Fyllingsdalen</CodeText>
      </CodeTextGrp>
      <CorrespondenceItemRelation targetItem="urn:ssb:code:stabas:964509-965331" />
    </CorrespondenceItem>
    <CorrespondenceItem id="urn:ssb:code:stabas:1303199-1303395">
      <CodeValue xmlns="http://www.ssb.no/ns/meta/codelist">120105</CodeValue>
      <CodeTextGrp xmlns="http://www.ssb.no/ns/meta/codelist">
        <CodeText xml:lang="nn">Laksevåg</CodeText>
        <CodeText xml:lang="nb">Laksevåg</CodeText>
        <CodeText xml:lang="en">Laksevåg</CodeText>
      </CodeTextGrp>
      <CorrespondenceItemRelation targetItem="urn:ssb:code:stabas:964509-965331" />
    </CorrespondenceItem>
    <CorrespondenceItem id="urn:ssb:code:stabas:1303199-1303397">
      <CodeValue xmlns="http://www.ssb.no/ns/meta/codelist">120106</CodeValue>
      <CodeTextGrp xmlns="http://www.ssb.no/ns/meta/codelist">
        <CodeText xml:lang="nn">Ytrebygda</CodeText>
        <CodeText xml:lang="nb">Ytrebygda</CodeText>
        <CodeText xml:lang="en">Ytrebygda</CodeText>
      </CodeTextGrp>
      <CorrespondenceItemRelation targetItem="urn:ssb:code:stabas:964509-965331" />
    </CorrespondenceItem>
    <CorrespondenceItem id="urn:ssb:code:stabas:1303199-1303399">
      <CodeValue xmlns="http://www.ssb.no/ns/meta/codelist">120107</CodeValue>
      <CodeTextGrp xmlns="http://www.ssb.no/ns/meta/codelist">
        <CodeText xml:lang="nn">Årstad</CodeText>
        <CodeText xml:lang="nb">Årstad</CodeText>
        <CodeText xml:lang="en">Årstad</CodeText>
      </CodeTextGrp>
      <CorrespondenceItemRelation targetItem="urn:ssb:code:stabas:964509-965331" />
    </CorrespondenceItem>
    <CorrespondenceItem id="urn:ssb:code:stabas:1303199-1303501">
      <CodeValue xmlns="http://www.ssb.no/ns/meta/codelist">120108</CodeValue>
      <CodeTextGrp xmlns="http://www.ssb.no/ns/meta/codelist">
        <CodeText xml:lang="nn">Åsane</CodeText>
        <CodeText xml:lang="nb">Åsane</CodeText>
        <CodeText xml:lang="en">Åsane</CodeText>
      </CodeTextGrp>
      <CorrespondenceItemRelation targetItem="urn:ssb:code:stabas:964509-965331" />
    </CorrespondenceItem>
    <CorrespondenceItem id="urn:ssb:code:stabas:1303199-1303503">
      <CodeValue xmlns="http://www.ssb.no/ns/meta/codelist">160101</CodeValue>
      <CodeTextGrp xmlns="http://www.ssb.no/ns/meta/codelist">
        <CodeText xml:lang="nn">Sentrum</CodeText>
        <CodeText xml:lang="nb">Sentrum</CodeText>
        <CodeText xml:lang="en">Sentrum</CodeText>
      </CodeTextGrp>
      <CorrespondenceItemRelation targetItem="urn:ssb:code:stabas:964509-965731" />
    </CorrespondenceItem>
    <CorrespondenceItem id="urn:ssb:code:stabas:1303199-1303505">
      <CodeValue xmlns="http://www.ssb.no/ns/meta/codelist">160102</CodeValue>
      <CodeTextGrp xmlns="http://www.ssb.no/ns/meta/codelist">
        <CodeText xml:lang="nn">Strindheim</CodeText>
        <CodeText xml:lang="nb">Strindheim</CodeText>
        <CodeText xml:lang="en">Strindheim</CodeText>
      </CodeTextGrp>
      <CorrespondenceItemRelation targetItem="urn:ssb:code:stabas:964509-965731" />
    </CorrespondenceItem>
    <CorrespondenceItem id="urn:ssb:code:stabas:1303199-1303507">
      <CodeValue xmlns="http://www.ssb.no/ns/meta/codelist">160103</CodeValue>
      <CodeTextGrp xmlns="http://www.ssb.no/ns/meta/codelist">
        <CodeText xml:lang="nn">Nardo</CodeText>
        <CodeText xml:lang="nb">Nardo</CodeText>
        <CodeText xml:lang="en">Nardo</CodeText>
      </CodeTextGrp>
      <CorrespondenceItemRelation targetItem="urn:ssb:code:stabas:964509-965731" />
    </CorrespondenceItem>
    <CorrespondenceItem id="urn:ssb:code:stabas:1303199-1303509">
      <CodeValue xmlns="http://www.ssb.no/ns/meta/codelist">160104</CodeValue>
      <CodeTextGrp xmlns="http://www.ssb.no/ns/meta/codelist">
        <CodeText xml:lang="nn">Byåsen</CodeText>
        <CodeText xml:lang="nb">Byåsen</CodeText>
        <CodeText xml:lang="en">Byåsen</CodeText>
      </CodeTextGrp>
      <CorrespondenceItemRelation targetItem="urn:ssb:code:stabas:964509-965731" />
    </CorrespondenceItem>
    <CorrespondenceItem id="urn:ssb:code:stabas:1303199-1303511">
      <CodeValue xmlns="http://www.ssb.no/ns/meta/codelist">160105</CodeValue>
      <CodeTextGrp xmlns="http://www.ssb.no/ns/meta/codelist">
        <CodeText xml:lang="nn">Saupstad</CodeText>
        <CodeText xml:lang="nb">Saupstad</CodeText>
        <CodeText xml:lang="en">Saupstad</CodeText>
      </CodeTextGrp>
      <CorrespondenceItemRelation targetItem="urn:ssb:code:stabas:964509-965731" />
    </CorrespondenceItem>
    <CorrespondenceItem id="urn:ssb:code:stabas:1303199-1303513">
      <CodeValue xmlns="http://www.ssb.no/ns/meta/codelist">160106</CodeValue>
      <CodeTextGrp xmlns="http://www.ssb.no/ns/meta/codelist">
        <CodeText xml:lang="nn">Heimdal</CodeText>
        <CodeText xml:lang="nb">Heimdal</CodeText>
        <CodeText xml:lang="en">Heimdal</CodeText>
      </CodeTextGrp>
      <CorrespondenceItemRelation targetItem="urn:ssb:code:stabas:964509-965731" />
    </CorrespondenceItem>
  </CorrespondenceItemGroup>
</CorrespondenceTable>