<?xml version="1.0" encoding="utf-8"?>
<CorrespondenceTable xmlns:xsi="http://www.w3.org/2001/XMLSchema-instance" xmlns:xsd="http://www.w3.org/2001/XMLSchema" id="urn:ssb:corrtable:stabas:4036101" classVersionSourceId="urn:ssb:classversion:stabas:1304328" classVersionTargetId="urn:ssb:classversion:stabas:1303794" classLevelSourceId="urn:ssb:codelist:stabas:" classLevelTargetId="urn:ssb:codelist:stabas:" showInternet="true" showIntranet="true" xmlns="http://www.ssb.no/ns/meta/correspondence">
  <TitleGrp>
    <Title xml:lang="nn">Helseregionar 2002, Fylker 2002</Title>
    <Title xml:lang="nb">Helseregioner 2002, Fylker 2002</Title>
    <Title xml:lang="en">Health regions 2002, County 2002</Title>
  </TitleGrp>
  <DescriptionGrp />
  <ContactInformation>
    <Person xmlns="http://www.ssb.no/ns/meta/common">bov </Person>
    <Division xmlns="http://www.ssb.no/ns/meta/common">330</Division>
  </ContactInformation>
  <CorrespondenceItemGroup id="urn:ssb:codelist:stabas:" relationshipType="1:N" />
  <CorrespondenceItemGroup id="urn:ssb:codelist:stabas:1303901" relationshipType="N:1">
    <CorrespondenceItem id="urn:ssb:code:stabas:1303901-1303903">
      <CodeValue xmlns="http://www.ssb.no/ns/meta/codelist">01</CodeValue>
      <CodeTextGrp xmlns="http://www.ssb.no/ns/meta/codelist">
        <CodeText xml:lang="nn">Østfold</CodeText>
        <CodeText xml:lang="nb">Østfold</CodeText>
        <CodeText xml:lang="en">Østfold</CodeText>
      </CodeTextGrp>
      <CorrespondenceItemRelation targetItem="urn:ssb:code:stabas:-1304337" />
    </CorrespondenceItem>
    <CorrespondenceItem id="urn:ssb:code:stabas:1303901-1303905">
      <CodeValue xmlns="http://www.ssb.no/ns/meta/codelist">02</CodeValue>
      <CodeTextGrp xmlns="http://www.ssb.no/ns/meta/codelist">
        <CodeText xml:lang="nn">Akershus</CodeText>
        <CodeText xml:lang="nb">Akershus</CodeText>
        <CodeText xml:lang="en">Akershus</CodeText>
      </CodeTextGrp>
      <CorrespondenceItemRelation targetItem="urn:ssb:code:stabas:-1304337" />
    </CorrespondenceItem>
    <CorrespondenceItem id="urn:ssb:code:stabas:1303901-1303907">
      <CodeValue xmlns="http://www.ssb.no/ns/meta/codelist">03</CodeValue>
      <CodeTextGrp xmlns="http://www.ssb.no/ns/meta/codelist">
        <CodeText xml:lang="nn">Oslo</CodeText>
        <CodeText xml:lang="nb">Oslo</CodeText>
        <CodeText xml:lang="en">Oslo</CodeText>
      </CodeTextGrp>
      <CorrespondenceItemRelation targetItem="urn:ssb:code:stabas:-1304337" />
    </CorrespondenceItem>
    <CorrespondenceItem id="urn:ssb:code:stabas:1303901-1303909">
      <CodeValue xmlns="http://www.ssb.no/ns/meta/codelist">04</CodeValue>
      <CodeTextGrp xmlns="http://www.ssb.no/ns/meta/codelist">
        <CodeText xml:lang="nn">Hedmark</CodeText>
        <CodeText xml:lang="nb">Hedmark</CodeText>
        <CodeText xml:lang="en">Hedmark</CodeText>
      </CodeTextGrp>
      <CorrespondenceItemRelation targetItem="urn:ssb:code:stabas:-1304337" />
    </CorrespondenceItem>
    <CorrespondenceItem id="urn:ssb:code:stabas:1303901-1303911">
      <CodeValue xmlns="http://www.ssb.no/ns/meta/codelist">05</CodeValue>
      <CodeTextGrp xmlns="http://www.ssb.no/ns/meta/codelist">
        <CodeText xml:lang="nn">Oppland</CodeText>
        <CodeText xml:lang="nb">Oppland</CodeText>
        <CodeText xml:lang="en">Oppland</CodeText>
      </CodeTextGrp>
      <CorrespondenceItemRelation targetItem="urn:ssb:code:stabas:-1304337" />
    </CorrespondenceItem>
    <CorrespondenceItem id="urn:ssb:code:stabas:1303901-1303913">
      <CodeValue xmlns="http://www.ssb.no/ns/meta/codelist">06</CodeValue>
      <CodeTextGrp xmlns="http://www.ssb.no/ns/meta/codelist">
        <CodeText xml:lang="nn">Buskerud</CodeText>
        <CodeText xml:lang="nb">Buskerud</CodeText>
        <CodeText xml:lang="en">Buskerud</CodeText>
      </CodeTextGrp>
      <CorrespondenceItemRelation targetItem="urn:ssb:code:stabas:-1304339" />
    </CorrespondenceItem>
    <CorrespondenceItem id="urn:ssb:code:stabas:1303901-1303915">
      <CodeValue xmlns="http://www.ssb.no/ns/meta/codelist">07</CodeValue>
      <CodeTextGrp xmlns="http://www.ssb.no/ns/meta/codelist">
        <CodeText xml:lang="nn">Vestfold</CodeText>
        <CodeText xml:lang="nb">Vestfold</CodeText>
        <CodeText xml:lang="en">Vestfold</CodeText>
      </CodeTextGrp>
      <CorrespondenceItemRelation targetItem="urn:ssb:code:stabas:-1304339" />
    </CorrespondenceItem>
    <CorrespondenceItem id="urn:ssb:code:stabas:1303901-1303917">
      <CodeValue xmlns="http://www.ssb.no/ns/meta/codelist">08</CodeValue>
      <CodeTextGrp xmlns="http://www.ssb.no/ns/meta/codelist">
        <CodeText xml:lang="nn">Telemark</CodeText>
        <CodeText xml:lang="nb">Telemark</CodeText>
        <CodeText xml:lang="en">Telemark</CodeText>
      </CodeTextGrp>
      <CorrespondenceItemRelation targetItem="urn:ssb:code:stabas:-1304339" />
    </CorrespondenceItem>
    <CorrespondenceItem id="urn:ssb:code:stabas:1303901-1303919">
      <CodeValue xmlns="http://www.ssb.no/ns/meta/codelist">09</CodeValue>
      <CodeTextGrp xmlns="http://www.ssb.no/ns/meta/codelist">
        <CodeText xml:lang="nn">Aust-Agder</CodeText>
        <CodeText xml:lang="nb">Aust-Agder</CodeText>
        <CodeText xml:lang="en">Aust-Agder</CodeText>
      </CodeTextGrp>
      <CorrespondenceItemRelation targetItem="urn:ssb:code:stabas:-1304339" />
    </CorrespondenceItem>
    <CorrespondenceItem id="urn:ssb:code:stabas:1303901-1303921">
      <CodeValue xmlns="http://www.ssb.no/ns/meta/codelist">10</CodeValue>
      <CodeTextGrp xmlns="http://www.ssb.no/ns/meta/codelist">
        <CodeText xml:lang="nn">Vest-Agder</CodeText>
        <CodeText xml:lang="nb">Vest-Agder</CodeText>
        <CodeText xml:lang="en">Vest-Agder</CodeText>
      </CodeTextGrp>
      <CorrespondenceItemRelation targetItem="urn:ssb:code:stabas:-1304339" />
    </CorrespondenceItem>
    <CorrespondenceItem id="urn:ssb:code:stabas:1303901-1303923">
      <CodeValue xmlns="http://www.ssb.no/ns/meta/codelist">11</CodeValue>
      <CodeTextGrp xmlns="http://www.ssb.no/ns/meta/codelist">
        <CodeText xml:lang="nn">Rogaland</CodeText>
        <CodeText xml:lang="nb">Rogaland</CodeText>
        <CodeText xml:lang="en">Rogaland</CodeText>
      </CodeTextGrp>
      <NoteGrp xmlns="http://www.ssb.no/ns/meta/codelist">
        <Note xml:lang="nn">Kommunen 1214 Ølen blei den 1. januar 2002 førte over i frå Hordaland til Rogaland fylke kor kommunen fekk kommunenummer 1159.</Note>
        <Note xml:lang="nb">Kommunen 1214 Ølen ble den 1. januar 2002 overført i fra Hordaland til Rogaland fylke hvor kommunen fikk kommunenummer 1159.</Note>
        <Note xml:lang="en">1 January 2002 the municipality of Ølen was transferred from the county of Hordaland to the county of Rogaland.</Note>
      </NoteGrp>
      <CorrespondenceItemRelation targetItem="urn:ssb:code:stabas:-1304341" />
    </CorrespondenceItem>
    <CorrespondenceItem id="urn:ssb:code:stabas:1303901-1303925">
      <CodeValue xmlns="http://www.ssb.no/ns/meta/codelist">12</CodeValue>
      <CodeTextGrp xmlns="http://www.ssb.no/ns/meta/codelist">
        <CodeText xml:lang="nn">Hordaland</CodeText>
        <CodeText xml:lang="nb">Hordaland</CodeText>
        <CodeText xml:lang="en">Hordaland</CodeText>
      </CodeTextGrp>
      <CorrespondenceItemRelation targetItem="urn:ssb:code:stabas:-1304341" />
    </CorrespondenceItem>
    <CorrespondenceItem id="urn:ssb:code:stabas:1303901-1303929">
      <CodeValue xmlns="http://www.ssb.no/ns/meta/codelist">14</CodeValue>
      <CodeTextGrp xmlns="http://www.ssb.no/ns/meta/codelist">
        <CodeText xml:lang="nn">Sogn og Fjordane</CodeText>
        <CodeText xml:lang="nb">Sogn og Fjordane</CodeText>
        <CodeText xml:lang="en">Sogn og Fjordane</CodeText>
      </CodeTextGrp>
      <CorrespondenceItemRelation targetItem="urn:ssb:code:stabas:-1304341" />
    </CorrespondenceItem>
    <CorrespondenceItem id="urn:ssb:code:stabas:1303901-1303931">
      <CodeValue xmlns="http://www.ssb.no/ns/meta/codelist">15</CodeValue>
      <CodeTextGrp xmlns="http://www.ssb.no/ns/meta/codelist">
        <CodeText xml:lang="nn">Møre og Romsdal</CodeText>
        <CodeText xml:lang="nb">Møre og Romsdal</CodeText>
        <CodeText xml:lang="en">Møre og Romsdal</CodeText>
      </CodeTextGrp>
      <CorrespondenceItemRelation targetItem="urn:ssb:code:stabas:-1304343" />
    </CorrespondenceItem>
    <CorrespondenceItem id="urn:ssb:code:stabas:1303901-1303933">
      <CodeValue xmlns="http://www.ssb.no/ns/meta/codelist">16</CodeValue>
      <CodeTextGrp xmlns="http://www.ssb.no/ns/meta/codelist">
        <CodeText xml:lang="nn">Sør-Trøndelag</CodeText>
        <CodeText xml:lang="nb">Sør-Trøndelag</CodeText>
        <CodeText xml:lang="en">Sør-Trøndelag</CodeText>
      </CodeTextGrp>
      <CorrespondenceItemRelation targetItem="urn:ssb:code:stabas:-1304343" />
    </CorrespondenceItem>
    <CorrespondenceItem id="urn:ssb:code:stabas:1303901-1303935">
      <CodeValue xmlns="http://www.ssb.no/ns/meta/codelist">17</CodeValue>
      <CodeTextGrp xmlns="http://www.ssb.no/ns/meta/codelist">
        <CodeText xml:lang="nn">Nord-Trøndelag</CodeText>
        <CodeText xml:lang="nb">Nord-Trøndelag</CodeText>
        <CodeText xml:lang="en">Nord-Trøndelag</CodeText>
      </CodeTextGrp>
      <CorrespondenceItemRelation targetItem="urn:ssb:code:stabas:-1304343" />
    </CorrespondenceItem>
    <CorrespondenceItem id="urn:ssb:code:stabas:1303901-1303937">
      <CodeValue xmlns="http://www.ssb.no/ns/meta/codelist">18</CodeValue>
      <CodeTextGrp xmlns="http://www.ssb.no/ns/meta/codelist">
        <CodeText xml:lang="nn">Nordland</CodeText>
        <CodeText xml:lang="nb">Nordland</CodeText>
        <CodeText xml:lang="en">Nordland</CodeText>
      </CodeTextGrp>
      <CorrespondenceItemRelation targetItem="urn:ssb:code:stabas:-1304345" />
    </CorrespondenceItem>
    <CorrespondenceItem id="urn:ssb:code:stabas:1303901-1303939">
      <CodeValue xmlns="http://www.ssb.no/ns/meta/codelist">19</CodeValue>
      <CodeTextGrp xmlns="http://www.ssb.no/ns/meta/codelist">
        <CodeText xml:lang="nn">Troms </CodeText>
        <CodeText xml:lang="nb">Troms</CodeText>
        <CodeText xml:lang="en">Troms </CodeText>
      </CodeTextGrp>
      <CorrespondenceItemRelation targetItem="urn:ssb:code:stabas:-1304345" />
    </CorrespondenceItem>
    <CorrespondenceItem id="urn:ssb:code:stabas:1303901-1303941">
      <CodeValue xmlns="http://www.ssb.no/ns/meta/codelist">20</CodeValue>
      <CodeTextGrp xmlns="http://www.ssb.no/ns/meta/codelist">
        <CodeText xml:lang="nn">Finnmark Finnmárku</CodeText>
        <CodeText xml:lang="nb">Finnmark Finnmárku</CodeText>
        <CodeText xml:lang="en">Finnmark Finnmárku</CodeText>
      </CodeTextGrp>
      <CorrespondenceItemRelation targetItem="urn:ssb:code:stabas:-1304345" />
    </CorrespondenceItem>
  </CorrespondenceItemGroup>
</CorrespondenceTable>