<?xml version="1.0" encoding="utf-8"?>
<CorrespondenceTable xmlns:xsi="http://www.w3.org/2001/XMLSchema-instance" xmlns:xsd="http://www.w3.org/2001/XMLSchema" id="urn:ssb:corrtable:stabas:4230101" classVersionSourceId="urn:ssb:classversion:stabas:4224102" classVersionTargetId="urn:ssb:classversion:stabas:4226187" classLevelSourceId="urn:ssb:codelist:stabas:4224108" classLevelTargetId="urn:ssb:codelist:stabas:4226193" showInternet="false" showIntranet="true" xmlns="http://www.ssb.no/ns/meta/correspondence">
  <TitleGrp>
    <Title xml:lang="nn">Standard for internasjonale fangstregionar,Standard for viktige norske fangstregionar</Title>
    <Title xml:lang="nb">Standard for internasjonale fangstregioner,Standard for viktige norske fangstregioner </Title>
    <Title xml:lang="en">Major fishing areas, Important Norwegian fishing areas</Title>
  </TitleGrp>
  <DescriptionGrp />
  <ContactInformation>
    <Person xmlns="http://www.ssb.no/ns/meta/common">rsk</Person>
    <Division xmlns="http://www.ssb.no/ns/meta/common">430</Division>
  </ContactInformation>
  <CorrespondenceItemGroup id="urn:ssb:codelist:stabas:4224108" relationshipType="1:N">
    <CorrespondenceItem id="urn:ssb:code:stabas:4224108-4224130">
      <CodeValue xmlns="http://www.ssb.no/ns/meta/codelist">18</CodeValue>
      <CodeTextGrp xmlns="http://www.ssb.no/ns/meta/codelist">
        <CodeText xml:lang="nn">Arktiske sjø</CodeText>
        <CodeText xml:lang="nb">Arktiske sjø</CodeText>
        <CodeText xml:lang="en">Arctic Sea</CodeText>
      </CodeTextGrp>
      <CorrespondenceItemRelation targetItem="urn:ssb:code:stabas:4226193-4226587" />
    </CorrespondenceItem>
    <CorrespondenceItem id="urn:ssb:code:stabas:4224108-4224132">
      <CodeValue xmlns="http://www.ssb.no/ns/meta/codelist">21</CodeValue>
      <CodeTextGrp xmlns="http://www.ssb.no/ns/meta/codelist">
        <CodeText xml:lang="nn">Nordvestlege Atlanterhav</CodeText>
        <CodeText xml:lang="nb">Nordvestlige Atlanterhav</CodeText>
        <CodeText xml:lang="en">Northwest Atlantic</CodeText>
      </CodeTextGrp>
      <CorrespondenceItemRelation targetItem="urn:ssb:code:stabas:4226193-4226533" />
      <CorrespondenceItemRelation targetItem="urn:ssb:code:stabas:4226193-4226535" />
      <CorrespondenceItemRelation targetItem="urn:ssb:code:stabas:4226193-4226537" />
      <CorrespondenceItemRelation targetItem="urn:ssb:code:stabas:4226193-4226539" />
      <CorrespondenceItemRelation targetItem="urn:ssb:code:stabas:4226193-4226541" />
      <CorrespondenceItemRelation targetItem="urn:ssb:code:stabas:4226193-4226543" />
      <CorrespondenceItemRelation targetItem="urn:ssb:code:stabas:4226193-4226545" />
      <CorrespondenceItemRelation targetItem="urn:ssb:code:stabas:4226193-4226547" />
      <CorrespondenceItemRelation targetItem="urn:ssb:code:stabas:4226193-4226549" />
      <CorrespondenceItemRelation targetItem="urn:ssb:code:stabas:4226193-4226551" />
      <CorrespondenceItemRelation targetItem="urn:ssb:code:stabas:4226193-4226553" />
      <CorrespondenceItemRelation targetItem="urn:ssb:code:stabas:4226193-4226555" />
      <CorrespondenceItemRelation targetItem="urn:ssb:code:stabas:4226193-4226557" />
      <CorrespondenceItemRelation targetItem="urn:ssb:code:stabas:4226193-4226559" />
      <CorrespondenceItemRelation targetItem="urn:ssb:code:stabas:4226193-4226561" />
      <CorrespondenceItemRelation targetItem="urn:ssb:code:stabas:4226193-4226563" />
      <CorrespondenceItemRelation targetItem="urn:ssb:code:stabas:4226193-4226565" />
      <CorrespondenceItemRelation targetItem="urn:ssb:code:stabas:4226193-4226567" />
      <CorrespondenceItemRelation targetItem="urn:ssb:code:stabas:4226193-4226569" />
      <CorrespondenceItemRelation targetItem="urn:ssb:code:stabas:4226193-4226571" />
      <CorrespondenceItemRelation targetItem="urn:ssb:code:stabas:4226193-4226573" />
      <CorrespondenceItemRelation targetItem="urn:ssb:code:stabas:4226193-4226575" />
      <CorrespondenceItemRelation targetItem="urn:ssb:code:stabas:4226193-4226577" />
      <CorrespondenceItemRelation targetItem="urn:ssb:code:stabas:4226193-4226579" />
      <CorrespondenceItemRelation targetItem="urn:ssb:code:stabas:4226193-4226581" />
      <CorrespondenceItemRelation targetItem="urn:ssb:code:stabas:4226193-4226583" />
      <CorrespondenceItemRelation targetItem="urn:ssb:code:stabas:4226193-4226531" />
    </CorrespondenceItem>
    <CorrespondenceItem id="urn:ssb:code:stabas:4224108-4224134">
      <CodeValue xmlns="http://www.ssb.no/ns/meta/codelist">27</CodeValue>
      <CodeTextGrp xmlns="http://www.ssb.no/ns/meta/codelist">
        <CodeText xml:lang="nn">Nordaustlege Atlanterhav</CodeText>
        <CodeText xml:lang="nb">Nordøstlige Atlanterhav</CodeText>
        <CodeText xml:lang="en">Northeast Atlantic</CodeText>
      </CodeTextGrp>
      <CorrespondenceItemRelation targetItem="urn:ssb:code:stabas:4226193-4226197" />
      <CorrespondenceItemRelation targetItem="urn:ssb:code:stabas:4226193-4226199" />
      <CorrespondenceItemRelation targetItem="urn:ssb:code:stabas:4226193-4226301" />
      <CorrespondenceItemRelation targetItem="urn:ssb:code:stabas:4226193-4226303" />
      <CorrespondenceItemRelation targetItem="urn:ssb:code:stabas:4226193-4226305" />
      <CorrespondenceItemRelation targetItem="urn:ssb:code:stabas:4226193-4226307" />
      <CorrespondenceItemRelation targetItem="urn:ssb:code:stabas:4226193-4226309" />
      <CorrespondenceItemRelation targetItem="urn:ssb:code:stabas:4226193-4226311" />
      <CorrespondenceItemRelation targetItem="urn:ssb:code:stabas:4226193-4226313" />
      <CorrespondenceItemRelation targetItem="urn:ssb:code:stabas:4226193-4226315" />
      <CorrespondenceItemRelation targetItem="urn:ssb:code:stabas:4226193-4226317" />
      <CorrespondenceItemRelation targetItem="urn:ssb:code:stabas:4226193-4226319" />
      <CorrespondenceItemRelation targetItem="urn:ssb:code:stabas:4226193-4226321" />
      <CorrespondenceItemRelation targetItem="urn:ssb:code:stabas:4226193-4226323" />
      <CorrespondenceItemRelation targetItem="urn:ssb:code:stabas:4226193-4226325" />
      <CorrespondenceItemRelation targetItem="urn:ssb:code:stabas:4226193-4226327" />
      <CorrespondenceItemRelation targetItem="urn:ssb:code:stabas:4226193-4226329" />
      <CorrespondenceItemRelation targetItem="urn:ssb:code:stabas:4226193-4226331" />
      <CorrespondenceItemRelation targetItem="urn:ssb:code:stabas:4226193-4226333" />
      <CorrespondenceItemRelation targetItem="urn:ssb:code:stabas:4226193-4226335" />
      <CorrespondenceItemRelation targetItem="urn:ssb:code:stabas:4226193-4226337" />
      <CorrespondenceItemRelation targetItem="urn:ssb:code:stabas:4226193-4226339" />
      <CorrespondenceItemRelation targetItem="urn:ssb:code:stabas:4226193-4226341" />
      <CorrespondenceItemRelation targetItem="urn:ssb:code:stabas:4226193-4226343" />
      <CorrespondenceItemRelation targetItem="urn:ssb:code:stabas:4226193-4226345" />
      <CorrespondenceItemRelation targetItem="urn:ssb:code:stabas:4226193-4226347" />
      <CorrespondenceItemRelation targetItem="urn:ssb:code:stabas:4226193-4226349" />
      <CorrespondenceItemRelation targetItem="urn:ssb:code:stabas:4226193-4226351" />
      <CorrespondenceItemRelation targetItem="urn:ssb:code:stabas:4226193-4226353" />
      <CorrespondenceItemRelation targetItem="urn:ssb:code:stabas:4226193-4226355" />
      <CorrespondenceItemRelation targetItem="urn:ssb:code:stabas:4226193-4226357" />
      <CorrespondenceItemRelation targetItem="urn:ssb:code:stabas:4226193-4226359" />
      <CorrespondenceItemRelation targetItem="urn:ssb:code:stabas:4226193-4226361" />
      <CorrespondenceItemRelation targetItem="urn:ssb:code:stabas:4226193-4226363" />
      <CorrespondenceItemRelation targetItem="urn:ssb:code:stabas:4226193-4226365" />
      <CorrespondenceItemRelation targetItem="urn:ssb:code:stabas:4226193-4226367" />
      <CorrespondenceItemRelation targetItem="urn:ssb:code:stabas:4226193-4226369" />
      <CorrespondenceItemRelation targetItem="urn:ssb:code:stabas:4226193-4226371" />
      <CorrespondenceItemRelation targetItem="urn:ssb:code:stabas:4226193-4226373" />
      <CorrespondenceItemRelation targetItem="urn:ssb:code:stabas:4226193-4226375" />
      <CorrespondenceItemRelation targetItem="urn:ssb:code:stabas:4226193-4226377" />
      <CorrespondenceItemRelation targetItem="urn:ssb:code:stabas:4226193-4226379" />
      <CorrespondenceItemRelation targetItem="urn:ssb:code:stabas:4226193-4226381" />
      <CorrespondenceItemRelation targetItem="urn:ssb:code:stabas:4226193-4226383" />
      <CorrespondenceItemRelation targetItem="urn:ssb:code:stabas:4226193-4226385" />
      <CorrespondenceItemRelation targetItem="urn:ssb:code:stabas:4226193-4226387" />
      <CorrespondenceItemRelation targetItem="urn:ssb:code:stabas:4226193-4226389" />
      <CorrespondenceItemRelation targetItem="urn:ssb:code:stabas:4226193-4226391" />
      <CorrespondenceItemRelation targetItem="urn:ssb:code:stabas:4226193-4226393" />
      <CorrespondenceItemRelation targetItem="urn:ssb:code:stabas:4226193-4226395" />
      <CorrespondenceItemRelation targetItem="urn:ssb:code:stabas:4226193-4226397" />
      <CorrespondenceItemRelation targetItem="urn:ssb:code:stabas:4226193-4226399" />
      <CorrespondenceItemRelation targetItem="urn:ssb:code:stabas:4226193-4226501" />
      <CorrespondenceItemRelation targetItem="urn:ssb:code:stabas:4226193-4226503" />
      <CorrespondenceItemRelation targetItem="urn:ssb:code:stabas:4226193-4226505" />
      <CorrespondenceItemRelation targetItem="urn:ssb:code:stabas:4226193-4226507" />
      <CorrespondenceItemRelation targetItem="urn:ssb:code:stabas:4226193-4226509" />
      <CorrespondenceItemRelation targetItem="urn:ssb:code:stabas:4226193-4226511" />
      <CorrespondenceItemRelation targetItem="urn:ssb:code:stabas:4226193-4226513" />
      <CorrespondenceItemRelation targetItem="urn:ssb:code:stabas:4226193-4226515" />
      <CorrespondenceItemRelation targetItem="urn:ssb:code:stabas:4226193-4226517" />
      <CorrespondenceItemRelation targetItem="urn:ssb:code:stabas:4226193-4226519" />
      <CorrespondenceItemRelation targetItem="urn:ssb:code:stabas:4226193-4226521" />
      <CorrespondenceItemRelation targetItem="urn:ssb:code:stabas:4226193-4226523" />
      <CorrespondenceItemRelation targetItem="urn:ssb:code:stabas:4226193-4226525" />
      <CorrespondenceItemRelation targetItem="urn:ssb:code:stabas:4226193-4226527" />
    </CorrespondenceItem>
    <CorrespondenceItem id="urn:ssb:code:stabas:4224108-4224138">
      <CodeValue xmlns="http://www.ssb.no/ns/meta/codelist">34</CodeValue>
      <CodeTextGrp xmlns="http://www.ssb.no/ns/meta/codelist">
        <CodeText xml:lang="nn">Austlege sentrale Atlanterhav</CodeText>
        <CodeText xml:lang="nb">Østlige sentrale Atlanterhav</CodeText>
        <CodeText xml:lang="en">Eastern Central Atlantic</CodeText>
      </CodeTextGrp>
      <CorrespondenceItemRelation targetItem="urn:ssb:code:stabas:4226193-4226593" />
    </CorrespondenceItem>
    <CorrespondenceItem id="urn:ssb:code:stabas:4224108-4224142">
      <CodeValue xmlns="http://www.ssb.no/ns/meta/codelist">41</CodeValue>
      <CodeTextGrp xmlns="http://www.ssb.no/ns/meta/codelist">
        <CodeText xml:lang="nn">Sørvestlege Atlanterhav</CodeText>
        <CodeText xml:lang="nb">Sørvestlige Atlanterhav</CodeText>
        <CodeText xml:lang="en">Southwest Atlantic</CodeText>
      </CodeTextGrp>
      <CorrespondenceItemRelation targetItem="urn:ssb:code:stabas:4226193-4226597" />
    </CorrespondenceItem>
    <CorrespondenceItem id="urn:ssb:code:stabas:4224108-4224144">
      <CodeValue xmlns="http://www.ssb.no/ns/meta/codelist">47</CodeValue>
      <CodeTextGrp xmlns="http://www.ssb.no/ns/meta/codelist">
        <CodeText xml:lang="nn">Søraustlege Atlanterhav</CodeText>
        <CodeText xml:lang="nb">Sørøstlige Atlanterhav</CodeText>
        <CodeText xml:lang="en">Southeast Atlantic</CodeText>
      </CodeTextGrp>
      <CorrespondenceItemRelation targetItem="urn:ssb:code:stabas:4226193-4226591" />
    </CorrespondenceItem>
    <CorrespondenceItem id="urn:ssb:code:stabas:4224108-4224148">
      <CodeValue xmlns="http://www.ssb.no/ns/meta/codelist">51</CodeValue>
      <CodeTextGrp xmlns="http://www.ssb.no/ns/meta/codelist">
        <CodeText xml:lang="nn">Vestlege Indiske hav</CodeText>
        <CodeText xml:lang="nb">Vestlige Indiske hav</CodeText>
        <CodeText xml:lang="en">Western Indian Ocean</CodeText>
      </CodeTextGrp>
      <CorrespondenceItemRelation targetItem="urn:ssb:code:stabas:4226193-4226589" />
    </CorrespondenceItem>
    <CorrespondenceItem id="urn:ssb:code:stabas:4224108-4224162">
      <CodeValue xmlns="http://www.ssb.no/ns/meta/codelist">81</CodeValue>
      <CodeTextGrp xmlns="http://www.ssb.no/ns/meta/codelist">
        <CodeText xml:lang="nn">Sørvestlege Stillehav</CodeText>
        <CodeText xml:lang="nb">Sørvestlige Stillehav</CodeText>
        <CodeText xml:lang="en">Southwest Pacific</CodeText>
      </CodeTextGrp>
      <CorrespondenceItemRelation targetItem="urn:ssb:code:stabas:4226193-4226595" />
    </CorrespondenceItem>
  </CorrespondenceItemGroup>
  <CorrespondenceItemGroup id="urn:ssb:codelist:stabas:4226193" relationshipType="N:1">
    <CorrespondenceItem id="urn:ssb:code:stabas:4226193-4226197">
      <CodeValue xmlns="http://www.ssb.no/ns/meta/codelist">00</CodeValue>
      <CodeTextGrp xmlns="http://www.ssb.no/ns/meta/codelist">
        <CodeText xml:lang="nn">Vestfjorden (Lofoten)</CodeText>
        <CodeText xml:lang="nb">Vestfjorden (Lofoten)</CodeText>
        <CodeText xml:lang="en">Westfjord (Lofoten)</CodeText>
      </CodeTextGrp>
      <CorrespondenceItemRelation targetItem="urn:ssb:code:stabas:4224108-4224134" />
    </CorrespondenceItem>
    <CorrespondenceItem id="urn:ssb:code:stabas:4226193-4226199">
      <CodeValue xmlns="http://www.ssb.no/ns/meta/codelist">01</CodeValue>
      <CodeTextGrp xmlns="http://www.ssb.no/ns/meta/codelist">
        <CodeText xml:lang="nn">Kaninbanken</CodeText>
        <CodeText xml:lang="nb">Kaninbanken</CodeText>
        <CodeText xml:lang="en">Kanin Bank</CodeText>
      </CodeTextGrp>
      <CorrespondenceItemRelation targetItem="urn:ssb:code:stabas:4224108-4224134" />
    </CorrespondenceItem>
    <CorrespondenceItem id="urn:ssb:code:stabas:4226193-4226301">
      <CodeValue xmlns="http://www.ssb.no/ns/meta/codelist">02</CodeValue>
      <CodeTextGrp xmlns="http://www.ssb.no/ns/meta/codelist">
        <CodeText xml:lang="nn">Murmanskkysten</CodeText>
        <CodeText xml:lang="nb">Murmanskkysten</CodeText>
        <CodeText xml:lang="en">Coast of Murmansk</CodeText>
      </CodeTextGrp>
      <CorrespondenceItemRelation targetItem="urn:ssb:code:stabas:4224108-4224134" />
    </CorrespondenceItem>
    <CorrespondenceItem id="urn:ssb:code:stabas:4226193-4226303">
      <CodeValue xmlns="http://www.ssb.no/ns/meta/codelist">03</CodeValue>
      <CodeTextGrp xmlns="http://www.ssb.no/ns/meta/codelist">
        <CodeText xml:lang="nn">Aust-Finnmark</CodeText>
        <CodeText xml:lang="nb">Øst-Finnmark</CodeText>
        <CodeText xml:lang="en">East-Finnmark</CodeText>
      </CodeTextGrp>
      <CorrespondenceItemRelation targetItem="urn:ssb:code:stabas:4224108-4224134" />
    </CorrespondenceItem>
    <CorrespondenceItem id="urn:ssb:code:stabas:4226193-4226305">
      <CodeValue xmlns="http://www.ssb.no/ns/meta/codelist">04</CodeValue>
      <CodeTextGrp xmlns="http://www.ssb.no/ns/meta/codelist">
        <CodeText xml:lang="nn">Vest-Finnmark</CodeText>
        <CodeText xml:lang="nb">Vest-Finnmark</CodeText>
        <CodeText xml:lang="en">West-Finnmark</CodeText>
      </CodeTextGrp>
      <CorrespondenceItemRelation targetItem="urn:ssb:code:stabas:4224108-4224134" />
    </CorrespondenceItem>
    <CorrespondenceItem id="urn:ssb:code:stabas:4226193-4226307">
      <CodeValue xmlns="http://www.ssb.no/ns/meta/codelist">05</CodeValue>
      <CodeTextGrp xmlns="http://www.ssb.no/ns/meta/codelist">
        <CodeText xml:lang="nn">Røstbanken til Malangsgrunnen</CodeText>
        <CodeText xml:lang="nb">Røstbanken til Malangsgrunnen</CodeText>
        <CodeText xml:lang="en">Røst-Bank to Malang Ground</CodeText>
      </CodeTextGrp>
      <CorrespondenceItemRelation targetItem="urn:ssb:code:stabas:4224108-4224134" />
    </CorrespondenceItem>
    <CorrespondenceItem id="urn:ssb:code:stabas:4226193-4226309">
      <CodeValue xmlns="http://www.ssb.no/ns/meta/codelist">06</CodeValue>
      <CodeTextGrp xmlns="http://www.ssb.no/ns/meta/codelist">
        <CodeText xml:lang="nn">Helgelandsbanken</CodeText>
        <CodeText xml:lang="nb">Helgelandsbanken</CodeText>
        <CodeText xml:lang="en">Helgeland Bank</CodeText>
      </CodeTextGrp>
      <CorrespondenceItemRelation targetItem="urn:ssb:code:stabas:4224108-4224134" />
    </CorrespondenceItem>
    <CorrespondenceItem id="urn:ssb:code:stabas:4226193-4226311">
      <CodeValue xmlns="http://www.ssb.no/ns/meta/codelist">07</CodeValue>
      <CodeTextGrp xmlns="http://www.ssb.no/ns/meta/codelist">
        <CodeText xml:lang="nn">Storegga-Frøyabanken</CodeText>
        <CodeText xml:lang="nb">Storegga-Frøyabanken</CodeText>
        <CodeText xml:lang="en">Storegga-Frøya Bank</CodeText>
      </CodeTextGrp>
      <CorrespondenceItemRelation targetItem="urn:ssb:code:stabas:4224108-4224134" />
    </CorrespondenceItem>
    <CorrespondenceItem id="urn:ssb:code:stabas:4226193-4226313">
      <CodeValue xmlns="http://www.ssb.no/ns/meta/codelist">08</CodeValue>
      <CodeTextGrp xmlns="http://www.ssb.no/ns/meta/codelist">
        <CodeText xml:lang="nn">Eigersundbanken</CodeText>
        <CodeText xml:lang="nb">Eigersundbanken</CodeText>
        <CodeText xml:lang="en">Eigersund Bank</CodeText>
      </CodeTextGrp>
      <CorrespondenceItemRelation targetItem="urn:ssb:code:stabas:4224108-4224134" />
    </CorrespondenceItem>
    <CorrespondenceItem id="urn:ssb:code:stabas:4226193-4226315">
      <CodeValue xmlns="http://www.ssb.no/ns/meta/codelist">09</CodeValue>
      <CodeTextGrp xmlns="http://www.ssb.no/ns/meta/codelist">
        <CodeText xml:lang="nn">Skagerrak</CodeText>
        <CodeText xml:lang="nb">Skagerrak</CodeText>
        <CodeText xml:lang="en">Skagerrak</CodeText>
      </CodeTextGrp>
      <CorrespondenceItemRelation targetItem="urn:ssb:code:stabas:4224108-4224134" />
    </CorrespondenceItem>
    <CorrespondenceItem id="urn:ssb:code:stabas:4226193-4226317">
      <CodeValue xmlns="http://www.ssb.no/ns/meta/codelist">10</CodeValue>
      <CodeTextGrp xmlns="http://www.ssb.no/ns/meta/codelist">
        <CodeText xml:lang="nn">Skolpenbanken</CodeText>
        <CodeText xml:lang="nb">Skolpenbanken</CodeText>
        <CodeText xml:lang="en">Skolpen Bank</CodeText>
      </CodeTextGrp>
      <CorrespondenceItemRelation targetItem="urn:ssb:code:stabas:4224108-4224134" />
    </CorrespondenceItem>
    <CorrespondenceItem id="urn:ssb:code:stabas:4226193-4226319">
      <CodeValue xmlns="http://www.ssb.no/ns/meta/codelist">11</CodeValue>
      <CodeTextGrp xmlns="http://www.ssb.no/ns/meta/codelist">
        <CodeText xml:lang="nn">Gåsebanken</CodeText>
        <CodeText xml:lang="nb">Gåsebanken</CodeText>
        <CodeText xml:lang="en">Gåse Bank</CodeText>
      </CodeTextGrp>
      <CorrespondenceItemRelation targetItem="urn:ssb:code:stabas:4224108-4224134" />
    </CorrespondenceItem>
    <CorrespondenceItem id="urn:ssb:code:stabas:4226193-4226321">
      <CodeValue xmlns="http://www.ssb.no/ns/meta/codelist">12</CodeValue>
      <CodeTextGrp xmlns="http://www.ssb.no/ns/meta/codelist">
        <CodeText xml:lang="nn">Nordkappbanken</CodeText>
        <CodeText xml:lang="nb">Nordkappbanken</CodeText>
        <CodeText xml:lang="en">Nordkapp Bank</CodeText>
      </CodeTextGrp>
      <CorrespondenceItemRelation targetItem="urn:ssb:code:stabas:4224108-4224134" />
    </CorrespondenceItem>
    <CorrespondenceItem id="urn:ssb:code:stabas:4226193-4226323">
      <CodeValue xmlns="http://www.ssb.no/ns/meta/codelist">13</CodeValue>
      <CodeTextGrp xmlns="http://www.ssb.no/ns/meta/codelist">
        <CodeText xml:lang="nn">Thor Iversens Bank</CodeText>
        <CodeText xml:lang="nb">Thor Iversens Bank</CodeText>
        <CodeText xml:lang="en">Thor Iversens Bank</CodeText>
      </CodeTextGrp>
      <CorrespondenceItemRelation targetItem="urn:ssb:code:stabas:4224108-4224134" />
    </CorrespondenceItem>
    <CorrespondenceItem id="urn:ssb:code:stabas:4226193-4226325">
      <CodeValue xmlns="http://www.ssb.no/ns/meta/codelist">14</CodeValue>
      <CodeTextGrp xmlns="http://www.ssb.no/ns/meta/codelist">
        <CodeText xml:lang="nn">Britvinfeltet</CodeText>
        <CodeText xml:lang="nb">Britvinfeltet</CodeText>
        <CodeText xml:lang="en">Britvin Ground</CodeText>
      </CodeTextGrp>
      <CorrespondenceItemRelation targetItem="urn:ssb:code:stabas:4224108-4224134" />
    </CorrespondenceItem>
    <CorrespondenceItem id="urn:ssb:code:stabas:4226193-4226327">
      <CodeValue xmlns="http://www.ssb.no/ns/meta/codelist">15</CodeValue>
      <CodeTextGrp xmlns="http://www.ssb.no/ns/meta/codelist">
        <CodeText xml:lang="nn">Sentralbanken</CodeText>
        <CodeText xml:lang="nb">Sentralbanken</CodeText>
        <CodeText xml:lang="en">Central Bank</CodeText>
      </CodeTextGrp>
      <CorrespondenceItemRelation targetItem="urn:ssb:code:stabas:4224108-4224134" />
    </CorrespondenceItem>
    <CorrespondenceItem id="urn:ssb:code:stabas:4226193-4226329">
      <CodeValue xmlns="http://www.ssb.no/ns/meta/codelist">16</CodeValue>
      <CodeTextGrp xmlns="http://www.ssb.no/ns/meta/codelist">
        <CodeText xml:lang="nn">Admiralityfeltet</CodeText>
        <CodeText xml:lang="nb">Admiralityfeltet</CodeText>
        <CodeText xml:lang="en">Admirality Ground</CodeText>
      </CodeTextGrp>
      <CorrespondenceItemRelation targetItem="urn:ssb:code:stabas:4224108-4224134" />
    </CorrespondenceItem>
    <CorrespondenceItem id="urn:ssb:code:stabas:4226193-4226331">
      <CodeValue xmlns="http://www.ssb.no/ns/meta/codelist">17</CodeValue>
      <CodeTextGrp xmlns="http://www.ssb.no/ns/meta/codelist">
        <CodeText xml:lang="nn">Nordaustområdet</CodeText>
        <CodeText xml:lang="nb">Nordøstområdet</CodeText>
        <CodeText xml:lang="en">Northeast Area</CodeText>
      </CodeTextGrp>
      <CorrespondenceItemRelation targetItem="urn:ssb:code:stabas:4224108-4224134" />
    </CorrespondenceItem>
    <CorrespondenceItem id="urn:ssb:code:stabas:4226193-4226333">
      <CodeValue xmlns="http://www.ssb.no/ns/meta/codelist">18</CodeValue>
      <CodeTextGrp xmlns="http://www.ssb.no/ns/meta/codelist">
        <CodeText xml:lang="nn">Nord av Novaja Semlja</CodeText>
        <CodeText xml:lang="nb">Nord av Novaja Semlja</CodeText>
        <CodeText xml:lang="en">North of Novaya Zemlya</CodeText>
      </CodeTextGrp>
      <CorrespondenceItemRelation targetItem="urn:ssb:code:stabas:4224108-4224134" />
    </CorrespondenceItem>
    <CorrespondenceItem id="urn:ssb:code:stabas:4226193-4226587">
      <CodeValue xmlns="http://www.ssb.no/ns/meta/codelist">19</CodeValue>
      <CodeTextGrp xmlns="http://www.ssb.no/ns/meta/codelist">
        <CodeText xml:lang="nn">Aust av Novaja Semlja</CodeText>
        <CodeText xml:lang="nb">Øst av Novaja Semlja</CodeText>
        <CodeText xml:lang="en">East of Novaya Zemlya</CodeText>
      </CodeTextGrp>
      <CorrespondenceItemRelation targetItem="urn:ssb:code:stabas:4224108-4224130" />
    </CorrespondenceItem>
    <CorrespondenceItem id="urn:ssb:code:stabas:4226193-4226335">
      <CodeValue xmlns="http://www.ssb.no/ns/meta/codelist">20</CodeValue>
      <CodeTextGrp xmlns="http://www.ssb.no/ns/meta/codelist">
        <CodeText xml:lang="nn">Bjørnøya</CodeText>
        <CodeText xml:lang="nb">Bjørnøya</CodeText>
        <CodeText xml:lang="en">Bear Island</CodeText>
      </CodeTextGrp>
      <CorrespondenceItemRelation targetItem="urn:ssb:code:stabas:4224108-4224134" />
    </CorrespondenceItem>
    <CorrespondenceItem id="urn:ssb:code:stabas:4226193-4226337">
      <CodeValue xmlns="http://www.ssb.no/ns/meta/codelist">21</CodeValue>
      <CodeTextGrp xmlns="http://www.ssb.no/ns/meta/codelist">
        <CodeText xml:lang="nn">Vest-Spitsbergen</CodeText>
        <CodeText xml:lang="nb">Vest-Spitsbergen</CodeText>
        <CodeText xml:lang="en">West Spitsbergen</CodeText>
      </CodeTextGrp>
      <CorrespondenceItemRelation targetItem="urn:ssb:code:stabas:4224108-4224134" />
    </CorrespondenceItem>
    <CorrespondenceItem id="urn:ssb:code:stabas:4226193-4226339">
      <CodeValue xmlns="http://www.ssb.no/ns/meta/codelist">22</CodeValue>
      <CodeTextGrp xmlns="http://www.ssb.no/ns/meta/codelist">
        <CodeText xml:lang="nn">Storfjord/Hinlopenstredet</CodeText>
        <CodeText xml:lang="nb">Storfjord/Hinlopenstredet</CodeText>
        <CodeText xml:lang="en">Storfjord/Hinlopen Strait</CodeText>
      </CodeTextGrp>
      <CorrespondenceItemRelation targetItem="urn:ssb:code:stabas:4224108-4224134" />
    </CorrespondenceItem>
    <CorrespondenceItem id="urn:ssb:code:stabas:4226193-4226341">
      <CodeValue xmlns="http://www.ssb.no/ns/meta/codelist">23</CodeValue>
      <CodeTextGrp xmlns="http://www.ssb.no/ns/meta/codelist">
        <CodeText xml:lang="nn">Hopen</CodeText>
        <CodeText xml:lang="nb">Hopen</CodeText>
        <CodeText xml:lang="en">Hopen</CodeText>
      </CodeTextGrp>
      <CorrespondenceItemRelation targetItem="urn:ssb:code:stabas:4224108-4224134" />
    </CorrespondenceItem>
    <CorrespondenceItem id="urn:ssb:code:stabas:4226193-4226343">
      <CodeValue xmlns="http://www.ssb.no/ns/meta/codelist">24</CodeValue>
      <CodeTextGrp xmlns="http://www.ssb.no/ns/meta/codelist">
        <CodeText xml:lang="nn">Storbanken</CodeText>
        <CodeText xml:lang="nb">Storbanken</CodeText>
        <CodeText xml:lang="en">Great Bank</CodeText>
      </CodeTextGrp>
      <CorrespondenceItemRelation targetItem="urn:ssb:code:stabas:4224108-4224134" />
    </CorrespondenceItem>
    <CorrespondenceItem id="urn:ssb:code:stabas:4226193-4226345">
      <CodeValue xmlns="http://www.ssb.no/ns/meta/codelist">25</CodeValue>
      <CodeTextGrp xmlns="http://www.ssb.no/ns/meta/codelist">
        <CodeText xml:lang="nn">Nordv.-Spitsbergen</CodeText>
        <CodeText xml:lang="nb">Nordv.-Spitsbergen</CodeText>
        <CodeText xml:lang="en">Northwest Spitsbergen</CodeText>
      </CodeTextGrp>
      <CorrespondenceItemRelation targetItem="urn:ssb:code:stabas:4224108-4224134" />
    </CorrespondenceItem>
    <CorrespondenceItem id="urn:ssb:code:stabas:4226193-4226347">
      <CodeValue xmlns="http://www.ssb.no/ns/meta/codelist">26</CodeValue>
      <CodeTextGrp xmlns="http://www.ssb.no/ns/meta/codelist">
        <CodeText xml:lang="nn">Grønlandshavet</CodeText>
        <CodeText xml:lang="nb">Grønlandshavet</CodeText>
        <CodeText xml:lang="en">Greenland Sea</CodeText>
      </CodeTextGrp>
      <CorrespondenceItemRelation targetItem="urn:ssb:code:stabas:4224108-4224134" />
    </CorrespondenceItem>
    <CorrespondenceItem id="urn:ssb:code:stabas:4226193-4226349">
      <CodeValue xmlns="http://www.ssb.no/ns/meta/codelist">27</CodeValue>
      <CodeTextGrp xmlns="http://www.ssb.no/ns/meta/codelist">
        <CodeText xml:lang="nn">Sørvest av Spitsbergen</CodeText>
        <CodeText xml:lang="nb">Sørvest av Spitsbergen</CodeText>
        <CodeText xml:lang="en">Southwest of Spitsbergen</CodeText>
      </CodeTextGrp>
      <CorrespondenceItemRelation targetItem="urn:ssb:code:stabas:4224108-4224134" />
    </CorrespondenceItem>
    <CorrespondenceItem id="urn:ssb:code:stabas:4226193-4226351">
      <CodeValue xmlns="http://www.ssb.no/ns/meta/codelist">28</CodeValue>
      <CodeTextGrp xmlns="http://www.ssb.no/ns/meta/codelist">
        <CodeText xml:lang="nn">Vikingbanken</CodeText>
        <CodeText xml:lang="nb">Vikingbanken</CodeText>
        <CodeText xml:lang="en">Viking Bank</CodeText>
      </CodeTextGrp>
      <CorrespondenceItemRelation targetItem="urn:ssb:code:stabas:4224108-4224134" />
    </CorrespondenceItem>
    <CorrespondenceItem id="urn:ssb:code:stabas:4226193-4226353">
      <CodeValue xmlns="http://www.ssb.no/ns/meta/codelist">29</CodeValue>
      <CodeTextGrp xmlns="http://www.ssb.no/ns/meta/codelist">
        <CodeText xml:lang="nn">Østersjøen</CodeText>
        <CodeText xml:lang="nb">Østersjøen</CodeText>
        <CodeText xml:lang="en">The Baltic</CodeText>
      </CodeTextGrp>
      <CorrespondenceItemRelation targetItem="urn:ssb:code:stabas:4224108-4224134" />
    </CorrespondenceItem>
    <CorrespondenceItem id="urn:ssb:code:stabas:4226193-4226355">
      <CodeValue xmlns="http://www.ssb.no/ns/meta/codelist">30</CodeValue>
      <CodeTextGrp xmlns="http://www.ssb.no/ns/meta/codelist">
        <CodeText xml:lang="nn">Sørlege Norskehav</CodeText>
        <CodeText xml:lang="nb">Sørlige Norskehav</CodeText>
        <CodeText xml:lang="en">Southern Norwegian Sea</CodeText>
      </CodeTextGrp>
      <CorrespondenceItemRelation targetItem="urn:ssb:code:stabas:4224108-4224134" />
    </CorrespondenceItem>
    <CorrespondenceItem id="urn:ssb:code:stabas:4226193-4226357">
      <CodeValue xmlns="http://www.ssb.no/ns/meta/codelist">31</CodeValue>
      <CodeTextGrp xmlns="http://www.ssb.no/ns/meta/codelist">
        <CodeText xml:lang="nn">Aust av Færøyane</CodeText>
        <CodeText xml:lang="nb">Øst av Færøyane</CodeText>
        <CodeText xml:lang="en">East of Faroe Islands</CodeText>
      </CodeTextGrp>
      <CorrespondenceItemRelation targetItem="urn:ssb:code:stabas:4224108-4224134" />
    </CorrespondenceItem>
    <CorrespondenceItem id="urn:ssb:code:stabas:4226193-4226589">
      <CodeValue xmlns="http://www.ssb.no/ns/meta/codelist">32</CodeValue>
      <CodeTextGrp xmlns="http://www.ssb.no/ns/meta/codelist">
        <CodeText xml:lang="nn">Det vestlege indiske hav</CodeText>
        <CodeText xml:lang="nb">Det vestlige indiske hav</CodeText>
        <CodeText xml:lang="en">Western Indian Ocean</CodeText>
      </CodeTextGrp>
      <CorrespondenceItemRelation targetItem="urn:ssb:code:stabas:4224108-4224148" />
    </CorrespondenceItem>
    <CorrespondenceItem id="urn:ssb:code:stabas:4226193-4226591">
      <CodeValue xmlns="http://www.ssb.no/ns/meta/codelist">33</CodeValue>
      <CodeTextGrp xmlns="http://www.ssb.no/ns/meta/codelist">
        <CodeText xml:lang="nn">Søraustlege Atlanterhav</CodeText>
        <CodeText xml:lang="nb">Sørøstlige Atlanterhav</CodeText>
        <CodeText xml:lang="en">Southeast Atlantic Ocean</CodeText>
      </CodeTextGrp>
      <CorrespondenceItemRelation targetItem="urn:ssb:code:stabas:4224108-4224144" />
    </CorrespondenceItem>
    <CorrespondenceItem id="urn:ssb:code:stabas:4226193-4226359">
      <CodeValue xmlns="http://www.ssb.no/ns/meta/codelist">34</CodeValue>
      <CodeTextGrp xmlns="http://www.ssb.no/ns/meta/codelist">
        <CodeText xml:lang="nn">Sentrale Norskehav</CodeText>
        <CodeText xml:lang="nb">Sentrale Norskehav</CodeText>
        <CodeText xml:lang="en">Central Norwegian Sea</CodeText>
      </CodeTextGrp>
      <CorrespondenceItemRelation targetItem="urn:ssb:code:stabas:4224108-4224134" />
    </CorrespondenceItem>
    <CorrespondenceItem id="urn:ssb:code:stabas:4226193-4226361">
      <CodeValue xmlns="http://www.ssb.no/ns/meta/codelist">35</CodeValue>
      <CodeTextGrp xmlns="http://www.ssb.no/ns/meta/codelist">
        <CodeText xml:lang="nn">Sør for Jan Mayen</CodeText>
        <CodeText xml:lang="nb">Sør for Jan Mayen</CodeText>
        <CodeText xml:lang="en">South of Jan Mayen</CodeText>
      </CodeTextGrp>
      <CorrespondenceItemRelation targetItem="urn:ssb:code:stabas:4224108-4224134" />
    </CorrespondenceItem>
    <CorrespondenceItem id="urn:ssb:code:stabas:4226193-4226363">
      <CodeValue xmlns="http://www.ssb.no/ns/meta/codelist">36</CodeValue>
      <CodeTextGrp xmlns="http://www.ssb.no/ns/meta/codelist">
        <CodeText xml:lang="nn">Vestlege Norskehav</CodeText>
        <CodeText xml:lang="nb">Vestlige Norskehav</CodeText>
        <CodeText xml:lang="en">Western Norwegian Sea</CodeText>
      </CodeTextGrp>
      <CorrespondenceItemRelation targetItem="urn:ssb:code:stabas:4224108-4224134" />
    </CorrespondenceItem>
    <CorrespondenceItem id="urn:ssb:code:stabas:4226193-4226365">
      <CodeValue xmlns="http://www.ssb.no/ns/meta/codelist">37</CodeValue>
      <CodeTextGrp xmlns="http://www.ssb.no/ns/meta/codelist">
        <CodeText xml:lang="nn">Austlege Norskehav</CodeText>
        <CodeText xml:lang="nb">Østlige Norskehav</CodeText>
        <CodeText xml:lang="en">Eastern Norwegian Sea</CodeText>
      </CodeTextGrp>
      <CorrespondenceItemRelation targetItem="urn:ssb:code:stabas:4224108-4224134" />
    </CorrespondenceItem>
    <CorrespondenceItem id="urn:ssb:code:stabas:4226193-4226367">
      <CodeValue xmlns="http://www.ssb.no/ns/meta/codelist">38</CodeValue>
      <CodeTextGrp xmlns="http://www.ssb.no/ns/meta/codelist">
        <CodeText xml:lang="nn">Nordvestlege Norskehav</CodeText>
        <CodeText xml:lang="nb">Nordvestlige Norskehav</CodeText>
        <CodeText xml:lang="en">Northwest Norwegian Sea</CodeText>
      </CodeTextGrp>
      <CorrespondenceItemRelation targetItem="urn:ssb:code:stabas:4224108-4224134" />
    </CorrespondenceItem>
    <CorrespondenceItem id="urn:ssb:code:stabas:4226193-4226369">
      <CodeValue xmlns="http://www.ssb.no/ns/meta/codelist">39</CodeValue>
      <CodeTextGrp xmlns="http://www.ssb.no/ns/meta/codelist">
        <CodeText xml:lang="nn">Vest av Tromsøflaket</CodeText>
        <CodeText xml:lang="nb">Vest av Tromsøflaket</CodeText>
        <CodeText xml:lang="en">West of Tromsø Bank</CodeText>
      </CodeTextGrp>
      <CorrespondenceItemRelation targetItem="urn:ssb:code:stabas:4224108-4224134" />
    </CorrespondenceItem>
    <CorrespondenceItem id="urn:ssb:code:stabas:4226193-4226371">
      <CodeValue xmlns="http://www.ssb.no/ns/meta/codelist">40</CodeValue>
      <CodeTextGrp xmlns="http://www.ssb.no/ns/meta/codelist">
        <CodeText xml:lang="nn">Sørlege Nordsjø</CodeText>
        <CodeText xml:lang="nb">Sørlige Nordsjø</CodeText>
        <CodeText xml:lang="en">Southern North Sea</CodeText>
      </CodeTextGrp>
      <CorrespondenceItemRelation targetItem="urn:ssb:code:stabas:4224108-4224134" />
    </CorrespondenceItem>
    <CorrespondenceItem id="urn:ssb:code:stabas:4226193-4226373">
      <CodeValue xmlns="http://www.ssb.no/ns/meta/codelist">41</CodeValue>
      <CodeTextGrp xmlns="http://www.ssb.no/ns/meta/codelist">
        <CodeText xml:lang="nn">Sentrale Nordsjø</CodeText>
        <CodeText xml:lang="nb">Sentrale Nordsjø</CodeText>
        <CodeText xml:lang="en">Central North Sea</CodeText>
      </CodeTextGrp>
      <CorrespondenceItemRelation targetItem="urn:ssb:code:stabas:4224108-4224134" />
    </CorrespondenceItem>
    <CorrespondenceItem id="urn:ssb:code:stabas:4226193-4226375">
      <CodeValue xmlns="http://www.ssb.no/ns/meta/codelist">42</CodeValue>
      <CodeTextGrp xmlns="http://www.ssb.no/ns/meta/codelist">
        <CodeText xml:lang="nn">Shetland</CodeText>
        <CodeText xml:lang="nb">Shetland</CodeText>
        <CodeText xml:lang="en">Shetland</CodeText>
      </CodeTextGrp>
      <CorrespondenceItemRelation targetItem="urn:ssb:code:stabas:4224108-4224134" />
    </CorrespondenceItem>
    <CorrespondenceItem id="urn:ssb:code:stabas:4226193-4226377">
      <CodeValue xmlns="http://www.ssb.no/ns/meta/codelist">43</CodeValue>
      <CodeTextGrp xmlns="http://www.ssb.no/ns/meta/codelist">
        <CodeText xml:lang="nn">Vest av Skottland (Hebridane)</CodeText>
        <CodeText xml:lang="nb">Vest av Skottland (Hebridene)</CodeText>
        <CodeText xml:lang="en">West of Scotland</CodeText>
      </CodeTextGrp>
      <CorrespondenceItemRelation targetItem="urn:ssb:code:stabas:4224108-4224134" />
    </CorrespondenceItem>
    <CorrespondenceItem id="urn:ssb:code:stabas:4226193-4226379">
      <CodeValue xmlns="http://www.ssb.no/ns/meta/codelist">44</CodeValue>
      <CodeTextGrp xmlns="http://www.ssb.no/ns/meta/codelist">
        <CodeText xml:lang="nn">Irskesjøen</CodeText>
        <CodeText xml:lang="nb">Irskesjøen</CodeText>
        <CodeText xml:lang="en">Irish Sea</CodeText>
      </CodeTextGrp>
      <CorrespondenceItemRelation targetItem="urn:ssb:code:stabas:4224108-4224134" />
    </CorrespondenceItem>
    <CorrespondenceItem id="urn:ssb:code:stabas:4226193-4226381">
      <CodeValue xmlns="http://www.ssb.no/ns/meta/codelist">45</CodeValue>
      <CodeTextGrp xmlns="http://www.ssb.no/ns/meta/codelist">
        <CodeText xml:lang="nn">Bristolkanalen</CodeText>
        <CodeText xml:lang="nb">Bristolkanalen</CodeText>
        <CodeText xml:lang="en">Bristol Channel</CodeText>
      </CodeTextGrp>
      <CorrespondenceItemRelation targetItem="urn:ssb:code:stabas:4224108-4224134" />
    </CorrespondenceItem>
    <CorrespondenceItem id="urn:ssb:code:stabas:4226193-4226383">
      <CodeValue xmlns="http://www.ssb.no/ns/meta/codelist">46</CodeValue>
      <CodeTextGrp xmlns="http://www.ssb.no/ns/meta/codelist">
        <CodeText xml:lang="nn">Utanfor Cornwall</CodeText>
        <CodeText xml:lang="nb">Utanfor Cornwall</CodeText>
        <CodeText xml:lang="en">Outside Cornwall</CodeText>
      </CodeTextGrp>
      <CorrespondenceItemRelation targetItem="urn:ssb:code:stabas:4224108-4224134" />
    </CorrespondenceItem>
    <CorrespondenceItem id="urn:ssb:code:stabas:4226193-4226385">
      <CodeValue xmlns="http://www.ssb.no/ns/meta/codelist">47</CodeValue>
      <CodeTextGrp xmlns="http://www.ssb.no/ns/meta/codelist">
        <CodeText xml:lang="nn">Rockall</CodeText>
        <CodeText xml:lang="nb">Rockall</CodeText>
        <CodeText xml:lang="en">Rockall</CodeText>
      </CodeTextGrp>
      <CorrespondenceItemRelation targetItem="urn:ssb:code:stabas:4224108-4224134" />
    </CorrespondenceItem>
    <CorrespondenceItem id="urn:ssb:code:stabas:4226193-4226387">
      <CodeValue xmlns="http://www.ssb.no/ns/meta/codelist">48</CodeValue>
      <CodeTextGrp xmlns="http://www.ssb.no/ns/meta/codelist">
        <CodeText xml:lang="nn">Vest av Irland</CodeText>
        <CodeText xml:lang="nb">Vest av Irland</CodeText>
        <CodeText xml:lang="en">West of Ireland</CodeText>
      </CodeTextGrp>
      <CorrespondenceItemRelation targetItem="urn:ssb:code:stabas:4224108-4224134" />
    </CorrespondenceItem>
    <CorrespondenceItem id="urn:ssb:code:stabas:4226193-4226389">
      <CodeValue xmlns="http://www.ssb.no/ns/meta/codelist">49</CodeValue>
      <CodeTextGrp xmlns="http://www.ssb.no/ns/meta/codelist">
        <CodeText xml:lang="nn">Sørvest av Irland</CodeText>
        <CodeText xml:lang="nb">Sørvest av Irland</CodeText>
        <CodeText xml:lang="en">Southwest of Ireland</CodeText>
      </CodeTextGrp>
      <CorrespondenceItemRelation targetItem="urn:ssb:code:stabas:4224108-4224134" />
    </CorrespondenceItem>
    <CorrespondenceItem id="urn:ssb:code:stabas:4226193-4226391">
      <CodeValue xmlns="http://www.ssb.no/ns/meta/codelist">50</CodeValue>
      <CodeTextGrp xmlns="http://www.ssb.no/ns/meta/codelist">
        <CodeText xml:lang="nn">Sørvestlege Norskehav</CodeText>
        <CodeText xml:lang="nb">Sørvestlige Norskehav</CodeText>
        <CodeText xml:lang="en">Southwest Norwegian Sea</CodeText>
      </CodeTextGrp>
      <CorrespondenceItemRelation targetItem="urn:ssb:code:stabas:4224108-4224134" />
    </CorrespondenceItem>
    <CorrespondenceItem id="urn:ssb:code:stabas:4226193-4226393">
      <CodeValue xmlns="http://www.ssb.no/ns/meta/codelist">51</CodeValue>
      <CodeTextGrp xmlns="http://www.ssb.no/ns/meta/codelist">
        <CodeText xml:lang="nn">Søraust av Island</CodeText>
        <CodeText xml:lang="nb">Sørøst av Island</CodeText>
        <CodeText xml:lang="en">Southeast of Iceland</CodeText>
      </CodeTextGrp>
      <CorrespondenceItemRelation targetItem="urn:ssb:code:stabas:4224108-4224134" />
    </CorrespondenceItem>
    <CorrespondenceItem id="urn:ssb:code:stabas:4226193-4226395">
      <CodeValue xmlns="http://www.ssb.no/ns/meta/codelist">52</CodeValue>
      <CodeTextGrp xmlns="http://www.ssb.no/ns/meta/codelist">
        <CodeText xml:lang="nn">Sørvest av Island</CodeText>
        <CodeText xml:lang="nb">Sørvest av Island</CodeText>
        <CodeText xml:lang="en">Southwest of Iceland</CodeText>
      </CodeTextGrp>
      <CorrespondenceItemRelation targetItem="urn:ssb:code:stabas:4224108-4224134" />
    </CorrespondenceItem>
    <CorrespondenceItem id="urn:ssb:code:stabas:4226193-4226397">
      <CodeValue xmlns="http://www.ssb.no/ns/meta/codelist">53</CodeValue>
      <CodeTextGrp xmlns="http://www.ssb.no/ns/meta/codelist">
        <CodeText xml:lang="nn">Nordvest av Island</CodeText>
        <CodeText xml:lang="nb">Nordvest av Island</CodeText>
        <CodeText xml:lang="en">Northwest of Iceland</CodeText>
      </CodeTextGrp>
      <CorrespondenceItemRelation targetItem="urn:ssb:code:stabas:4224108-4224134" />
    </CorrespondenceItem>
    <CorrespondenceItem id="urn:ssb:code:stabas:4226193-4226399">
      <CodeValue xmlns="http://www.ssb.no/ns/meta/codelist">54</CodeValue>
      <CodeTextGrp xmlns="http://www.ssb.no/ns/meta/codelist">
        <CodeText xml:lang="nn">Nord av Horn (Island)</CodeText>
        <CodeText xml:lang="nb">Nord av Horn (Island)</CodeText>
        <CodeText xml:lang="en">North of Horn (Iceland)</CodeText>
      </CodeTextGrp>
      <CorrespondenceItemRelation targetItem="urn:ssb:code:stabas:4224108-4224134" />
    </CorrespondenceItem>
    <CorrespondenceItem id="urn:ssb:code:stabas:4226193-4226501">
      <CodeValue xmlns="http://www.ssb.no/ns/meta/codelist">55</CodeValue>
      <CodeTextGrp xmlns="http://www.ssb.no/ns/meta/codelist">
        <CodeText xml:lang="nn">Nord av Island</CodeText>
        <CodeText xml:lang="nb">Nord av Island</CodeText>
        <CodeText xml:lang="en">North of Iceland</CodeText>
      </CodeTextGrp>
      <CorrespondenceItemRelation targetItem="urn:ssb:code:stabas:4224108-4224134" />
    </CorrespondenceItem>
    <CorrespondenceItem id="urn:ssb:code:stabas:4226193-4226503">
      <CodeValue xmlns="http://www.ssb.no/ns/meta/codelist">56</CodeValue>
      <CodeTextGrp xmlns="http://www.ssb.no/ns/meta/codelist">
        <CodeText xml:lang="nn">Nordaust av Island</CodeText>
        <CodeText xml:lang="nb">Nordøst av Island</CodeText>
        <CodeText xml:lang="en">Northeast of Iceland</CodeText>
      </CodeTextGrp>
      <CorrespondenceItemRelation targetItem="urn:ssb:code:stabas:4224108-4224134" />
    </CorrespondenceItem>
    <CorrespondenceItem id="urn:ssb:code:stabas:4226193-4226505">
      <CodeValue xmlns="http://www.ssb.no/ns/meta/codelist">57</CodeValue>
      <CodeTextGrp xmlns="http://www.ssb.no/ns/meta/codelist">
        <CodeText xml:lang="nn">Vest av Færøyane</CodeText>
        <CodeText xml:lang="nb">Vest av Færøyane</CodeText>
        <CodeText xml:lang="en">West of Faroe Islands</CodeText>
      </CodeTextGrp>
      <CorrespondenceItemRelation targetItem="urn:ssb:code:stabas:4224108-4224134" />
    </CorrespondenceItem>
    <CorrespondenceItem id="urn:ssb:code:stabas:4226193-4226507">
      <CodeValue xmlns="http://www.ssb.no/ns/meta/codelist">58</CodeValue>
      <CodeTextGrp xmlns="http://www.ssb.no/ns/meta/codelist">
        <CodeText xml:lang="nn">Færøybanken</CodeText>
        <CodeText xml:lang="nb">Færøybanken</CodeText>
        <CodeText xml:lang="en">Faroe Islands Bank</CodeText>
      </CodeTextGrp>
      <CorrespondenceItemRelation targetItem="urn:ssb:code:stabas:4224108-4224134" />
    </CorrespondenceItem>
    <CorrespondenceItem id="urn:ssb:code:stabas:4226193-4226509">
      <CodeValue xmlns="http://www.ssb.no/ns/meta/codelist">59</CodeValue>
      <CodeTextGrp xmlns="http://www.ssb.no/ns/meta/codelist">
        <CodeText xml:lang="nn">Aust av Island</CodeText>
        <CodeText xml:lang="nb">Øst av Island</CodeText>
        <CodeText xml:lang="en">East of Iceland</CodeText>
      </CodeTextGrp>
      <CorrespondenceItemRelation targetItem="urn:ssb:code:stabas:4224108-4224134" />
    </CorrespondenceItem>
    <CorrespondenceItem id="urn:ssb:code:stabas:4226193-4226511">
      <CodeValue xmlns="http://www.ssb.no/ns/meta/codelist">60</CodeValue>
      <CodeTextGrp xmlns="http://www.ssb.no/ns/meta/codelist">
        <CodeText xml:lang="nn">Skjoldungen</CodeText>
        <CodeText xml:lang="nb">Skjoldungen</CodeText>
        <CodeText xml:lang="en">Skjoldungen</CodeText>
      </CodeTextGrp>
      <CorrespondenceItemRelation targetItem="urn:ssb:code:stabas:4224108-4224134" />
    </CorrespondenceItem>
    <CorrespondenceItem id="urn:ssb:code:stabas:4226193-4226513">
      <CodeValue xmlns="http://www.ssb.no/ns/meta/codelist">61</CodeValue>
      <CodeTextGrp xmlns="http://www.ssb.no/ns/meta/codelist">
        <CodeText xml:lang="nn">Danmarkstredet</CodeText>
        <CodeText xml:lang="nb">Danmarkstredet</CodeText>
        <CodeText xml:lang="en">Denmark Strait</CodeText>
      </CodeTextGrp>
      <CorrespondenceItemRelation targetItem="urn:ssb:code:stabas:4224108-4224134" />
    </CorrespondenceItem>
    <CorrespondenceItem id="urn:ssb:code:stabas:4226193-4226515">
      <CodeValue xmlns="http://www.ssb.no/ns/meta/codelist">62</CodeValue>
      <CodeTextGrp xmlns="http://www.ssb.no/ns/meta/codelist">
        <CodeText xml:lang="nn">Gammelock</CodeText>
        <CodeText xml:lang="nb">Gammelock</CodeText>
        <CodeText xml:lang="en">Gammelock</CodeText>
      </CodeTextGrp>
      <CorrespondenceItemRelation targetItem="urn:ssb:code:stabas:4224108-4224134" />
    </CorrespondenceItem>
    <CorrespondenceItem id="urn:ssb:code:stabas:4226193-4226517">
      <CodeValue xmlns="http://www.ssb.no/ns/meta/codelist">63</CodeValue>
      <CodeTextGrp xmlns="http://www.ssb.no/ns/meta/codelist">
        <CodeText xml:lang="nn">Aust for Dronning Louise land</CodeText>
        <CodeText xml:lang="nb">Øst for Dronning Louise land</CodeText>
        <CodeText xml:lang="en">East of Queen Louise Land</CodeText>
      </CodeTextGrp>
      <CorrespondenceItemRelation targetItem="urn:ssb:code:stabas:4224108-4224134" />
    </CorrespondenceItem>
    <CorrespondenceItem id="urn:ssb:code:stabas:4226193-4226537">
      <CodeValue xmlns="http://www.ssb.no/ns/meta/codelist">67</CodeValue>
      <CodeTextGrp xmlns="http://www.ssb.no/ns/meta/codelist">
        <CodeText xml:lang="nn">Bananbanken</CodeText>
        <CodeText xml:lang="nb">Bananbanken</CodeText>
        <CodeText xml:lang="en">Banan Bank</CodeText>
      </CodeTextGrp>
      <CorrespondenceItemRelation targetItem="urn:ssb:code:stabas:4224108-4224132" />
    </CorrespondenceItem>
    <CorrespondenceItem id="urn:ssb:code:stabas:4226193-4226531">
      <CodeValue xmlns="http://www.ssb.no/ns/meta/codelist">64</CodeValue>
      <CodeTextGrp xmlns="http://www.ssb.no/ns/meta/codelist">
        <CodeText xml:lang="nn">Baffin Island</CodeText>
        <CodeText xml:lang="nb">Baffin Island</CodeText>
        <CodeText xml:lang="en">Baffin Island</CodeText>
      </CodeTextGrp>
      <CorrespondenceItemRelation targetItem="urn:ssb:code:stabas:4224108-4224132" />
    </CorrespondenceItem>
    <CorrespondenceItem id="urn:ssb:code:stabas:4226193-4226533">
      <CodeValue xmlns="http://www.ssb.no/ns/meta/codelist">65</CodeValue>
      <CodeTextGrp xmlns="http://www.ssb.no/ns/meta/codelist">
        <CodeText xml:lang="nn">Disko</CodeText>
        <CodeText xml:lang="nb">Disko</CodeText>
        <CodeText xml:lang="en">Disko</CodeText>
      </CodeTextGrp>
      <CorrespondenceItemRelation targetItem="urn:ssb:code:stabas:4224108-4224132" />
    </CorrespondenceItem>
    <CorrespondenceItem id="urn:ssb:code:stabas:4226193-4226535">
      <CodeValue xmlns="http://www.ssb.no/ns/meta/codelist">66</CodeValue>
      <CodeTextGrp xmlns="http://www.ssb.no/ns/meta/codelist">
        <CodeText xml:lang="nn">Hellefiskbanken</CodeText>
        <CodeText xml:lang="nb">Hellefiskbanken</CodeText>
        <CodeText xml:lang="en">Hellefisk Bank</CodeText>
      </CodeTextGrp>
      <CorrespondenceItemRelation targetItem="urn:ssb:code:stabas:4224108-4224132" />
    </CorrespondenceItem>
    <CorrespondenceItem id="urn:ssb:code:stabas:4226193-4226539">
      <CodeValue xmlns="http://www.ssb.no/ns/meta/codelist">68</CodeValue>
      <CodeTextGrp xmlns="http://www.ssb.no/ns/meta/codelist">
        <CodeText xml:lang="nn">Fyllas Bank</CodeText>
        <CodeText xml:lang="nb">Fyllas Bank</CodeText>
        <CodeText xml:lang="en">Fyllas Bank</CodeText>
      </CodeTextGrp>
      <CorrespondenceItemRelation targetItem="urn:ssb:code:stabas:4224108-4224132" />
    </CorrespondenceItem>
    <CorrespondenceItem id="urn:ssb:code:stabas:4226193-4226541">
      <CodeValue xmlns="http://www.ssb.no/ns/meta/codelist">69</CodeValue>
      <CodeTextGrp xmlns="http://www.ssb.no/ns/meta/codelist">
        <CodeText xml:lang="nn">Fredrikshaab Banken</CodeText>
        <CodeText xml:lang="nb">Fredrikshaab Banken</CodeText>
        <CodeText xml:lang="en">Fredrikshaab Bank</CodeText>
      </CodeTextGrp>
      <CorrespondenceItemRelation targetItem="urn:ssb:code:stabas:4224108-4224132" />
    </CorrespondenceItem>
    <CorrespondenceItem id="urn:ssb:code:stabas:4226193-4226519">
      <CodeValue xmlns="http://www.ssb.no/ns/meta/codelist">70</CodeValue>
      <CodeTextGrp xmlns="http://www.ssb.no/ns/meta/codelist">
        <CodeText xml:lang="nn">Reykjanesryggen</CodeText>
        <CodeText xml:lang="nb">Reykjanesryggen</CodeText>
        <CodeText xml:lang="en">Reykjanes Ridge</CodeText>
      </CodeTextGrp>
      <CorrespondenceItemRelation targetItem="urn:ssb:code:stabas:4224108-4224134" />
    </CorrespondenceItem>
    <CorrespondenceItem id="urn:ssb:code:stabas:4226193-4226521">
      <CodeValue xmlns="http://www.ssb.no/ns/meta/codelist">71</CodeValue>
      <CodeTextGrp xmlns="http://www.ssb.no/ns/meta/codelist">
        <CodeText xml:lang="nn">Azorerplatået</CodeText>
        <CodeText xml:lang="nb">Azorerplatået</CodeText>
        <CodeText xml:lang="en">Azores Plateau</CodeText>
      </CodeTextGrp>
      <CorrespondenceItemRelation targetItem="urn:ssb:code:stabas:4224108-4224134" />
    </CorrespondenceItem>
    <CorrespondenceItem id="urn:ssb:code:stabas:4226193-4226523">
      <CodeValue xmlns="http://www.ssb.no/ns/meta/codelist">72</CodeValue>
      <CodeTextGrp xmlns="http://www.ssb.no/ns/meta/codelist">
        <CodeText xml:lang="nn">Vesteuropeiske Basseng</CodeText>
        <CodeText xml:lang="nb">Vesteuropeiske Basseng</CodeText>
        <CodeText xml:lang="en">West European Basin</CodeText>
      </CodeTextGrp>
      <CorrespondenceItemRelation targetItem="urn:ssb:code:stabas:4224108-4224134" />
    </CorrespondenceItem>
    <CorrespondenceItem id="urn:ssb:code:stabas:4226193-4226525">
      <CodeValue xmlns="http://www.ssb.no/ns/meta/codelist">73</CodeValue>
      <CodeTextGrp xmlns="http://www.ssb.no/ns/meta/codelist">
        <CodeText xml:lang="nn">Biscayabukta</CodeText>
        <CodeText xml:lang="nb">Biscayabukta</CodeText>
        <CodeText xml:lang="en">Bay of Biscay</CodeText>
      </CodeTextGrp>
      <CorrespondenceItemRelation targetItem="urn:ssb:code:stabas:4224108-4224134" />
    </CorrespondenceItem>
    <CorrespondenceItem id="urn:ssb:code:stabas:4226193-4226527">
      <CodeValue xmlns="http://www.ssb.no/ns/meta/codelist">74</CodeValue>
      <CodeTextGrp xmlns="http://www.ssb.no/ns/meta/codelist">
        <CodeText xml:lang="nn">Iberiske Basseng</CodeText>
        <CodeText xml:lang="nb">Iberiske Basseng</CodeText>
        <CodeText xml:lang="en">Iberian Basin</CodeText>
      </CodeTextGrp>
      <CorrespondenceItemRelation targetItem="urn:ssb:code:stabas:4224108-4224134" />
    </CorrespondenceItem>
    <CorrespondenceItem id="urn:ssb:code:stabas:4226193-4226543">
      <CodeValue xmlns="http://www.ssb.no/ns/meta/codelist">75</CodeValue>
      <CodeTextGrp xmlns="http://www.ssb.no/ns/meta/codelist">
        <CodeText xml:lang="nn">Kap Farvel</CodeText>
        <CodeText xml:lang="nb">Kap Farvel</CodeText>
        <CodeText xml:lang="en">Cap Farewell</CodeText>
      </CodeTextGrp>
      <CorrespondenceItemRelation targetItem="urn:ssb:code:stabas:4224108-4224132" />
    </CorrespondenceItem>
    <CorrespondenceItem id="urn:ssb:code:stabas:4226193-4226545">
      <CodeValue xmlns="http://www.ssb.no/ns/meta/codelist">76</CodeValue>
      <CodeTextGrp xmlns="http://www.ssb.no/ns/meta/codelist">
        <CodeText xml:lang="nn">Labrador Nord</CodeText>
        <CodeText xml:lang="nb">Labrador Nord</CodeText>
        <CodeText xml:lang="en">Labrador North</CodeText>
      </CodeTextGrp>
      <CorrespondenceItemRelation targetItem="urn:ssb:code:stabas:4224108-4224132" />
    </CorrespondenceItem>
    <CorrespondenceItem id="urn:ssb:code:stabas:4226193-4226547">
      <CodeValue xmlns="http://www.ssb.no/ns/meta/codelist">77</CodeValue>
      <CodeTextGrp xmlns="http://www.ssb.no/ns/meta/codelist">
        <CodeText xml:lang="nn">Labrador Sør</CodeText>
        <CodeText xml:lang="nb">Labrador Sør</CodeText>
        <CodeText xml:lang="en">Labrador South</CodeText>
      </CodeTextGrp>
      <CorrespondenceItemRelation targetItem="urn:ssb:code:stabas:4224108-4224132" />
    </CorrespondenceItem>
    <CorrespondenceItem id="urn:ssb:code:stabas:4226193-4226549">
      <CodeValue xmlns="http://www.ssb.no/ns/meta/codelist">78</CodeValue>
      <CodeTextGrp xmlns="http://www.ssb.no/ns/meta/codelist">
        <CodeText xml:lang="nn">Hamilton Bank</CodeText>
        <CodeText xml:lang="nb">Hamilton Bank</CodeText>
        <CodeText xml:lang="en">Hamilton Bank</CodeText>
      </CodeTextGrp>
      <CorrespondenceItemRelation targetItem="urn:ssb:code:stabas:4224108-4224132" />
    </CorrespondenceItem>
    <CorrespondenceItem id="urn:ssb:code:stabas:4226193-4226551">
      <CodeValue xmlns="http://www.ssb.no/ns/meta/codelist">79</CodeValue>
      <CodeTextGrp xmlns="http://www.ssb.no/ns/meta/codelist">
        <CodeText xml:lang="nn">Ritu-bank</CodeText>
        <CodeText xml:lang="nb">Ritu-bank</CodeText>
        <CodeText xml:lang="en">Ritu Bank</CodeText>
      </CodeTextGrp>
      <CorrespondenceItemRelation targetItem="urn:ssb:code:stabas:4224108-4224132" />
    </CorrespondenceItem>
    <CorrespondenceItem id="urn:ssb:code:stabas:4226193-4226553">
      <CodeValue xmlns="http://www.ssb.no/ns/meta/codelist">80</CodeValue>
      <CodeTextGrp xmlns="http://www.ssb.no/ns/meta/codelist">
        <CodeText xml:lang="nn">Nordvestlege Grand Bank</CodeText>
        <CodeText xml:lang="nb">Nordvestlige Grand Bank</CodeText>
        <CodeText xml:lang="en">North Grand Bank</CodeText>
      </CodeTextGrp>
      <CorrespondenceItemRelation targetItem="urn:ssb:code:stabas:4224108-4224132" />
    </CorrespondenceItem>
    <CorrespondenceItem id="urn:ssb:code:stabas:4226193-4226555">
      <CodeValue xmlns="http://www.ssb.no/ns/meta/codelist">81</CodeValue>
      <CodeTextGrp xmlns="http://www.ssb.no/ns/meta/codelist">
        <CodeText xml:lang="nn">Flemish Cap</CodeText>
        <CodeText xml:lang="nb">Flemish Cap</CodeText>
        <CodeText xml:lang="en">Flemish Cap</CodeText>
      </CodeTextGrp>
      <CorrespondenceItemRelation targetItem="urn:ssb:code:stabas:4224108-4224132" />
    </CorrespondenceItem>
    <CorrespondenceItem id="urn:ssb:code:stabas:4226193-4226557">
      <CodeValue xmlns="http://www.ssb.no/ns/meta/codelist">82</CodeValue>
      <CodeTextGrp xmlns="http://www.ssb.no/ns/meta/codelist">
        <CodeText xml:lang="nn">Søraustlege Grand Bank</CodeText>
        <CodeText xml:lang="nb">Sørøstlige Grand Bank</CodeText>
        <CodeText xml:lang="en">Southeast Grand Bank</CodeText>
      </CodeTextGrp>
      <CorrespondenceItemRelation targetItem="urn:ssb:code:stabas:4224108-4224132" />
    </CorrespondenceItem>
    <CorrespondenceItem id="urn:ssb:code:stabas:4226193-4226559">
      <CodeValue xmlns="http://www.ssb.no/ns/meta/codelist">83</CodeValue>
      <CodeTextGrp xmlns="http://www.ssb.no/ns/meta/codelist">
        <CodeText xml:lang="nn">Sørvestlege Grand Bank</CodeText>
        <CodeText xml:lang="nb">Sørvestlige Grand Bank</CodeText>
        <CodeText xml:lang="en">Southwest Grand Bank</CodeText>
      </CodeTextGrp>
      <CorrespondenceItemRelation targetItem="urn:ssb:code:stabas:4224108-4224132" />
    </CorrespondenceItem>
    <CorrespondenceItem id="urn:ssb:code:stabas:4226193-4226561">
      <CodeValue xmlns="http://www.ssb.no/ns/meta/codelist">84</CodeValue>
      <CodeTextGrp xmlns="http://www.ssb.no/ns/meta/codelist">
        <CodeText xml:lang="nn">St. Pierre</CodeText>
        <CodeText xml:lang="nb">St. Pierre</CodeText>
        <CodeText xml:lang="en">St. Pierre</CodeText>
      </CodeTextGrp>
      <CorrespondenceItemRelation targetItem="urn:ssb:code:stabas:4224108-4224132" />
    </CorrespondenceItem>
    <CorrespondenceItem id="urn:ssb:code:stabas:4226193-4226563">
      <CodeValue xmlns="http://www.ssb.no/ns/meta/codelist">85</CodeValue>
      <CodeTextGrp xmlns="http://www.ssb.no/ns/meta/codelist">
        <CodeText xml:lang="nn">Cape Ray</CodeText>
        <CodeText xml:lang="nb">Cape Ray</CodeText>
        <CodeText xml:lang="en">Cape Ray</CodeText>
      </CodeTextGrp>
      <CorrespondenceItemRelation targetItem="urn:ssb:code:stabas:4224108-4224132" />
    </CorrespondenceItem>
    <CorrespondenceItem id="urn:ssb:code:stabas:4226193-4226565">
      <CodeValue xmlns="http://www.ssb.no/ns/meta/codelist">86</CodeValue>
      <CodeTextGrp xmlns="http://www.ssb.no/ns/meta/codelist">
        <CodeText xml:lang="nn">Newfoundland vest</CodeText>
        <CodeText xml:lang="nb">Newfoundland vest</CodeText>
        <CodeText xml:lang="en">Newfoundland West</CodeText>
      </CodeTextGrp>
      <CorrespondenceItemRelation targetItem="urn:ssb:code:stabas:4224108-4224132" />
    </CorrespondenceItem>
    <CorrespondenceItem id="urn:ssb:code:stabas:4226193-4226567">
      <CodeValue xmlns="http://www.ssb.no/ns/meta/codelist">87</CodeValue>
      <CodeTextGrp xmlns="http://www.ssb.no/ns/meta/codelist">
        <CodeText xml:lang="nn">Anticosti</CodeText>
        <CodeText xml:lang="nb">Anticosti</CodeText>
        <CodeText xml:lang="en">Anticosti</CodeText>
      </CodeTextGrp>
      <CorrespondenceItemRelation targetItem="urn:ssb:code:stabas:4224108-4224132" />
    </CorrespondenceItem>
    <CorrespondenceItem id="urn:ssb:code:stabas:4226193-4226569">
      <CodeValue xmlns="http://www.ssb.no/ns/meta/codelist">88</CodeValue>
      <CodeTextGrp xmlns="http://www.ssb.no/ns/meta/codelist">
        <CodeText xml:lang="nn">Prince Edward</CodeText>
        <CodeText xml:lang="nb">Prince Edward</CodeText>
        <CodeText xml:lang="en">Prince Edward</CodeText>
      </CodeTextGrp>
      <CorrespondenceItemRelation targetItem="urn:ssb:code:stabas:4224108-4224132" />
    </CorrespondenceItem>
    <CorrespondenceItem id="urn:ssb:code:stabas:4226193-4226571">
      <CodeValue xmlns="http://www.ssb.no/ns/meta/codelist">89</CodeValue>
      <CodeTextGrp xmlns="http://www.ssb.no/ns/meta/codelist">
        <CodeText xml:lang="nn">Nord-Sidney</CodeText>
        <CodeText xml:lang="nb">Nord-Sidney</CodeText>
        <CodeText xml:lang="en">North Sidney</CodeText>
      </CodeTextGrp>
      <CorrespondenceItemRelation targetItem="urn:ssb:code:stabas:4224108-4224132" />
    </CorrespondenceItem>
    <CorrespondenceItem id="urn:ssb:code:stabas:4226193-4226573">
      <CodeValue xmlns="http://www.ssb.no/ns/meta/codelist">90</CodeValue>
      <CodeTextGrp xmlns="http://www.ssb.no/ns/meta/codelist">
        <CodeText xml:lang="nn">Banquerau</CodeText>
        <CodeText xml:lang="nb">Banquerau</CodeText>
        <CodeText xml:lang="en">Banquerau</CodeText>
      </CodeTextGrp>
      <CorrespondenceItemRelation targetItem="urn:ssb:code:stabas:4224108-4224132" />
    </CorrespondenceItem>
    <CorrespondenceItem id="urn:ssb:code:stabas:4226193-4226575">
      <CodeValue xmlns="http://www.ssb.no/ns/meta/codelist">91</CodeValue>
      <CodeTextGrp xmlns="http://www.ssb.no/ns/meta/codelist">
        <CodeText xml:lang="nn">Sable Island</CodeText>
        <CodeText xml:lang="nb">Sable Island</CodeText>
        <CodeText xml:lang="en">Sable Island</CodeText>
      </CodeTextGrp>
      <CorrespondenceItemRelation targetItem="urn:ssb:code:stabas:4224108-4224132" />
    </CorrespondenceItem>
    <CorrespondenceItem id="urn:ssb:code:stabas:4226193-4226577">
      <CodeValue xmlns="http://www.ssb.no/ns/meta/codelist">92</CodeValue>
      <CodeTextGrp xmlns="http://www.ssb.no/ns/meta/codelist">
        <CodeText xml:lang="nn">Fundy-bukta</CodeText>
        <CodeText xml:lang="nb">Fundy-bukta</CodeText>
        <CodeText xml:lang="en">Bay of Fundy</CodeText>
      </CodeTextGrp>
      <CorrespondenceItemRelation targetItem="urn:ssb:code:stabas:4224108-4224132" />
    </CorrespondenceItem>
    <CorrespondenceItem id="urn:ssb:code:stabas:4226193-4226579">
      <CodeValue xmlns="http://www.ssb.no/ns/meta/codelist">93</CodeValue>
      <CodeTextGrp xmlns="http://www.ssb.no/ns/meta/codelist">
        <CodeText xml:lang="nn">Maine-gulfen</CodeText>
        <CodeText xml:lang="nb">Maine-gulfen</CodeText>
        <CodeText xml:lang="en">Gulf of Maine</CodeText>
      </CodeTextGrp>
      <CorrespondenceItemRelation targetItem="urn:ssb:code:stabas:4224108-4224132" />
    </CorrespondenceItem>
    <CorrespondenceItem id="urn:ssb:code:stabas:4226193-4226581">
      <CodeValue xmlns="http://www.ssb.no/ns/meta/codelist">94</CodeValue>
      <CodeTextGrp xmlns="http://www.ssb.no/ns/meta/codelist">
        <CodeText xml:lang="nn">Vest av Chesapeake-bukta</CodeText>
        <CodeText xml:lang="nb">Vest av Chesapeake-bukta</CodeText>
        <CodeText xml:lang="en">West of Chesapeake Bay</CodeText>
      </CodeTextGrp>
      <CorrespondenceItemRelation targetItem="urn:ssb:code:stabas:4224108-4224132" />
    </CorrespondenceItem>
    <CorrespondenceItem id="urn:ssb:code:stabas:4226193-4226583">
      <CodeValue xmlns="http://www.ssb.no/ns/meta/codelist">95</CodeValue>
      <CodeTextGrp xmlns="http://www.ssb.no/ns/meta/codelist">
        <CodeText xml:lang="nn">Nord for Bermuda</CodeText>
        <CodeText xml:lang="nb">Nord for Bermuda</CodeText>
        <CodeText xml:lang="en">North of Bermuda</CodeText>
      </CodeTextGrp>
      <CorrespondenceItemRelation targetItem="urn:ssb:code:stabas:4224108-4224132" />
    </CorrespondenceItem>
    <CorrespondenceItem id="urn:ssb:code:stabas:4226193-4226593">
      <CodeValue xmlns="http://www.ssb.no/ns/meta/codelist">96</CodeValue>
      <CodeTextGrp xmlns="http://www.ssb.no/ns/meta/codelist">
        <CodeText xml:lang="nn">Austl. sentrale Atlanterhav (Vest-Afrika)</CodeText>
        <CodeText xml:lang="nb">Østl. sentrale Atlanterhav (Vest-Afrika)</CodeText>
        <CodeText xml:lang="en">Eastern Central Atlantic Ocean (West-Africa)</CodeText>
      </CodeTextGrp>
      <CorrespondenceItemRelation targetItem="urn:ssb:code:stabas:4224108-4224138" />
    </CorrespondenceItem>
    <CorrespondenceItem id="urn:ssb:code:stabas:4226193-4226595">
      <CodeValue xmlns="http://www.ssb.no/ns/meta/codelist">97</CodeValue>
      <CodeTextGrp xmlns="http://www.ssb.no/ns/meta/codelist">
        <CodeText xml:lang="nn">Sørvestlege Stillehav (Australia/New Zealand)</CodeText>
        <CodeText xml:lang="nb">Sørvestlige Stillehav (Australia/New Zealand)</CodeText>
        <CodeText xml:lang="en">Southwest Pacific Ocean (Australia/New Zealand)</CodeText>
      </CodeTextGrp>
      <CorrespondenceItemRelation targetItem="urn:ssb:code:stabas:4224108-4224162" />
    </CorrespondenceItem>
    <CorrespondenceItem id="urn:ssb:code:stabas:4226193-4226597">
      <CodeValue xmlns="http://www.ssb.no/ns/meta/codelist">98</CodeValue>
      <CodeTextGrp xmlns="http://www.ssb.no/ns/meta/codelist">
        <CodeText xml:lang="nn">Sørvestlege Atlanterhav</CodeText>
        <CodeText xml:lang="nb">Sørvestlige Atlanterhav</CodeText>
        <CodeText xml:lang="en">Southwest Atlantic Ocean</CodeText>
      </CodeTextGrp>
      <CorrespondenceItemRelation targetItem="urn:ssb:code:stabas:4224108-4224142" />
    </CorrespondenceItem>
  </CorrespondenceItemGroup>
</CorrespondenceTable>