<?xml version="1.0" encoding="utf-8"?>
<CorrespondenceTable xmlns:xsi="http://www.w3.org/2001/XMLSchema-instance" xmlns:xsd="http://www.w3.org/2001/XMLSchema" id="urn:ssb:corrtable:stabas:4302101" classVersionSourceId="urn:ssb:classversion:stabas:4220577" classVersionTargetId="urn:ssb:classversion:stabas:4220151" classLevelSourceId="urn:ssb:codelist:stabas:4220581" classLevelTargetId="urn:ssb:codelist:stabas:" showInternet="false" showIntranet="true" xmlns="http://www.ssb.no/ns/meta/correspondence">
  <TitleGrp>
    <Title xml:lang="nn">Variant I nivå 1, Typologi</Title>
    <Title xml:lang="nb">Variant I, Klassifisering av jordbruksbedrifter etter driftsform</Title>
    <Title xml:lang="en">Variant I, Classification of agricultural holdings by type of farming</Title>
  </TitleGrp>
  <DescriptionGrp />
  <ContactInformation>
    <Person xmlns="http://www.ssb.no/ns/meta/common">oro</Person>
    <Division xmlns="http://www.ssb.no/ns/meta/common">430</Division>
  </ContactInformation>
  <CorrespondenceItemGroup id="urn:ssb:codelist:stabas:4220581" relationshipType="1:N">
    <CorrespondenceItem id="urn:ssb:code:stabas:4220581-4220583">
      <CodeValue xmlns="http://www.ssb.no/ns/meta/codelist">1*</CodeValue>
      <CodeTextGrp xmlns="http://www.ssb.no/ns/meta/codelist">
        <CodeText xml:lang="nn">Andre jordbruksvekstar</CodeText>
        <CodeText xml:lang="nb">Andre jordbruksvekster</CodeText>
        <CodeText xml:lang="en">Other specialist field crops</CodeText>
      </CodeTextGrp>
      <CorrespondenceItemRelation targetItem="urn:ssb:code:stabas:4220159-4220181" />
      <CorrespondenceItemRelation targetItem="urn:ssb:code:stabas:4220159-4220179" />
      <CorrespondenceItemRelation targetItem="urn:ssb:code:stabas:4220159-4220177" />
      <CorrespondenceItemRelation targetItem="urn:ssb:code:stabas:4220159-4220175" />
      <CorrespondenceItemRelation targetItem="urn:ssb:code:stabas:4220159-4220169" />
      <CorrespondenceItemRelation targetItem="urn:ssb:code:stabas:4220159-4220171" />
    </CorrespondenceItem>
    <CorrespondenceItem id="urn:ssb:code:stabas:4220581-4220585">
      <CodeValue xmlns="http://www.ssb.no/ns/meta/codelist">131</CodeValue>
      <CodeTextGrp xmlns="http://www.ssb.no/ns/meta/codelist">
        <CodeText xml:lang="nn">Korn og oljevekstar</CodeText>
        <CodeText xml:lang="nb">Korn og oljevekster</CodeText>
        <CodeText xml:lang="en">Specialist cereals (other than rice), oilseeds and protein crops</CodeText>
      </CodeTextGrp>
      <CorrespondenceItemRelation targetItem="urn:ssb:code:stabas:4220159-4220167" />
    </CorrespondenceItem>
    <CorrespondenceItem id="urn:ssb:code:stabas:4220581-4220587">
      <CodeValue xmlns="http://www.ssb.no/ns/meta/codelist">2 - 3</CodeValue>
      <CodeTextGrp xmlns="http://www.ssb.no/ns/meta/codelist">
        <CodeText xml:lang="nn">Hagebruksvekstar</CodeText>
        <CodeText xml:lang="nb">Hagebruksvekster</CodeText>
        <CodeText xml:lang="en">Specialist horticulture and specialist permanent crops</CodeText>
      </CodeTextGrp>
      <CorrespondenceItemRelation targetItem="urn:ssb:code:stabas:4220155-4220189" />
      <CorrespondenceItemRelation targetItem="urn:ssb:code:stabas:4220155-4220319" />
    </CorrespondenceItem>
    <CorrespondenceItem id="urn:ssb:code:stabas:4220581-4220589">
      <CodeValue xmlns="http://www.ssb.no/ns/meta/codelist">4*</CodeValue>
      <CodeTextGrp xmlns="http://www.ssb.no/ns/meta/codelist">
        <CodeText xml:lang="nn">Andregrovfôretande dyr</CodeText>
        <CodeText xml:lang="nb">Øvrige grovfôretende dyr</CodeText>
        <CodeText xml:lang="en">Other specialist grazing livestock</CodeText>
      </CodeTextGrp>
      <CorrespondenceItemRelation targetItem="urn:ssb:code:stabas:4220159-4220385" />
      <CorrespondenceItemRelation targetItem="urn:ssb:code:stabas:4220159-4220383" />
      <CorrespondenceItemRelation targetItem="urn:ssb:code:stabas:4220159-4220387" />
    </CorrespondenceItem>
    <CorrespondenceItem id="urn:ssb:code:stabas:4220581-4220591">
      <CodeValue xmlns="http://www.ssb.no/ns/meta/codelist">41</CodeValue>
      <CodeTextGrp xmlns="http://www.ssb.no/ns/meta/codelist">
        <CodeText xml:lang="nn">Storfe mjølkeproduksjon</CodeText>
        <CodeText xml:lang="nb">Storfe mjølkeproduksjon</CodeText>
        <CodeText xml:lang="en">Specialist dairying</CodeText>
      </CodeTextGrp>
      <CorrespondenceItemRelation targetItem="urn:ssb:code:stabas:4220157-4220361" />
    </CorrespondenceItem>
    <CorrespondenceItem id="urn:ssb:code:stabas:4220581-4220593">
      <CodeValue xmlns="http://www.ssb.no/ns/meta/codelist">42</CodeValue>
      <CodeTextGrp xmlns="http://www.ssb.no/ns/meta/codelist">
        <CodeText xml:lang="nn">Storfe kjøttproduksjon</CodeText>
        <CodeText xml:lang="nb">Storfe kjøttproduksjon</CodeText>
        <CodeText xml:lang="en">Specialist cattle rearing and fattening</CodeText>
      </CodeTextGrp>
      <CorrespondenceItemRelation targetItem="urn:ssb:code:stabas:4220157-4220367" />
    </CorrespondenceItem>
    <CorrespondenceItem id="urn:ssb:code:stabas:4220581-4220595">
      <CodeValue xmlns="http://www.ssb.no/ns/meta/codelist">43</CodeValue>
      <CodeTextGrp xmlns="http://www.ssb.no/ns/meta/codelist">
        <CodeText xml:lang="nn">Storfe mjølk- og kjøttproduksjon i kombinasjon</CodeText>
        <CodeText xml:lang="nb">Storfe mjølk- og kjøttproduksjon i kombinasjon</CodeText>
        <CodeText xml:lang="en">Cattle - dairying, rearing and fattening combined</CodeText>
      </CodeTextGrp>
      <CorrespondenceItemRelation targetItem="urn:ssb:code:stabas:4220157-4220373" />
    </CorrespondenceItem>
    <CorrespondenceItem id="urn:ssb:code:stabas:4220581-4220597">
      <CodeValue xmlns="http://www.ssb.no/ns/meta/codelist">441</CodeValue>
      <CodeTextGrp xmlns="http://www.ssb.no/ns/meta/codelist">
        <CodeText xml:lang="nn">Sau</CodeText>
        <CodeText xml:lang="nb">Sau</CodeText>
        <CodeText xml:lang="en">Specialist sheep</CodeText>
      </CodeTextGrp>
      <CorrespondenceItemRelation targetItem="urn:ssb:code:stabas:4220159-4220381" />
    </CorrespondenceItem>
    <CorrespondenceItem id="urn:ssb:code:stabas:4220581-4220599">
      <CodeValue xmlns="http://www.ssb.no/ns/meta/codelist">5</CodeValue>
      <CodeTextGrp xmlns="http://www.ssb.no/ns/meta/codelist">
        <CodeText xml:lang="nn">Svin og fjørfe</CodeText>
        <CodeText xml:lang="nb">Svin og fjørfe</CodeText>
        <CodeText xml:lang="en">Specialist granivores</CodeText>
      </CodeTextGrp>
      <CorrespondenceItemRelation targetItem="urn:ssb:code:stabas:4220155-4220389" />
    </CorrespondenceItem>
    <CorrespondenceItem id="urn:ssb:code:stabas:4220581-4220701">
      <CodeValue xmlns="http://www.ssb.no/ns/meta/codelist">6</CodeValue>
      <CodeTextGrp xmlns="http://www.ssb.no/ns/meta/codelist">
        <CodeText xml:lang="nn">Blanda planteproduksjon</CodeText>
        <CodeText xml:lang="nb">Blandet planteproduksjon</CodeText>
        <CodeText xml:lang="en">Mixed cropping</CodeText>
      </CodeTextGrp>
      <CorrespondenceItemRelation targetItem="urn:ssb:code:stabas:4220155-4220515" />
    </CorrespondenceItem>
    <CorrespondenceItem id="urn:ssb:code:stabas:4220581-4220703">
      <CodeValue xmlns="http://www.ssb.no/ns/meta/codelist">7</CodeValue>
      <CodeTextGrp xmlns="http://www.ssb.no/ns/meta/codelist">
        <CodeText xml:lang="nn">Blanda husdyrproduksjon</CodeText>
        <CodeText xml:lang="nb">Blandet husdyrproduksjon</CodeText>
        <CodeText xml:lang="en">Mixed livestock holdings</CodeText>
      </CodeTextGrp>
      <CorrespondenceItemRelation targetItem="urn:ssb:code:stabas:4220155-4220535" />
    </CorrespondenceItem>
    <CorrespondenceItem id="urn:ssb:code:stabas:4220581-4220705">
      <CodeValue xmlns="http://www.ssb.no/ns/meta/codelist">8</CodeValue>
      <CodeTextGrp xmlns="http://www.ssb.no/ns/meta/codelist">
        <CodeText xml:lang="nn">Plante- og husdyrproduksjon i kombinasjon</CodeText>
        <CodeText xml:lang="nb">Plante- og husdyrproduksjon i kombinasjon</CodeText>
        <CodeText xml:lang="en">Mixed crops - livestock</CodeText>
      </CodeTextGrp>
      <CorrespondenceItemRelation targetItem="urn:ssb:code:stabas:4220155-4220551" />
    </CorrespondenceItem>
  </CorrespondenceItemGroup>
  <CorrespondenceItemGroup id="urn:ssb:codelist:stabas:4220155" relationshipType="N:1">
    <CorrespondenceItem id="urn:ssb:code:stabas:4220155-4220189">
      <CodeValue xmlns="http://www.ssb.no/ns/meta/codelist">2</CodeValue>
      <CodeTextGrp xmlns="http://www.ssb.no/ns/meta/codelist">
        <CodeText xml:lang="nn">Gartnerivekstar</CodeText>
        <CodeText xml:lang="nb">Gartneri</CodeText>
        <CodeText xml:lang="en">Specialist horticulture</CodeText>
      </CodeTextGrp>
      <CorrespondenceItemRelation targetItem="urn:ssb:code:stabas:4220581-4220587" />
    </CorrespondenceItem>
    <CorrespondenceItem id="urn:ssb:code:stabas:4220155-4220319">
      <CodeValue xmlns="http://www.ssb.no/ns/meta/codelist">3</CodeValue>
      <CodeTextGrp xmlns="http://www.ssb.no/ns/meta/codelist">
        <CodeText xml:lang="nn">Fleirårige vekstar</CodeText>
        <CodeText xml:lang="nb">Flerårige vekster</CodeText>
        <CodeText xml:lang="en">Specialist permanent crops</CodeText>
      </CodeTextGrp>
      <CorrespondenceItemRelation targetItem="urn:ssb:code:stabas:4220581-4220587" />
    </CorrespondenceItem>
    <CorrespondenceItem id="urn:ssb:code:stabas:4220155-4220389">
      <CodeValue xmlns="http://www.ssb.no/ns/meta/codelist">5</CodeValue>
      <CodeTextGrp xmlns="http://www.ssb.no/ns/meta/codelist">
        <CodeText xml:lang="nn">Svin og fjørfe</CodeText>
        <CodeText xml:lang="nb">Svin og fjørfe</CodeText>
        <CodeText xml:lang="en">Specialist granivores</CodeText>
      </CodeTextGrp>
      <CorrespondenceItemRelation targetItem="urn:ssb:code:stabas:4220581-4220599" />
    </CorrespondenceItem>
    <CorrespondenceItem id="urn:ssb:code:stabas:4220155-4220515">
      <CodeValue xmlns="http://www.ssb.no/ns/meta/codelist">6</CodeValue>
      <CodeTextGrp xmlns="http://www.ssb.no/ns/meta/codelist">
        <CodeText xml:lang="nn">Blanda planteproduksjon</CodeText>
        <CodeText xml:lang="nb">Blandet planteproduksjon</CodeText>
        <CodeText xml:lang="en">Mixed cropping</CodeText>
      </CodeTextGrp>
      <CorrespondenceItemRelation targetItem="urn:ssb:code:stabas:4220581-4220701" />
    </CorrespondenceItem>
    <CorrespondenceItem id="urn:ssb:code:stabas:4220155-4220535">
      <CodeValue xmlns="http://www.ssb.no/ns/meta/codelist">7</CodeValue>
      <CodeTextGrp xmlns="http://www.ssb.no/ns/meta/codelist">
        <CodeText xml:lang="nn">Blanda husdyrproduksjon</CodeText>
        <CodeText xml:lang="nb">Blandet husdyrproduksjon</CodeText>
        <CodeText xml:lang="en">Mixed livestock holdings</CodeText>
      </CodeTextGrp>
      <CorrespondenceItemRelation targetItem="urn:ssb:code:stabas:4220581-4220703" />
    </CorrespondenceItem>
    <CorrespondenceItem id="urn:ssb:code:stabas:4220155-4220551">
      <CodeValue xmlns="http://www.ssb.no/ns/meta/codelist">8</CodeValue>
      <CodeTextGrp xmlns="http://www.ssb.no/ns/meta/codelist">
        <CodeText xml:lang="nn">Plante- og husdyrproduksjon i kombinasjon</CodeText>
        <CodeText xml:lang="nb">Plante- og husdyrproduksjon i kombinasjon</CodeText>
        <CodeText xml:lang="en">Mixed crops - livestock</CodeText>
      </CodeTextGrp>
      <CorrespondenceItemRelation targetItem="urn:ssb:code:stabas:4220581-4220705" />
    </CorrespondenceItem>
  </CorrespondenceItemGroup>
  <CorrespondenceItemGroup id="urn:ssb:codelist:stabas:4220157" relationshipType="N:1">
    <CorrespondenceItem id="urn:ssb:code:stabas:4220157-4220361">
      <CodeValue xmlns="http://www.ssb.no/ns/meta/codelist">41</CodeValue>
      <CodeTextGrp xmlns="http://www.ssb.no/ns/meta/codelist">
        <CodeText xml:lang="nn">Storfe mjølkeproduksjon</CodeText>
        <CodeText xml:lang="nb">Storfe mjølkeproduksjon</CodeText>
        <CodeText xml:lang="en">Specialist dairying</CodeText>
      </CodeTextGrp>
      <CorrespondenceItemRelation targetItem="urn:ssb:code:stabas:4220581-4220591" />
    </CorrespondenceItem>
    <CorrespondenceItem id="urn:ssb:code:stabas:4220157-4220367">
      <CodeValue xmlns="http://www.ssb.no/ns/meta/codelist">42</CodeValue>
      <CodeTextGrp xmlns="http://www.ssb.no/ns/meta/codelist">
        <CodeText xml:lang="nn">Storfe kjøttproduksjon</CodeText>
        <CodeText xml:lang="nb">Storfe kjøttproduksjon</CodeText>
        <CodeText xml:lang="en">Specialist cattle - rearing and fattening</CodeText>
      </CodeTextGrp>
      <CorrespondenceItemRelation targetItem="urn:ssb:code:stabas:4220581-4220593" />
    </CorrespondenceItem>
    <CorrespondenceItem id="urn:ssb:code:stabas:4220157-4220373">
      <CodeValue xmlns="http://www.ssb.no/ns/meta/codelist">43</CodeValue>
      <CodeTextGrp xmlns="http://www.ssb.no/ns/meta/codelist">
        <CodeText xml:lang="nn">Storfe mjølkeproduksjon og kjøttproduksjon i kombinasjon</CodeText>
        <CodeText xml:lang="nb">Storfe mjølkeproduksjon og kjøttproduksjon i kombinasjon</CodeText>
        <CodeText xml:lang="en">Cattle - dairying, rearing and fattening combined</CodeText>
      </CodeTextGrp>
      <CorrespondenceItemRelation targetItem="urn:ssb:code:stabas:4220581-4220595" />
    </CorrespondenceItem>
  </CorrespondenceItemGroup>
  <CorrespondenceItemGroup id="urn:ssb:codelist:stabas:4220159" relationshipType="N:1">
    <CorrespondenceItem id="urn:ssb:code:stabas:4220159-4220167">
      <CodeValue xmlns="http://www.ssb.no/ns/meta/codelist">131</CodeValue>
      <CodeTextGrp xmlns="http://www.ssb.no/ns/meta/codelist">
        <CodeText xml:lang="nn">Korn (utanom ris) og oljevekstar</CodeText>
        <CodeText xml:lang="nb">Korn (utenom ris) og oljevekster</CodeText>
        <CodeText xml:lang="en">Specialist cereals (other than rice), oilseeds and protein crops</CodeText>
      </CodeTextGrp>
      <CorrespondenceItemRelation targetItem="urn:ssb:code:stabas:4220581-4220585" />
    </CorrespondenceItem>
    <CorrespondenceItem id="urn:ssb:code:stabas:4220159-4220169">
      <CodeValue xmlns="http://www.ssb.no/ns/meta/codelist">132</CodeValue>
      <CodeTextGrp xmlns="http://www.ssb.no/ns/meta/codelist">
        <CodeText xml:lang="nn">Ris</CodeText>
        <CodeText xml:lang="nb">Ris</CodeText>
        <CodeText xml:lang="en">Specialist rice</CodeText>
      </CodeTextGrp>
      <CorrespondenceItemRelation targetItem="urn:ssb:code:stabas:4220581-4220583" />
    </CorrespondenceItem>
    <CorrespondenceItem id="urn:ssb:code:stabas:4220159-4220171">
      <CodeValue xmlns="http://www.ssb.no/ns/meta/codelist">133</CodeValue>
      <CodeTextGrp xmlns="http://www.ssb.no/ns/meta/codelist">
        <CodeText xml:lang="nn">Korn (utanom ris) og oljevekstar og ris i kombinasjon</CodeText>
        <CodeText xml:lang="nb">Korn (utenom ris), oljevekster og ris i kombinasjon</CodeText>
        <CodeText xml:lang="en">Cereals, oilseeds, protein crops and rice combined</CodeText>
      </CodeTextGrp>
      <CorrespondenceItemRelation targetItem="urn:ssb:code:stabas:4220581-4220583" />
    </CorrespondenceItem>
    <CorrespondenceItem id="urn:ssb:code:stabas:4220159-4220175">
      <CodeValue xmlns="http://www.ssb.no/ns/meta/codelist">141</CodeValue>
      <CodeTextGrp xmlns="http://www.ssb.no/ns/meta/codelist">
        <CodeText xml:lang="nn">Poteter</CodeText>
        <CodeText xml:lang="nb">Poteter</CodeText>
        <CodeText xml:lang="en">Specialist root crops</CodeText>
      </CodeTextGrp>
      <CorrespondenceItemRelation targetItem="urn:ssb:code:stabas:4220581-4220583" />
    </CorrespondenceItem>
    <CorrespondenceItem id="urn:ssb:code:stabas:4220159-4220177">
      <CodeValue xmlns="http://www.ssb.no/ns/meta/codelist">142</CodeValue>
      <CodeTextGrp xmlns="http://www.ssb.no/ns/meta/codelist">
        <CodeText xml:lang="nn">Korn og poteter i kombinasjon</CodeText>
        <CodeText xml:lang="nb">Korn og poteter i kombinasjon</CodeText>
        <CodeText xml:lang="en">Cereals and root crops combined</CodeText>
      </CodeTextGrp>
      <CorrespondenceItemRelation targetItem="urn:ssb:code:stabas:4220581-4220583" />
    </CorrespondenceItem>
    <CorrespondenceItem id="urn:ssb:code:stabas:4220159-4220179">
      <CodeValue xmlns="http://www.ssb.no/ns/meta/codelist">143</CodeValue>
      <CodeTextGrp xmlns="http://www.ssb.no/ns/meta/codelist">
        <CodeText xml:lang="nn">Grønsaker (dyrka som jordbruksvekstar)</CodeText>
        <CodeText xml:lang="nb">Grønnsaker dyrket som jordbruksvekster</CodeText>
        <CodeText xml:lang="en">Specialist field vegetables</CodeText>
      </CodeTextGrp>
      <CorrespondenceItemRelation targetItem="urn:ssb:code:stabas:4220581-4220583" />
    </CorrespondenceItem>
    <CorrespondenceItem id="urn:ssb:code:stabas:4220159-4220181">
      <CodeValue xmlns="http://www.ssb.no/ns/meta/codelist">144</CodeValue>
      <CodeTextGrp xmlns="http://www.ssb.no/ns/meta/codelist">
        <CodeText xml:lang="nn">Ymse jordbruksvekstar</CodeText>
        <CodeText xml:lang="nb">Forskjellige jordbruksvekster</CodeText>
        <CodeText xml:lang="en">Various field crops</CodeText>
      </CodeTextGrp>
      <CorrespondenceItemRelation targetItem="urn:ssb:code:stabas:4220581-4220583" />
    </CorrespondenceItem>
    <CorrespondenceItem id="urn:ssb:code:stabas:4220159-4220381">
      <CodeValue xmlns="http://www.ssb.no/ns/meta/codelist">441</CodeValue>
      <CodeTextGrp xmlns="http://www.ssb.no/ns/meta/codelist">
        <CodeText xml:lang="nn">Sau</CodeText>
        <CodeText xml:lang="nb">Sau</CodeText>
        <CodeText xml:lang="en">Specialist sheep</CodeText>
      </CodeTextGrp>
      <CorrespondenceItemRelation targetItem="urn:ssb:code:stabas:4220581-4220597" />
    </CorrespondenceItem>
    <CorrespondenceItem id="urn:ssb:code:stabas:4220159-4220383">
      <CodeValue xmlns="http://www.ssb.no/ns/meta/codelist">442</CodeValue>
      <CodeTextGrp xmlns="http://www.ssb.no/ns/meta/codelist">
        <CodeText xml:lang="nn">Sau og storfe i kombinasjon</CodeText>
        <CodeText xml:lang="nb">Sau og storfe i kombinasjon</CodeText>
        <CodeText xml:lang="en">Sheep and cattle combined</CodeText>
      </CodeTextGrp>
      <CorrespondenceItemRelation targetItem="urn:ssb:code:stabas:4220581-4220589" />
    </CorrespondenceItem>
    <CorrespondenceItem id="urn:ssb:code:stabas:4220159-4220385">
      <CodeValue xmlns="http://www.ssb.no/ns/meta/codelist">443</CodeValue>
      <CodeTextGrp xmlns="http://www.ssb.no/ns/meta/codelist">
        <CodeText xml:lang="nn">Geit</CodeText>
        <CodeText xml:lang="nb">Geit</CodeText>
        <CodeText xml:lang="en">Specialist goats</CodeText>
      </CodeTextGrp>
      <CorrespondenceItemRelation targetItem="urn:ssb:code:stabas:4220581-4220589" />
    </CorrespondenceItem>
    <CorrespondenceItem id="urn:ssb:code:stabas:4220159-4220387">
      <CodeValue xmlns="http://www.ssb.no/ns/meta/codelist">444</CodeValue>
      <CodeTextGrp xmlns="http://www.ssb.no/ns/meta/codelist">
        <CodeText xml:lang="nn">Ymse grovfôretande dyr</CodeText>
        <CodeText xml:lang="nb">Forskjellige grovfôretende dyr</CodeText>
        <CodeText xml:lang="en">Various grazing livestock - no dominant enterprise</CodeText>
      </CodeTextGrp>
      <CorrespondenceItemRelation targetItem="urn:ssb:code:stabas:4220581-4220589" />
    </CorrespondenceItem>
  </CorrespondenceItemGroup>
</CorrespondenceTable>