<?xml version="1.0" encoding="utf-8"?>
<CorrespondenceTable xmlns:xsi="http://www.w3.org/2001/XMLSchema-instance" xmlns:xsd="http://www.w3.org/2001/XMLSchema" id="urn:ssb:corrtable:stabas:4302131" classVersionSourceId="urn:ssb:classversion:stabas:4220727" classVersionTargetId="urn:ssb:classversion:stabas:4220151" classLevelSourceId="urn:ssb:codelist:stabas:4220731" classLevelTargetId="urn:ssb:codelist:stabas:4220155" showInternet="false" showIntranet="true" xmlns="http://www.ssb.no/ns/meta/correspondence">
  <TitleGrp>
    <Title xml:lang="nn">Variant IV nivå 3, Typologi</Title>
    <Title xml:lang="nb">Variant III, Klassifisering av jordbruksbedrifter etter driftsform</Title>
    <Title xml:lang="en">Variant III, Classification of agricultural holdings by type of farming</Title>
  </TitleGrp>
  <DescriptionGrp />
  <ContactInformation>
    <Person xmlns="http://www.ssb.no/ns/meta/common">oro</Person>
    <Division xmlns="http://www.ssb.no/ns/meta/common">430</Division>
  </ContactInformation>
  <CorrespondenceItemGroup id="urn:ssb:codelist:stabas:4220731" relationshipType="1:N">
    <CorrespondenceItem id="urn:ssb:code:stabas:4220731-4220733">
      <CodeValue xmlns="http://www.ssb.no/ns/meta/codelist">1 - 3, 6</CodeValue>
      <CodeTextGrp xmlns="http://www.ssb.no/ns/meta/codelist">
        <CodeText xml:lang="nn">Planteproduksjon</CodeText>
        <CodeText xml:lang="nb">Planteproduksjon</CodeText>
        <CodeText xml:lang="en">Crop production</CodeText>
      </CodeTextGrp>
      <CorrespondenceItemRelation targetItem="urn:ssb:code:stabas:4220155-4220163" />
      <CorrespondenceItemRelation targetItem="urn:ssb:code:stabas:4220155-4220189" />
      <CorrespondenceItemRelation targetItem="urn:ssb:code:stabas:4220155-4220319" />
      <CorrespondenceItemRelation targetItem="urn:ssb:code:stabas:4220155-4220515" />
    </CorrespondenceItem>
    <CorrespondenceItem id="urn:ssb:code:stabas:4220731-4220735">
      <CodeValue xmlns="http://www.ssb.no/ns/meta/codelist">4 - 5, 7</CodeValue>
      <CodeTextGrp xmlns="http://www.ssb.no/ns/meta/codelist">
        <CodeText xml:lang="nn">Husdyrproduksjon</CodeText>
        <CodeText xml:lang="nb">Husdyrproduksjon</CodeText>
        <CodeText xml:lang="en">Livestock production</CodeText>
      </CodeTextGrp>
      <CorrespondenceItemRelation targetItem="urn:ssb:code:stabas:4220155-4220359" />
      <CorrespondenceItemRelation targetItem="urn:ssb:code:stabas:4220155-4220389" />
      <CorrespondenceItemRelation targetItem="urn:ssb:code:stabas:4220155-4220535" />
    </CorrespondenceItem>
    <CorrespondenceItem id="urn:ssb:code:stabas:4220731-4220737">
      <CodeValue xmlns="http://www.ssb.no/ns/meta/codelist">8</CodeValue>
      <CodeTextGrp xmlns="http://www.ssb.no/ns/meta/codelist">
        <CodeText xml:lang="nn">Plante- og husdyrproduksjon i kombinasjon</CodeText>
        <CodeText xml:lang="nb">Plante- og husdyrproduksjon i kombinasjon</CodeText>
        <CodeText xml:lang="en">Mixed crops - livestock</CodeText>
      </CodeTextGrp>
      <CorrespondenceItemRelation targetItem="urn:ssb:code:stabas:4220155-4220551" />
    </CorrespondenceItem>
  </CorrespondenceItemGroup>
  <CorrespondenceItemGroup id="urn:ssb:codelist:stabas:4220155" relationshipType="N:1">
    <CorrespondenceItem id="urn:ssb:code:stabas:4220155-4220163">
      <CodeValue xmlns="http://www.ssb.no/ns/meta/codelist">1</CodeValue>
      <CodeTextGrp xmlns="http://www.ssb.no/ns/meta/codelist">
        <CodeText xml:lang="nn">Jordbruksvekstar</CodeText>
        <CodeText xml:lang="nb">Jordbruksvekster</CodeText>
        <CodeText xml:lang="en">Specialist field crops</CodeText>
      </CodeTextGrp>
      <CorrespondenceItemRelation targetItem="urn:ssb:code:stabas:4220731-4220733" />
    </CorrespondenceItem>
    <CorrespondenceItem id="urn:ssb:code:stabas:4220155-4220189">
      <CodeValue xmlns="http://www.ssb.no/ns/meta/codelist">2</CodeValue>
      <CodeTextGrp xmlns="http://www.ssb.no/ns/meta/codelist">
        <CodeText xml:lang="nn">Gartnerivekstar</CodeText>
        <CodeText xml:lang="nb">Gartneri</CodeText>
        <CodeText xml:lang="en">Specialist horticulture</CodeText>
      </CodeTextGrp>
      <CorrespondenceItemRelation targetItem="urn:ssb:code:stabas:4220731-4220733" />
    </CorrespondenceItem>
    <CorrespondenceItem id="urn:ssb:code:stabas:4220155-4220319">
      <CodeValue xmlns="http://www.ssb.no/ns/meta/codelist">3</CodeValue>
      <CodeTextGrp xmlns="http://www.ssb.no/ns/meta/codelist">
        <CodeText xml:lang="nn">Fleirårige vekstar</CodeText>
        <CodeText xml:lang="nb">Flerårige vekster</CodeText>
        <CodeText xml:lang="en">Specialist permanent crops</CodeText>
      </CodeTextGrp>
      <CorrespondenceItemRelation targetItem="urn:ssb:code:stabas:4220731-4220733" />
    </CorrespondenceItem>
    <CorrespondenceItem id="urn:ssb:code:stabas:4220155-4220359">
      <CodeValue xmlns="http://www.ssb.no/ns/meta/codelist">4</CodeValue>
      <CodeTextGrp xmlns="http://www.ssb.no/ns/meta/codelist">
        <CodeText xml:lang="nn">Grovfôretande dyr</CodeText>
        <CodeText xml:lang="nb">Grovfôretende dyr</CodeText>
        <CodeText xml:lang="en">Specialist grazing livestock</CodeText>
      </CodeTextGrp>
      <CorrespondenceItemRelation targetItem="urn:ssb:code:stabas:4220731-4220735" />
    </CorrespondenceItem>
    <CorrespondenceItem id="urn:ssb:code:stabas:4220155-4220389">
      <CodeValue xmlns="http://www.ssb.no/ns/meta/codelist">5</CodeValue>
      <CodeTextGrp xmlns="http://www.ssb.no/ns/meta/codelist">
        <CodeText xml:lang="nn">Svin og fjørfe</CodeText>
        <CodeText xml:lang="nb">Svin og fjørfe</CodeText>
        <CodeText xml:lang="en">Specialist granivores</CodeText>
      </CodeTextGrp>
      <CorrespondenceItemRelation targetItem="urn:ssb:code:stabas:4220731-4220735" />
    </CorrespondenceItem>
    <CorrespondenceItem id="urn:ssb:code:stabas:4220155-4220515">
      <CodeValue xmlns="http://www.ssb.no/ns/meta/codelist">6</CodeValue>
      <CodeTextGrp xmlns="http://www.ssb.no/ns/meta/codelist">
        <CodeText xml:lang="nn">Blanda planteproduksjon</CodeText>
        <CodeText xml:lang="nb">Blandet planteproduksjon</CodeText>
        <CodeText xml:lang="en">Mixed cropping</CodeText>
      </CodeTextGrp>
      <CorrespondenceItemRelation targetItem="urn:ssb:code:stabas:4220731-4220733" />
    </CorrespondenceItem>
    <CorrespondenceItem id="urn:ssb:code:stabas:4220155-4220535">
      <CodeValue xmlns="http://www.ssb.no/ns/meta/codelist">7</CodeValue>
      <CodeTextGrp xmlns="http://www.ssb.no/ns/meta/codelist">
        <CodeText xml:lang="nn">Blanda husdyrproduksjon</CodeText>
        <CodeText xml:lang="nb">Blandet husdyrproduksjon</CodeText>
        <CodeText xml:lang="en">Mixed livestock holdings</CodeText>
      </CodeTextGrp>
      <CorrespondenceItemRelation targetItem="urn:ssb:code:stabas:4220731-4220735" />
    </CorrespondenceItem>
    <CorrespondenceItem id="urn:ssb:code:stabas:4220155-4220551">
      <CodeValue xmlns="http://www.ssb.no/ns/meta/codelist">8</CodeValue>
      <CodeTextGrp xmlns="http://www.ssb.no/ns/meta/codelist">
        <CodeText xml:lang="nn">Plante- og husdyrproduksjon i kombinasjon</CodeText>
        <CodeText xml:lang="nb">Plante- og husdyrproduksjon i kombinasjon</CodeText>
        <CodeText xml:lang="en">Mixed crops - livestock</CodeText>
      </CodeTextGrp>
      <CorrespondenceItemRelation targetItem="urn:ssb:code:stabas:4220731-4220737" />
    </CorrespondenceItem>
  </CorrespondenceItemGroup>
</CorrespondenceTable>