<?xml version="1.0" encoding="utf-8"?>
<CorrespondenceTable xmlns:xsi="http://www.w3.org/2001/XMLSchema-instance" xmlns:xsd="http://www.w3.org/2001/XMLSchema" id="urn:ssb:corrtable:stabas:5028005" classVersionSourceId="urn:ssb:classversion:stabas:4972801" classVersionTargetId="urn:ssb:classversion:stabas:4846001" classLevelSourceId="urn:ssb:codelist:stabas:4972803" classLevelTargetId="urn:ssb:codelist:stabas:4846003" showInternet="true" showIntranet="true" xmlns="http://www.ssb.no/ns/meta/correspondence">
  <TitleGrp>
    <Title xml:lang="nn">ISCED97 nivå  (2007/2), Norsk standard for utdanningsgruppering (NUS2000) 2007/2 </Title>
    <Title xml:lang="nb">ISCED97 nivå  (2007/2), Norsk standard for utdanningsgruppering (NUS2000) 2007/2</Title>
    <Title xml:lang="en">ISCED97 level  (2007/2), Norwegian Standard Classification of Education (NUS2000) 2007/2</Title>
  </TitleGrp>
  <DescriptionGrp>
    <Description xml:lang="nn">ISCED97 består av sju nivå: 
0   Pre-primary (førskoleutdanning)
1   Primary (grunnskoleutdanning, første trinn)
2   Lower secondary (grunnskoleutdanning, andre 	trinn)
3   Upper secondary (vidaregåande utdanning)
4   Post-secondary non-tertiary (ikkje vidaregåande utdanning, universitets- eller           høgskoleutdanning)
5   First stage of tertiary education (universitets- og 	høgskoleutdanning)
6   Second stage of tertiary education (forskarutdanning)













</Description>
    <Description xml:lang="nb">ISCED97 består av sju nivåer: 
0  Pre-primary (Førskoleutdanning)
1  Primary (Grunnskoleutdanning, første trinn)
2  Lower secondary (Grunnskoleutdanning, andre 	trinn)
3  Upper secondary (Videregående utdanning)
4  Post-secondary non-tertiary (ikke videregående 	utdanning, universitets- eller         høgskoleutdanning)
5  First stage of tertiary education (Universitets- og 	høgskoleutdanning)
6  Second stage of tertiary education (Forskerutdanning)

</Description>
    <Description xml:lang="en">ISCED97 consists of seven levels: 
0   Pre-primary
1   Primary
2   Lower secondary 
3   Upper secondary
4   Post-secondary non-tertiary
5   First stage of tertiary education
6   Second stage of tertiary education 











</Description>
  </DescriptionGrp>
  <ContactInformation>
    <Person xmlns="http://www.ssb.no/ns/meta/common">gki </Person>
    <Division xmlns="http://www.ssb.no/ns/meta/common">360</Division>
  </ContactInformation>
  <CorrespondenceItemGroup id="urn:ssb:codelist:stabas:4972803" relationshipType="1:N">
    <CorrespondenceItem id="urn:ssb:code:stabas:4972803-4972813">
      <CodeValue xmlns="http://www.ssb.no/ns/meta/codelist">0</CodeValue>
      <CodeTextGrp xmlns="http://www.ssb.no/ns/meta/codelist">
        <CodeText xml:lang="nn">Pre-primary (Førskoleutdanning)</CodeText>
        <CodeText xml:lang="nb">Pre-primary (Førskoleutdanning)</CodeText>
        <CodeText xml:lang="en">Pre-primary</CodeText>
      </CodeTextGrp>
      <CorrespondenceItemRelation targetItem="urn:ssb:code:stabas:4846003-4846013" />
    </CorrespondenceItem>
    <CorrespondenceItem id="urn:ssb:code:stabas:4972803-4972825">
      <CodeValue xmlns="http://www.ssb.no/ns/meta/codelist">1</CodeValue>
      <CodeTextGrp xmlns="http://www.ssb.no/ns/meta/codelist">
        <CodeText xml:lang="nn">Primary (Grunnskoleutdanning, første trinn)</CodeText>
        <CodeText xml:lang="nb">Primary (Grunnskoleutdanning, første trinn)</CodeText>
        <CodeText xml:lang="en">Primary</CodeText>
      </CodeTextGrp>
      <CorrespondenceItemRelation targetItem="urn:ssb:code:stabas:4846003-4846025" />
    </CorrespondenceItem>
    <CorrespondenceItem id="urn:ssb:code:stabas:4972803-4972843">
      <CodeValue xmlns="http://www.ssb.no/ns/meta/codelist">2</CodeValue>
      <CodeTextGrp xmlns="http://www.ssb.no/ns/meta/codelist">
        <CodeText xml:lang="nn">Lower secondary (Grunnskoleutdanning, andre trinn)</CodeText>
        <CodeText xml:lang="nb">Lower secondary (Grunnskoleutdanning, andre trinn)</CodeText>
        <CodeText xml:lang="en">Lower secondary</CodeText>
      </CodeTextGrp>
      <CorrespondenceItemRelation targetItem="urn:ssb:code:stabas:4846003-4846043" />
    </CorrespondenceItem>
    <CorrespondenceItem id="urn:ssb:code:stabas:4972803-4972927">
      <CodeValue xmlns="http://www.ssb.no/ns/meta/codelist">3</CodeValue>
      <CodeTextGrp xmlns="http://www.ssb.no/ns/meta/codelist">
        <CodeText xml:lang="nn">Upper secondary (Videregåande utdanning)</CodeText>
        <CodeText xml:lang="nb">Upper secondary (Videregående utdanning)</CodeText>
        <CodeText xml:lang="en">Upper secondary</CodeText>
      </CodeTextGrp>
      <CorrespondenceItemRelation targetItem="urn:ssb:code:stabas:4846003-4846137" />
      <CorrespondenceItemRelation targetItem="urn:ssb:code:stabas:4846003-4847469" />
    </CorrespondenceItem>
    <CorrespondenceItem id="urn:ssb:code:stabas:4972803-4981803">
      <CodeValue xmlns="http://www.ssb.no/ns/meta/codelist">9</CodeValue>
      <CodeTextGrp xmlns="http://www.ssb.no/ns/meta/codelist">
        <CodeText xml:lang="nn">Unknown level</CodeText>
        <CodeText xml:lang="nb">Unknown level</CodeText>
        <CodeText xml:lang="en">Unknown level</CodeText>
      </CodeTextGrp>
      <CorrespondenceItemRelation targetItem="urn:ssb:code:stabas:4846003-4856815" />
    </CorrespondenceItem>
    <CorrespondenceItem id="urn:ssb:code:stabas:4972803-4975073">
      <CodeValue xmlns="http://www.ssb.no/ns/meta/codelist">4</CodeValue>
      <CodeTextGrp xmlns="http://www.ssb.no/ns/meta/codelist">
        <CodeText xml:lang="nn">Post-secondary non-tertiary (ikkje vidaregåande utdanning, universitets- eller høgskoleutdanning)</CodeText>
        <CodeText xml:lang="nb">Post-secondary non-tertiary (ikke videregående utdanning, universitets- eller høgskoleutdanning)</CodeText>
        <CodeText xml:lang="en">Post-secondary non-tertiary</CodeText>
      </CodeTextGrp>
      <CorrespondenceItemRelation targetItem="urn:ssb:code:stabas:4846003-4848947" />
    </CorrespondenceItem>
    <CorrespondenceItem id="urn:ssb:code:stabas:4972803-4975941">
      <CodeValue xmlns="http://www.ssb.no/ns/meta/codelist">5</CodeValue>
      <CodeTextGrp xmlns="http://www.ssb.no/ns/meta/codelist">
        <CodeText xml:lang="nn">First stage of tertiary education (Universitets- og høgskoleutdanning)</CodeText>
        <CodeText xml:lang="nb">First stage of tertiary education (Universitets- og høgskoleutdanning)</CodeText>
        <CodeText xml:lang="en">First stage of tertiary education</CodeText>
      </CodeTextGrp>
      <CorrespondenceItemRelation targetItem="urn:ssb:code:stabas:4846003-4850053" />
      <CorrespondenceItemRelation targetItem="urn:ssb:code:stabas:4846003-4852863" />
    </CorrespondenceItem>
    <CorrespondenceItem id="urn:ssb:code:stabas:4972803-4980739">
      <CodeValue xmlns="http://www.ssb.no/ns/meta/codelist">6</CodeValue>
      <CodeTextGrp xmlns="http://www.ssb.no/ns/meta/codelist">
        <CodeText xml:lang="nn">Second stage of tertiary education (Forskarutdanning)</CodeText>
        <CodeText xml:lang="nb">Second stage of tertiary education (Forskerutdanning)</CodeText>
        <CodeText xml:lang="en">Second stage of tertiary education</CodeText>
      </CodeTextGrp>
      <CorrespondenceItemRelation targetItem="urn:ssb:code:stabas:4846003-4855519" />
    </CorrespondenceItem>
  </CorrespondenceItemGroup>
  <CorrespondenceItemGroup id="urn:ssb:codelist:stabas:4846003" relationshipType="N:1">
    <CorrespondenceItem id="urn:ssb:code:stabas:4846003-4846013">
      <CodeValue xmlns="http://www.ssb.no/ns/meta/codelist">0</CodeValue>
      <CodeTextGrp xmlns="http://www.ssb.no/ns/meta/codelist">
        <CodeText xml:lang="nn">Inga utdanning og førskoleutdanning</CodeText>
        <CodeText xml:lang="nb">Ingen utdanning og førskoleutdanning</CodeText>
        <CodeText xml:lang="en">No education and pre-school education</CodeText>
      </CodeTextGrp>
      <CorrespondenceItemRelation targetItem="urn:ssb:code:stabas:4972803-4972813" />
    </CorrespondenceItem>
    <CorrespondenceItem id="urn:ssb:code:stabas:4846003-4846025">
      <CodeValue xmlns="http://www.ssb.no/ns/meta/codelist">1</CodeValue>
      <CodeTextGrp xmlns="http://www.ssb.no/ns/meta/codelist">
        <CodeText xml:lang="nn">Barneskoleutdanning</CodeText>
        <CodeText xml:lang="nb">Barneskoleutdanning</CodeText>
        <CodeText xml:lang="en">Primary education</CodeText>
      </CodeTextGrp>
      <CorrespondenceItemRelation targetItem="urn:ssb:code:stabas:4972803-4972825" />
    </CorrespondenceItem>
    <CorrespondenceItem id="urn:ssb:code:stabas:4846003-4846043">
      <CodeValue xmlns="http://www.ssb.no/ns/meta/codelist">2</CodeValue>
      <CodeTextGrp xmlns="http://www.ssb.no/ns/meta/codelist">
        <CodeText xml:lang="nn">Ungdomsskoleutdanning</CodeText>
        <CodeText xml:lang="nb">Ungdomsskoleutdanning</CodeText>
        <CodeText xml:lang="en">Lower secondary education</CodeText>
      </CodeTextGrp>
      <CorrespondenceItemRelation targetItem="urn:ssb:code:stabas:4972803-4972843" />
    </CorrespondenceItem>
    <CorrespondenceItem id="urn:ssb:code:stabas:4846003-4846137">
      <CodeValue xmlns="http://www.ssb.no/ns/meta/codelist">3</CodeValue>
      <CodeTextGrp xmlns="http://www.ssb.no/ns/meta/codelist">
        <CodeText xml:lang="nn">Vidaregåande, grunnutdanning</CodeText>
        <CodeText xml:lang="nb">Videregående, grunnutdanning</CodeText>
        <CodeText xml:lang="en">Upper secondary education, basic education</CodeText>
      </CodeTextGrp>
      <CorrespondenceItemRelation targetItem="urn:ssb:code:stabas:4972803-4972927" />
    </CorrespondenceItem>
    <CorrespondenceItem id="urn:ssb:code:stabas:4846003-4847469">
      <CodeValue xmlns="http://www.ssb.no/ns/meta/codelist">4</CodeValue>
      <CodeTextGrp xmlns="http://www.ssb.no/ns/meta/codelist">
        <CodeText xml:lang="nn">Vidaregåande, avsluttande utdanning</CodeText>
        <CodeText xml:lang="nb">Videregående, avsluttende utdanning</CodeText>
        <CodeText xml:lang="en">Upper secondary, final year</CodeText>
      </CodeTextGrp>
      <CorrespondenceItemRelation targetItem="urn:ssb:code:stabas:4972803-4972927" />
    </CorrespondenceItem>
    <CorrespondenceItem id="urn:ssb:code:stabas:4846003-4856815">
      <CodeValue xmlns="http://www.ssb.no/ns/meta/codelist">9</CodeValue>
      <CodeTextGrp xmlns="http://www.ssb.no/ns/meta/codelist">
        <CodeText xml:lang="nn">Uoppgitt</CodeText>
        <CodeText xml:lang="nb">Uoppgitt</CodeText>
        <CodeText xml:lang="en">Unspecified</CodeText>
      </CodeTextGrp>
      <CorrespondenceItemRelation targetItem="urn:ssb:code:stabas:4972803-4981803" />
    </CorrespondenceItem>
    <CorrespondenceItem id="urn:ssb:code:stabas:4846003-4848947">
      <CodeValue xmlns="http://www.ssb.no/ns/meta/codelist">5</CodeValue>
      <CodeTextGrp xmlns="http://www.ssb.no/ns/meta/codelist">
        <CodeText xml:lang="nn">Påbygging til vidaregåande utdanning</CodeText>
        <CodeText xml:lang="nb">Påbygging til videregående utdanning</CodeText>
        <CodeText xml:lang="en">Post-secondary non-tertiary education</CodeText>
      </CodeTextGrp>
      <CorrespondenceItemRelation targetItem="urn:ssb:code:stabas:4972803-4975073" />
    </CorrespondenceItem>
    <CorrespondenceItem id="urn:ssb:code:stabas:4846003-4850053">
      <CodeValue xmlns="http://www.ssb.no/ns/meta/codelist">6</CodeValue>
      <CodeTextGrp xmlns="http://www.ssb.no/ns/meta/codelist">
        <CodeText xml:lang="nn">Universitets- og høgskoleutdanning, lågare nivå</CodeText>
        <CodeText xml:lang="nb">Universitets- og høgskoleutdanning, lavere nivå</CodeText>
        <CodeText xml:lang="en">First stage of tertiary education, undergraduate level</CodeText>
      </CodeTextGrp>
      <CorrespondenceItemRelation targetItem="urn:ssb:code:stabas:4972803-4975941" />
    </CorrespondenceItem>
    <CorrespondenceItem id="urn:ssb:code:stabas:4846003-4852863">
      <CodeValue xmlns="http://www.ssb.no/ns/meta/codelist">7</CodeValue>
      <CodeTextGrp xmlns="http://www.ssb.no/ns/meta/codelist">
        <CodeText xml:lang="nn">Universitets- og høgskoleutdanning, høgare nivå</CodeText>
        <CodeText xml:lang="nb">Universitets- og høgskoleutdanning, høyere nivå</CodeText>
        <CodeText xml:lang="en">First stage of tertiary education, graduate level</CodeText>
      </CodeTextGrp>
      <CorrespondenceItemRelation targetItem="urn:ssb:code:stabas:4972803-4975941" />
    </CorrespondenceItem>
    <CorrespondenceItem id="urn:ssb:code:stabas:4846003-4855519">
      <CodeValue xmlns="http://www.ssb.no/ns/meta/codelist">8</CodeValue>
      <CodeTextGrp xmlns="http://www.ssb.no/ns/meta/codelist">
        <CodeText xml:lang="nn">Forskarutdanning</CodeText>
        <CodeText xml:lang="nb">Forskerutdanning</CodeText>
        <CodeText xml:lang="en">Second stage of tertiary education (postgraduate education)</CodeText>
      </CodeTextGrp>
      <CorrespondenceItemRelation targetItem="urn:ssb:code:stabas:4972803-4980739" />
    </CorrespondenceItem>
  </CorrespondenceItemGroup>
</CorrespondenceTable>