<?xml version="1.0" encoding="utf-8"?>
<CorrespondenceTable xmlns:xsi="http://www.w3.org/2001/XMLSchema-instance" xmlns:xsd="http://www.w3.org/2001/XMLSchema" id="urn:ssb:corrtable:stabas:5336001" classVersionSourceId="urn:ssb:classversion:stabas:5326001" classVersionTargetId="urn:ssb:classversion:stabas:5236001" classLevelSourceId="urn:ssb:codelist:stabas:" classLevelTargetId="urn:ssb:codelist:stabas:" showInternet="false" showIntranet="true" xmlns="http://www.ssb.no/ns/meta/correspondence">
  <TitleGrp>
    <Title xml:lang="nn">Sentralitet 2008, Kommunar 2008</Title>
    <Title xml:lang="nb">Sentralitetsnivå 3, Kommuner 2008</Title>
    <Title xml:lang="en">Centrality 2008, Municipalities 2008</Title>
  </TitleGrp>
  <DescriptionGrp />
  <ContactInformation>
    <Person xmlns="http://www.ssb.no/ns/meta/common">hhe</Person>
    <Division xmlns="http://www.ssb.no/ns/meta/common">320</Division>
  </ContactInformation>
  <CorrespondenceItemGroup id="urn:ssb:codelist:stabas:" relationshipType="1:N" />
  <CorrespondenceItemGroup id="urn:ssb:codelist:stabas:5236003" relationshipType="N:1">
    <CorrespondenceItem id="urn:ssb:code:stabas:5236003-5236005">
      <CodeValue xmlns="http://www.ssb.no/ns/meta/codelist">0101</CodeValue>
      <CodeTextGrp xmlns="http://www.ssb.no/ns/meta/codelist">
        <CodeText xml:lang="nn">Halden</CodeText>
        <CodeText xml:lang="nb">Halden</CodeText>
        <CodeText xml:lang="en">Halden</CodeText>
      </CodeTextGrp>
      <CorrespondenceItemRelation targetItem="urn:ssb:code:stabas:-5326101" />
    </CorrespondenceItem>
    <CorrespondenceItem id="urn:ssb:code:stabas:5236003-5236007">
      <CodeValue xmlns="http://www.ssb.no/ns/meta/codelist">0104</CodeValue>
      <CodeTextGrp xmlns="http://www.ssb.no/ns/meta/codelist">
        <CodeText xml:lang="nn">Moss</CodeText>
        <CodeText xml:lang="nb">Moss</CodeText>
        <CodeText xml:lang="en">Moss</CodeText>
      </CodeTextGrp>
      <CorrespondenceItemRelation targetItem="urn:ssb:code:stabas:-5326103" />
    </CorrespondenceItem>
    <CorrespondenceItem id="urn:ssb:code:stabas:5236003-5236009">
      <CodeValue xmlns="http://www.ssb.no/ns/meta/codelist">0105</CodeValue>
      <CodeTextGrp xmlns="http://www.ssb.no/ns/meta/codelist">
        <CodeText xml:lang="nn">Sarpsborg</CodeText>
        <CodeText xml:lang="nb">Sarpsborg</CodeText>
        <CodeText xml:lang="en">Sarpsborg</CodeText>
      </CodeTextGrp>
      <CorrespondenceItemRelation targetItem="urn:ssb:code:stabas:-5326101" />
    </CorrespondenceItem>
    <CorrespondenceItem id="urn:ssb:code:stabas:5236003-5236011">
      <CodeValue xmlns="http://www.ssb.no/ns/meta/codelist">0106</CodeValue>
      <CodeTextGrp xmlns="http://www.ssb.no/ns/meta/codelist">
        <CodeText xml:lang="nn">Fredrikstad</CodeText>
        <CodeText xml:lang="nb">Fredrikstad</CodeText>
        <CodeText xml:lang="en">Fredrikstad</CodeText>
      </CodeTextGrp>
      <CorrespondenceItemRelation targetItem="urn:ssb:code:stabas:-5326101" />
    </CorrespondenceItem>
    <CorrespondenceItem id="urn:ssb:code:stabas:5236003-5236017">
      <CodeValue xmlns="http://www.ssb.no/ns/meta/codelist">0119</CodeValue>
      <CodeTextGrp xmlns="http://www.ssb.no/ns/meta/codelist">
        <CodeText xml:lang="nn">Marker</CodeText>
        <CodeText xml:lang="nb">Marker</CodeText>
        <CodeText xml:lang="en">Marker</CodeText>
      </CodeTextGrp>
      <CorrespondenceItemRelation targetItem="urn:ssb:code:stabas:-5326101" />
    </CorrespondenceItem>
    <CorrespondenceItem id="urn:ssb:code:stabas:5236003-5236019">
      <CodeValue xmlns="http://www.ssb.no/ns/meta/codelist">0121</CodeValue>
      <CodeTextGrp xmlns="http://www.ssb.no/ns/meta/codelist">
        <CodeText xml:lang="nn">Rømskog</CodeText>
        <CodeText xml:lang="nb">Rømskog</CodeText>
        <CodeText xml:lang="en">Rømskog</CodeText>
      </CodeTextGrp>
      <CorrespondenceItemRelation targetItem="urn:ssb:code:stabas:-5326101" />
    </CorrespondenceItem>
    <CorrespondenceItem id="urn:ssb:code:stabas:5236003-5236021">
      <CodeValue xmlns="http://www.ssb.no/ns/meta/codelist">0122</CodeValue>
      <CodeTextGrp xmlns="http://www.ssb.no/ns/meta/codelist">
        <CodeText xml:lang="nn">Trøgstad</CodeText>
        <CodeText xml:lang="nb">Trøgstad</CodeText>
        <CodeText xml:lang="en">Trøgstad</CodeText>
      </CodeTextGrp>
      <CorrespondenceItemRelation targetItem="urn:ssb:code:stabas:-5326101" />
    </CorrespondenceItem>
    <CorrespondenceItem id="urn:ssb:code:stabas:5236003-5236023">
      <CodeValue xmlns="http://www.ssb.no/ns/meta/codelist">0123</CodeValue>
      <CodeTextGrp xmlns="http://www.ssb.no/ns/meta/codelist">
        <CodeText xml:lang="nn">Spydeberg</CodeText>
        <CodeText xml:lang="nb">Spydeberg</CodeText>
        <CodeText xml:lang="en">Spydeberg</CodeText>
      </CodeTextGrp>
      <CorrespondenceItemRelation targetItem="urn:ssb:code:stabas:-5326103" />
    </CorrespondenceItem>
    <CorrespondenceItem id="urn:ssb:code:stabas:5236003-5236025">
      <CodeValue xmlns="http://www.ssb.no/ns/meta/codelist">0124</CodeValue>
      <CodeTextGrp xmlns="http://www.ssb.no/ns/meta/codelist">
        <CodeText xml:lang="nn">Askim</CodeText>
        <CodeText xml:lang="nb">Askim</CodeText>
        <CodeText xml:lang="en">Askim</CodeText>
      </CodeTextGrp>
      <CorrespondenceItemRelation targetItem="urn:ssb:code:stabas:-5326101" />
    </CorrespondenceItem>
    <CorrespondenceItem id="urn:ssb:code:stabas:5236003-5236027">
      <CodeValue xmlns="http://www.ssb.no/ns/meta/codelist">0125</CodeValue>
      <CodeTextGrp xmlns="http://www.ssb.no/ns/meta/codelist">
        <CodeText xml:lang="nn">Eidsberg</CodeText>
        <CodeText xml:lang="nb">Eidsberg</CodeText>
        <CodeText xml:lang="en">Eidsberg</CodeText>
      </CodeTextGrp>
      <CorrespondenceItemRelation targetItem="urn:ssb:code:stabas:-5326101" />
    </CorrespondenceItem>
    <CorrespondenceItem id="urn:ssb:code:stabas:5236003-5236029">
      <CodeValue xmlns="http://www.ssb.no/ns/meta/codelist">0127</CodeValue>
      <CodeTextGrp xmlns="http://www.ssb.no/ns/meta/codelist">
        <CodeText xml:lang="nn">Skiptvet</CodeText>
        <CodeText xml:lang="nb">Skiptvet</CodeText>
        <CodeText xml:lang="en">Skiptvet</CodeText>
      </CodeTextGrp>
      <CorrespondenceItemRelation targetItem="urn:ssb:code:stabas:-5326101" />
    </CorrespondenceItem>
    <CorrespondenceItem id="urn:ssb:code:stabas:5236003-5236031">
      <CodeValue xmlns="http://www.ssb.no/ns/meta/codelist">0128</CodeValue>
      <CodeTextGrp xmlns="http://www.ssb.no/ns/meta/codelist">
        <CodeText xml:lang="nn">Rakkestad</CodeText>
        <CodeText xml:lang="nb">Rakkestad</CodeText>
        <CodeText xml:lang="en">Rakkestad</CodeText>
      </CodeTextGrp>
      <CorrespondenceItemRelation targetItem="urn:ssb:code:stabas:-5326101" />
    </CorrespondenceItem>
    <CorrespondenceItem id="urn:ssb:code:stabas:5236003-5236033">
      <CodeValue xmlns="http://www.ssb.no/ns/meta/codelist">0135</CodeValue>
      <CodeTextGrp xmlns="http://www.ssb.no/ns/meta/codelist">
        <CodeText xml:lang="nn">Råde</CodeText>
        <CodeText xml:lang="nb">Råde</CodeText>
        <CodeText xml:lang="en">Råde</CodeText>
      </CodeTextGrp>
      <CorrespondenceItemRelation targetItem="urn:ssb:code:stabas:-5326101" />
    </CorrespondenceItem>
    <CorrespondenceItem id="urn:ssb:code:stabas:5236003-5236035">
      <CodeValue xmlns="http://www.ssb.no/ns/meta/codelist">0136</CodeValue>
      <CodeTextGrp xmlns="http://www.ssb.no/ns/meta/codelist">
        <CodeText xml:lang="nn">Rygge</CodeText>
        <CodeText xml:lang="nb">Rygge</CodeText>
        <CodeText xml:lang="en">Rygge</CodeText>
      </CodeTextGrp>
      <CorrespondenceItemRelation targetItem="urn:ssb:code:stabas:-5326101" />
    </CorrespondenceItem>
    <CorrespondenceItem id="urn:ssb:code:stabas:5236003-5236037">
      <CodeValue xmlns="http://www.ssb.no/ns/meta/codelist">0137</CodeValue>
      <CodeTextGrp xmlns="http://www.ssb.no/ns/meta/codelist">
        <CodeText xml:lang="nn">Våler</CodeText>
        <CodeText xml:lang="nb">Våler</CodeText>
        <CodeText xml:lang="en">Våler</CodeText>
      </CodeTextGrp>
      <CorrespondenceItemRelation targetItem="urn:ssb:code:stabas:-5326101" />
    </CorrespondenceItem>
    <CorrespondenceItem id="urn:ssb:code:stabas:5236003-5236039">
      <CodeValue xmlns="http://www.ssb.no/ns/meta/codelist">0138</CodeValue>
      <CodeTextGrp xmlns="http://www.ssb.no/ns/meta/codelist">
        <CodeText xml:lang="nn">Hobøl</CodeText>
        <CodeText xml:lang="nb">Hobøl</CodeText>
        <CodeText xml:lang="en">Hobøl</CodeText>
      </CodeTextGrp>
      <CorrespondenceItemRelation targetItem="urn:ssb:code:stabas:-5326103" />
    </CorrespondenceItem>
    <CorrespondenceItem id="urn:ssb:code:stabas:5236003-5236041">
      <CodeValue xmlns="http://www.ssb.no/ns/meta/codelist">0211</CodeValue>
      <CodeTextGrp xmlns="http://www.ssb.no/ns/meta/codelist">
        <CodeText xml:lang="nn">Vestby</CodeText>
        <CodeText xml:lang="nb">Vestby</CodeText>
        <CodeText xml:lang="en">Vestby</CodeText>
      </CodeTextGrp>
      <CorrespondenceItemRelation targetItem="urn:ssb:code:stabas:-5326103" />
    </CorrespondenceItem>
    <CorrespondenceItem id="urn:ssb:code:stabas:5236003-5236043">
      <CodeValue xmlns="http://www.ssb.no/ns/meta/codelist">0213</CodeValue>
      <CodeTextGrp xmlns="http://www.ssb.no/ns/meta/codelist">
        <CodeText xml:lang="nn">Ski</CodeText>
        <CodeText xml:lang="nb">Ski</CodeText>
        <CodeText xml:lang="en">Ski</CodeText>
      </CodeTextGrp>
      <CorrespondenceItemRelation targetItem="urn:ssb:code:stabas:-5326103" />
    </CorrespondenceItem>
    <CorrespondenceItem id="urn:ssb:code:stabas:5236003-5236045">
      <CodeValue xmlns="http://www.ssb.no/ns/meta/codelist">0214</CodeValue>
      <CodeTextGrp xmlns="http://www.ssb.no/ns/meta/codelist">
        <CodeText xml:lang="nn">Ås</CodeText>
        <CodeText xml:lang="nb">Ås</CodeText>
        <CodeText xml:lang="en">Ås</CodeText>
      </CodeTextGrp>
      <CorrespondenceItemRelation targetItem="urn:ssb:code:stabas:-5326103" />
    </CorrespondenceItem>
    <CorrespondenceItem id="urn:ssb:code:stabas:5236003-5236047">
      <CodeValue xmlns="http://www.ssb.no/ns/meta/codelist">0215</CodeValue>
      <CodeTextGrp xmlns="http://www.ssb.no/ns/meta/codelist">
        <CodeText xml:lang="nn">Frogn</CodeText>
        <CodeText xml:lang="nb">Frogn</CodeText>
        <CodeText xml:lang="en">Frogn</CodeText>
      </CodeTextGrp>
      <CorrespondenceItemRelation targetItem="urn:ssb:code:stabas:-5326103" />
    </CorrespondenceItem>
    <CorrespondenceItem id="urn:ssb:code:stabas:5236003-5236049">
      <CodeValue xmlns="http://www.ssb.no/ns/meta/codelist">0216</CodeValue>
      <CodeTextGrp xmlns="http://www.ssb.no/ns/meta/codelist">
        <CodeText xml:lang="nn">Nesodden</CodeText>
        <CodeText xml:lang="nb">Nesodden</CodeText>
        <CodeText xml:lang="en">Nesodden</CodeText>
      </CodeTextGrp>
      <CorrespondenceItemRelation targetItem="urn:ssb:code:stabas:-5326103" />
    </CorrespondenceItem>
    <CorrespondenceItem id="urn:ssb:code:stabas:5236003-5236051">
      <CodeValue xmlns="http://www.ssb.no/ns/meta/codelist">0217</CodeValue>
      <CodeTextGrp xmlns="http://www.ssb.no/ns/meta/codelist">
        <CodeText xml:lang="nn">Oppegård</CodeText>
        <CodeText xml:lang="nb">Oppegård</CodeText>
        <CodeText xml:lang="en">Oppegård</CodeText>
      </CodeTextGrp>
      <CorrespondenceItemRelation targetItem="urn:ssb:code:stabas:-5326103" />
    </CorrespondenceItem>
    <CorrespondenceItem id="urn:ssb:code:stabas:5236003-5236053">
      <CodeValue xmlns="http://www.ssb.no/ns/meta/codelist">0219</CodeValue>
      <CodeTextGrp xmlns="http://www.ssb.no/ns/meta/codelist">
        <CodeText xml:lang="nn">Bærum</CodeText>
        <CodeText xml:lang="nb">Bærum</CodeText>
        <CodeText xml:lang="en">Bærum</CodeText>
      </CodeTextGrp>
      <CorrespondenceItemRelation targetItem="urn:ssb:code:stabas:-5326103" />
    </CorrespondenceItem>
    <CorrespondenceItem id="urn:ssb:code:stabas:5236003-5236055">
      <CodeValue xmlns="http://www.ssb.no/ns/meta/codelist">0220</CodeValue>
      <CodeTextGrp xmlns="http://www.ssb.no/ns/meta/codelist">
        <CodeText xml:lang="nn">Asker</CodeText>
        <CodeText xml:lang="nb">Asker</CodeText>
        <CodeText xml:lang="en">Asker</CodeText>
      </CodeTextGrp>
      <CorrespondenceItemRelation targetItem="urn:ssb:code:stabas:-5326103" />
    </CorrespondenceItem>
    <CorrespondenceItem id="urn:ssb:code:stabas:5236003-5236057">
      <CodeValue xmlns="http://www.ssb.no/ns/meta/codelist">0221</CodeValue>
      <CodeTextGrp xmlns="http://www.ssb.no/ns/meta/codelist">
        <CodeText xml:lang="nn">Aurskog-Høland</CodeText>
        <CodeText xml:lang="nb">Aurskog-Høland</CodeText>
        <CodeText xml:lang="en">Aurskog-Høland</CodeText>
      </CodeTextGrp>
      <CorrespondenceItemRelation targetItem="urn:ssb:code:stabas:-5326103" />
    </CorrespondenceItem>
    <CorrespondenceItem id="urn:ssb:code:stabas:5236003-5236059">
      <CodeValue xmlns="http://www.ssb.no/ns/meta/codelist">0226</CodeValue>
      <CodeTextGrp xmlns="http://www.ssb.no/ns/meta/codelist">
        <CodeText xml:lang="nn">Sørum</CodeText>
        <CodeText xml:lang="nb">Sørum</CodeText>
        <CodeText xml:lang="en">Sørum</CodeText>
      </CodeTextGrp>
      <CorrespondenceItemRelation targetItem="urn:ssb:code:stabas:-5326103" />
    </CorrespondenceItem>
    <CorrespondenceItem id="urn:ssb:code:stabas:5236003-5236061">
      <CodeValue xmlns="http://www.ssb.no/ns/meta/codelist">0227</CodeValue>
      <CodeTextGrp xmlns="http://www.ssb.no/ns/meta/codelist">
        <CodeText xml:lang="nn">Fet</CodeText>
        <CodeText xml:lang="nb">Fet</CodeText>
        <CodeText xml:lang="en">Fet</CodeText>
      </CodeTextGrp>
      <CorrespondenceItemRelation targetItem="urn:ssb:code:stabas:-5326103" />
    </CorrespondenceItem>
    <CorrespondenceItem id="urn:ssb:code:stabas:5236003-5236063">
      <CodeValue xmlns="http://www.ssb.no/ns/meta/codelist">0228</CodeValue>
      <CodeTextGrp xmlns="http://www.ssb.no/ns/meta/codelist">
        <CodeText xml:lang="nn">Rælingen</CodeText>
        <CodeText xml:lang="nb">Rælingen</CodeText>
        <CodeText xml:lang="en">Rælingen</CodeText>
      </CodeTextGrp>
      <CorrespondenceItemRelation targetItem="urn:ssb:code:stabas:-5326103" />
    </CorrespondenceItem>
    <CorrespondenceItem id="urn:ssb:code:stabas:5236003-5236065">
      <CodeValue xmlns="http://www.ssb.no/ns/meta/codelist">0229</CodeValue>
      <CodeTextGrp xmlns="http://www.ssb.no/ns/meta/codelist">
        <CodeText xml:lang="nn">Enebakk</CodeText>
        <CodeText xml:lang="nb">Enebakk</CodeText>
        <CodeText xml:lang="en">Enebakk</CodeText>
      </CodeTextGrp>
      <CorrespondenceItemRelation targetItem="urn:ssb:code:stabas:-5326103" />
    </CorrespondenceItem>
    <CorrespondenceItem id="urn:ssb:code:stabas:5236003-5236067">
      <CodeValue xmlns="http://www.ssb.no/ns/meta/codelist">0230</CodeValue>
      <CodeTextGrp xmlns="http://www.ssb.no/ns/meta/codelist">
        <CodeText xml:lang="nn">Lørenskog</CodeText>
        <CodeText xml:lang="nb">Lørenskog</CodeText>
        <CodeText xml:lang="en">Lørenskog</CodeText>
      </CodeTextGrp>
      <CorrespondenceItemRelation targetItem="urn:ssb:code:stabas:-5326103" />
    </CorrespondenceItem>
    <CorrespondenceItem id="urn:ssb:code:stabas:5236003-5236069">
      <CodeValue xmlns="http://www.ssb.no/ns/meta/codelist">0231</CodeValue>
      <CodeTextGrp xmlns="http://www.ssb.no/ns/meta/codelist">
        <CodeText xml:lang="nn">Skedsmo</CodeText>
        <CodeText xml:lang="nb">Skedsmo</CodeText>
        <CodeText xml:lang="en">Skedsmo</CodeText>
      </CodeTextGrp>
      <CorrespondenceItemRelation targetItem="urn:ssb:code:stabas:-5326103" />
    </CorrespondenceItem>
    <CorrespondenceItem id="urn:ssb:code:stabas:5236003-5236071">
      <CodeValue xmlns="http://www.ssb.no/ns/meta/codelist">0233</CodeValue>
      <CodeTextGrp xmlns="http://www.ssb.no/ns/meta/codelist">
        <CodeText xml:lang="nn">Nittedal</CodeText>
        <CodeText xml:lang="nb">Nittedal</CodeText>
        <CodeText xml:lang="en">Nittedal</CodeText>
      </CodeTextGrp>
      <CorrespondenceItemRelation targetItem="urn:ssb:code:stabas:-5326103" />
    </CorrespondenceItem>
    <CorrespondenceItem id="urn:ssb:code:stabas:5236003-5236073">
      <CodeValue xmlns="http://www.ssb.no/ns/meta/codelist">0234</CodeValue>
      <CodeTextGrp xmlns="http://www.ssb.no/ns/meta/codelist">
        <CodeText xml:lang="nn">Gjerdrum</CodeText>
        <CodeText xml:lang="nb">Gjerdrum</CodeText>
        <CodeText xml:lang="en">Gjerdrum</CodeText>
      </CodeTextGrp>
      <CorrespondenceItemRelation targetItem="urn:ssb:code:stabas:-5326103" />
    </CorrespondenceItem>
    <CorrespondenceItem id="urn:ssb:code:stabas:5236003-5236075">
      <CodeValue xmlns="http://www.ssb.no/ns/meta/codelist">0235</CodeValue>
      <CodeTextGrp xmlns="http://www.ssb.no/ns/meta/codelist">
        <CodeText xml:lang="nn">Ullensaker</CodeText>
        <CodeText xml:lang="nb">Ullensaker</CodeText>
        <CodeText xml:lang="en">Ullensaker</CodeText>
      </CodeTextGrp>
      <CorrespondenceItemRelation targetItem="urn:ssb:code:stabas:-5326103" />
    </CorrespondenceItem>
    <CorrespondenceItem id="urn:ssb:code:stabas:5236003-5236077">
      <CodeValue xmlns="http://www.ssb.no/ns/meta/codelist">0236</CodeValue>
      <CodeTextGrp xmlns="http://www.ssb.no/ns/meta/codelist">
        <CodeText xml:lang="nn">Nes</CodeText>
        <CodeText xml:lang="nb">Nes</CodeText>
        <CodeText xml:lang="en">Nes</CodeText>
      </CodeTextGrp>
      <CorrespondenceItemRelation targetItem="urn:ssb:code:stabas:-5326103" />
    </CorrespondenceItem>
    <CorrespondenceItem id="urn:ssb:code:stabas:5236003-5236079">
      <CodeValue xmlns="http://www.ssb.no/ns/meta/codelist">0237</CodeValue>
      <CodeTextGrp xmlns="http://www.ssb.no/ns/meta/codelist">
        <CodeText xml:lang="nn">Eidsvoll</CodeText>
        <CodeText xml:lang="nb">Eidsvoll</CodeText>
        <CodeText xml:lang="en">Eidsvoll</CodeText>
      </CodeTextGrp>
      <CorrespondenceItemRelation targetItem="urn:ssb:code:stabas:-5326103" />
    </CorrespondenceItem>
    <CorrespondenceItem id="urn:ssb:code:stabas:5236003-5236081">
      <CodeValue xmlns="http://www.ssb.no/ns/meta/codelist">0238</CodeValue>
      <CodeTextGrp xmlns="http://www.ssb.no/ns/meta/codelist">
        <CodeText xml:lang="nn">Nannestad</CodeText>
        <CodeText xml:lang="nb">Nannestad</CodeText>
        <CodeText xml:lang="en">Nannestad</CodeText>
      </CodeTextGrp>
      <CorrespondenceItemRelation targetItem="urn:ssb:code:stabas:-5326103" />
    </CorrespondenceItem>
    <CorrespondenceItem id="urn:ssb:code:stabas:5236003-5236083">
      <CodeValue xmlns="http://www.ssb.no/ns/meta/codelist">0239</CodeValue>
      <CodeTextGrp xmlns="http://www.ssb.no/ns/meta/codelist">
        <CodeText xml:lang="nn">Hurdal</CodeText>
        <CodeText xml:lang="nb">Hurdal</CodeText>
        <CodeText xml:lang="en">Hurdal</CodeText>
      </CodeTextGrp>
      <CorrespondenceItemRelation targetItem="urn:ssb:code:stabas:-5326101" />
    </CorrespondenceItem>
    <CorrespondenceItem id="urn:ssb:code:stabas:5236003-5236085">
      <CodeValue xmlns="http://www.ssb.no/ns/meta/codelist">0301</CodeValue>
      <CodeTextGrp xmlns="http://www.ssb.no/ns/meta/codelist">
        <CodeText xml:lang="nn">Oslo</CodeText>
        <CodeText xml:lang="nb">Oslo</CodeText>
        <CodeText xml:lang="en">Oslo</CodeText>
      </CodeTextGrp>
      <CorrespondenceItemRelation targetItem="urn:ssb:code:stabas:-5326105" />
    </CorrespondenceItem>
    <CorrespondenceItem id="urn:ssb:code:stabas:5236003-5236087">
      <CodeValue xmlns="http://www.ssb.no/ns/meta/codelist">0402</CodeValue>
      <CodeTextGrp xmlns="http://www.ssb.no/ns/meta/codelist">
        <CodeText xml:lang="nn">Kongsvinger</CodeText>
        <CodeText xml:lang="nb">Kongsvinger</CodeText>
        <CodeText xml:lang="en">Kongsvinger</CodeText>
      </CodeTextGrp>
      <CorrespondenceItemRelation targetItem="urn:ssb:code:stabas:-5326101" />
    </CorrespondenceItem>
    <CorrespondenceItem id="urn:ssb:code:stabas:5236003-5236089">
      <CodeValue xmlns="http://www.ssb.no/ns/meta/codelist">0403</CodeValue>
      <CodeTextGrp xmlns="http://www.ssb.no/ns/meta/codelist">
        <CodeText xml:lang="nn">Hamar</CodeText>
        <CodeText xml:lang="nb">Hamar</CodeText>
        <CodeText xml:lang="en">Hamar</CodeText>
      </CodeTextGrp>
      <CorrespondenceItemRelation targetItem="urn:ssb:code:stabas:-5326101" />
    </CorrespondenceItem>
    <CorrespondenceItem id="urn:ssb:code:stabas:5236003-5236093">
      <CodeValue xmlns="http://www.ssb.no/ns/meta/codelist">0415</CodeValue>
      <CodeTextGrp xmlns="http://www.ssb.no/ns/meta/codelist">
        <CodeText xml:lang="nn">Løten</CodeText>
        <CodeText xml:lang="nb">Løten</CodeText>
        <CodeText xml:lang="en">Løten</CodeText>
      </CodeTextGrp>
      <CorrespondenceItemRelation targetItem="urn:ssb:code:stabas:-5326101" />
    </CorrespondenceItem>
    <CorrespondenceItem id="urn:ssb:code:stabas:5236003-5236095">
      <CodeValue xmlns="http://www.ssb.no/ns/meta/codelist">0417</CodeValue>
      <CodeTextGrp xmlns="http://www.ssb.no/ns/meta/codelist">
        <CodeText xml:lang="nn">Stange</CodeText>
        <CodeText xml:lang="nb">Stange</CodeText>
        <CodeText xml:lang="en">Stange</CodeText>
      </CodeTextGrp>
      <CorrespondenceItemRelation targetItem="urn:ssb:code:stabas:-5326101" />
    </CorrespondenceItem>
    <CorrespondenceItem id="urn:ssb:code:stabas:5236003-5236097">
      <CodeValue xmlns="http://www.ssb.no/ns/meta/codelist">0418</CodeValue>
      <CodeTextGrp xmlns="http://www.ssb.no/ns/meta/codelist">
        <CodeText xml:lang="nn">Nord-Odal</CodeText>
        <CodeText xml:lang="nb">Nord-Odal</CodeText>
        <CodeText xml:lang="en">Nord-Odal</CodeText>
      </CodeTextGrp>
      <CorrespondenceItemRelation targetItem="urn:ssb:code:stabas:-5326101" />
    </CorrespondenceItem>
    <CorrespondenceItem id="urn:ssb:code:stabas:5236003-5236099">
      <CodeValue xmlns="http://www.ssb.no/ns/meta/codelist">0419</CodeValue>
      <CodeTextGrp xmlns="http://www.ssb.no/ns/meta/codelist">
        <CodeText xml:lang="nn">Sør-Odal</CodeText>
        <CodeText xml:lang="nb">Sør-Odal</CodeText>
        <CodeText xml:lang="en">Sør-Odal</CodeText>
      </CodeTextGrp>
      <CorrespondenceItemRelation targetItem="urn:ssb:code:stabas:-5326101" />
    </CorrespondenceItem>
    <CorrespondenceItem id="urn:ssb:code:stabas:5236003-5236101">
      <CodeValue xmlns="http://www.ssb.no/ns/meta/codelist">0420</CodeValue>
      <CodeTextGrp xmlns="http://www.ssb.no/ns/meta/codelist">
        <CodeText xml:lang="nn">Eidskog</CodeText>
        <CodeText xml:lang="nb">Eidskog</CodeText>
        <CodeText xml:lang="en">Eidskog</CodeText>
      </CodeTextGrp>
      <CorrespondenceItemRelation targetItem="urn:ssb:code:stabas:-5326101" />
    </CorrespondenceItem>
    <CorrespondenceItem id="urn:ssb:code:stabas:5236003-5236161">
      <CodeValue xmlns="http://www.ssb.no/ns/meta/codelist">0532</CodeValue>
      <CodeTextGrp xmlns="http://www.ssb.no/ns/meta/codelist">
        <CodeText xml:lang="nn">Jevnaker</CodeText>
        <CodeText xml:lang="nb">Jevnaker</CodeText>
        <CodeText xml:lang="en">Jevnaker</CodeText>
      </CodeTextGrp>
      <CorrespondenceItemRelation targetItem="urn:ssb:code:stabas:-5326101" />
    </CorrespondenceItem>
    <CorrespondenceItem id="urn:ssb:code:stabas:5236003-5236163">
      <CodeValue xmlns="http://www.ssb.no/ns/meta/codelist">0533</CodeValue>
      <CodeTextGrp xmlns="http://www.ssb.no/ns/meta/codelist">
        <CodeText xml:lang="nn">Lunner</CodeText>
        <CodeText xml:lang="nb">Lunner</CodeText>
        <CodeText xml:lang="en">Lunner</CodeText>
      </CodeTextGrp>
      <CorrespondenceItemRelation targetItem="urn:ssb:code:stabas:-5326103" />
    </CorrespondenceItem>
    <CorrespondenceItem id="urn:ssb:code:stabas:5236003-5236165">
      <CodeValue xmlns="http://www.ssb.no/ns/meta/codelist">0534</CodeValue>
      <CodeTextGrp xmlns="http://www.ssb.no/ns/meta/codelist">
        <CodeText xml:lang="nn">Gran</CodeText>
        <CodeText xml:lang="nb">Gran</CodeText>
        <CodeText xml:lang="en">Gran</CodeText>
      </CodeTextGrp>
      <CorrespondenceItemRelation targetItem="urn:ssb:code:stabas:-5326101" />
    </CorrespondenceItem>
    <CorrespondenceItem id="urn:ssb:code:stabas:5236003-5236183">
      <CodeValue xmlns="http://www.ssb.no/ns/meta/codelist">0602</CodeValue>
      <CodeTextGrp xmlns="http://www.ssb.no/ns/meta/codelist">
        <CodeText xml:lang="nn">Drammen</CodeText>
        <CodeText xml:lang="nb">Drammen</CodeText>
        <CodeText xml:lang="en">Drammen</CodeText>
      </CodeTextGrp>
      <CorrespondenceItemRelation targetItem="urn:ssb:code:stabas:-5326103" />
    </CorrespondenceItem>
    <CorrespondenceItem id="urn:ssb:code:stabas:5236003-5236185">
      <CodeValue xmlns="http://www.ssb.no/ns/meta/codelist">0604</CodeValue>
      <CodeTextGrp xmlns="http://www.ssb.no/ns/meta/codelist">
        <CodeText xml:lang="nn">Kongsberg</CodeText>
        <CodeText xml:lang="nb">Kongsberg</CodeText>
        <CodeText xml:lang="en">Kongsberg</CodeText>
      </CodeTextGrp>
      <CorrespondenceItemRelation targetItem="urn:ssb:code:stabas:-5326101" />
    </CorrespondenceItem>
    <CorrespondenceItem id="urn:ssb:code:stabas:5236003-5236187">
      <CodeValue xmlns="http://www.ssb.no/ns/meta/codelist">0605</CodeValue>
      <CodeTextGrp xmlns="http://www.ssb.no/ns/meta/codelist">
        <CodeText xml:lang="nn">Ringerike</CodeText>
        <CodeText xml:lang="nb">Ringerike</CodeText>
        <CodeText xml:lang="en">Ringerike</CodeText>
      </CodeTextGrp>
      <CorrespondenceItemRelation targetItem="urn:ssb:code:stabas:-5326101" />
    </CorrespondenceItem>
    <CorrespondenceItem id="urn:ssb:code:stabas:5236003-5236189">
      <CodeValue xmlns="http://www.ssb.no/ns/meta/codelist">0612</CodeValue>
      <CodeTextGrp xmlns="http://www.ssb.no/ns/meta/codelist">
        <CodeText xml:lang="nn">Hole</CodeText>
        <CodeText xml:lang="nb">Hole</CodeText>
        <CodeText xml:lang="en">Hole</CodeText>
      </CodeTextGrp>
      <CorrespondenceItemRelation targetItem="urn:ssb:code:stabas:-5326103" />
    </CorrespondenceItem>
    <CorrespondenceItem id="urn:ssb:code:stabas:5236003-5236203">
      <CodeValue xmlns="http://www.ssb.no/ns/meta/codelist">0621</CodeValue>
      <CodeTextGrp xmlns="http://www.ssb.no/ns/meta/codelist">
        <CodeText xml:lang="nn">Sigdal</CodeText>
        <CodeText xml:lang="nb">Sigdal</CodeText>
        <CodeText xml:lang="en">Sigdal</CodeText>
      </CodeTextGrp>
      <CorrespondenceItemRelation targetItem="urn:ssb:code:stabas:-5326101" />
    </CorrespondenceItem>
    <CorrespondenceItem id="urn:ssb:code:stabas:5236003-5236205">
      <CodeValue xmlns="http://www.ssb.no/ns/meta/codelist">0622</CodeValue>
      <CodeTextGrp xmlns="http://www.ssb.no/ns/meta/codelist">
        <CodeText xml:lang="nn">Krødsherad</CodeText>
        <CodeText xml:lang="nb">Krødsherad</CodeText>
        <CodeText xml:lang="en">Krødsherad</CodeText>
      </CodeTextGrp>
      <CorrespondenceItemRelation targetItem="urn:ssb:code:stabas:-5326101" />
    </CorrespondenceItem>
    <CorrespondenceItem id="urn:ssb:code:stabas:5236003-5236207">
      <CodeValue xmlns="http://www.ssb.no/ns/meta/codelist">0623</CodeValue>
      <CodeTextGrp xmlns="http://www.ssb.no/ns/meta/codelist">
        <CodeText xml:lang="nn">Modum</CodeText>
        <CodeText xml:lang="nb">Modum</CodeText>
        <CodeText xml:lang="en">Modum</CodeText>
      </CodeTextGrp>
      <CorrespondenceItemRelation targetItem="urn:ssb:code:stabas:-5326101" />
    </CorrespondenceItem>
    <CorrespondenceItem id="urn:ssb:code:stabas:5236003-5236209">
      <CodeValue xmlns="http://www.ssb.no/ns/meta/codelist">0624</CodeValue>
      <CodeTextGrp xmlns="http://www.ssb.no/ns/meta/codelist">
        <CodeText xml:lang="nn">Øvre Eiker</CodeText>
        <CodeText xml:lang="nb">Øvre Eiker</CodeText>
        <CodeText xml:lang="en">Øvre Eiker</CodeText>
      </CodeTextGrp>
      <CorrespondenceItemRelation targetItem="urn:ssb:code:stabas:-5326101" />
    </CorrespondenceItem>
    <CorrespondenceItem id="urn:ssb:code:stabas:5236003-5236211">
      <CodeValue xmlns="http://www.ssb.no/ns/meta/codelist">0625</CodeValue>
      <CodeTextGrp xmlns="http://www.ssb.no/ns/meta/codelist">
        <CodeText xml:lang="nn">Nedre Eiker</CodeText>
        <CodeText xml:lang="nb">Nedre Eiker</CodeText>
        <CodeText xml:lang="en">Nedre Eiker</CodeText>
      </CodeTextGrp>
      <CorrespondenceItemRelation targetItem="urn:ssb:code:stabas:-5326103" />
    </CorrespondenceItem>
    <CorrespondenceItem id="urn:ssb:code:stabas:5236003-5236213">
      <CodeValue xmlns="http://www.ssb.no/ns/meta/codelist">0626</CodeValue>
      <CodeTextGrp xmlns="http://www.ssb.no/ns/meta/codelist">
        <CodeText xml:lang="nn">Lier</CodeText>
        <CodeText xml:lang="nb">Lier</CodeText>
        <CodeText xml:lang="en">Lier</CodeText>
      </CodeTextGrp>
      <CorrespondenceItemRelation targetItem="urn:ssb:code:stabas:-5326103" />
    </CorrespondenceItem>
    <CorrespondenceItem id="urn:ssb:code:stabas:5236003-5236215">
      <CodeValue xmlns="http://www.ssb.no/ns/meta/codelist">0627</CodeValue>
      <CodeTextGrp xmlns="http://www.ssb.no/ns/meta/codelist">
        <CodeText xml:lang="nn">Røyken</CodeText>
        <CodeText xml:lang="nb">Røyken</CodeText>
        <CodeText xml:lang="en">Røyken</CodeText>
      </CodeTextGrp>
      <CorrespondenceItemRelation targetItem="urn:ssb:code:stabas:-5326103" />
    </CorrespondenceItem>
    <CorrespondenceItem id="urn:ssb:code:stabas:5236003-5236217">
      <CodeValue xmlns="http://www.ssb.no/ns/meta/codelist">0628</CodeValue>
      <CodeTextGrp xmlns="http://www.ssb.no/ns/meta/codelist">
        <CodeText xml:lang="nn">Hurum</CodeText>
        <CodeText xml:lang="nb">Hurum</CodeText>
        <CodeText xml:lang="en">Hurum</CodeText>
      </CodeTextGrp>
      <CorrespondenceItemRelation targetItem="urn:ssb:code:stabas:-5326103" />
    </CorrespondenceItem>
    <CorrespondenceItem id="urn:ssb:code:stabas:5236003-5236219">
      <CodeValue xmlns="http://www.ssb.no/ns/meta/codelist">0631</CodeValue>
      <CodeTextGrp xmlns="http://www.ssb.no/ns/meta/codelist">
        <CodeText xml:lang="nn">Flesberg</CodeText>
        <CodeText xml:lang="nb">Flesberg</CodeText>
        <CodeText xml:lang="en">Flesberg</CodeText>
      </CodeTextGrp>
      <CorrespondenceItemRelation targetItem="urn:ssb:code:stabas:-5326101" />
    </CorrespondenceItem>
    <CorrespondenceItem id="urn:ssb:code:stabas:5236003-5236225">
      <CodeValue xmlns="http://www.ssb.no/ns/meta/codelist">0701</CodeValue>
      <CodeTextGrp xmlns="http://www.ssb.no/ns/meta/codelist">
        <CodeText xml:lang="nn">Horten</CodeText>
        <CodeText xml:lang="nb">Horten</CodeText>
        <CodeText xml:lang="en">Horten</CodeText>
      </CodeTextGrp>
      <CorrespondenceItemRelation targetItem="urn:ssb:code:stabas:-5326101" />
    </CorrespondenceItem>
    <CorrespondenceItem id="urn:ssb:code:stabas:5236003-5236227">
      <CodeValue xmlns="http://www.ssb.no/ns/meta/codelist">0702</CodeValue>
      <CodeTextGrp xmlns="http://www.ssb.no/ns/meta/codelist">
        <CodeText xml:lang="nn">Holmestrand</CodeText>
        <CodeText xml:lang="nb">Holmestrand</CodeText>
        <CodeText xml:lang="en">Holmestrand</CodeText>
      </CodeTextGrp>
      <CorrespondenceItemRelation targetItem="urn:ssb:code:stabas:-5326101" />
    </CorrespondenceItem>
    <CorrespondenceItem id="urn:ssb:code:stabas:5236003-5236229">
      <CodeValue xmlns="http://www.ssb.no/ns/meta/codelist">0704</CodeValue>
      <CodeTextGrp xmlns="http://www.ssb.no/ns/meta/codelist">
        <CodeText xml:lang="nn">Tønsberg</CodeText>
        <CodeText xml:lang="nb">Tønsberg</CodeText>
        <CodeText xml:lang="en">Tønsberg</CodeText>
      </CodeTextGrp>
      <CorrespondenceItemRelation targetItem="urn:ssb:code:stabas:-5326101" />
    </CorrespondenceItem>
    <CorrespondenceItem id="urn:ssb:code:stabas:5236003-5236231">
      <CodeValue xmlns="http://www.ssb.no/ns/meta/codelist">0706</CodeValue>
      <CodeTextGrp xmlns="http://www.ssb.no/ns/meta/codelist">
        <CodeText xml:lang="nn">Sandefjord</CodeText>
        <CodeText xml:lang="nb">Sandefjord</CodeText>
        <CodeText xml:lang="en">Sandefjord</CodeText>
      </CodeTextGrp>
      <CorrespondenceItemRelation targetItem="urn:ssb:code:stabas:-5326101" />
    </CorrespondenceItem>
    <CorrespondenceItem id="urn:ssb:code:stabas:5236003-5236235">
      <CodeValue xmlns="http://www.ssb.no/ns/meta/codelist">0711</CodeValue>
      <CodeTextGrp xmlns="http://www.ssb.no/ns/meta/codelist">
        <CodeText xml:lang="nn">Svelvik</CodeText>
        <CodeText xml:lang="nb">Svelvik</CodeText>
        <CodeText xml:lang="en">Svelvik</CodeText>
      </CodeTextGrp>
      <CorrespondenceItemRelation targetItem="urn:ssb:code:stabas:-5326101" />
    </CorrespondenceItem>
    <CorrespondenceItem id="urn:ssb:code:stabas:5236003-5236237">
      <CodeValue xmlns="http://www.ssb.no/ns/meta/codelist">0713</CodeValue>
      <CodeTextGrp xmlns="http://www.ssb.no/ns/meta/codelist">
        <CodeText xml:lang="nn">Sande</CodeText>
        <CodeText xml:lang="nb">Sande</CodeText>
        <CodeText xml:lang="en">Sande</CodeText>
      </CodeTextGrp>
      <CorrespondenceItemRelation targetItem="urn:ssb:code:stabas:-5326101" />
    </CorrespondenceItem>
    <CorrespondenceItem id="urn:ssb:code:stabas:5236003-5236239">
      <CodeValue xmlns="http://www.ssb.no/ns/meta/codelist">0714</CodeValue>
      <CodeTextGrp xmlns="http://www.ssb.no/ns/meta/codelist">
        <CodeText xml:lang="nn">Hof</CodeText>
        <CodeText xml:lang="nb">Hof</CodeText>
        <CodeText xml:lang="en">Hof</CodeText>
      </CodeTextGrp>
      <CorrespondenceItemRelation targetItem="urn:ssb:code:stabas:-5326101" />
    </CorrespondenceItem>
    <CorrespondenceItem id="urn:ssb:code:stabas:5236003-5236241">
      <CodeValue xmlns="http://www.ssb.no/ns/meta/codelist">0716</CodeValue>
      <CodeTextGrp xmlns="http://www.ssb.no/ns/meta/codelist">
        <CodeText xml:lang="nn">Re</CodeText>
        <CodeText xml:lang="nb">Re</CodeText>
        <CodeText xml:lang="en">Re</CodeText>
      </CodeTextGrp>
      <CorrespondenceItemRelation targetItem="urn:ssb:code:stabas:-5326101" />
    </CorrespondenceItem>
    <CorrespondenceItem id="urn:ssb:code:stabas:5236003-5236243">
      <CodeValue xmlns="http://www.ssb.no/ns/meta/codelist">0719</CodeValue>
      <CodeTextGrp xmlns="http://www.ssb.no/ns/meta/codelist">
        <CodeText xml:lang="nn">Andebu</CodeText>
        <CodeText xml:lang="nb">Andebu</CodeText>
        <CodeText xml:lang="en">Andebu</CodeText>
      </CodeTextGrp>
      <CorrespondenceItemRelation targetItem="urn:ssb:code:stabas:-5326101" />
    </CorrespondenceItem>
    <CorrespondenceItem id="urn:ssb:code:stabas:5236003-5236245">
      <CodeValue xmlns="http://www.ssb.no/ns/meta/codelist">0720</CodeValue>
      <CodeTextGrp xmlns="http://www.ssb.no/ns/meta/codelist">
        <CodeText xml:lang="nn">Stokke</CodeText>
        <CodeText xml:lang="nb">Stokke</CodeText>
        <CodeText xml:lang="en">Stokke</CodeText>
      </CodeTextGrp>
      <CorrespondenceItemRelation targetItem="urn:ssb:code:stabas:-5326101" />
    </CorrespondenceItem>
    <CorrespondenceItem id="urn:ssb:code:stabas:5236003-5236247">
      <CodeValue xmlns="http://www.ssb.no/ns/meta/codelist">0722</CodeValue>
      <CodeTextGrp xmlns="http://www.ssb.no/ns/meta/codelist">
        <CodeText xml:lang="nn">Nøtterøy</CodeText>
        <CodeText xml:lang="nb">Nøtterøy</CodeText>
        <CodeText xml:lang="en">Nøtterøy</CodeText>
      </CodeTextGrp>
      <CorrespondenceItemRelation targetItem="urn:ssb:code:stabas:-5326101" />
    </CorrespondenceItem>
    <CorrespondenceItem id="urn:ssb:code:stabas:5236003-5236251">
      <CodeValue xmlns="http://www.ssb.no/ns/meta/codelist">0728</CodeValue>
      <CodeTextGrp xmlns="http://www.ssb.no/ns/meta/codelist">
        <CodeText xml:lang="nn">Lardal</CodeText>
        <CodeText xml:lang="nb">Lardal</CodeText>
        <CodeText xml:lang="en">Lardal</CodeText>
      </CodeTextGrp>
      <CorrespondenceItemRelation targetItem="urn:ssb:code:stabas:-5326101" />
    </CorrespondenceItem>
    <CorrespondenceItem id="urn:ssb:code:stabas:5236003-5236291">
      <CodeValue xmlns="http://www.ssb.no/ns/meta/codelist">0904</CodeValue>
      <CodeTextGrp xmlns="http://www.ssb.no/ns/meta/codelist">
        <CodeText xml:lang="nn">Grimstad</CodeText>
        <CodeText xml:lang="nb">Grimstad</CodeText>
        <CodeText xml:lang="en">Grimstad</CodeText>
      </CodeTextGrp>
      <CorrespondenceItemRelation targetItem="urn:ssb:code:stabas:-5326101" />
    </CorrespondenceItem>
    <CorrespondenceItem id="urn:ssb:code:stabas:5236003-5236293">
      <CodeValue xmlns="http://www.ssb.no/ns/meta/codelist">0906</CodeValue>
      <CodeTextGrp xmlns="http://www.ssb.no/ns/meta/codelist">
        <CodeText xml:lang="nn">Arendal</CodeText>
        <CodeText xml:lang="nb">Arendal</CodeText>
        <CodeText xml:lang="en">Arendal</CodeText>
      </CodeTextGrp>
      <CorrespondenceItemRelation targetItem="urn:ssb:code:stabas:-5326101" />
    </CorrespondenceItem>
    <CorrespondenceItem id="urn:ssb:code:stabas:5236003-5236301">
      <CodeValue xmlns="http://www.ssb.no/ns/meta/codelist">0919</CodeValue>
      <CodeTextGrp xmlns="http://www.ssb.no/ns/meta/codelist">
        <CodeText xml:lang="nn">Froland</CodeText>
        <CodeText xml:lang="nb">Froland</CodeText>
        <CodeText xml:lang="en">Froland</CodeText>
      </CodeTextGrp>
      <CorrespondenceItemRelation targetItem="urn:ssb:code:stabas:-5326101" />
    </CorrespondenceItem>
    <CorrespondenceItem id="urn:ssb:code:stabas:5236003-5236303">
      <CodeValue xmlns="http://www.ssb.no/ns/meta/codelist">0926</CodeValue>
      <CodeTextGrp xmlns="http://www.ssb.no/ns/meta/codelist">
        <CodeText xml:lang="nn">Lillesand</CodeText>
        <CodeText xml:lang="nb">Lillesand</CodeText>
        <CodeText xml:lang="en">Lillesand</CodeText>
      </CodeTextGrp>
      <CorrespondenceItemRelation targetItem="urn:ssb:code:stabas:-5326103" />
    </CorrespondenceItem>
    <CorrespondenceItem id="urn:ssb:code:stabas:5236003-5236305">
      <CodeValue xmlns="http://www.ssb.no/ns/meta/codelist">0928</CodeValue>
      <CodeTextGrp xmlns="http://www.ssb.no/ns/meta/codelist">
        <CodeText xml:lang="nn">Birkenes</CodeText>
        <CodeText xml:lang="nb">Birkenes</CodeText>
        <CodeText xml:lang="en">Birkenes</CodeText>
      </CodeTextGrp>
      <CorrespondenceItemRelation targetItem="urn:ssb:code:stabas:-5326103" />
    </CorrespondenceItem>
    <CorrespondenceItem id="urn:ssb:code:stabas:5236003-5236309">
      <CodeValue xmlns="http://www.ssb.no/ns/meta/codelist">0935</CodeValue>
      <CodeTextGrp xmlns="http://www.ssb.no/ns/meta/codelist">
        <CodeText xml:lang="nn">Iveland</CodeText>
        <CodeText xml:lang="nb">Iveland</CodeText>
        <CodeText xml:lang="en">Iveland</CodeText>
      </CodeTextGrp>
      <CorrespondenceItemRelation targetItem="urn:ssb:code:stabas:-5326101" />
    </CorrespondenceItem>
    <CorrespondenceItem id="urn:ssb:code:stabas:5236003-5236311">
      <CodeValue xmlns="http://www.ssb.no/ns/meta/codelist">0937</CodeValue>
      <CodeTextGrp xmlns="http://www.ssb.no/ns/meta/codelist">
        <CodeText xml:lang="nn">Evje og Hornnes</CodeText>
        <CodeText xml:lang="nb">Evje og Hornnes</CodeText>
        <CodeText xml:lang="en">Evje og Hornnes</CodeText>
      </CodeTextGrp>
      <CorrespondenceItemRelation targetItem="urn:ssb:code:stabas:-5326101" />
    </CorrespondenceItem>
    <CorrespondenceItem id="urn:ssb:code:stabas:5236003-5236313">
      <CodeValue xmlns="http://www.ssb.no/ns/meta/codelist">0938</CodeValue>
      <CodeTextGrp xmlns="http://www.ssb.no/ns/meta/codelist">
        <CodeText xml:lang="nn">Bygland</CodeText>
        <CodeText xml:lang="nb">Bygland</CodeText>
        <CodeText xml:lang="en">Bygland</CodeText>
      </CodeTextGrp>
      <CorrespondenceItemRelation targetItem="urn:ssb:code:stabas:-5326101" />
    </CorrespondenceItem>
    <CorrespondenceItem id="urn:ssb:code:stabas:5236003-5236319">
      <CodeValue xmlns="http://www.ssb.no/ns/meta/codelist">1001</CodeValue>
      <CodeTextGrp xmlns="http://www.ssb.no/ns/meta/codelist">
        <CodeText xml:lang="nn">Kristiansand</CodeText>
        <CodeText xml:lang="nb">Kristiansand</CodeText>
        <CodeText xml:lang="en">Kristiansand</CodeText>
      </CodeTextGrp>
      <CorrespondenceItemRelation targetItem="urn:ssb:code:stabas:-5326105" />
    </CorrespondenceItem>
    <CorrespondenceItem id="urn:ssb:code:stabas:5236003-5236321">
      <CodeValue xmlns="http://www.ssb.no/ns/meta/codelist">1002</CodeValue>
      <CodeTextGrp xmlns="http://www.ssb.no/ns/meta/codelist">
        <CodeText xml:lang="nn">Mandal</CodeText>
        <CodeText xml:lang="nb">Mandal</CodeText>
        <CodeText xml:lang="en">Mandal</CodeText>
      </CodeTextGrp>
      <CorrespondenceItemRelation targetItem="urn:ssb:code:stabas:-5326101" />
    </CorrespondenceItem>
    <CorrespondenceItem id="urn:ssb:code:stabas:5236003-5236327">
      <CodeValue xmlns="http://www.ssb.no/ns/meta/codelist">1014</CodeValue>
      <CodeTextGrp xmlns="http://www.ssb.no/ns/meta/codelist">
        <CodeText xml:lang="nn">Vennesla</CodeText>
        <CodeText xml:lang="nb">Vennesla</CodeText>
        <CodeText xml:lang="en">Vennesla</CodeText>
      </CodeTextGrp>
      <CorrespondenceItemRelation targetItem="urn:ssb:code:stabas:-5326103" />
    </CorrespondenceItem>
    <CorrespondenceItem id="urn:ssb:code:stabas:5236003-5236329">
      <CodeValue xmlns="http://www.ssb.no/ns/meta/codelist">1017</CodeValue>
      <CodeTextGrp xmlns="http://www.ssb.no/ns/meta/codelist">
        <CodeText xml:lang="nn">Songdalen</CodeText>
        <CodeText xml:lang="nb">Songdalen</CodeText>
        <CodeText xml:lang="en">Songdalen</CodeText>
      </CodeTextGrp>
      <CorrespondenceItemRelation targetItem="urn:ssb:code:stabas:-5326103" />
    </CorrespondenceItem>
    <CorrespondenceItem id="urn:ssb:code:stabas:5236003-5236331">
      <CodeValue xmlns="http://www.ssb.no/ns/meta/codelist">1018</CodeValue>
      <CodeTextGrp xmlns="http://www.ssb.no/ns/meta/codelist">
        <CodeText xml:lang="nn">Søgne</CodeText>
        <CodeText xml:lang="nb">Søgne</CodeText>
        <CodeText xml:lang="en">Søgne</CodeText>
      </CodeTextGrp>
      <CorrespondenceItemRelation targetItem="urn:ssb:code:stabas:-5326103" />
    </CorrespondenceItem>
    <CorrespondenceItem id="urn:ssb:code:stabas:5236003-5236333">
      <CodeValue xmlns="http://www.ssb.no/ns/meta/codelist">1021</CodeValue>
      <CodeTextGrp xmlns="http://www.ssb.no/ns/meta/codelist">
        <CodeText xml:lang="nn">Marnardal</CodeText>
        <CodeText xml:lang="nb">Marnardal</CodeText>
        <CodeText xml:lang="en">Marnardal</CodeText>
      </CodeTextGrp>
      <CorrespondenceItemRelation targetItem="urn:ssb:code:stabas:-5326103" />
    </CorrespondenceItem>
    <CorrespondenceItem id="urn:ssb:code:stabas:5236003-5236335">
      <CodeValue xmlns="http://www.ssb.no/ns/meta/codelist">1026</CodeValue>
      <CodeTextGrp xmlns="http://www.ssb.no/ns/meta/codelist">
        <CodeText xml:lang="nn">Åseral</CodeText>
        <CodeText xml:lang="nb">Åseral</CodeText>
        <CodeText xml:lang="en">Åseral</CodeText>
      </CodeTextGrp>
      <CorrespondenceItemRelation targetItem="urn:ssb:code:stabas:-5326101" />
    </CorrespondenceItem>
    <CorrespondenceItem id="urn:ssb:code:stabas:5236003-5236337">
      <CodeValue xmlns="http://www.ssb.no/ns/meta/codelist">1027</CodeValue>
      <CodeTextGrp xmlns="http://www.ssb.no/ns/meta/codelist">
        <CodeText xml:lang="nn">Audnedal</CodeText>
        <CodeText xml:lang="nb">Audnedal</CodeText>
        <CodeText xml:lang="en">Audnedal</CodeText>
      </CodeTextGrp>
      <CorrespondenceItemRelation targetItem="urn:ssb:code:stabas:-5326101" />
    </CorrespondenceItem>
    <CorrespondenceItem id="urn:ssb:code:stabas:5236003-5236339">
      <CodeValue xmlns="http://www.ssb.no/ns/meta/codelist">1029</CodeValue>
      <CodeTextGrp xmlns="http://www.ssb.no/ns/meta/codelist">
        <CodeText xml:lang="nn">Lindesnes</CodeText>
        <CodeText xml:lang="nb">Lindesnes</CodeText>
        <CodeText xml:lang="en">Lindesnes</CodeText>
      </CodeTextGrp>
      <CorrespondenceItemRelation targetItem="urn:ssb:code:stabas:-5326101" />
    </CorrespondenceItem>
    <CorrespondenceItem id="urn:ssb:code:stabas:5236003-5236341">
      <CodeValue xmlns="http://www.ssb.no/ns/meta/codelist">1032</CodeValue>
      <CodeTextGrp xmlns="http://www.ssb.no/ns/meta/codelist">
        <CodeText xml:lang="nn">Lyngdal</CodeText>
        <CodeText xml:lang="nb">Lyngdal</CodeText>
        <CodeText xml:lang="en">Lyngdal</CodeText>
      </CodeTextGrp>
      <CorrespondenceItemRelation targetItem="urn:ssb:code:stabas:-5326101" />
    </CorrespondenceItem>
    <CorrespondenceItem id="urn:ssb:code:stabas:5236003-5236343">
      <CodeValue xmlns="http://www.ssb.no/ns/meta/codelist">1034</CodeValue>
      <CodeTextGrp xmlns="http://www.ssb.no/ns/meta/codelist">
        <CodeText xml:lang="nn">Hægebostad</CodeText>
        <CodeText xml:lang="nb">Hægebostad</CodeText>
        <CodeText xml:lang="en">Hægebostad</CodeText>
      </CodeTextGrp>
      <CorrespondenceItemRelation targetItem="urn:ssb:code:stabas:-5326101" />
    </CorrespondenceItem>
    <CorrespondenceItem id="urn:ssb:code:stabas:5236003-5236349">
      <CodeValue xmlns="http://www.ssb.no/ns/meta/codelist">1101</CodeValue>
      <CodeTextGrp xmlns="http://www.ssb.no/ns/meta/codelist">
        <CodeText xml:lang="nn">Eigersund</CodeText>
        <CodeText xml:lang="nb">Eigersund</CodeText>
        <CodeText xml:lang="en">Eigersund</CodeText>
      </CodeTextGrp>
      <CorrespondenceItemRelation targetItem="urn:ssb:code:stabas:-5326101" />
    </CorrespondenceItem>
    <CorrespondenceItem id="urn:ssb:code:stabas:5236003-5236351">
      <CodeValue xmlns="http://www.ssb.no/ns/meta/codelist">1102</CodeValue>
      <CodeTextGrp xmlns="http://www.ssb.no/ns/meta/codelist">
        <CodeText xml:lang="nn">Sandnes</CodeText>
        <CodeText xml:lang="nb">Sandnes</CodeText>
        <CodeText xml:lang="en">Sandnes</CodeText>
      </CodeTextGrp>
      <CorrespondenceItemRelation targetItem="urn:ssb:code:stabas:-5326103" />
    </CorrespondenceItem>
    <CorrespondenceItem id="urn:ssb:code:stabas:5236003-5236353">
      <CodeValue xmlns="http://www.ssb.no/ns/meta/codelist">1103</CodeValue>
      <CodeTextGrp xmlns="http://www.ssb.no/ns/meta/codelist">
        <CodeText xml:lang="nn">Stavanger</CodeText>
        <CodeText xml:lang="nb">Stavanger</CodeText>
        <CodeText xml:lang="en">Stavanger</CodeText>
      </CodeTextGrp>
      <CorrespondenceItemRelation targetItem="urn:ssb:code:stabas:-5326105" />
    </CorrespondenceItem>
    <CorrespondenceItem id="urn:ssb:code:stabas:5236003-5236357">
      <CodeValue xmlns="http://www.ssb.no/ns/meta/codelist">1111</CodeValue>
      <CodeTextGrp xmlns="http://www.ssb.no/ns/meta/codelist">
        <CodeText xml:lang="nn">Sokndal</CodeText>
        <CodeText xml:lang="nb">Sokndal</CodeText>
        <CodeText xml:lang="en">Sokndal</CodeText>
      </CodeTextGrp>
      <CorrespondenceItemRelation targetItem="urn:ssb:code:stabas:-5326101" />
    </CorrespondenceItem>
    <CorrespondenceItem id="urn:ssb:code:stabas:5236003-5236361">
      <CodeValue xmlns="http://www.ssb.no/ns/meta/codelist">1114</CodeValue>
      <CodeTextGrp xmlns="http://www.ssb.no/ns/meta/codelist">
        <CodeText xml:lang="nn">Bjerkreim</CodeText>
        <CodeText xml:lang="nb">Bjerkreim</CodeText>
        <CodeText xml:lang="en">Bjerkreim</CodeText>
      </CodeTextGrp>
      <CorrespondenceItemRelation targetItem="urn:ssb:code:stabas:-5326101" />
    </CorrespondenceItem>
    <CorrespondenceItem id="urn:ssb:code:stabas:5236003-5236363">
      <CodeValue xmlns="http://www.ssb.no/ns/meta/codelist">1119</CodeValue>
      <CodeTextGrp xmlns="http://www.ssb.no/ns/meta/codelist">
        <CodeText xml:lang="nn">Hå</CodeText>
        <CodeText xml:lang="nb">Hå</CodeText>
        <CodeText xml:lang="en">Hå</CodeText>
      </CodeTextGrp>
      <CorrespondenceItemRelation targetItem="urn:ssb:code:stabas:-5326103" />
    </CorrespondenceItem>
    <CorrespondenceItem id="urn:ssb:code:stabas:5236003-5236365">
      <CodeValue xmlns="http://www.ssb.no/ns/meta/codelist">1120</CodeValue>
      <CodeTextGrp xmlns="http://www.ssb.no/ns/meta/codelist">
        <CodeText xml:lang="nn">Klepp</CodeText>
        <CodeText xml:lang="nb">Klepp</CodeText>
        <CodeText xml:lang="en">Klepp</CodeText>
      </CodeTextGrp>
      <CorrespondenceItemRelation targetItem="urn:ssb:code:stabas:-5326103" />
    </CorrespondenceItem>
    <CorrespondenceItem id="urn:ssb:code:stabas:5236003-5236367">
      <CodeValue xmlns="http://www.ssb.no/ns/meta/codelist">1121</CodeValue>
      <CodeTextGrp xmlns="http://www.ssb.no/ns/meta/codelist">
        <CodeText xml:lang="nn">Time</CodeText>
        <CodeText xml:lang="nb">Time</CodeText>
        <CodeText xml:lang="en">Time</CodeText>
      </CodeTextGrp>
      <CorrespondenceItemRelation targetItem="urn:ssb:code:stabas:-5326103" />
    </CorrespondenceItem>
    <CorrespondenceItem id="urn:ssb:code:stabas:5236003-5236369">
      <CodeValue xmlns="http://www.ssb.no/ns/meta/codelist">1122</CodeValue>
      <CodeTextGrp xmlns="http://www.ssb.no/ns/meta/codelist">
        <CodeText xml:lang="nn">Gjesdal</CodeText>
        <CodeText xml:lang="nb">Gjesdal</CodeText>
        <CodeText xml:lang="en">Gjesdal</CodeText>
      </CodeTextGrp>
      <CorrespondenceItemRelation targetItem="urn:ssb:code:stabas:-5326103" />
    </CorrespondenceItem>
    <CorrespondenceItem id="urn:ssb:code:stabas:5236003-5236371">
      <CodeValue xmlns="http://www.ssb.no/ns/meta/codelist">1124</CodeValue>
      <CodeTextGrp xmlns="http://www.ssb.no/ns/meta/codelist">
        <CodeText xml:lang="nn">Sola</CodeText>
        <CodeText xml:lang="nb">Sola</CodeText>
        <CodeText xml:lang="en">Sola</CodeText>
      </CodeTextGrp>
      <CorrespondenceItemRelation targetItem="urn:ssb:code:stabas:-5326103" />
    </CorrespondenceItem>
    <CorrespondenceItem id="urn:ssb:code:stabas:5236003-5236373">
      <CodeValue xmlns="http://www.ssb.no/ns/meta/codelist">1127</CodeValue>
      <CodeTextGrp xmlns="http://www.ssb.no/ns/meta/codelist">
        <CodeText xml:lang="nn">Randaberg</CodeText>
        <CodeText xml:lang="nb">Randaberg</CodeText>
        <CodeText xml:lang="en">Randaberg</CodeText>
      </CodeTextGrp>
      <CorrespondenceItemRelation targetItem="urn:ssb:code:stabas:-5326103" />
    </CorrespondenceItem>
    <CorrespondenceItem id="urn:ssb:code:stabas:5236003-5236375">
      <CodeValue xmlns="http://www.ssb.no/ns/meta/codelist">1129</CodeValue>
      <CodeTextGrp xmlns="http://www.ssb.no/ns/meta/codelist">
        <CodeText xml:lang="nn">Forsand</CodeText>
        <CodeText xml:lang="nb">Forsand</CodeText>
        <CodeText xml:lang="en">Forsand</CodeText>
      </CodeTextGrp>
      <CorrespondenceItemRelation targetItem="urn:ssb:code:stabas:-5326101" />
    </CorrespondenceItem>
    <CorrespondenceItem id="urn:ssb:code:stabas:5236003-5236377">
      <CodeValue xmlns="http://www.ssb.no/ns/meta/codelist">1130</CodeValue>
      <CodeTextGrp xmlns="http://www.ssb.no/ns/meta/codelist">
        <CodeText xml:lang="nn">Strand</CodeText>
        <CodeText xml:lang="nb">Strand</CodeText>
        <CodeText xml:lang="en">Strand</CodeText>
      </CodeTextGrp>
      <CorrespondenceItemRelation targetItem="urn:ssb:code:stabas:-5326101" />
    </CorrespondenceItem>
    <CorrespondenceItem id="urn:ssb:code:stabas:5236003-5236385">
      <CodeValue xmlns="http://www.ssb.no/ns/meta/codelist">1141</CodeValue>
      <CodeTextGrp xmlns="http://www.ssb.no/ns/meta/codelist">
        <CodeText xml:lang="nn">Finnøy</CodeText>
        <CodeText xml:lang="nb">Finnøy</CodeText>
        <CodeText xml:lang="en">Finnøy</CodeText>
      </CodeTextGrp>
      <CorrespondenceItemRelation targetItem="urn:ssb:code:stabas:-5326101" />
    </CorrespondenceItem>
    <CorrespondenceItem id="urn:ssb:code:stabas:5236003-5236387">
      <CodeValue xmlns="http://www.ssb.no/ns/meta/codelist">1142</CodeValue>
      <CodeTextGrp xmlns="http://www.ssb.no/ns/meta/codelist">
        <CodeText xml:lang="nn">Rennesøy</CodeText>
        <CodeText xml:lang="nb">Rennesøy</CodeText>
        <CodeText xml:lang="en">Rennesøy</CodeText>
      </CodeTextGrp>
      <CorrespondenceItemRelation targetItem="urn:ssb:code:stabas:-5326103" />
    </CorrespondenceItem>
    <CorrespondenceItem id="urn:ssb:code:stabas:5236003-5236389">
      <CodeValue xmlns="http://www.ssb.no/ns/meta/codelist">1144</CodeValue>
      <CodeTextGrp xmlns="http://www.ssb.no/ns/meta/codelist">
        <CodeText xml:lang="nn">Kvitsøy</CodeText>
        <CodeText xml:lang="nb">Kvitsøy</CodeText>
        <CodeText xml:lang="en">Kvitsøy</CodeText>
      </CodeTextGrp>
      <CorrespondenceItemRelation targetItem="urn:ssb:code:stabas:-5326101" />
    </CorrespondenceItem>
    <CorrespondenceItem id="urn:ssb:code:stabas:5236003-5236391">
      <CodeValue xmlns="http://www.ssb.no/ns/meta/codelist">1145</CodeValue>
      <CodeTextGrp xmlns="http://www.ssb.no/ns/meta/codelist">
        <CodeText xml:lang="nn">Bokn</CodeText>
        <CodeText xml:lang="nb">Bokn</CodeText>
        <CodeText xml:lang="en">Bokn</CodeText>
      </CodeTextGrp>
      <CorrespondenceItemRelation targetItem="urn:ssb:code:stabas:-5326101" />
    </CorrespondenceItem>
    <CorrespondenceItem id="urn:ssb:code:stabas:5236003-5236401">
      <CodeValue xmlns="http://www.ssb.no/ns/meta/codelist">1201</CodeValue>
      <CodeTextGrp xmlns="http://www.ssb.no/ns/meta/codelist">
        <CodeText xml:lang="nn">Bergen</CodeText>
        <CodeText xml:lang="nb">Bergen</CodeText>
        <CodeText xml:lang="en">Bergen</CodeText>
      </CodeTextGrp>
      <CorrespondenceItemRelation targetItem="urn:ssb:code:stabas:-5326105" />
    </CorrespondenceItem>
    <CorrespondenceItem id="urn:ssb:code:stabas:5236003-5236431">
      <CodeValue xmlns="http://www.ssb.no/ns/meta/codelist">1238</CodeValue>
      <CodeTextGrp xmlns="http://www.ssb.no/ns/meta/codelist">
        <CodeText xml:lang="nn">Kvam</CodeText>
        <CodeText xml:lang="nb">Kvam</CodeText>
        <CodeText xml:lang="en">Kvam</CodeText>
      </CodeTextGrp>
      <CorrespondenceItemRelation targetItem="urn:ssb:code:stabas:-5326101" />
    </CorrespondenceItem>
    <CorrespondenceItem id="urn:ssb:code:stabas:5236003-5236433">
      <CodeValue xmlns="http://www.ssb.no/ns/meta/codelist">1241</CodeValue>
      <CodeTextGrp xmlns="http://www.ssb.no/ns/meta/codelist">
        <CodeText xml:lang="nn">Fusa</CodeText>
        <CodeText xml:lang="nb">Fusa</CodeText>
        <CodeText xml:lang="en">Fusa</CodeText>
      </CodeTextGrp>
      <CorrespondenceItemRelation targetItem="urn:ssb:code:stabas:-5326101" />
    </CorrespondenceItem>
    <CorrespondenceItem id="urn:ssb:code:stabas:5236003-5236435">
      <CodeValue xmlns="http://www.ssb.no/ns/meta/codelist">1242</CodeValue>
      <CodeTextGrp xmlns="http://www.ssb.no/ns/meta/codelist">
        <CodeText xml:lang="nn">Samnanger</CodeText>
        <CodeText xml:lang="nb">Samnanger</CodeText>
        <CodeText xml:lang="en">Samnanger</CodeText>
      </CodeTextGrp>
      <CorrespondenceItemRelation targetItem="urn:ssb:code:stabas:-5326101" />
    </CorrespondenceItem>
    <CorrespondenceItem id="urn:ssb:code:stabas:5236003-5236437">
      <CodeValue xmlns="http://www.ssb.no/ns/meta/codelist">1243</CodeValue>
      <CodeTextGrp xmlns="http://www.ssb.no/ns/meta/codelist">
        <CodeText xml:lang="nn">Os</CodeText>
        <CodeText xml:lang="nb">Os</CodeText>
        <CodeText xml:lang="en">Os</CodeText>
      </CodeTextGrp>
      <CorrespondenceItemRelation targetItem="urn:ssb:code:stabas:-5326103" />
    </CorrespondenceItem>
    <CorrespondenceItem id="urn:ssb:code:stabas:5236003-5236439">
      <CodeValue xmlns="http://www.ssb.no/ns/meta/codelist">1244</CodeValue>
      <CodeTextGrp xmlns="http://www.ssb.no/ns/meta/codelist">
        <CodeText xml:lang="nn">Austevoll</CodeText>
        <CodeText xml:lang="nb">Austevoll</CodeText>
        <CodeText xml:lang="en">Austevoll</CodeText>
      </CodeTextGrp>
      <CorrespondenceItemRelation targetItem="urn:ssb:code:stabas:-5326101" />
    </CorrespondenceItem>
    <CorrespondenceItem id="urn:ssb:code:stabas:5236003-5236441">
      <CodeValue xmlns="http://www.ssb.no/ns/meta/codelist">1245</CodeValue>
      <CodeTextGrp xmlns="http://www.ssb.no/ns/meta/codelist">
        <CodeText xml:lang="nn">Sund</CodeText>
        <CodeText xml:lang="nb">Sund</CodeText>
        <CodeText xml:lang="en">Sund</CodeText>
      </CodeTextGrp>
      <CorrespondenceItemRelation targetItem="urn:ssb:code:stabas:-5326103" />
    </CorrespondenceItem>
    <CorrespondenceItem id="urn:ssb:code:stabas:5236003-5236443">
      <CodeValue xmlns="http://www.ssb.no/ns/meta/codelist">1246</CodeValue>
      <CodeTextGrp xmlns="http://www.ssb.no/ns/meta/codelist">
        <CodeText xml:lang="nn">Fjell</CodeText>
        <CodeText xml:lang="nb">Fjell</CodeText>
        <CodeText xml:lang="en">Fjell</CodeText>
      </CodeTextGrp>
      <CorrespondenceItemRelation targetItem="urn:ssb:code:stabas:-5326103" />
    </CorrespondenceItem>
    <CorrespondenceItem id="urn:ssb:code:stabas:5236003-5236445">
      <CodeValue xmlns="http://www.ssb.no/ns/meta/codelist">1247</CodeValue>
      <CodeTextGrp xmlns="http://www.ssb.no/ns/meta/codelist">
        <CodeText xml:lang="nn">Askøy</CodeText>
        <CodeText xml:lang="nb">Askøy</CodeText>
        <CodeText xml:lang="en">Askøy</CodeText>
      </CodeTextGrp>
      <CorrespondenceItemRelation targetItem="urn:ssb:code:stabas:-5326103" />
    </CorrespondenceItem>
    <CorrespondenceItem id="urn:ssb:code:stabas:5236003-5236447">
      <CodeValue xmlns="http://www.ssb.no/ns/meta/codelist">1251</CodeValue>
      <CodeTextGrp xmlns="http://www.ssb.no/ns/meta/codelist">
        <CodeText xml:lang="nn">Vaksdal</CodeText>
        <CodeText xml:lang="nb">Vaksdal</CodeText>
        <CodeText xml:lang="en">Vaksdal</CodeText>
      </CodeTextGrp>
      <CorrespondenceItemRelation targetItem="urn:ssb:code:stabas:-5326101" />
    </CorrespondenceItem>
    <CorrespondenceItem id="urn:ssb:code:stabas:5236003-5236449">
      <CodeValue xmlns="http://www.ssb.no/ns/meta/codelist">1252</CodeValue>
      <CodeTextGrp xmlns="http://www.ssb.no/ns/meta/codelist">
        <CodeText xml:lang="nn">Modalen</CodeText>
        <CodeText xml:lang="nb">Modalen</CodeText>
        <CodeText xml:lang="en">Modalen</CodeText>
      </CodeTextGrp>
      <CorrespondenceItemRelation targetItem="urn:ssb:code:stabas:-5326101" />
    </CorrespondenceItem>
    <CorrespondenceItem id="urn:ssb:code:stabas:5236003-5236451">
      <CodeValue xmlns="http://www.ssb.no/ns/meta/codelist">1253</CodeValue>
      <CodeTextGrp xmlns="http://www.ssb.no/ns/meta/codelist">
        <CodeText xml:lang="nn">Osterøy</CodeText>
        <CodeText xml:lang="nb">Osterøy</CodeText>
        <CodeText xml:lang="en">Osterøy</CodeText>
      </CodeTextGrp>
      <CorrespondenceItemRelation targetItem="urn:ssb:code:stabas:-5326103" />
    </CorrespondenceItem>
    <CorrespondenceItem id="urn:ssb:code:stabas:5236003-5236453">
      <CodeValue xmlns="http://www.ssb.no/ns/meta/codelist">1256</CodeValue>
      <CodeTextGrp xmlns="http://www.ssb.no/ns/meta/codelist">
        <CodeText xml:lang="nn">Meland</CodeText>
        <CodeText xml:lang="nb">Meland</CodeText>
        <CodeText xml:lang="en">Meland</CodeText>
      </CodeTextGrp>
      <CorrespondenceItemRelation targetItem="urn:ssb:code:stabas:-5326103" />
    </CorrespondenceItem>
    <CorrespondenceItem id="urn:ssb:code:stabas:5236003-5236455">
      <CodeValue xmlns="http://www.ssb.no/ns/meta/codelist">1259</CodeValue>
      <CodeTextGrp xmlns="http://www.ssb.no/ns/meta/codelist">
        <CodeText xml:lang="nn">Øygarden</CodeText>
        <CodeText xml:lang="nb">Øygarden</CodeText>
        <CodeText xml:lang="en">Øygarden</CodeText>
      </CodeTextGrp>
      <CorrespondenceItemRelation targetItem="urn:ssb:code:stabas:-5326101" />
    </CorrespondenceItem>
    <CorrespondenceItem id="urn:ssb:code:stabas:5236003-5236457">
      <CodeValue xmlns="http://www.ssb.no/ns/meta/codelist">1260</CodeValue>
      <CodeTextGrp xmlns="http://www.ssb.no/ns/meta/codelist">
        <CodeText xml:lang="nn">Radøy</CodeText>
        <CodeText xml:lang="nb">Radøy</CodeText>
        <CodeText xml:lang="en">Radøy</CodeText>
      </CodeTextGrp>
      <CorrespondenceItemRelation targetItem="urn:ssb:code:stabas:-5326101" />
    </CorrespondenceItem>
    <CorrespondenceItem id="urn:ssb:code:stabas:5236003-5236459">
      <CodeValue xmlns="http://www.ssb.no/ns/meta/codelist">1263</CodeValue>
      <CodeTextGrp xmlns="http://www.ssb.no/ns/meta/codelist">
        <CodeText xml:lang="nn">Lindås</CodeText>
        <CodeText xml:lang="nb">Lindås</CodeText>
        <CodeText xml:lang="en">Lindås</CodeText>
      </CodeTextGrp>
      <CorrespondenceItemRelation targetItem="urn:ssb:code:stabas:-5326103" />
    </CorrespondenceItem>
    <CorrespondenceItem id="urn:ssb:code:stabas:5236003-5236461">
      <CodeValue xmlns="http://www.ssb.no/ns/meta/codelist">1264</CodeValue>
      <CodeTextGrp xmlns="http://www.ssb.no/ns/meta/codelist">
        <CodeText xml:lang="nn">Austrheim</CodeText>
        <CodeText xml:lang="nb">Austrheim</CodeText>
        <CodeText xml:lang="en">Austrheim</CodeText>
      </CodeTextGrp>
      <CorrespondenceItemRelation targetItem="urn:ssb:code:stabas:-5326101" />
    </CorrespondenceItem>
    <CorrespondenceItem id="urn:ssb:code:stabas:5236003-5236465">
      <CodeValue xmlns="http://www.ssb.no/ns/meta/codelist">1266</CodeValue>
      <CodeTextGrp xmlns="http://www.ssb.no/ns/meta/codelist">
        <CodeText xml:lang="nn">Masfjorden</CodeText>
        <CodeText xml:lang="nb">Masfjorden</CodeText>
        <CodeText xml:lang="en">Masfjorden</CodeText>
      </CodeTextGrp>
      <CorrespondenceItemRelation targetItem="urn:ssb:code:stabas:-5326101" />
    </CorrespondenceItem>
    <CorrespondenceItem id="urn:ssb:code:stabas:5236003-5236593">
      <CodeValue xmlns="http://www.ssb.no/ns/meta/codelist">1601</CodeValue>
      <CodeTextGrp xmlns="http://www.ssb.no/ns/meta/codelist">
        <CodeText xml:lang="nn">Trondheim</CodeText>
        <CodeText xml:lang="nb">Trondheim</CodeText>
        <CodeText xml:lang="en">Trondheim</CodeText>
      </CodeTextGrp>
      <CorrespondenceItemRelation targetItem="urn:ssb:code:stabas:-5326105" />
    </CorrespondenceItem>
    <CorrespondenceItem id="urn:ssb:code:stabas:5236003-5236597">
      <CodeValue xmlns="http://www.ssb.no/ns/meta/codelist">1613</CodeValue>
      <CodeTextGrp xmlns="http://www.ssb.no/ns/meta/codelist">
        <CodeText xml:lang="nn">Snillfjord</CodeText>
        <CodeText xml:lang="nb">Snillfjord</CodeText>
        <CodeText xml:lang="en">Snillfjord</CodeText>
      </CodeTextGrp>
      <CorrespondenceItemRelation targetItem="urn:ssb:code:stabas:-5326101" />
    </CorrespondenceItem>
    <CorrespondenceItem id="urn:ssb:code:stabas:5236003-5236605">
      <CodeValue xmlns="http://www.ssb.no/ns/meta/codelist">1622</CodeValue>
      <CodeTextGrp xmlns="http://www.ssb.no/ns/meta/codelist">
        <CodeText xml:lang="nn">Agdenes</CodeText>
        <CodeText xml:lang="nb">Agdenes</CodeText>
        <CodeText xml:lang="en">Agdenes</CodeText>
      </CodeTextGrp>
      <CorrespondenceItemRelation targetItem="urn:ssb:code:stabas:-5326101" />
    </CorrespondenceItem>
    <CorrespondenceItem id="urn:ssb:code:stabas:5236003-5236607">
      <CodeValue xmlns="http://www.ssb.no/ns/meta/codelist">1624</CodeValue>
      <CodeTextGrp xmlns="http://www.ssb.no/ns/meta/codelist">
        <CodeText xml:lang="nn">Rissa</CodeText>
        <CodeText xml:lang="nb">Rissa</CodeText>
        <CodeText xml:lang="en">Rissa</CodeText>
      </CodeTextGrp>
      <CorrespondenceItemRelation targetItem="urn:ssb:code:stabas:-5326101" />
    </CorrespondenceItem>
    <CorrespondenceItem id="urn:ssb:code:stabas:5236003-5236619">
      <CodeValue xmlns="http://www.ssb.no/ns/meta/codelist">1635</CodeValue>
      <CodeTextGrp xmlns="http://www.ssb.no/ns/meta/codelist">
        <CodeText xml:lang="nn">Rennebu</CodeText>
        <CodeText xml:lang="nb">Rennebu</CodeText>
        <CodeText xml:lang="en">Rennebu</CodeText>
      </CodeTextGrp>
      <CorrespondenceItemRelation targetItem="urn:ssb:code:stabas:-5326101" />
    </CorrespondenceItem>
    <CorrespondenceItem id="urn:ssb:code:stabas:5236003-5236621">
      <CodeValue xmlns="http://www.ssb.no/ns/meta/codelist">1636</CodeValue>
      <CodeTextGrp xmlns="http://www.ssb.no/ns/meta/codelist">
        <CodeText xml:lang="nn">Meldal</CodeText>
        <CodeText xml:lang="nb">Meldal</CodeText>
        <CodeText xml:lang="en">Meldal</CodeText>
      </CodeTextGrp>
      <CorrespondenceItemRelation targetItem="urn:ssb:code:stabas:-5326101" />
    </CorrespondenceItem>
    <CorrespondenceItem id="urn:ssb:code:stabas:5236003-5236623">
      <CodeValue xmlns="http://www.ssb.no/ns/meta/codelist">1638</CodeValue>
      <CodeTextGrp xmlns="http://www.ssb.no/ns/meta/codelist">
        <CodeText xml:lang="nn">Orkdal</CodeText>
        <CodeText xml:lang="nb">Orkdal</CodeText>
        <CodeText xml:lang="en">Orkdal</CodeText>
      </CodeTextGrp>
      <CorrespondenceItemRelation targetItem="urn:ssb:code:stabas:-5326103" />
    </CorrespondenceItem>
    <CorrespondenceItem id="urn:ssb:code:stabas:5236003-5236629">
      <CodeValue xmlns="http://www.ssb.no/ns/meta/codelist">1648</CodeValue>
      <CodeTextGrp xmlns="http://www.ssb.no/ns/meta/codelist">
        <CodeText xml:lang="nn">Midtre Gauldal</CodeText>
        <CodeText xml:lang="nb">Midtre Gauldal</CodeText>
        <CodeText xml:lang="en">Midtre Gauldal</CodeText>
      </CodeTextGrp>
      <CorrespondenceItemRelation targetItem="urn:ssb:code:stabas:-5326101" />
    </CorrespondenceItem>
    <CorrespondenceItem id="urn:ssb:code:stabas:5236003-5236631">
      <CodeValue xmlns="http://www.ssb.no/ns/meta/codelist">1653</CodeValue>
      <CodeTextGrp xmlns="http://www.ssb.no/ns/meta/codelist">
        <CodeText xml:lang="nn">Melhus</CodeText>
        <CodeText xml:lang="nb">Melhus</CodeText>
        <CodeText xml:lang="en">Melhus</CodeText>
      </CodeTextGrp>
      <CorrespondenceItemRelation targetItem="urn:ssb:code:stabas:-5326103" />
    </CorrespondenceItem>
    <CorrespondenceItem id="urn:ssb:code:stabas:5236003-5236633">
      <CodeValue xmlns="http://www.ssb.no/ns/meta/codelist">1657</CodeValue>
      <CodeTextGrp xmlns="http://www.ssb.no/ns/meta/codelist">
        <CodeText xml:lang="nn">Skaun</CodeText>
        <CodeText xml:lang="nb">Skaun</CodeText>
        <CodeText xml:lang="en">Skaun</CodeText>
      </CodeTextGrp>
      <CorrespondenceItemRelation targetItem="urn:ssb:code:stabas:-5326103" />
    </CorrespondenceItem>
    <CorrespondenceItem id="urn:ssb:code:stabas:5236003-5236635">
      <CodeValue xmlns="http://www.ssb.no/ns/meta/codelist">1662</CodeValue>
      <CodeTextGrp xmlns="http://www.ssb.no/ns/meta/codelist">
        <CodeText xml:lang="nn">Klæbu</CodeText>
        <CodeText xml:lang="nb">Klæbu</CodeText>
        <CodeText xml:lang="en">Klæbu</CodeText>
      </CodeTextGrp>
      <CorrespondenceItemRelation targetItem="urn:ssb:code:stabas:-5326103" />
    </CorrespondenceItem>
    <CorrespondenceItem id="urn:ssb:code:stabas:5236003-5236637">
      <CodeValue xmlns="http://www.ssb.no/ns/meta/codelist">1663</CodeValue>
      <CodeTextGrp xmlns="http://www.ssb.no/ns/meta/codelist">
        <CodeText xml:lang="nn">Malvik</CodeText>
        <CodeText xml:lang="nb">Malvik</CodeText>
        <CodeText xml:lang="en">Malvik</CodeText>
      </CodeTextGrp>
      <CorrespondenceItemRelation targetItem="urn:ssb:code:stabas:-5326103" />
    </CorrespondenceItem>
    <CorrespondenceItem id="urn:ssb:code:stabas:5236003-5236639">
      <CodeValue xmlns="http://www.ssb.no/ns/meta/codelist">1664</CodeValue>
      <CodeTextGrp xmlns="http://www.ssb.no/ns/meta/codelist">
        <CodeText xml:lang="nn">Selbu</CodeText>
        <CodeText xml:lang="nb">Selbu</CodeText>
        <CodeText xml:lang="en">Selbu</CodeText>
      </CodeTextGrp>
      <CorrespondenceItemRelation targetItem="urn:ssb:code:stabas:-5326101" />
    </CorrespondenceItem>
    <CorrespondenceItem id="urn:ssb:code:stabas:5236003-5236647">
      <CodeValue xmlns="http://www.ssb.no/ns/meta/codelist">1711</CodeValue>
      <CodeTextGrp xmlns="http://www.ssb.no/ns/meta/codelist">
        <CodeText xml:lang="nn">Meråker</CodeText>
        <CodeText xml:lang="nb">Meråker</CodeText>
        <CodeText xml:lang="en">Meråker</CodeText>
      </CodeTextGrp>
      <CorrespondenceItemRelation targetItem="urn:ssb:code:stabas:-5326101" />
    </CorrespondenceItem>
    <CorrespondenceItem id="urn:ssb:code:stabas:5236003-5236649">
      <CodeValue xmlns="http://www.ssb.no/ns/meta/codelist">1714</CodeValue>
      <CodeTextGrp xmlns="http://www.ssb.no/ns/meta/codelist">
        <CodeText xml:lang="nn">Stjørdal</CodeText>
        <CodeText xml:lang="nb">Stjørdal</CodeText>
        <CodeText xml:lang="en">Stjørdal</CodeText>
      </CodeTextGrp>
      <CorrespondenceItemRelation targetItem="urn:ssb:code:stabas:-5326103" />
    </CorrespondenceItem>
    <CorrespondenceItem id="urn:ssb:code:stabas:5236003-5236651">
      <CodeValue xmlns="http://www.ssb.no/ns/meta/codelist">1717</CodeValue>
      <CodeTextGrp xmlns="http://www.ssb.no/ns/meta/codelist">
        <CodeText xml:lang="nn">Frosta</CodeText>
        <CodeText xml:lang="nb">Frosta</CodeText>
        <CodeText xml:lang="en">Frosta</CodeText>
      </CodeTextGrp>
      <CorrespondenceItemRelation targetItem="urn:ssb:code:stabas:-5326101" />
    </CorrespondenceItem>
    <CorrespondenceItem id="urn:ssb:code:stabas:5236003-5236653">
      <CodeValue xmlns="http://www.ssb.no/ns/meta/codelist">1718</CodeValue>
      <CodeTextGrp xmlns="http://www.ssb.no/ns/meta/codelist">
        <CodeText xml:lang="nn">Leksvik</CodeText>
        <CodeText xml:lang="nb">Leksvik</CodeText>
        <CodeText xml:lang="en">Leksvik</CodeText>
      </CodeTextGrp>
      <CorrespondenceItemRelation targetItem="urn:ssb:code:stabas:-5326101" />
    </CorrespondenceItem>
    <CorrespondenceItem id="urn:ssb:code:stabas:5236003-5236655">
      <CodeValue xmlns="http://www.ssb.no/ns/meta/codelist">1719</CodeValue>
      <CodeTextGrp xmlns="http://www.ssb.no/ns/meta/codelist">
        <CodeText xml:lang="nn">Levanger</CodeText>
        <CodeText xml:lang="nb">Levanger</CodeText>
        <CodeText xml:lang="en">Levanger</CodeText>
      </CodeTextGrp>
      <CorrespondenceItemRelation targetItem="urn:ssb:code:stabas:-5326101" />
    </CorrespondenceItem>
    <CorrespondenceItem id="urn:ssb:code:stabas:5236003-5236657">
      <CodeValue xmlns="http://www.ssb.no/ns/meta/codelist">1721</CodeValue>
      <CodeTextGrp xmlns="http://www.ssb.no/ns/meta/codelist">
        <CodeText xml:lang="nn">Verdal</CodeText>
        <CodeText xml:lang="nb">Verdal</CodeText>
        <CodeText xml:lang="en">Verdal</CodeText>
      </CodeTextGrp>
      <CorrespondenceItemRelation targetItem="urn:ssb:code:stabas:-5326101" />
    </CorrespondenceItem>
    <CorrespondenceItem id="urn:ssb:code:stabas:5236003-5236781">
      <CodeValue xmlns="http://www.ssb.no/ns/meta/codelist">1902</CodeValue>
      <CodeTextGrp xmlns="http://www.ssb.no/ns/meta/codelist">
        <CodeText xml:lang="nn">Tromsø</CodeText>
        <CodeText xml:lang="nb">Tromsø</CodeText>
        <CodeText xml:lang="en">Tromsø</CodeText>
      </CodeTextGrp>
      <CorrespondenceItemRelation targetItem="urn:ssb:code:stabas:-5326105" />
    </CorrespondenceItem>
    <CorrespondenceItem id="urn:ssb:code:stabas:5236003-5236813">
      <CodeValue xmlns="http://www.ssb.no/ns/meta/codelist">1933</CodeValue>
      <CodeTextGrp xmlns="http://www.ssb.no/ns/meta/codelist">
        <CodeText xml:lang="nn">Balsfjord</CodeText>
        <CodeText xml:lang="nb">Balsfjord</CodeText>
        <CodeText xml:lang="en">Balsfjord</CodeText>
      </CodeTextGrp>
      <CorrespondenceItemRelation targetItem="urn:ssb:code:stabas:-5326101" />
    </CorrespondenceItem>
    <CorrespondenceItem id="urn:ssb:code:stabas:5236003-5236815">
      <CodeValue xmlns="http://www.ssb.no/ns/meta/codelist">1936</CodeValue>
      <CodeTextGrp xmlns="http://www.ssb.no/ns/meta/codelist">
        <CodeText xml:lang="nn">Karlsøy</CodeText>
        <CodeText xml:lang="nb">Karlsøy</CodeText>
        <CodeText xml:lang="en">Karlsøy</CodeText>
      </CodeTextGrp>
      <CorrespondenceItemRelation targetItem="urn:ssb:code:stabas:-5326101" />
    </CorrespondenceItem>
  </CorrespondenceItemGroup>
</CorrespondenceTable>