<?xml version="1.0" encoding="utf-8"?>
<CorrespondenceTable xmlns:xsi="http://www.w3.org/2001/XMLSchema-instance" xmlns:xsd="http://www.w3.org/2001/XMLSchema" id="urn:ssb:corrtable:stabas:8106008" classVersionSourceId="urn:ssb:classversion:stabas:7088601" classVersionTargetId="urn:ssb:classversion:stabas:7332901" classLevelSourceId="urn:ssb:codelist:stabas:" classLevelTargetId="urn:ssb:codelist:stabas:" showInternet="false" showIntranet="true" xmlns="http://www.ssb.no/ns/meta/correspondence">
  <TitleGrp>
    <Title xml:lang="nb">Seksjonsinndeling 2010/Seksjonsinndeling 2011</Title>
  </TitleGrp>
  <DescriptionGrp />
  <ContactInformation>
    <Person xmlns="http://www.ssb.no/ns/meta/common" />
    <Division xmlns="http://www.ssb.no/ns/meta/common" />
  </ContactInformation>
  <CorrespondenceItemGroup id="urn:ssb:codelist:stabas:" relationshipType="M:N" />
  <CorrespondenceItemGroup id="urn:ssb:codelist:stabas:7332903" relationshipType="N:M">
    <CorrespondenceItem id="urn:ssb:code:stabas:7332903-7332917">
      <CodeValue xmlns="http://www.ssb.no/ns/meta/codelist">200</CodeValue>
      <CodeTextGrp xmlns="http://www.ssb.no/ns/meta/codelist">
        <CodeText xml:lang="nn">Avdeling for økonomi-, energi- og miljøstatistikk</CodeText>
        <CodeText xml:lang="nb">Avdeling for økonomi-, energi- og miljøstatistikk</CodeText>
        <CodeText xml:lang="en">Department of  economics-, energy- and the environment statistics</CodeText>
      </CodeTextGrp>
      <CorrespondenceItemRelation targetItem="urn:ssb:code:stabas:-7088617" />
    </CorrespondenceItem>
  </CorrespondenceItemGroup>
  <CorrespondenceItemGroup id="urn:ssb:codelist:stabas:7332905" relationshipType="N:M">
    <CorrespondenceItem id="urn:ssb:code:stabas:7332905-7332955">
      <CodeValue xmlns="http://www.ssb.no/ns/meta/codelist">470</CodeValue>
      <CodeTextGrp xmlns="http://www.ssb.no/ns/meta/codelist">
        <CodeText xml:lang="nn">Seksjon for industri- og FoU-statistikk</CodeText>
        <CodeText xml:lang="nb">Seksjon for industri- og FoU-statistikk</CodeText>
        <CodeText xml:lang="en">Division for manufacturing and R&amp;Dstatistics</CodeText>
      </CodeTextGrp>
      <CorrespondenceItemRelation targetItem="urn:ssb:code:stabas:-7088655" />
    </CorrespondenceItem>
    <CorrespondenceItem id="urn:ssb:code:stabas:7332905-7332961">
      <CodeValue xmlns="http://www.ssb.no/ns/meta/codelist">510</CodeValue>
      <CodeTextGrp xmlns="http://www.ssb.no/ns/meta/codelist">
        <CodeText xml:lang="nn">Gruppe for offentleg økonomi</CodeText>
        <CodeText xml:lang="nb">Gruppe for offentlig økonomi</CodeText>
        <CodeText xml:lang="en">Unit for public economics</CodeText>
      </CodeTextGrp>
      <CorrespondenceItemRelation targetItem="urn:ssb:code:stabas:-7088669" />
    </CorrespondenceItem>
    <CorrespondenceItem id="urn:ssb:code:stabas:7332905-7332963">
      <CodeValue xmlns="http://www.ssb.no/ns/meta/codelist">520</CodeValue>
      <CodeTextGrp xmlns="http://www.ssb.no/ns/meta/codelist">
        <CodeText xml:lang="nn">Gruppe for miljøøkonomi</CodeText>
        <CodeText xml:lang="nb">Gruppe for miljøøkonomi</CodeText>
        <CodeText xml:lang="en">Unit for enviromental economics</CodeText>
      </CodeTextGrp>
      <CorrespondenceItemRelation targetItem="urn:ssb:code:stabas:-7088663" />
    </CorrespondenceItem>
    <CorrespondenceItem id="urn:ssb:code:stabas:7332905-7332967">
      <CodeValue xmlns="http://www.ssb.no/ns/meta/codelist">550</CodeValue>
      <CodeTextGrp xmlns="http://www.ssb.no/ns/meta/codelist">
        <CodeText xml:lang="nn">Gruppe for mikroøkonomi</CodeText>
        <CodeText xml:lang="nb">Gruppe for mikroøkonomi</CodeText>
        <CodeText xml:lang="en">Unit for microeconomics</CodeText>
      </CodeTextGrp>
      <CorrespondenceItemRelation targetItem="urn:ssb:code:stabas:-7088669" />
    </CorrespondenceItem>
    <CorrespondenceItem id="urn:ssb:code:stabas:7332905-7332969">
      <CodeValue xmlns="http://www.ssb.no/ns/meta/codelist">570</CodeValue>
      <CodeTextGrp xmlns="http://www.ssb.no/ns/meta/codelist">
        <CodeText xml:lang="nn">Gruppe for energiøkonomi</CodeText>
        <CodeText xml:lang="nb">Gruppe for energiøkonomi</CodeText>
        <CodeText xml:lang="en">Unit for energy economics</CodeText>
      </CodeTextGrp>
      <CorrespondenceItemRelation targetItem="urn:ssb:code:stabas:-7088671" />
    </CorrespondenceItem>
    <CorrespondenceItem id="urn:ssb:code:stabas:7332905-7332973">
      <CodeValue xmlns="http://www.ssb.no/ns/meta/codelist">590</CodeValue>
      <CodeTextGrp xmlns="http://www.ssb.no/ns/meta/codelist">
        <CodeText xml:lang="nn">Seksjon for demografi og levekår</CodeText>
        <CodeText xml:lang="nb">Seksjon for demografi og levekår</CodeText>
        <CodeText xml:lang="en">Division for social and demographic research</CodeText>
      </CodeTextGrp>
      <CorrespondenceItemRelation targetItem="urn:ssb:code:stabas:-7088673" />
    </CorrespondenceItem>
    <CorrespondenceItem id="urn:ssb:code:stabas:7332905-7332979">
      <CodeValue xmlns="http://www.ssb.no/ns/meta/codelist">605</CodeValue>
      <CodeTextGrp xmlns="http://www.ssb.no/ns/meta/codelist">
        <CodeText xml:lang="nn">Seksjon for eigedomsforvalting</CodeText>
        <CodeText xml:lang="nb">Seksjon for eiendomsforvaltning </CodeText>
        <CodeText xml:lang="en">Division for property management</CodeText>
      </CodeTextGrp>
      <CorrespondenceItemRelation targetItem="urn:ssb:code:stabas:-7088679" />
    </CorrespondenceItem>
  </CorrespondenceItemGroup>
</CorrespondenceTable>