<?xml version="1.0" encoding="utf-8"?>
<CorrespondenceTable xmlns:xsi="http://www.w3.org/2001/XMLSchema-instance" xmlns:xsd="http://www.w3.org/2001/XMLSchema" id="urn:ssb:corrtable:stabas:8116102" classVersionSourceId="urn:ssb:classversion:stabas:8113121" classVersionTargetId="urn:ssb:classversion:stabas:8113601" classLevelSourceId="urn:ssb:codelist:stabas:" classLevelTargetId="urn:ssb:codelist:stabas:" showInternet="false" showIntranet="true" xmlns="http://www.ssb.no/ns/meta/correspondence">
  <TitleGrp>
    <Title xml:lang="nb">Seksjonsinndeling 2002/Seksjonsinndeling 2003</Title>
  </TitleGrp>
  <DescriptionGrp />
  <ContactInformation>
    <Person xmlns="http://www.ssb.no/ns/meta/common" />
    <Division xmlns="http://www.ssb.no/ns/meta/common" />
  </ContactInformation>
  <CorrespondenceItemGroup id="urn:ssb:codelist:stabas:" relationshipType="M:N" />
  <CorrespondenceItemGroup id="urn:ssb:codelist:stabas:8113603" relationshipType="N:M">
    <CorrespondenceItem id="urn:ssb:code:stabas:8113603-8113703">
      <CodeValue xmlns="http://www.ssb.no/ns/meta/codelist">700</CodeValue>
      <CodeTextGrp xmlns="http://www.ssb.no/ns/meta/codelist">
        <CodeText xml:lang="nb">Formidlingsavdelingen</CodeText>
      </CodeTextGrp>
      <CorrespondenceItemRelation targetItem="urn:ssb:code:stabas:-8113813" />
    </CorrespondenceItem>
    <CorrespondenceItem id="urn:ssb:code:stabas:8113603-8113707">
      <CodeValue xmlns="http://www.ssb.no/ns/meta/codelist">800</CodeValue>
      <CodeTextGrp xmlns="http://www.ssb.no/ns/meta/codelist">
        <CodeText xml:lang="nb">Avdeling for IT og datafangst</CodeText>
      </CodeTextGrp>
      <CorrespondenceItemRelation targetItem="urn:ssb:code:stabas:-8113809" />
    </CorrespondenceItem>
  </CorrespondenceItemGroup>
  <CorrespondenceItemGroup id="urn:ssb:codelist:stabas:8113605" relationshipType="N:M">
    <CorrespondenceItem id="urn:ssb:code:stabas:8113605-8113613">
      <CodeValue xmlns="http://www.ssb.no/ns/meta/codelist">120</CodeValue>
      <CodeTextGrp xmlns="http://www.ssb.no/ns/meta/codelist">
        <CodeText xml:lang="nb">Seksjon for statistiske metoder og standarder</CodeText>
      </CodeTextGrp>
      <CorrespondenceItemRelation targetItem="urn:ssb:code:stabas:-8113811" />
    </CorrespondenceItem>
    <CorrespondenceItem id="urn:ssb:code:stabas:8113605-8113615">
      <CodeValue xmlns="http://www.ssb.no/ns/meta/codelist">140</CodeValue>
      <CodeTextGrp xmlns="http://www.ssb.no/ns/meta/codelist">
        <CodeText xml:lang="nb">Seksjon for internasjonalt utviklingssamarbeid</CodeText>
      </CodeTextGrp>
      <CorrespondenceItemRelation targetItem="urn:ssb:code:stabas:-8113815" />
    </CorrespondenceItem>
    <CorrespondenceItem id="urn:ssb:code:stabas:8113605-8113679">
      <CodeValue xmlns="http://www.ssb.no/ns/meta/codelist">530</CodeValue>
      <CodeTextGrp xmlns="http://www.ssb.no/ns/meta/codelist">
        <CodeText xml:lang="nb">Gruppe for makroøkonomi</CodeText>
      </CodeTextGrp>
      <CorrespondenceItemRelation targetItem="urn:ssb:code:stabas:-8113199" />
    </CorrespondenceItem>
    <CorrespondenceItem id="urn:ssb:code:stabas:8113605-8113711">
      <CodeValue xmlns="http://www.ssb.no/ns/meta/codelist">810</CodeValue>
      <CodeTextGrp xmlns="http://www.ssb.no/ns/meta/codelist">
        <CodeText xml:lang="nb">Seksjon for datafangstmetoder</CodeText>
      </CodeTextGrp>
      <CorrespondenceItemRelation targetItem="urn:ssb:code:stabas:-8113817" />
    </CorrespondenceItem>
  </CorrespondenceItemGroup>
</CorrespondenceTable>