<?xml version="1.0" encoding="utf-8"?>
<CorrespondenceTable xmlns:xsi="http://www.w3.org/2001/XMLSchema-instance" xmlns:xsd="http://www.w3.org/2001/XMLSchema" id="urn:ssb:corrtable:stabas:8116153" classVersionSourceId="urn:ssb:classversion:stabas:7076001" classVersionTargetId="urn:ssb:classversion:stabas:7088601" classLevelSourceId="urn:ssb:codelist:stabas:" classLevelTargetId="urn:ssb:codelist:stabas:" showInternet="false" showIntranet="true" xmlns="http://www.ssb.no/ns/meta/correspondence">
  <TitleGrp>
    <Title xml:lang="nb">Seksjonsinndeling 2009/Seksjonsinndeling 2010</Title>
  </TitleGrp>
  <DescriptionGrp />
  <ContactInformation>
    <Person xmlns="http://www.ssb.no/ns/meta/common" />
    <Division xmlns="http://www.ssb.no/ns/meta/common" />
  </ContactInformation>
  <CorrespondenceItemGroup id="urn:ssb:codelist:stabas:" relationshipType="M:N" />
  <CorrespondenceItemGroup id="urn:ssb:codelist:stabas:7088605" relationshipType="N:M">
    <CorrespondenceItem id="urn:ssb:code:stabas:7088605-7088685">
      <CodeValue xmlns="http://www.ssb.no/ns/meta/codelist">630</CodeValue>
      <CodeTextGrp xmlns="http://www.ssb.no/ns/meta/codelist">
        <CodeText xml:lang="nn">Seksjon for publisering</CodeText>
        <CodeText xml:lang="nb">Seksjon for publisering</CodeText>
        <CodeText xml:lang="en">Division for publishing</CodeText>
      </CodeTextGrp>
      <CorrespondenceItemRelation targetItem="urn:ssb:code:stabas:-7076085" />
    </CorrespondenceItem>
  </CorrespondenceItemGroup>
</CorrespondenceTable>