<?xml version="1.0" encoding="utf-8"?>
<CorrespondenceTable xmlns:xsi="http://www.w3.org/2001/XMLSchema-instance" xmlns:xsd="http://www.w3.org/2001/XMLSchema" id="urn:ssb:corrtable:stabas:8116116" classVersionSourceId="urn:ssb:classversion:stabas:8113241" classVersionTargetId="urn:ssb:classversion:stabas:8112001" classLevelSourceId="urn:ssb:codelist:stabas:" classLevelTargetId="urn:ssb:codelist:stabas:" showInternet="false" showIntranet="true" xmlns="http://www.ssb.no/ns/meta/correspondence">
  <TitleGrp>
    <Title xml:lang="nb">Seksjonsinndeling 2004/Seksjonsinndeling2005</Title>
  </TitleGrp>
  <DescriptionGrp />
  <ContactInformation>
    <Person xmlns="http://www.ssb.no/ns/meta/common" />
    <Division xmlns="http://www.ssb.no/ns/meta/common" />
  </ContactInformation>
  <CorrespondenceItemGroup id="urn:ssb:codelist:stabas:" relationshipType="M:N" />
  <CorrespondenceItemGroup id="urn:ssb:codelist:stabas:8112005" relationshipType="N:M">
    <CorrespondenceItem id="urn:ssb:code:stabas:8112005-8112083">
      <CodeValue xmlns="http://www.ssb.no/ns/meta/codelist">550</CodeValue>
      <CodeTextGrp xmlns="http://www.ssb.no/ns/meta/codelist">
        <CodeText xml:lang="nb">Gruppe for offentlig økonomi</CodeText>
      </CodeTextGrp>
      <CorrespondenceItemRelation targetItem="urn:ssb:code:stabas:-8113323" />
    </CorrespondenceItem>
  </CorrespondenceItemGroup>
</CorrespondenceTable>