<?xml version="1.0" encoding="utf-8"?>
<CorrespondenceTable xmlns:xsi="http://www.w3.org/2001/XMLSchema-instance" xmlns:xsd="http://www.w3.org/2001/XMLSchema" id="urn:ssb:corrtable:stabas:8116109" classVersionSourceId="urn:ssb:classversion:stabas:8113601" classVersionTargetId="urn:ssb:classversion:stabas:8113241" classLevelSourceId="urn:ssb:codelist:stabas:" classLevelTargetId="urn:ssb:codelist:stabas:" showInternet="false" showIntranet="true" xmlns="http://www.ssb.no/ns/meta/correspondence">
  <TitleGrp>
    <Title xml:lang="nb">Seksjonsinndeling 2003/Seksjonsinndeling 2004</Title>
  </TitleGrp>
  <DescriptionGrp />
  <ContactInformation>
    <Person xmlns="http://www.ssb.no/ns/meta/common" />
    <Division xmlns="http://www.ssb.no/ns/meta/common" />
  </ContactInformation>
  <CorrespondenceItemGroup id="urn:ssb:codelist:stabas:" relationshipType="M:N" />
  <CorrespondenceItemGroup id="urn:ssb:codelist:stabas:8113245" relationshipType="N:M">
    <CorrespondenceItem id="urn:ssb:code:stabas:8113245-8113271">
      <CodeValue xmlns="http://www.ssb.no/ns/meta/codelist">250</CodeValue>
      <CodeTextGrp xmlns="http://www.ssb.no/ns/meta/codelist">
        <CodeText xml:lang="nb">Seksjon for kredittmarkedsstatistikk</CodeText>
      </CodeTextGrp>
      <CorrespondenceItemRelation targetItem="urn:ssb:code:stabas:-8113631" />
    </CorrespondenceItem>
    <CorrespondenceItem id="urn:ssb:code:stabas:8113245-8113285">
      <CodeValue xmlns="http://www.ssb.no/ns/meta/codelist">320</CodeValue>
      <CodeTextGrp xmlns="http://www.ssb.no/ns/meta/codelist">
        <CodeText xml:lang="nb">Seksjon for befolkningsstatistikk</CodeText>
      </CodeTextGrp>
      <CorrespondenceItemRelation targetItem="urn:ssb:code:stabas:-8113645" />
    </CorrespondenceItem>
    <CorrespondenceItem id="urn:ssb:code:stabas:8113245-8113337">
      <CodeValue xmlns="http://www.ssb.no/ns/meta/codelist">605</CodeValue>
      <CodeTextGrp xmlns="http://www.ssb.no/ns/meta/codelist">
        <CodeText xml:lang="nb">Seksjon for fellestjenester</CodeText>
      </CodeTextGrp>
      <CorrespondenceItemRelation targetItem="urn:ssb:code:stabas:-8113695" />
      <CorrespondenceItemRelation targetItem="urn:ssb:code:stabas:-8113697" />
    </CorrespondenceItem>
    <CorrespondenceItem id="urn:ssb:code:stabas:8113245-8113801">
      <CodeValue xmlns="http://www.ssb.no/ns/meta/codelist">280</CodeValue>
      <CodeTextGrp xmlns="http://www.ssb.no/ns/meta/codelist">
        <CodeText xml:lang="nb">Seksjon for offentlige finanser</CodeText>
      </CodeTextGrp>
      <CorrespondenceItemRelation targetItem="urn:ssb:code:stabas:-8113631" />
    </CorrespondenceItem>
    <CorrespondenceItem id="urn:ssb:code:stabas:8113245-8113803">
      <CodeValue xmlns="http://www.ssb.no/ns/meta/codelist">360</CodeValue>
      <CodeTextGrp xmlns="http://www.ssb.no/ns/meta/codelist">
        <CodeText xml:lang="nb">Seksjon for utdanningsstatistikk</CodeText>
      </CodeTextGrp>
      <CorrespondenceItemRelation targetItem="urn:ssb:code:stabas:-8113645" />
    </CorrespondenceItem>
  </CorrespondenceItemGroup>
</CorrespondenceTable>