<?xml version="1.0" encoding="utf-8"?>
<CorrespondenceTable xmlns:xsi="http://www.w3.org/2001/XMLSchema-instance" xmlns:xsd="http://www.w3.org/2001/XMLSchema" id="urn:ssb:corrtable:stabas:8116135" classVersionSourceId="urn:ssb:classversion:stabas:5574002" classVersionTargetId="urn:ssb:classversion:stabas:7076001" classLevelSourceId="urn:ssb:codelist:stabas:" classLevelTargetId="urn:ssb:codelist:stabas:" showInternet="false" showIntranet="true" xmlns="http://www.ssb.no/ns/meta/correspondence">
  <TitleGrp>
    <Title xml:lang="nb">Seksjonsinndeling 2008/Seksjonsinndeling 2009</Title>
  </TitleGrp>
  <DescriptionGrp />
  <ContactInformation>
    <Person xmlns="http://www.ssb.no/ns/meta/common" />
    <Division xmlns="http://www.ssb.no/ns/meta/common" />
  </ContactInformation>
  <CorrespondenceItemGroup id="urn:ssb:codelist:stabas:" relationshipType="M:N" />
  <CorrespondenceItemGroup id="urn:ssb:codelist:stabas:7076005" relationshipType="N:M">
    <CorrespondenceItem id="urn:ssb:code:stabas:7076005-7076011">
      <CodeValue xmlns="http://www.ssb.no/ns/meta/codelist">120</CodeValue>
      <CodeTextGrp xmlns="http://www.ssb.no/ns/meta/codelist">
        <CodeText xml:lang="nn">Internasjonalt sekretariat</CodeText>
        <CodeText xml:lang="nb">Internasjonalt sekretariat</CodeText>
        <CodeText xml:lang="en">International secretariat</CodeText>
      </CodeTextGrp>
      <CorrespondenceItemRelation targetItem="urn:ssb:code:stabas:-5574028" />
    </CorrespondenceItem>
    <CorrespondenceItem id="urn:ssb:code:stabas:7076005-7076013">
      <CodeValue xmlns="http://www.ssb.no/ns/meta/codelist">130</CodeValue>
      <CodeTextGrp xmlns="http://www.ssb.no/ns/meta/codelist">
        <CodeText xml:lang="nn">Seksjon for økonomistyring</CodeText>
        <CodeText xml:lang="nb">Seksjon for økonomistyring</CodeText>
        <CodeText xml:lang="en">Division for finance management</CodeText>
      </CodeTextGrp>
      <CorrespondenceItemRelation targetItem="urn:ssb:code:stabas:-5574082" />
    </CorrespondenceItem>
    <CorrespondenceItem id="urn:ssb:code:stabas:7076005-7076031">
      <CodeValue xmlns="http://www.ssb.no/ns/meta/codelist">270</CodeValue>
      <CodeTextGrp xmlns="http://www.ssb.no/ns/meta/codelist">
        <CodeText xml:lang="nn">Seksjon for utanrikshandelsstatistikk</CodeText>
        <CodeText xml:lang="nb">Seksjon for utenrikshandelsstatistikk</CodeText>
        <CodeText xml:lang="en">Division for external trade statistics</CodeText>
      </CodeTextGrp>
      <CorrespondenceItemRelation targetItem="urn:ssb:code:stabas:-5574044" />
    </CorrespondenceItem>
    <CorrespondenceItem id="urn:ssb:code:stabas:7076005-7076051">
      <CodeValue xmlns="http://www.ssb.no/ns/meta/codelist">440</CodeValue>
      <CodeTextGrp xmlns="http://www.ssb.no/ns/meta/codelist">
        <CodeText xml:lang="nn">Seksjon for transport, reiselivs- og IKT-statistikk</CodeText>
        <CodeText xml:lang="nb">Seksjon for transport-, reiselivs- og IKT-statistikk</CodeText>
        <CodeText xml:lang="en">Division for transport, tourism and ICT statistics</CodeText>
      </CodeTextGrp>
      <CorrespondenceItemRelation targetItem="urn:ssb:code:stabas:-5574060" />
    </CorrespondenceItem>
    <CorrespondenceItem id="urn:ssb:code:stabas:7076005-7076079">
      <CodeValue xmlns="http://www.ssb.no/ns/meta/codelist">605</CodeValue>
      <CodeTextGrp xmlns="http://www.ssb.no/ns/meta/codelist">
        <CodeText xml:lang="nn">Seksjon for eigedomsforvalting og drift</CodeText>
        <CodeText xml:lang="nb">Seksjon for eiendomsforvaltning og drift</CodeText>
        <CodeText xml:lang="en">Division for property management and maintenance</CodeText>
      </CodeTextGrp>
      <CorrespondenceItemRelation targetItem="urn:ssb:code:stabas:-5574080" />
    </CorrespondenceItem>
    <CorrespondenceItem id="urn:ssb:code:stabas:7076005-7076081">
      <CodeValue xmlns="http://www.ssb.no/ns/meta/codelist">610</CodeValue>
      <CodeTextGrp xmlns="http://www.ssb.no/ns/meta/codelist">
        <CodeText xml:lang="nn">Seksjon for informasjon og dokumentasjon</CodeText>
        <CodeText xml:lang="nb">Seksjon for informasjon og dokumentasjon</CodeText>
        <CodeText xml:lang="en">Division for information and documentation</CodeText>
      </CodeTextGrp>
      <CorrespondenceItemRelation targetItem="urn:ssb:code:stabas:-5574086" />
    </CorrespondenceItem>
    <CorrespondenceItem id="urn:ssb:code:stabas:7076005-7076083">
      <CodeValue xmlns="http://www.ssb.no/ns/meta/codelist">620</CodeValue>
      <CodeTextGrp xmlns="http://www.ssb.no/ns/meta/codelist">
        <CodeText xml:lang="nn">Seksjon for redaksjon og mediekontakt</CodeText>
        <CodeText xml:lang="nb">Seksjon for redaksjon og mediekontakt</CodeText>
        <CodeText xml:lang="en">Division for dissemination and media relations</CodeText>
      </CodeTextGrp>
      <CorrespondenceItemRelation targetItem="urn:ssb:code:stabas:-5574088" />
    </CorrespondenceItem>
    <CorrespondenceItem id="urn:ssb:code:stabas:7076005-7076085">
      <CodeValue xmlns="http://www.ssb.no/ns/meta/codelist">630</CodeValue>
      <CodeTextGrp xmlns="http://www.ssb.no/ns/meta/codelist">
        <CodeText xml:lang="nn">Seksjon for web og publisering</CodeText>
        <CodeText xml:lang="nb">Seksjon for web og publisering</CodeText>
        <CodeText xml:lang="en">Division for web and publishing</CodeText>
      </CodeTextGrp>
      <CorrespondenceItemRelation targetItem="urn:ssb:code:stabas:-5574090" />
    </CorrespondenceItem>
    <CorrespondenceItem id="urn:ssb:code:stabas:7076005-7076095">
      <CodeValue xmlns="http://www.ssb.no/ns/meta/codelist">710</CodeValue>
      <CodeTextGrp xmlns="http://www.ssb.no/ns/meta/codelist">
        <CodeText xml:lang="nn">Seksjon for IT infrastruktur</CodeText>
        <CodeText xml:lang="nb">Seksjon for IT infrastruktur</CodeText>
        <CodeText xml:lang="en">Division for IT infrastructure</CodeText>
      </CodeTextGrp>
      <CorrespondenceItemRelation targetItem="urn:ssb:code:stabas:-5574098" />
    </CorrespondenceItem>
    <CorrespondenceItem id="urn:ssb:code:stabas:7076005-7076097">
      <CodeValue xmlns="http://www.ssb.no/ns/meta/codelist">720</CodeValue>
      <CodeTextGrp xmlns="http://www.ssb.no/ns/meta/codelist">
        <CodeText xml:lang="nn">Seksjon for statistiske metodar og standardar</CodeText>
        <CodeText xml:lang="nb">Seksjon for statistiske metoder og standarder </CodeText>
        <CodeText xml:lang="en">Division for statistical methods and standards</CodeText>
      </CodeTextGrp>
      <CorrespondenceItemRelation targetItem="urn:ssb:code:stabas:-5574030" />
    </CorrespondenceItem>
    <CorrespondenceItem id="urn:ssb:code:stabas:7076005-7076109">
      <CodeValue xmlns="http://www.ssb.no/ns/meta/codelist">810</CodeValue>
      <CodeTextGrp xmlns="http://www.ssb.no/ns/meta/codelist">
        <CodeText xml:lang="nn">Seksjon for statistiske populasjonar</CodeText>
        <CodeText xml:lang="nb">Seksjon for statistiske populasjoner</CodeText>
        <CodeText xml:lang="en">Division for statistical populations</CodeText>
      </CodeTextGrp>
      <CorrespondenceItemRelation targetItem="urn:ssb:code:stabas:-5574054" />
    </CorrespondenceItem>
    <CorrespondenceItem id="urn:ssb:code:stabas:7076005-7076115">
      <CodeValue xmlns="http://www.ssb.no/ns/meta/codelist">840</CodeValue>
      <CodeTextGrp xmlns="http://www.ssb.no/ns/meta/codelist">
        <CodeText xml:lang="nn">Seksjon for intervju</CodeText>
        <CodeText xml:lang="nb">Seksjon for intervju</CodeText>
        <CodeText xml:lang="en">Division for interviews</CodeText>
      </CodeTextGrp>
      <CorrespondenceItemRelation targetItem="urn:ssb:code:stabas:-5574102" />
    </CorrespondenceItem>
  </CorrespondenceItemGroup>
  <CorrespondenceItemGroup id="urn:ssb:codelist:stabas:7076003" relationshipType="N:M">
    <CorrespondenceItem id="urn:ssb:code:stabas:7076003-7076007">
      <CodeValue xmlns="http://www.ssb.no/ns/meta/codelist">100</CodeValue>
      <CodeTextGrp xmlns="http://www.ssb.no/ns/meta/codelist">
        <CodeText xml:lang="nn">Avdeling for plan og økonomi</CodeText>
        <CodeText xml:lang="nb">Avdeling for plan og økonomi</CodeText>
        <CodeText xml:lang="en">Department of  planning and finance</CodeText>
      </CodeTextGrp>
      <CorrespondenceItemRelation targetItem="urn:ssb:code:stabas:-5574026" />
    </CorrespondenceItem>
    <CorrespondenceItem id="urn:ssb:code:stabas:7076003-7076075">
      <CodeValue xmlns="http://www.ssb.no/ns/meta/codelist">600</CodeValue>
      <CodeTextGrp xmlns="http://www.ssb.no/ns/meta/codelist">
        <CodeText xml:lang="nn">Avdeling for personal og formidling</CodeText>
        <CodeText xml:lang="nb">Avdeling for personal og formidling</CodeText>
        <CodeText xml:lang="en">Department of  human resources and communication</CodeText>
      </CodeTextGrp>
      <CorrespondenceItemRelation targetItem="urn:ssb:code:stabas:-5574016" />
    </CorrespondenceItem>
    <CorrespondenceItem id="urn:ssb:code:stabas:7076003-7076091">
      <CodeValue xmlns="http://www.ssb.no/ns/meta/codelist">700</CodeValue>
      <CodeTextGrp xmlns="http://www.ssb.no/ns/meta/codelist">
        <CodeText xml:lang="nn">Avdeling for IT og metode</CodeText>
        <CodeText xml:lang="nb">Avdeling for IT og metode</CodeText>
        <CodeText xml:lang="en">Department of  IT and statistical methods</CodeText>
      </CodeTextGrp>
      <CorrespondenceItemRelation targetItem="urn:ssb:code:stabas:-5574020" />
    </CorrespondenceItem>
    <CorrespondenceItem id="urn:ssb:code:stabas:7076003-7076105">
      <CodeValue xmlns="http://www.ssb.no/ns/meta/codelist">800</CodeValue>
      <CodeTextGrp xmlns="http://www.ssb.no/ns/meta/codelist">
        <CodeText xml:lang="nn">Avdeling for datafangst</CodeText>
        <CodeText xml:lang="nb">Avdeling for datafangst</CodeText>
        <CodeText xml:lang="en">Department of Data Collection</CodeText>
      </CodeTextGrp>
      <CorrespondenceItemRelation targetItem="urn:ssb:code:stabas:-5574022" />
    </CorrespondenceItem>
  </CorrespondenceItemGroup>
</CorrespondenceTable>