<?xml version="1.0" encoding="utf-8"?>
<CorrespondenceTable xmlns:xsi="http://www.w3.org/2001/XMLSchema-instance" xmlns:xsd="http://www.w3.org/2001/XMLSchema" id="urn:ssb:corrtable:stabas:8116101" classVersionSourceId="urn:ssb:classversion:stabas:8113001" classVersionTargetId="urn:ssb:classversion:stabas:8113121" classLevelSourceId="urn:ssb:codelist:stabas:" classLevelTargetId="urn:ssb:codelist:stabas:" showInternet="false" showIntranet="true" xmlns="http://www.ssb.no/ns/meta/correspondence">
  <TitleGrp>
    <Title xml:lang="nb">Seksjonsinndeling 2001/Seksjonsinndeling 2002</Title>
  </TitleGrp>
  <DescriptionGrp />
  <ContactInformation>
    <Person xmlns="http://www.ssb.no/ns/meta/common" />
    <Division xmlns="http://www.ssb.no/ns/meta/common" />
  </ContactInformation>
</CorrespondenceTable>