<?xml version="1.0" encoding="utf-8"?>
<CorrespondenceTable xmlns:xsi="http://www.w3.org/2001/XMLSchema-instance" xmlns:xsd="http://www.w3.org/2001/XMLSchema" id="urn:ssb:corrtable:stabas:8116120" classVersionSourceId="urn:ssb:classversion:stabas:8113361" classVersionTargetId="urn:ssb:classversion:stabas:5574002" classLevelSourceId="urn:ssb:codelist:stabas:" classLevelTargetId="urn:ssb:codelist:stabas:" showInternet="false" showIntranet="true" xmlns="http://www.ssb.no/ns/meta/correspondence">
  <TitleGrp>
    <Title xml:lang="nb">Seksjonsinndeling 2007/Seksjonsinndeling 2008</Title>
  </TitleGrp>
  <DescriptionGrp />
  <ContactInformation>
    <Person xmlns="http://www.ssb.no/ns/meta/common" />
    <Division xmlns="http://www.ssb.no/ns/meta/common" />
  </ContactInformation>
  <CorrespondenceItemGroup id="urn:ssb:codelist:stabas:" relationshipType="M:N" />
  <CorrespondenceItemGroup id="urn:ssb:codelist:stabas:5574006" relationshipType="N:M">
    <CorrespondenceItem id="urn:ssb:code:stabas:5574006-5574034">
      <CodeValue xmlns="http://www.ssb.no/ns/meta/codelist">215</CodeValue>
      <CodeTextGrp xmlns="http://www.ssb.no/ns/meta/codelist">
        <CodeText xml:lang="nn">Seksjon for energistatistikk</CodeText>
        <CodeText xml:lang="nb">Seksjon for energistatistikk</CodeText>
        <CodeText xml:lang="en">Dividion for energy statistics</CodeText>
      </CodeTextGrp>
      <CorrespondenceItemRelation targetItem="urn:ssb:code:stabas:-8113387" />
    </CorrespondenceItem>
    <CorrespondenceItem id="urn:ssb:code:stabas:5574006-5574038">
      <CodeValue xmlns="http://www.ssb.no/ns/meta/codelist">225</CodeValue>
      <CodeTextGrp xmlns="http://www.ssb.no/ns/meta/codelist">
        <CodeText xml:lang="nn">Seksjon for inntekts- og lønsstatistikk</CodeText>
        <CodeText xml:lang="nb">Seksjon for inntekts- og lønnsstatistikk</CodeText>
        <CodeText xml:lang="en">Division for income and wage statistics</CodeText>
      </CodeTextGrp>
      <CorrespondenceItemRelation targetItem="urn:ssb:code:stabas:-8113423" />
    </CorrespondenceItem>
    <CorrespondenceItem id="urn:ssb:code:stabas:5574006-5574040">
      <CodeValue xmlns="http://www.ssb.no/ns/meta/codelist">240</CodeValue>
      <CodeTextGrp xmlns="http://www.ssb.no/ns/meta/codelist">
        <CodeText xml:lang="nn">eksjon for prisstatistikk</CodeText>
        <CodeText xml:lang="nb">Seksjon for prisstatistikk</CodeText>
        <CodeText xml:lang="en">Division for price statistics</CodeText>
      </CodeTextGrp>
      <CorrespondenceItemRelation targetItem="urn:ssb:code:stabas:-8113389" />
    </CorrespondenceItem>
    <CorrespondenceItem id="urn:ssb:code:stabas:5574006-5574064">
      <CodeValue xmlns="http://www.ssb.no/ns/meta/codelist">470</CodeValue>
      <CodeTextGrp xmlns="http://www.ssb.no/ns/meta/codelist">
        <CodeText xml:lang="nn">Seksjon for industristatistikk</CodeText>
        <CodeText xml:lang="nb">Seksjon for industristatistikk</CodeText>
        <CodeText xml:lang="en">Division for manufacturing statistics</CodeText>
      </CodeTextGrp>
      <CorrespondenceItemRelation targetItem="urn:ssb:code:stabas:-8113387" />
    </CorrespondenceItem>
    <CorrespondenceItem id="urn:ssb:code:stabas:5574006-5574068">
      <CodeValue xmlns="http://www.ssb.no/ns/meta/codelist">520</CodeValue>
      <CodeTextGrp xmlns="http://www.ssb.no/ns/meta/codelist">
        <CodeText xml:lang="nn">Gruppe for klima- og energiøkonomi</CodeText>
        <CodeText xml:lang="nb">Gruppe for klima- og energiøkonomi</CodeText>
        <CodeText xml:lang="en">Unit for climate and energy economics</CodeText>
      </CodeTextGrp>
      <CorrespondenceItemRelation targetItem="urn:ssb:code:stabas:-8113437" />
    </CorrespondenceItem>
    <CorrespondenceItem id="urn:ssb:code:stabas:5574006-5574078">
      <CodeValue xmlns="http://www.ssb.no/ns/meta/codelist">590</CodeValue>
      <CodeTextGrp xmlns="http://www.ssb.no/ns/meta/codelist">
        <CodeText xml:lang="nn">Seksjon for demografi og levekårsforsking</CodeText>
        <CodeText xml:lang="nb">Seksjon for demografi og levekårsforskning</CodeText>
        <CodeText xml:lang="en">Division for social and demographic research</CodeText>
      </CodeTextGrp>
      <CorrespondenceItemRelation targetItem="urn:ssb:code:stabas:-8113403" />
    </CorrespondenceItem>
    <CorrespondenceItem id="urn:ssb:code:stabas:5574006-5574104">
      <CodeValue xmlns="http://www.ssb.no/ns/meta/codelist">930</CodeValue>
      <CodeTextGrp xmlns="http://www.ssb.no/ns/meta/codelist">
        <CodeText xml:lang="nn">Seksjon for nasjonalrekneskap</CodeText>
        <CodeText xml:lang="nb">Seksjon for nasjonalregnskap</CodeText>
        <CodeText xml:lang="en">Division for national accounts</CodeText>
      </CodeTextGrp>
      <CorrespondenceItemRelation targetItem="urn:ssb:code:stabas:-8113383" />
    </CorrespondenceItem>
    <CorrespondenceItem id="urn:ssb:code:stabas:5574006-5574106">
      <CodeValue xmlns="http://www.ssb.no/ns/meta/codelist">940</CodeValue>
      <CodeTextGrp xmlns="http://www.ssb.no/ns/meta/codelist">
        <CodeText xml:lang="nn">Seksjon for finansmarknadsstatistikk</CodeText>
        <CodeText xml:lang="nb">Seksjon for finansmarkedsstatistikk</CodeText>
        <CodeText xml:lang="en">Division for financial markets statistics</CodeText>
      </CodeTextGrp>
      <CorrespondenceItemRelation targetItem="urn:ssb:code:stabas:-8113391" />
      <CorrespondenceItemRelation targetItem="urn:ssb:code:stabas:-8113807" />
    </CorrespondenceItem>
    <CorrespondenceItem id="urn:ssb:code:stabas:5574006-5574108">
      <CodeValue xmlns="http://www.ssb.no/ns/meta/codelist">950</CodeValue>
      <CodeTextGrp xmlns="http://www.ssb.no/ns/meta/codelist">
        <CodeText xml:lang="nn">Seksjon for offentlege finansar</CodeText>
        <CodeText xml:lang="nb">Seksjon for offentlige finanser</CodeText>
        <CodeText xml:lang="en">Division for public finance</CodeText>
      </CodeTextGrp>
      <CorrespondenceItemRelation targetItem="urn:ssb:code:stabas:-8114023" />
    </CorrespondenceItem>
    <CorrespondenceItem id="urn:ssb:code:stabas:5574006-5574110">
      <CodeValue xmlns="http://www.ssb.no/ns/meta/codelist">960</CodeValue>
      <CodeTextGrp xmlns="http://www.ssb.no/ns/meta/codelist">
        <CodeText xml:lang="nn">Seksjon for finansielle føretak</CodeText>
        <CodeText xml:lang="nb">Seksjon for finansielle foretak</CodeText>
        <CodeText xml:lang="en">Division for financial corporations</CodeText>
      </CodeTextGrp>
      <CorrespondenceItemRelation targetItem="urn:ssb:code:stabas:-8113391" />
      <CorrespondenceItemRelation targetItem="urn:ssb:code:stabas:-8113807" />
    </CorrespondenceItem>
    <CorrespondenceItem id="urn:ssb:code:stabas:5574006-5574112">
      <CodeValue xmlns="http://www.ssb.no/ns/meta/codelist">970</CodeValue>
      <CodeTextGrp xmlns="http://www.ssb.no/ns/meta/codelist">
        <CodeText xml:lang="nn">Seksjon for rekneskapsstatistikk</CodeText>
        <CodeText xml:lang="nb">Seksjon for regnskapsstatistikk</CodeText>
        <CodeText xml:lang="en">Division for accounting statistics</CodeText>
      </CodeTextGrp>
      <CorrespondenceItemRelation targetItem="urn:ssb:code:stabas:-8113423" />
    </CorrespondenceItem>
    <CorrespondenceItem id="urn:ssb:code:stabas:5574006-5576005">
      <CodeValue xmlns="http://www.ssb.no/ns/meta/codelist">903</CodeValue>
      <CodeTextGrp xmlns="http://www.ssb.no/ns/meta/codelist">
        <CodeText xml:lang="nn">Seksjon for IT ressurs, økonomi og finansstatistikk</CodeText>
        <CodeText xml:lang="nb">Seksjon for IT ressurs, økonomi og finansstatistikk</CodeText>
        <CodeText xml:lang="en">Division for IT resources, Economics and financial statistics</CodeText>
      </CodeTextGrp>
      <CorrespondenceItemRelation targetItem="urn:ssb:code:stabas:-8113381" />
    </CorrespondenceItem>
  </CorrespondenceItemGroup>
  <CorrespondenceItemGroup id="urn:ssb:codelist:stabas:5574004" relationshipType="N:M">
    <CorrespondenceItem id="urn:ssb:code:stabas:5574004-5574008">
      <CodeValue xmlns="http://www.ssb.no/ns/meta/codelist">200</CodeValue>
      <CodeTextGrp xmlns="http://www.ssb.no/ns/meta/codelist">
        <CodeText xml:lang="nn">Avdeling for økonomi, energi og miljø  </CodeText>
        <CodeText xml:lang="nb">Avdeling for økonomi, energi og miljø</CodeText>
        <CodeText xml:lang="en">Department of  Economics, Energy and the Environment</CodeText>
      </CodeTextGrp>
      <CorrespondenceItemRelation targetItem="urn:ssb:code:stabas:-8113377" />
    </CorrespondenceItem>
    <CorrespondenceItem id="urn:ssb:code:stabas:5574004-5574026">
      <CodeValue xmlns="http://www.ssb.no/ns/meta/codelist">100</CodeValue>
      <CodeTextGrp xmlns="http://www.ssb.no/ns/meta/codelist">
        <CodeText xml:lang="nn">Stabsavdelinga</CodeText>
        <CodeText xml:lang="nb">Stabsavdelingen</CodeText>
        <CodeText xml:lang="en">Department of  Management Support</CodeText>
      </CodeTextGrp>
      <CorrespondenceItemRelation targetItem="urn:ssb:code:stabas:-8113367" />
    </CorrespondenceItem>
  </CorrespondenceItemGroup>
</CorrespondenceTable>