<?xml version="1.0" encoding="utf-8"?>
<CorrespondenceTable xmlns:xsi="http://www.w3.org/2001/XMLSchema-instance" xmlns:xsd="http://www.w3.org/2001/XMLSchema" id="urn:ssb:corrtable:stabas:8223501" classVersionSourceId="urn:ssb:classversion:stabas:7332901" classVersionTargetId="urn:ssb:classversion:stabas:8116201" classLevelSourceId="urn:ssb:codelist:stabas:" classLevelTargetId="urn:ssb:codelist:stabas:" showInternet="false" showIntranet="true" xmlns="http://www.ssb.no/ns/meta/correspondence">
  <TitleGrp>
    <Title xml:lang="nb">Seksjonsinndeling 2011/Seksjonsinndeling 2012</Title>
  </TitleGrp>
  <DescriptionGrp />
  <ContactInformation>
    <Person xmlns="http://www.ssb.no/ns/meta/common" />
    <Division xmlns="http://www.ssb.no/ns/meta/common" />
  </ContactInformation>
  <CorrespondenceItemGroup id="urn:ssb:codelist:stabas:" relationshipType="M:N" />
  <CorrespondenceItemGroup id="urn:ssb:codelist:stabas:8116205" relationshipType="N:M">
    <CorrespondenceItem id="urn:ssb:code:stabas:8116205-8116209">
      <CodeValue xmlns="http://www.ssb.no/ns/meta/codelist">100</CodeValue>
      <CodeTextGrp xmlns="http://www.ssb.no/ns/meta/codelist">
        <CodeText xml:lang="nn">Administrasjonsavdeling og administrerande direktør</CodeText>
        <CodeText xml:lang="nb">Administrasjonsavdeling og administrerende direktør</CodeText>
        <CodeText xml:lang="en">Department of  administrative affairs and direktor general</CodeText>
      </CodeTextGrp>
      <CorrespondenceItemRelation targetItem="urn:ssb:code:stabas:-7332907" />
    </CorrespondenceItem>
    <CorrespondenceItem id="urn:ssb:code:stabas:8116205-8116277">
      <CodeValue xmlns="http://www.ssb.no/ns/meta/codelist">600</CodeValue>
      <CodeTextGrp xmlns="http://www.ssb.no/ns/meta/codelist">
        <CodeText xml:lang="nn">Kommunikasjonsavdelinga</CodeText>
        <CodeText xml:lang="nb">Kommunikasjonsavdelingen</CodeText>
        <CodeText xml:lang="en">Department of communication</CodeText>
      </CodeTextGrp>
      <CorrespondenceItemRelation targetItem="urn:ssb:code:stabas:-7332975" />
    </CorrespondenceItem>
  </CorrespondenceItemGroup>
  <CorrespondenceItemGroup id="urn:ssb:codelist:stabas:8116207" relationshipType="N:M">
    <CorrespondenceItem id="urn:ssb:code:stabas:8116207-8116211">
      <CodeValue xmlns="http://www.ssb.no/ns/meta/codelist">101</CodeValue>
      <CodeTextGrp xmlns="http://www.ssb.no/ns/meta/codelist">
        <CodeText xml:lang="nn">Administrerande direktør med stab</CodeText>
        <CodeText xml:lang="nb">Administrerende direktør med stab</CodeText>
        <CodeText xml:lang="en">Director general with staff</CodeText>
      </CodeTextGrp>
      <CorrespondenceItemRelation targetItem="urn:ssb:code:stabas:-8110107" />
    </CorrespondenceItem>
    <CorrespondenceItem id="urn:ssb:code:stabas:8116207-8116213">
      <CodeValue xmlns="http://www.ssb.no/ns/meta/codelist">110</CodeValue>
      <CodeTextGrp xmlns="http://www.ssb.no/ns/meta/codelist">
        <CodeText xml:lang="nn">Stab for strategi og virksomhetskontroll</CodeText>
        <CodeText xml:lang="nb">Stab for strategi og virksomhetskontroll</CodeText>
        <CodeText xml:lang="en">Staff - Planning and finance</CodeText>
      </CodeTextGrp>
      <CorrespondenceItemRelation targetItem="urn:ssb:code:stabas:-7332909" />
    </CorrespondenceItem>
    <CorrespondenceItem id="urn:ssb:code:stabas:8116207-8116223">
      <CodeValue xmlns="http://www.ssb.no/ns/meta/codelist">201</CodeValue>
      <CodeTextGrp xmlns="http://www.ssb.no/ns/meta/codelist">
        <CodeText xml:lang="nn">Fagdirektør med stab - Økonomi-, energi- og miljøstatistikk</CodeText>
        <CodeText xml:lang="nb">Fagdirektør med stab - økonomi-, energi- og miljøstatistikk</CodeText>
        <CodeText xml:lang="en">Head of department with staff - Economics, energy and the environment statistics</CodeText>
      </CodeTextGrp>
      <CorrespondenceItemRelation targetItem="urn:ssb:code:stabas:-7332919" />
    </CorrespondenceItem>
    <CorrespondenceItem id="urn:ssb:code:stabas:8116207-8116225">
      <CodeValue xmlns="http://www.ssb.no/ns/meta/codelist">215</CodeValue>
      <CodeTextGrp xmlns="http://www.ssb.no/ns/meta/codelist">
        <CodeText xml:lang="nn">Seksjon for energi- og miljøstatistikk</CodeText>
        <CodeText xml:lang="nb">Seksjon for energi- og miljøstatistikk</CodeText>
        <CodeText xml:lang="en">Division for energy- and environmental statistics</CodeText>
      </CodeTextGrp>
      <CorrespondenceItemRelation targetItem="urn:ssb:code:stabas:-7332921" />
      <CorrespondenceItemRelation targetItem="urn:ssb:code:stabas:-7332923" />
    </CorrespondenceItem>
    <CorrespondenceItem id="urn:ssb:code:stabas:8116207-8116227">
      <CodeValue xmlns="http://www.ssb.no/ns/meta/codelist">220</CodeValue>
      <CodeTextGrp xmlns="http://www.ssb.no/ns/meta/codelist">
        <CodeText xml:lang="nn">Seksjon for naturressurs- og miljøstatistikk</CodeText>
        <CodeText xml:lang="nb">Seksjon for naturressurs- og miljøstatistikk</CodeText>
        <CodeText xml:lang="en">Division for natural resources- and environmental statistics</CodeText>
      </CodeTextGrp>
      <CorrespondenceItemRelation targetItem="urn:ssb:code:stabas:-7332923" />
    </CorrespondenceItem>
    <CorrespondenceItem id="urn:ssb:code:stabas:8116207-8116239">
      <CodeValue xmlns="http://www.ssb.no/ns/meta/codelist">301</CodeValue>
      <CodeTextGrp xmlns="http://www.ssb.no/ns/meta/codelist">
        <CodeText xml:lang="nn">Fagdirektør med stab - Personstatistikk</CodeText>
        <CodeText xml:lang="nb">Fagdirektør med stab - Personstatistikk</CodeText>
        <CodeText xml:lang="en">Head of department with staff - Social statistics</CodeText>
      </CodeTextGrp>
      <CorrespondenceItemRelation targetItem="urn:ssb:code:stabas:-7332935" />
    </CorrespondenceItem>
    <CorrespondenceItem id="urn:ssb:code:stabas:8116207-8116251">
      <CodeValue xmlns="http://www.ssb.no/ns/meta/codelist">401</CodeValue>
      <CodeTextGrp xmlns="http://www.ssb.no/ns/meta/codelist">
        <CodeText xml:lang="nn">Fagdirektør med stab - Næringsstatistikk</CodeText>
        <CodeText xml:lang="nb">Fagdirektør med stab - Næringsstatistikk</CodeText>
        <CodeText xml:lang="en">Head of department with staff - Industry statistics</CodeText>
      </CodeTextGrp>
      <CorrespondenceItemRelation targetItem="urn:ssb:code:stabas:-7332947" />
    </CorrespondenceItem>
    <CorrespondenceItem id="urn:ssb:code:stabas:8116207-8116263">
      <CodeValue xmlns="http://www.ssb.no/ns/meta/codelist">501</CodeValue>
      <CodeTextGrp xmlns="http://www.ssb.no/ns/meta/codelist">
        <CodeText xml:lang="nn">Forskningsdirektør med stab - Forsking</CodeText>
        <CodeText xml:lang="nb">Forskningsdirektør med stab - Forskning</CodeText>
        <CodeText xml:lang="en">Head of Research department with staff - Research</CodeText>
      </CodeTextGrp>
      <CorrespondenceItemRelation targetItem="urn:ssb:code:stabas:-7332959" />
    </CorrespondenceItem>
    <CorrespondenceItem id="urn:ssb:code:stabas:8116207-8116279">
      <CodeValue xmlns="http://www.ssb.no/ns/meta/codelist">601</CodeValue>
      <CodeTextGrp xmlns="http://www.ssb.no/ns/meta/codelist">
        <CodeText xml:lang="nn">Fagdirektør med stab - Kommunikasjonsavdelinga</CodeText>
        <CodeText xml:lang="nb">Fagdirektør med stab - Kommunikasjonsavdelingen</CodeText>
        <CodeText xml:lang="en">Head of division with staff - Department of communication</CodeText>
      </CodeTextGrp>
      <CorrespondenceItemRelation targetItem="urn:ssb:code:stabas:-7332977" />
    </CorrespondenceItem>
    <CorrespondenceItem id="urn:ssb:code:stabas:8116207-8116291">
      <CodeValue xmlns="http://www.ssb.no/ns/meta/codelist">701</CodeValue>
      <CodeTextGrp xmlns="http://www.ssb.no/ns/meta/codelist">
        <CodeText xml:lang="nn">Fagdirektør med stab - IT og metode</CodeText>
        <CodeText xml:lang="nb">Fagdirektør med stab - IT og metode</CodeText>
        <CodeText xml:lang="en">Head of division with staff - IT and statistical methods</CodeText>
      </CodeTextGrp>
      <CorrespondenceItemRelation targetItem="urn:ssb:code:stabas:-7332991" />
    </CorrespondenceItem>
    <CorrespondenceItem id="urn:ssb:code:stabas:8116207-8116305">
      <CodeValue xmlns="http://www.ssb.no/ns/meta/codelist">801</CodeValue>
      <CodeTextGrp xmlns="http://www.ssb.no/ns/meta/codelist">
        <CodeText xml:lang="nn">Fagdirektør med stab - Datafangst</CodeText>
        <CodeText xml:lang="nb">Fagdirektør med stab - Datafangst</CodeText>
        <CodeText xml:lang="en">Head of division with staff - Data collection</CodeText>
      </CodeTextGrp>
      <CorrespondenceItemRelation targetItem="urn:ssb:code:stabas:-7333005" />
    </CorrespondenceItem>
    <CorrespondenceItem id="urn:ssb:code:stabas:8116207-8116319">
      <CodeValue xmlns="http://www.ssb.no/ns/meta/codelist">901</CodeValue>
      <CodeTextGrp xmlns="http://www.ssb.no/ns/meta/codelist">
        <CodeText xml:lang="nn">Fagdirektør med stab - Nasjonalregnskap og finansstatistikk</CodeText>
        <CodeText xml:lang="nb">Fagdirektør med stab - Nasjonalregnskap og finansstatistikk</CodeText>
        <CodeText xml:lang="en">Head of department with staff - National accounts and financial statistics</CodeText>
      </CodeTextGrp>
      <CorrespondenceItemRelation targetItem="urn:ssb:code:stabas:-7333019" />
    </CorrespondenceItem>
    <CorrespondenceItem id="urn:ssb:code:stabas:8116207-8116401">
      <CodeValue xmlns="http://www.ssb.no/ns/meta/codelist">150</CodeValue>
      <CodeTextGrp xmlns="http://www.ssb.no/ns/meta/codelist">
        <CodeText xml:lang="nn">Seksjon for personal og kompetanse </CodeText>
        <CodeText xml:lang="nb">Seksjon for personal og kompetanse</CodeText>
        <CodeText xml:lang="en">Division for human resources</CodeText>
      </CodeTextGrp>
      <CorrespondenceItemRelation targetItem="urn:ssb:code:stabas:-7332985" />
    </CorrespondenceItem>
    <CorrespondenceItem id="urn:ssb:code:stabas:8116207-8116403">
      <CodeValue xmlns="http://www.ssb.no/ns/meta/codelist">160</CodeValue>
      <CodeTextGrp xmlns="http://www.ssb.no/ns/meta/codelist">
        <CodeText xml:lang="nn">Seksjon for eiendomsforvaltning og drift</CodeText>
        <CodeText xml:lang="nb">Seksjon for eiendomsforvaltning</CodeText>
        <CodeText xml:lang="en">Division for property management and maintenance</CodeText>
      </CodeTextGrp>
      <CorrespondenceItemRelation targetItem="urn:ssb:code:stabas:-7332979" />
    </CorrespondenceItem>
    <CorrespondenceItem id="urn:ssb:code:stabas:8116207-8116405">
      <CodeValue xmlns="http://www.ssb.no/ns/meta/codelist">980</CodeValue>
      <CodeTextGrp xmlns="http://www.ssb.no/ns/meta/codelist">
        <CodeText xml:lang="nn">Seksjon for utenrikshandelsstatistikk </CodeText>
        <CodeText xml:lang="nb">Seksjon for utenrikshandelsstatistikk</CodeText>
        <CodeText xml:lang="en">Division for external trade statistics</CodeText>
      </CodeTextGrp>
      <CorrespondenceItemRelation targetItem="urn:ssb:code:stabas:-7332931" />
    </CorrespondenceItem>
  </CorrespondenceItemGroup>
</CorrespondenceTable>