<?xml version="1.0" encoding="utf-8"?>
<CorrespondenceTable xmlns:xsi="http://www.w3.org/2001/XMLSchema-instance" xmlns:xsd="http://www.w3.org/2001/XMLSchema" id="urn:ssb:corrtable:stabas:8293401" classVersionSourceId="urn:ssb:classversion:stabas:8258101" classVersionTargetId="urn:ssb:classversion:stabas:2954101" classLevelSourceId="urn:ssb:codelist:stabas:8258105" classLevelTargetId="urn:ssb:codelist:stabas:2954108" showInternet="true" showIntranet="true" xmlns="http://www.ssb.no/ns/meta/correspondence">
  <TitleGrp>
    <Title xml:lang="nn">Kommunar 2012, Bydel 2004</Title>
    <Title xml:lang="nb">Kommuner 2012, Bydel 2004</Title>
    <Title xml:lang="en">Municipalities 2012, Urban district 2004</Title>
  </TitleGrp>
  <DescriptionGrp />
  <ContactInformation>
    <Person xmlns="http://www.ssb.no/ns/meta/common">hhe</Person>
    <Division xmlns="http://www.ssb.no/ns/meta/common">320</Division>
  </ContactInformation>
  <CorrespondenceItemGroup id="urn:ssb:codelist:stabas:8258105" relationshipType="1:N">
    <CorrespondenceItem id="urn:ssb:code:stabas:8258105-8258187">
      <CodeValue xmlns="http://www.ssb.no/ns/meta/codelist">0301</CodeValue>
      <CodeTextGrp xmlns="http://www.ssb.no/ns/meta/codelist">
        <CodeText xml:lang="nn">Oslo</CodeText>
        <CodeText xml:lang="nb">Oslo</CodeText>
        <CodeText xml:lang="en">Oslo</CodeText>
      </CodeTextGrp>
      <CorrespondenceItemRelation targetItem="urn:ssb:code:stabas:2954108-2954110" />
      <CorrespondenceItemRelation targetItem="urn:ssb:code:stabas:2954108-2954164" />
      <CorrespondenceItemRelation targetItem="urn:ssb:code:stabas:2954108-2954114" />
      <CorrespondenceItemRelation targetItem="urn:ssb:code:stabas:2954108-2954116" />
      <CorrespondenceItemRelation targetItem="urn:ssb:code:stabas:2954108-2954118" />
      <CorrespondenceItemRelation targetItem="urn:ssb:code:stabas:2954108-2954120" />
      <CorrespondenceItemRelation targetItem="urn:ssb:code:stabas:2954108-2954122" />
      <CorrespondenceItemRelation targetItem="urn:ssb:code:stabas:2954108-2954124" />
      <CorrespondenceItemRelation targetItem="urn:ssb:code:stabas:2954108-2954126" />
      <CorrespondenceItemRelation targetItem="urn:ssb:code:stabas:2954108-2954128" />
      <CorrespondenceItemRelation targetItem="urn:ssb:code:stabas:2954108-2954130" />
      <CorrespondenceItemRelation targetItem="urn:ssb:code:stabas:2954108-2954132" />
      <CorrespondenceItemRelation targetItem="urn:ssb:code:stabas:2954108-2954134" />
      <CorrespondenceItemRelation targetItem="urn:ssb:code:stabas:2954108-2954136" />
      <CorrespondenceItemRelation targetItem="urn:ssb:code:stabas:2954108-2954138" />
      <CorrespondenceItemRelation targetItem="urn:ssb:code:stabas:2954108-2954140" />
      <CorrespondenceItemRelation targetItem="urn:ssb:code:stabas:2954108-2956101" />
      <CorrespondenceItemRelation targetItem="urn:ssb:code:stabas:2954108-2954112" />
    </CorrespondenceItem>
    <CorrespondenceItem id="urn:ssb:code:stabas:8258105-8258455">
      <CodeValue xmlns="http://www.ssb.no/ns/meta/codelist">1103</CodeValue>
      <CodeTextGrp xmlns="http://www.ssb.no/ns/meta/codelist">
        <CodeText xml:lang="nn">Stavanger</CodeText>
        <CodeText xml:lang="nb">Stavanger</CodeText>
        <CodeText xml:lang="en">Stavanger</CodeText>
      </CodeTextGrp>
      <CorrespondenceItemRelation targetItem="urn:ssb:code:stabas:2954108-2954166" />
      <CorrespondenceItemRelation targetItem="urn:ssb:code:stabas:2954108-2954168" />
      <CorrespondenceItemRelation targetItem="urn:ssb:code:stabas:2954108-2954180" />
      <CorrespondenceItemRelation targetItem="urn:ssb:code:stabas:2954108-2954178" />
      <CorrespondenceItemRelation targetItem="urn:ssb:code:stabas:2954108-2954176" />
      <CorrespondenceItemRelation targetItem="urn:ssb:code:stabas:2954108-2954174" />
      <CorrespondenceItemRelation targetItem="urn:ssb:code:stabas:2954108-2954172" />
      <CorrespondenceItemRelation targetItem="urn:ssb:code:stabas:2954108-2954170" />
    </CorrespondenceItem>
    <CorrespondenceItem id="urn:ssb:code:stabas:8258105-8258503">
      <CodeValue xmlns="http://www.ssb.no/ns/meta/codelist">1201</CodeValue>
      <CodeTextGrp xmlns="http://www.ssb.no/ns/meta/codelist">
        <CodeText xml:lang="nn">Bergen</CodeText>
        <CodeText xml:lang="nb">Bergen</CodeText>
        <CodeText xml:lang="en">Bergen</CodeText>
      </CodeTextGrp>
      <CorrespondenceItemRelation targetItem="urn:ssb:code:stabas:2954108-2954182" />
      <CorrespondenceItemRelation targetItem="urn:ssb:code:stabas:2954108-2954184" />
      <CorrespondenceItemRelation targetItem="urn:ssb:code:stabas:2954108-2954186" />
      <CorrespondenceItemRelation targetItem="urn:ssb:code:stabas:2954108-2954188" />
      <CorrespondenceItemRelation targetItem="urn:ssb:code:stabas:2954108-2954190" />
      <CorrespondenceItemRelation targetItem="urn:ssb:code:stabas:2954108-2954192" />
      <CorrespondenceItemRelation targetItem="urn:ssb:code:stabas:2954108-2954194" />
      <CorrespondenceItemRelation targetItem="urn:ssb:code:stabas:2954108-2954196" />
      <CorrespondenceItemRelation targetItem="urn:ssb:code:stabas:2954108-2954198" />
    </CorrespondenceItem>
    <CorrespondenceItem id="urn:ssb:code:stabas:8258105-8258693">
      <CodeValue xmlns="http://www.ssb.no/ns/meta/codelist">1601</CodeValue>
      <CodeTextGrp xmlns="http://www.ssb.no/ns/meta/codelist">
        <CodeText xml:lang="nn">Trondheim</CodeText>
        <CodeText xml:lang="nb">Trondheim</CodeText>
        <CodeText xml:lang="en">Trondheim</CodeText>
      </CodeTextGrp>
      <CorrespondenceItemRelation targetItem="urn:ssb:code:stabas:2954108-2954302" />
      <CorrespondenceItemRelation targetItem="urn:ssb:code:stabas:2954108-2954200" />
      <CorrespondenceItemRelation targetItem="urn:ssb:code:stabas:2954108-2954304" />
      <CorrespondenceItemRelation targetItem="urn:ssb:code:stabas:2954108-2954306" />
      <CorrespondenceItemRelation targetItem="urn:ssb:code:stabas:2954108-2954312" />
    </CorrespondenceItem>
  </CorrespondenceItemGroup>
  <CorrespondenceItemGroup id="urn:ssb:codelist:stabas:2954108" relationshipType="N:1">
    <CorrespondenceItem id="urn:ssb:code:stabas:2954108-2954110">
      <CodeValue xmlns="http://www.ssb.no/ns/meta/codelist">030101</CodeValue>
      <CodeTextGrp xmlns="http://www.ssb.no/ns/meta/codelist">
        <CodeText xml:lang="nn">Gamle Oslo</CodeText>
        <CodeText xml:lang="nb">Gamle Oslo</CodeText>
        <CodeText xml:lang="en">Gamle Oslo</CodeText>
      </CodeTextGrp>
      <CorrespondenceItemRelation targetItem="urn:ssb:code:stabas:8258105-8258187" />
    </CorrespondenceItem>
    <CorrespondenceItem id="urn:ssb:code:stabas:2954108-2954112">
      <CodeValue xmlns="http://www.ssb.no/ns/meta/codelist">030102</CodeValue>
      <CodeTextGrp xmlns="http://www.ssb.no/ns/meta/codelist">
        <CodeText xml:lang="nn">Grünerløkka</CodeText>
        <CodeText xml:lang="nb">Grünerløkka</CodeText>
        <CodeText xml:lang="en">Grünerløkka</CodeText>
      </CodeTextGrp>
      <CorrespondenceItemRelation targetItem="urn:ssb:code:stabas:8258105-8258187" />
    </CorrespondenceItem>
    <CorrespondenceItem id="urn:ssb:code:stabas:2954108-2954114">
      <CodeValue xmlns="http://www.ssb.no/ns/meta/codelist">030103</CodeValue>
      <CodeTextGrp xmlns="http://www.ssb.no/ns/meta/codelist">
        <CodeText xml:lang="nn">Sagene</CodeText>
        <CodeText xml:lang="nb">Sagene</CodeText>
        <CodeText xml:lang="en">Sagene</CodeText>
      </CodeTextGrp>
      <CorrespondenceItemRelation targetItem="urn:ssb:code:stabas:8258105-8258187" />
    </CorrespondenceItem>
    <CorrespondenceItem id="urn:ssb:code:stabas:2954108-2954116">
      <CodeValue xmlns="http://www.ssb.no/ns/meta/codelist">030104</CodeValue>
      <CodeTextGrp xmlns="http://www.ssb.no/ns/meta/codelist">
        <CodeText xml:lang="nn">St. Hanshaugen</CodeText>
        <CodeText xml:lang="nb">St. Hanshaugen</CodeText>
        <CodeText xml:lang="en">St. Hanshaugen</CodeText>
      </CodeTextGrp>
      <CorrespondenceItemRelation targetItem="urn:ssb:code:stabas:8258105-8258187" />
    </CorrespondenceItem>
    <CorrespondenceItem id="urn:ssb:code:stabas:2954108-2954118">
      <CodeValue xmlns="http://www.ssb.no/ns/meta/codelist">030105</CodeValue>
      <CodeTextGrp xmlns="http://www.ssb.no/ns/meta/codelist">
        <CodeText xml:lang="nn">Frogner</CodeText>
        <CodeText xml:lang="nb">Frogner</CodeText>
        <CodeText xml:lang="en">Frogner</CodeText>
      </CodeTextGrp>
      <CorrespondenceItemRelation targetItem="urn:ssb:code:stabas:8258105-8258187" />
    </CorrespondenceItem>
    <CorrespondenceItem id="urn:ssb:code:stabas:2954108-2954120">
      <CodeValue xmlns="http://www.ssb.no/ns/meta/codelist">030106</CodeValue>
      <CodeTextGrp xmlns="http://www.ssb.no/ns/meta/codelist">
        <CodeText xml:lang="nn">Ullern</CodeText>
        <CodeText xml:lang="nb">Ullern</CodeText>
        <CodeText xml:lang="en">Ullern</CodeText>
      </CodeTextGrp>
      <CorrespondenceItemRelation targetItem="urn:ssb:code:stabas:8258105-8258187" />
    </CorrespondenceItem>
    <CorrespondenceItem id="urn:ssb:code:stabas:2954108-2954122">
      <CodeValue xmlns="http://www.ssb.no/ns/meta/codelist">030107</CodeValue>
      <CodeTextGrp xmlns="http://www.ssb.no/ns/meta/codelist">
        <CodeText xml:lang="nn">Vestre Aker</CodeText>
        <CodeText xml:lang="nb">Vestre Aker</CodeText>
        <CodeText xml:lang="en">Vestre Aker</CodeText>
      </CodeTextGrp>
      <CorrespondenceItemRelation targetItem="urn:ssb:code:stabas:8258105-8258187" />
    </CorrespondenceItem>
    <CorrespondenceItem id="urn:ssb:code:stabas:2954108-2954124">
      <CodeValue xmlns="http://www.ssb.no/ns/meta/codelist">030108</CodeValue>
      <CodeTextGrp xmlns="http://www.ssb.no/ns/meta/codelist">
        <CodeText xml:lang="nn">Nordre Aker</CodeText>
        <CodeText xml:lang="nb">Nordre Aker</CodeText>
        <CodeText xml:lang="en">Nordre Aker</CodeText>
      </CodeTextGrp>
      <CorrespondenceItemRelation targetItem="urn:ssb:code:stabas:8258105-8258187" />
    </CorrespondenceItem>
    <CorrespondenceItem id="urn:ssb:code:stabas:2954108-2954126">
      <CodeValue xmlns="http://www.ssb.no/ns/meta/codelist">030109</CodeValue>
      <CodeTextGrp xmlns="http://www.ssb.no/ns/meta/codelist">
        <CodeText xml:lang="nn">Bjerke</CodeText>
        <CodeText xml:lang="nb">Bjerke</CodeText>
        <CodeText xml:lang="en">Bjerke</CodeText>
      </CodeTextGrp>
      <CorrespondenceItemRelation targetItem="urn:ssb:code:stabas:8258105-8258187" />
    </CorrespondenceItem>
    <CorrespondenceItem id="urn:ssb:code:stabas:2954108-2954128">
      <CodeValue xmlns="http://www.ssb.no/ns/meta/codelist">030110</CodeValue>
      <CodeTextGrp xmlns="http://www.ssb.no/ns/meta/codelist">
        <CodeText xml:lang="nn">Grorud</CodeText>
        <CodeText xml:lang="nb">Grorud</CodeText>
        <CodeText xml:lang="en">Grorud</CodeText>
      </CodeTextGrp>
      <CorrespondenceItemRelation targetItem="urn:ssb:code:stabas:8258105-8258187" />
    </CorrespondenceItem>
    <CorrespondenceItem id="urn:ssb:code:stabas:2954108-2954130">
      <CodeValue xmlns="http://www.ssb.no/ns/meta/codelist">030111</CodeValue>
      <CodeTextGrp xmlns="http://www.ssb.no/ns/meta/codelist">
        <CodeText xml:lang="nn">Stovner</CodeText>
        <CodeText xml:lang="nb">Stovner</CodeText>
        <CodeText xml:lang="en">Stovner</CodeText>
      </CodeTextGrp>
      <CorrespondenceItemRelation targetItem="urn:ssb:code:stabas:8258105-8258187" />
    </CorrespondenceItem>
    <CorrespondenceItem id="urn:ssb:code:stabas:2954108-2954132">
      <CodeValue xmlns="http://www.ssb.no/ns/meta/codelist">030112</CodeValue>
      <CodeTextGrp xmlns="http://www.ssb.no/ns/meta/codelist">
        <CodeText xml:lang="nn">Alna</CodeText>
        <CodeText xml:lang="nb">Alna</CodeText>
        <CodeText xml:lang="en">Alna</CodeText>
      </CodeTextGrp>
      <CorrespondenceItemRelation targetItem="urn:ssb:code:stabas:8258105-8258187" />
    </CorrespondenceItem>
    <CorrespondenceItem id="urn:ssb:code:stabas:2954108-2954134">
      <CodeValue xmlns="http://www.ssb.no/ns/meta/codelist">030113</CodeValue>
      <CodeTextGrp xmlns="http://www.ssb.no/ns/meta/codelist">
        <CodeText xml:lang="nn">Østensjø</CodeText>
        <CodeText xml:lang="nb">Østensjø</CodeText>
        <CodeText xml:lang="en">Østensjø</CodeText>
      </CodeTextGrp>
      <CorrespondenceItemRelation targetItem="urn:ssb:code:stabas:8258105-8258187" />
    </CorrespondenceItem>
    <CorrespondenceItem id="urn:ssb:code:stabas:2954108-2954136">
      <CodeValue xmlns="http://www.ssb.no/ns/meta/codelist">030114</CodeValue>
      <CodeTextGrp xmlns="http://www.ssb.no/ns/meta/codelist">
        <CodeText xml:lang="nn">Nordstrand</CodeText>
        <CodeText xml:lang="nb">Nordstrand</CodeText>
        <CodeText xml:lang="en">Nordstrand</CodeText>
      </CodeTextGrp>
      <CorrespondenceItemRelation targetItem="urn:ssb:code:stabas:8258105-8258187" />
    </CorrespondenceItem>
    <CorrespondenceItem id="urn:ssb:code:stabas:2954108-2954138">
      <CodeValue xmlns="http://www.ssb.no/ns/meta/codelist">030115</CodeValue>
      <CodeTextGrp xmlns="http://www.ssb.no/ns/meta/codelist">
        <CodeText xml:lang="nn">Søndre Nordstrand</CodeText>
        <CodeText xml:lang="nb">Søndre Nordstrand</CodeText>
        <CodeText xml:lang="en">Søndre Nordstrand</CodeText>
      </CodeTextGrp>
      <CorrespondenceItemRelation targetItem="urn:ssb:code:stabas:8258105-8258187" />
    </CorrespondenceItem>
    <CorrespondenceItem id="urn:ssb:code:stabas:2954108-2954140">
      <CodeValue xmlns="http://www.ssb.no/ns/meta/codelist">030116</CodeValue>
      <CodeTextGrp xmlns="http://www.ssb.no/ns/meta/codelist">
        <CodeText xml:lang="nn">Sentrum</CodeText>
        <CodeText xml:lang="nb">Sentrum</CodeText>
        <CodeText xml:lang="en">Sentrum</CodeText>
      </CodeTextGrp>
      <CorrespondenceItemRelation targetItem="urn:ssb:code:stabas:8258105-8258187" />
    </CorrespondenceItem>
    <CorrespondenceItem id="urn:ssb:code:stabas:2954108-2956101">
      <CodeValue xmlns="http://www.ssb.no/ns/meta/codelist">030117</CodeValue>
      <CodeTextGrp xmlns="http://www.ssb.no/ns/meta/codelist">
        <CodeText xml:lang="nn">Marka</CodeText>
        <CodeText xml:lang="nb">Marka</CodeText>
        <CodeText xml:lang="en">Marka</CodeText>
      </CodeTextGrp>
      <CorrespondenceItemRelation targetItem="urn:ssb:code:stabas:8258105-8258187" />
    </CorrespondenceItem>
    <CorrespondenceItem id="urn:ssb:code:stabas:2954108-2954164">
      <CodeValue xmlns="http://www.ssb.no/ns/meta/codelist">030199</CodeValue>
      <CodeTextGrp xmlns="http://www.ssb.no/ns/meta/codelist">
        <CodeText xml:lang="nn">Ikkje spesifisert</CodeText>
        <CodeText xml:lang="nb">Uoppgitt</CodeText>
        <CodeText xml:lang="en">Unknown</CodeText>
      </CodeTextGrp>
      <CorrespondenceItemRelation targetItem="urn:ssb:code:stabas:8258105-8258187" />
    </CorrespondenceItem>
    <CorrespondenceItem id="urn:ssb:code:stabas:2954108-2954166">
      <CodeValue xmlns="http://www.ssb.no/ns/meta/codelist">110301</CodeValue>
      <CodeTextGrp xmlns="http://www.ssb.no/ns/meta/codelist">
        <CodeText xml:lang="nn">Hundvåg</CodeText>
        <CodeText xml:lang="nb">Hundvåg</CodeText>
        <CodeText xml:lang="en">Hundvåg</CodeText>
      </CodeTextGrp>
      <CorrespondenceItemRelation targetItem="urn:ssb:code:stabas:8258105-8258455" />
    </CorrespondenceItem>
    <CorrespondenceItem id="urn:ssb:code:stabas:2954108-2954168">
      <CodeValue xmlns="http://www.ssb.no/ns/meta/codelist">110302</CodeValue>
      <CodeTextGrp xmlns="http://www.ssb.no/ns/meta/codelist">
        <CodeText xml:lang="nn">Tasta</CodeText>
        <CodeText xml:lang="nb">Tasta</CodeText>
        <CodeText xml:lang="en">Tasta</CodeText>
      </CodeTextGrp>
      <CorrespondenceItemRelation targetItem="urn:ssb:code:stabas:8258105-8258455" />
    </CorrespondenceItem>
    <CorrespondenceItem id="urn:ssb:code:stabas:2954108-2954170">
      <CodeValue xmlns="http://www.ssb.no/ns/meta/codelist">110303</CodeValue>
      <CodeTextGrp xmlns="http://www.ssb.no/ns/meta/codelist">
        <CodeText xml:lang="nn">Eiganes og Våland</CodeText>
        <CodeText xml:lang="nb">Eiganes og Våland</CodeText>
        <CodeText xml:lang="en">Eiganes og Våland</CodeText>
      </CodeTextGrp>
      <CorrespondenceItemRelation targetItem="urn:ssb:code:stabas:8258105-8258455" />
    </CorrespondenceItem>
    <CorrespondenceItem id="urn:ssb:code:stabas:2954108-2954172">
      <CodeValue xmlns="http://www.ssb.no/ns/meta/codelist">110304</CodeValue>
      <CodeTextGrp xmlns="http://www.ssb.no/ns/meta/codelist">
        <CodeText xml:lang="nn">Madla</CodeText>
        <CodeText xml:lang="nb">Madla</CodeText>
        <CodeText xml:lang="en">Madla</CodeText>
      </CodeTextGrp>
      <CorrespondenceItemRelation targetItem="urn:ssb:code:stabas:8258105-8258455" />
    </CorrespondenceItem>
    <CorrespondenceItem id="urn:ssb:code:stabas:2954108-2954174">
      <CodeValue xmlns="http://www.ssb.no/ns/meta/codelist">110305</CodeValue>
      <CodeTextGrp xmlns="http://www.ssb.no/ns/meta/codelist">
        <CodeText xml:lang="nn">Storhaug</CodeText>
        <CodeText xml:lang="nb">Storhaug</CodeText>
        <CodeText xml:lang="en">Storhaug</CodeText>
      </CodeTextGrp>
      <CorrespondenceItemRelation targetItem="urn:ssb:code:stabas:8258105-8258455" />
    </CorrespondenceItem>
    <CorrespondenceItem id="urn:ssb:code:stabas:2954108-2954176">
      <CodeValue xmlns="http://www.ssb.no/ns/meta/codelist">110306</CodeValue>
      <CodeTextGrp xmlns="http://www.ssb.no/ns/meta/codelist">
        <CodeText xml:lang="nn">Hillevåg</CodeText>
        <CodeText xml:lang="nb">Hillevåg</CodeText>
        <CodeText xml:lang="en">Hillevåg</CodeText>
      </CodeTextGrp>
      <CorrespondenceItemRelation targetItem="urn:ssb:code:stabas:8258105-8258455" />
    </CorrespondenceItem>
    <CorrespondenceItem id="urn:ssb:code:stabas:2954108-2954178">
      <CodeValue xmlns="http://www.ssb.no/ns/meta/codelist">110307</CodeValue>
      <CodeTextGrp xmlns="http://www.ssb.no/ns/meta/codelist">
        <CodeText xml:lang="nn">Hinna</CodeText>
        <CodeText xml:lang="nb">Hinna</CodeText>
        <CodeText xml:lang="en">Hinna</CodeText>
      </CodeTextGrp>
      <CorrespondenceItemRelation targetItem="urn:ssb:code:stabas:8258105-8258455" />
    </CorrespondenceItem>
    <CorrespondenceItem id="urn:ssb:code:stabas:2954108-2954180">
      <CodeValue xmlns="http://www.ssb.no/ns/meta/codelist">110399</CodeValue>
      <CodeTextGrp xmlns="http://www.ssb.no/ns/meta/codelist">
        <CodeText xml:lang="nn">Ikkje spesifisert</CodeText>
        <CodeText xml:lang="nb">Uoppgitt</CodeText>
        <CodeText xml:lang="en">Unknown</CodeText>
      </CodeTextGrp>
      <CorrespondenceItemRelation targetItem="urn:ssb:code:stabas:8258105-8258455" />
    </CorrespondenceItem>
    <CorrespondenceItem id="urn:ssb:code:stabas:2954108-2954182">
      <CodeValue xmlns="http://www.ssb.no/ns/meta/codelist">120101</CodeValue>
      <CodeTextGrp xmlns="http://www.ssb.no/ns/meta/codelist">
        <CodeText xml:lang="nn">Arna</CodeText>
        <CodeText xml:lang="nb">Arna</CodeText>
        <CodeText xml:lang="en">Arna</CodeText>
      </CodeTextGrp>
      <CorrespondenceItemRelation targetItem="urn:ssb:code:stabas:8258105-8258503" />
    </CorrespondenceItem>
    <CorrespondenceItem id="urn:ssb:code:stabas:2954108-2954184">
      <CodeValue xmlns="http://www.ssb.no/ns/meta/codelist">120102</CodeValue>
      <CodeTextGrp xmlns="http://www.ssb.no/ns/meta/codelist">
        <CodeText xml:lang="nn">Bergenhus</CodeText>
        <CodeText xml:lang="nb">Bergenhus</CodeText>
        <CodeText xml:lang="en">Bergenhus</CodeText>
      </CodeTextGrp>
      <CorrespondenceItemRelation targetItem="urn:ssb:code:stabas:8258105-8258503" />
    </CorrespondenceItem>
    <CorrespondenceItem id="urn:ssb:code:stabas:2954108-2954186">
      <CodeValue xmlns="http://www.ssb.no/ns/meta/codelist">120103</CodeValue>
      <CodeTextGrp xmlns="http://www.ssb.no/ns/meta/codelist">
        <CodeText xml:lang="nn">Fana</CodeText>
        <CodeText xml:lang="nb">Fana</CodeText>
        <CodeText xml:lang="en">Fana</CodeText>
      </CodeTextGrp>
      <CorrespondenceItemRelation targetItem="urn:ssb:code:stabas:8258105-8258503" />
    </CorrespondenceItem>
    <CorrespondenceItem id="urn:ssb:code:stabas:2954108-2954188">
      <CodeValue xmlns="http://www.ssb.no/ns/meta/codelist">120104</CodeValue>
      <CodeTextGrp xmlns="http://www.ssb.no/ns/meta/codelist">
        <CodeText xml:lang="nn">Fyllingsdalen</CodeText>
        <CodeText xml:lang="nb">Fyllingsdalen</CodeText>
        <CodeText xml:lang="en">Fyllingsdalen</CodeText>
      </CodeTextGrp>
      <CorrespondenceItemRelation targetItem="urn:ssb:code:stabas:8258105-8258503" />
    </CorrespondenceItem>
    <CorrespondenceItem id="urn:ssb:code:stabas:2954108-2954190">
      <CodeValue xmlns="http://www.ssb.no/ns/meta/codelist">120105</CodeValue>
      <CodeTextGrp xmlns="http://www.ssb.no/ns/meta/codelist">
        <CodeText xml:lang="nn">Laksevåg</CodeText>
        <CodeText xml:lang="nb">Laksevåg</CodeText>
        <CodeText xml:lang="en">Laksevåg</CodeText>
      </CodeTextGrp>
      <CorrespondenceItemRelation targetItem="urn:ssb:code:stabas:8258105-8258503" />
    </CorrespondenceItem>
    <CorrespondenceItem id="urn:ssb:code:stabas:2954108-2954192">
      <CodeValue xmlns="http://www.ssb.no/ns/meta/codelist">120106</CodeValue>
      <CodeTextGrp xmlns="http://www.ssb.no/ns/meta/codelist">
        <CodeText xml:lang="nn">Ytrebygda</CodeText>
        <CodeText xml:lang="nb">Ytrebygda</CodeText>
        <CodeText xml:lang="en">Ytrebygda</CodeText>
      </CodeTextGrp>
      <CorrespondenceItemRelation targetItem="urn:ssb:code:stabas:8258105-8258503" />
    </CorrespondenceItem>
    <CorrespondenceItem id="urn:ssb:code:stabas:2954108-2954194">
      <CodeValue xmlns="http://www.ssb.no/ns/meta/codelist">120107</CodeValue>
      <CodeTextGrp xmlns="http://www.ssb.no/ns/meta/codelist">
        <CodeText xml:lang="nn">Årstad</CodeText>
        <CodeText xml:lang="nb">Årstad</CodeText>
        <CodeText xml:lang="en">Årstad</CodeText>
      </CodeTextGrp>
      <CorrespondenceItemRelation targetItem="urn:ssb:code:stabas:8258105-8258503" />
    </CorrespondenceItem>
    <CorrespondenceItem id="urn:ssb:code:stabas:2954108-2954196">
      <CodeValue xmlns="http://www.ssb.no/ns/meta/codelist">120108</CodeValue>
      <CodeTextGrp xmlns="http://www.ssb.no/ns/meta/codelist">
        <CodeText xml:lang="nn">Åsane</CodeText>
        <CodeText xml:lang="nb">Åsane</CodeText>
        <CodeText xml:lang="en">Åsane</CodeText>
      </CodeTextGrp>
      <CorrespondenceItemRelation targetItem="urn:ssb:code:stabas:8258105-8258503" />
    </CorrespondenceItem>
    <CorrespondenceItem id="urn:ssb:code:stabas:2954108-2954198">
      <CodeValue xmlns="http://www.ssb.no/ns/meta/codelist">120199</CodeValue>
      <CodeTextGrp xmlns="http://www.ssb.no/ns/meta/codelist">
        <CodeText xml:lang="nn">Ikkje spesifisert</CodeText>
        <CodeText xml:lang="nb">Uoppgitt</CodeText>
        <CodeText xml:lang="en">Unknown</CodeText>
      </CodeTextGrp>
      <CorrespondenceItemRelation targetItem="urn:ssb:code:stabas:8258105-8258503" />
    </CorrespondenceItem>
    <CorrespondenceItem id="urn:ssb:code:stabas:2954108-2954200">
      <CodeValue xmlns="http://www.ssb.no/ns/meta/codelist">160101</CodeValue>
      <CodeTextGrp xmlns="http://www.ssb.no/ns/meta/codelist">
        <CodeText xml:lang="nn">Midtbyen</CodeText>
        <CodeText xml:lang="nb">MIdtbyen</CodeText>
        <CodeText xml:lang="en">Midtbyen</CodeText>
      </CodeTextGrp>
      <CorrespondenceItemRelation targetItem="urn:ssb:code:stabas:8258105-8258693" />
    </CorrespondenceItem>
    <CorrespondenceItem id="urn:ssb:code:stabas:2954108-2954302">
      <CodeValue xmlns="http://www.ssb.no/ns/meta/codelist">160102</CodeValue>
      <CodeTextGrp xmlns="http://www.ssb.no/ns/meta/codelist">
        <CodeText xml:lang="nn">Østbyen</CodeText>
        <CodeText xml:lang="nb">Østbyen</CodeText>
        <CodeText xml:lang="en">Østbyen</CodeText>
      </CodeTextGrp>
      <CorrespondenceItemRelation targetItem="urn:ssb:code:stabas:8258105-8258693" />
    </CorrespondenceItem>
    <CorrespondenceItem id="urn:ssb:code:stabas:2954108-2954304">
      <CodeValue xmlns="http://www.ssb.no/ns/meta/codelist">160103</CodeValue>
      <CodeTextGrp xmlns="http://www.ssb.no/ns/meta/codelist">
        <CodeText xml:lang="nn">Lerkendal</CodeText>
        <CodeText xml:lang="nb">Lerkendal</CodeText>
        <CodeText xml:lang="en">Lerkendal</CodeText>
      </CodeTextGrp>
      <CorrespondenceItemRelation targetItem="urn:ssb:code:stabas:8258105-8258693" />
    </CorrespondenceItem>
    <CorrespondenceItem id="urn:ssb:code:stabas:2954108-2954306">
      <CodeValue xmlns="http://www.ssb.no/ns/meta/codelist">160104</CodeValue>
      <CodeTextGrp xmlns="http://www.ssb.no/ns/meta/codelist">
        <CodeText xml:lang="nn">Heimdal</CodeText>
        <CodeText xml:lang="nb">Heimdal</CodeText>
        <CodeText xml:lang="en">Heimdal</CodeText>
      </CodeTextGrp>
      <CorrespondenceItemRelation targetItem="urn:ssb:code:stabas:8258105-8258693" />
    </CorrespondenceItem>
    <CorrespondenceItem id="urn:ssb:code:stabas:2954108-2954312">
      <CodeValue xmlns="http://www.ssb.no/ns/meta/codelist">160199</CodeValue>
      <CodeTextGrp xmlns="http://www.ssb.no/ns/meta/codelist">
        <CodeText xml:lang="nn">Ikkje spesifisert</CodeText>
        <CodeText xml:lang="nb">Uoppgitt</CodeText>
        <CodeText xml:lang="en">Unknown</CodeText>
      </CodeTextGrp>
      <CorrespondenceItemRelation targetItem="urn:ssb:code:stabas:8258105-8258693" />
    </CorrespondenceItem>
  </CorrespondenceItemGroup>
</CorrespondenceTable>