<?xml version="1.0" encoding="utf-8"?>
<CorrespondenceTable xmlns:xsi="http://www.w3.org/2001/XMLSchema-instance" xmlns:xsd="http://www.w3.org/2001/XMLSchema" id="urn:ssb:corrtable:stabas:8345880" classVersionSourceId="urn:ssb:classversion:stabas:5326001" classVersionTargetId="urn:ssb:classversion:stabas:8258101" classLevelSourceId="urn:ssb:codelist:stabas:5326005" classLevelTargetId="urn:ssb:codelist:stabas:8258105" showInternet="false" showIntranet="true" xmlns="http://www.ssb.no/ns/meta/correspondence">
  <TitleGrp>
    <Title xml:lang="nn">Sentralitet 2008, Kommunar 2012</Title>
    <Title xml:lang="nb">Sentralitetsnivå 3, Kommuner 2012</Title>
    <Title xml:lang="en">Centrality 2008, Municipalities 2012</Title>
  </TitleGrp>
  <DescriptionGrp />
  <ContactInformation>
    <Person xmlns="http://www.ssb.no/ns/meta/common">hhe</Person>
    <Division xmlns="http://www.ssb.no/ns/meta/common">320</Division>
  </ContactInformation>
  <CorrespondenceItemGroup id="urn:ssb:codelist:stabas:5326005" relationshipType="1:N">
    <CorrespondenceItem id="urn:ssb:code:stabas:5326005-5326101">
      <CodeValue xmlns="http://www.ssb.no/ns/meta/codelist">31</CodeValue>
      <CodeTextGrp xmlns="http://www.ssb.no/ns/meta/codelist">
        <CodeText xml:lang="nn">Kommunar med 36-75 minutt (for Oslo:46-90 minutt) reisetid frå eit landsdelssenter</CodeText>
        <CodeText xml:lang="nb">Kommuner med 36-75 minutters (for Oslo:46-90 minutters) reisetid fra et landsdelssenter</CodeText>
        <CodeText xml:lang="en">Municipalities with 36-75 minutes (46-90 minutes for Oslo) travel from a regional centre</CodeText>
      </CodeTextGrp>
      <CorrespondenceItemRelation targetItem="urn:ssb:code:stabas:8258105-8258311" />
      <CorrespondenceItemRelation targetItem="urn:ssb:code:stabas:8258105-8258321" />
      <CorrespondenceItemRelation targetItem="urn:ssb:code:stabas:8258105-8258327" />
      <CorrespondenceItemRelation targetItem="urn:ssb:code:stabas:8258105-8258329" />
      <CorrespondenceItemRelation targetItem="urn:ssb:code:stabas:8258105-8258331" />
      <CorrespondenceItemRelation targetItem="urn:ssb:code:stabas:8258105-8258333" />
      <CorrespondenceItemRelation targetItem="urn:ssb:code:stabas:8258105-8258337" />
      <CorrespondenceItemRelation targetItem="urn:ssb:code:stabas:8258105-8258339" />
      <CorrespondenceItemRelation targetItem="urn:ssb:code:stabas:8258105-8258341" />
      <CorrespondenceItemRelation targetItem="urn:ssb:code:stabas:8258105-8258343" />
      <CorrespondenceItemRelation targetItem="urn:ssb:code:stabas:8258105-8258345" />
      <CorrespondenceItemRelation targetItem="urn:ssb:code:stabas:8258105-8258347" />
      <CorrespondenceItemRelation targetItem="urn:ssb:code:stabas:8258105-8258349" />
      <CorrespondenceItemRelation targetItem="urn:ssb:code:stabas:8258105-8258353" />
      <CorrespondenceItemRelation targetItem="urn:ssb:code:stabas:8258105-8258393" />
      <CorrespondenceItemRelation targetItem="urn:ssb:code:stabas:8258105-8258395" />
      <CorrespondenceItemRelation targetItem="urn:ssb:code:stabas:8258105-8258403" />
      <CorrespondenceItemRelation targetItem="urn:ssb:code:stabas:8258105-8258411" />
      <CorrespondenceItemRelation targetItem="urn:ssb:code:stabas:8258105-8258413" />
      <CorrespondenceItemRelation targetItem="urn:ssb:code:stabas:8258105-8258415" />
      <CorrespondenceItemRelation targetItem="urn:ssb:code:stabas:8258105-8258423" />
      <CorrespondenceItemRelation targetItem="urn:ssb:code:stabas:8258105-8258437" />
      <CorrespondenceItemRelation targetItem="urn:ssb:code:stabas:8258105-8258439" />
      <CorrespondenceItemRelation targetItem="urn:ssb:code:stabas:8258105-8258441" />
      <CorrespondenceItemRelation targetItem="urn:ssb:code:stabas:8258105-8258443" />
      <CorrespondenceItemRelation targetItem="urn:ssb:code:stabas:8258105-8258445" />
      <CorrespondenceItemRelation targetItem="urn:ssb:code:stabas:8258105-8258451" />
      <CorrespondenceItemRelation targetItem="urn:ssb:code:stabas:8258105-8258459" />
      <CorrespondenceItemRelation targetItem="urn:ssb:code:stabas:8258105-8258463" />
      <CorrespondenceItemRelation targetItem="urn:ssb:code:stabas:8258105-8258477" />
      <CorrespondenceItemRelation targetItem="urn:ssb:code:stabas:8258105-8258479" />
      <CorrespondenceItemRelation targetItem="urn:ssb:code:stabas:8258105-8258487" />
      <CorrespondenceItemRelation targetItem="urn:ssb:code:stabas:8258105-8258491" />
      <CorrespondenceItemRelation targetItem="urn:ssb:code:stabas:8258105-8258493" />
      <CorrespondenceItemRelation targetItem="urn:ssb:code:stabas:8258105-8258533" />
      <CorrespondenceItemRelation targetItem="urn:ssb:code:stabas:8258105-8258535" />
      <CorrespondenceItemRelation targetItem="urn:ssb:code:stabas:8258105-8258537" />
      <CorrespondenceItemRelation targetItem="urn:ssb:code:stabas:8258105-8258541" />
      <CorrespondenceItemRelation targetItem="urn:ssb:code:stabas:8258105-8258549" />
      <CorrespondenceItemRelation targetItem="urn:ssb:code:stabas:8258105-8258551" />
      <CorrespondenceItemRelation targetItem="urn:ssb:code:stabas:8258105-8258557" />
      <CorrespondenceItemRelation targetItem="urn:ssb:code:stabas:8258105-8258559" />
      <CorrespondenceItemRelation targetItem="urn:ssb:code:stabas:8258105-8258563" />
      <CorrespondenceItemRelation targetItem="urn:ssb:code:stabas:8258105-8258567" />
      <CorrespondenceItemRelation targetItem="urn:ssb:code:stabas:8258105-8258697" />
      <CorrespondenceItemRelation targetItem="urn:ssb:code:stabas:8258105-8258705" />
      <CorrespondenceItemRelation targetItem="urn:ssb:code:stabas:8258105-8258707" />
      <CorrespondenceItemRelation targetItem="urn:ssb:code:stabas:8258105-8258719" />
      <CorrespondenceItemRelation targetItem="urn:ssb:code:stabas:8258105-8258721" />
      <CorrespondenceItemRelation targetItem="urn:ssb:code:stabas:8258105-8258729" />
      <CorrespondenceItemRelation targetItem="urn:ssb:code:stabas:8258105-8258739" />
      <CorrespondenceItemRelation targetItem="urn:ssb:code:stabas:8258105-8258747" />
      <CorrespondenceItemRelation targetItem="urn:ssb:code:stabas:8258105-8258751" />
      <CorrespondenceItemRelation targetItem="urn:ssb:code:stabas:8258105-8258753" />
      <CorrespondenceItemRelation targetItem="urn:ssb:code:stabas:8258105-8258755" />
      <CorrespondenceItemRelation targetItem="urn:ssb:code:stabas:8258105-8258757" />
      <CorrespondenceItemRelation targetItem="urn:ssb:code:stabas:8258105-8258913" />
      <CorrespondenceItemRelation targetItem="urn:ssb:code:stabas:8258105-8258915" />
      <CorrespondenceItemRelation targetItem="urn:ssb:code:stabas:8258105-8258107" />
      <CorrespondenceItemRelation targetItem="urn:ssb:code:stabas:8258105-8258111" />
      <CorrespondenceItemRelation targetItem="urn:ssb:code:stabas:8258105-8258113" />
      <CorrespondenceItemRelation targetItem="urn:ssb:code:stabas:8258105-8258119" />
      <CorrespondenceItemRelation targetItem="urn:ssb:code:stabas:8258105-8258121" />
      <CorrespondenceItemRelation targetItem="urn:ssb:code:stabas:8258105-8258123" />
      <CorrespondenceItemRelation targetItem="urn:ssb:code:stabas:8258105-8258127" />
      <CorrespondenceItemRelation targetItem="urn:ssb:code:stabas:8258105-8258129" />
      <CorrespondenceItemRelation targetItem="urn:ssb:code:stabas:8258105-8258131" />
      <CorrespondenceItemRelation targetItem="urn:ssb:code:stabas:8258105-8258133" />
      <CorrespondenceItemRelation targetItem="urn:ssb:code:stabas:8258105-8258135" />
      <CorrespondenceItemRelation targetItem="urn:ssb:code:stabas:8258105-8258137" />
      <CorrespondenceItemRelation targetItem="urn:ssb:code:stabas:8258105-8258139" />
      <CorrespondenceItemRelation targetItem="urn:ssb:code:stabas:8258105-8258185" />
      <CorrespondenceItemRelation targetItem="urn:ssb:code:stabas:8258105-8258189" />
      <CorrespondenceItemRelation targetItem="urn:ssb:code:stabas:8258105-8258191" />
      <CorrespondenceItemRelation targetItem="urn:ssb:code:stabas:8258105-8258195" />
      <CorrespondenceItemRelation targetItem="urn:ssb:code:stabas:8258105-8258197" />
      <CorrespondenceItemRelation targetItem="urn:ssb:code:stabas:8258105-8258199" />
      <CorrespondenceItemRelation targetItem="urn:ssb:code:stabas:8258105-8258201" />
      <CorrespondenceItemRelation targetItem="urn:ssb:code:stabas:8258105-8258203" />
      <CorrespondenceItemRelation targetItem="urn:ssb:code:stabas:8258105-8258263" />
      <CorrespondenceItemRelation targetItem="urn:ssb:code:stabas:8258105-8258267" />
      <CorrespondenceItemRelation targetItem="urn:ssb:code:stabas:8258105-8258287" />
      <CorrespondenceItemRelation targetItem="urn:ssb:code:stabas:8258105-8258289" />
      <CorrespondenceItemRelation targetItem="urn:ssb:code:stabas:8258105-8258305" />
      <CorrespondenceItemRelation targetItem="urn:ssb:code:stabas:8258105-8258307" />
      <CorrespondenceItemRelation targetItem="urn:ssb:code:stabas:8258105-8258309" />
    </CorrespondenceItem>
    <CorrespondenceItem id="urn:ssb:code:stabas:5326005-5326103">
      <CodeValue xmlns="http://www.ssb.no/ns/meta/codelist">32</CodeValue>
      <CodeTextGrp xmlns="http://www.ssb.no/ns/meta/codelist">
        <CodeText xml:lang="nn">Kommunar innanfor 35 minutt (for Oslo:45 minutt) reisetid frå eit landsdelssenter</CodeText>
        <CodeText xml:lang="nb">Kommuner  innenfor 35 minutters (for Oslo:45 minutters) reisetid fra et landsdelssenter</CodeText>
        <CodeText xml:lang="en">Municipalities within 35 minutes (for Oslo 45 minutes) travel from a regional centre</CodeText>
      </CodeTextGrp>
      <CorrespondenceItemRelation targetItem="urn:ssb:code:stabas:8258105-8258109" />
      <CorrespondenceItemRelation targetItem="urn:ssb:code:stabas:8258105-8258125" />
      <CorrespondenceItemRelation targetItem="urn:ssb:code:stabas:8258105-8258749" />
      <CorrespondenceItemRelation targetItem="urn:ssb:code:stabas:8258105-8258737" />
      <CorrespondenceItemRelation targetItem="urn:ssb:code:stabas:8258105-8258735" />
      <CorrespondenceItemRelation targetItem="urn:ssb:code:stabas:8258105-8258733" />
      <CorrespondenceItemRelation targetItem="urn:ssb:code:stabas:8258105-8258731" />
      <CorrespondenceItemRelation targetItem="urn:ssb:code:stabas:8258105-8258141" />
      <CorrespondenceItemRelation targetItem="urn:ssb:code:stabas:8258105-8258143" />
      <CorrespondenceItemRelation targetItem="urn:ssb:code:stabas:8258105-8258145" />
      <CorrespondenceItemRelation targetItem="urn:ssb:code:stabas:8258105-8258147" />
      <CorrespondenceItemRelation targetItem="urn:ssb:code:stabas:8258105-8258149" />
      <CorrespondenceItemRelation targetItem="urn:ssb:code:stabas:8258105-8258151" />
      <CorrespondenceItemRelation targetItem="urn:ssb:code:stabas:8258105-8258153" />
      <CorrespondenceItemRelation targetItem="urn:ssb:code:stabas:8258105-8258155" />
      <CorrespondenceItemRelation targetItem="urn:ssb:code:stabas:8258105-8258157" />
      <CorrespondenceItemRelation targetItem="urn:ssb:code:stabas:8258105-8258159" />
      <CorrespondenceItemRelation targetItem="urn:ssb:code:stabas:8258105-8258161" />
      <CorrespondenceItemRelation targetItem="urn:ssb:code:stabas:8258105-8258163" />
      <CorrespondenceItemRelation targetItem="urn:ssb:code:stabas:8258105-8258165" />
      <CorrespondenceItemRelation targetItem="urn:ssb:code:stabas:8258105-8258167" />
      <CorrespondenceItemRelation targetItem="urn:ssb:code:stabas:8258105-8258169" />
      <CorrespondenceItemRelation targetItem="urn:ssb:code:stabas:8258105-8258171" />
      <CorrespondenceItemRelation targetItem="urn:ssb:code:stabas:8258105-8258173" />
      <CorrespondenceItemRelation targetItem="urn:ssb:code:stabas:8258105-8258175" />
      <CorrespondenceItemRelation targetItem="urn:ssb:code:stabas:8258105-8258177" />
      <CorrespondenceItemRelation targetItem="urn:ssb:code:stabas:8258105-8258179" />
      <CorrespondenceItemRelation targetItem="urn:ssb:code:stabas:8258105-8258181" />
      <CorrespondenceItemRelation targetItem="urn:ssb:code:stabas:8258105-8258183" />
      <CorrespondenceItemRelation targetItem="urn:ssb:code:stabas:8258105-8258265" />
      <CorrespondenceItemRelation targetItem="urn:ssb:code:stabas:8258105-8258285" />
      <CorrespondenceItemRelation targetItem="urn:ssb:code:stabas:8258105-8258291" />
      <CorrespondenceItemRelation targetItem="urn:ssb:code:stabas:8258105-8258313" />
      <CorrespondenceItemRelation targetItem="urn:ssb:code:stabas:8258105-8258315" />
      <CorrespondenceItemRelation targetItem="urn:ssb:code:stabas:8258105-8258317" />
      <CorrespondenceItemRelation targetItem="urn:ssb:code:stabas:8258105-8258319" />
      <CorrespondenceItemRelation targetItem="urn:ssb:code:stabas:8258105-8258405" />
      <CorrespondenceItemRelation targetItem="urn:ssb:code:stabas:8258105-8258407" />
      <CorrespondenceItemRelation targetItem="urn:ssb:code:stabas:8258105-8258429" />
      <CorrespondenceItemRelation targetItem="urn:ssb:code:stabas:8258105-8258431" />
      <CorrespondenceItemRelation targetItem="urn:ssb:code:stabas:8258105-8258433" />
      <CorrespondenceItemRelation targetItem="urn:ssb:code:stabas:8258105-8258435" />
      <CorrespondenceItemRelation targetItem="urn:ssb:code:stabas:8258105-8258453" />
      <CorrespondenceItemRelation targetItem="urn:ssb:code:stabas:8258105-8258465" />
      <CorrespondenceItemRelation targetItem="urn:ssb:code:stabas:8258105-8258467" />
      <CorrespondenceItemRelation targetItem="urn:ssb:code:stabas:8258105-8258469" />
      <CorrespondenceItemRelation targetItem="urn:ssb:code:stabas:8258105-8258471" />
      <CorrespondenceItemRelation targetItem="urn:ssb:code:stabas:8258105-8258473" />
      <CorrespondenceItemRelation targetItem="urn:ssb:code:stabas:8258105-8258475" />
      <CorrespondenceItemRelation targetItem="urn:ssb:code:stabas:8258105-8258489" />
      <CorrespondenceItemRelation targetItem="urn:ssb:code:stabas:8258105-8258539" />
      <CorrespondenceItemRelation targetItem="urn:ssb:code:stabas:8258105-8258543" />
      <CorrespondenceItemRelation targetItem="urn:ssb:code:stabas:8258105-8258545" />
      <CorrespondenceItemRelation targetItem="urn:ssb:code:stabas:8258105-8258547" />
      <CorrespondenceItemRelation targetItem="urn:ssb:code:stabas:8258105-8258553" />
      <CorrespondenceItemRelation targetItem="urn:ssb:code:stabas:8258105-8258555" />
      <CorrespondenceItemRelation targetItem="urn:ssb:code:stabas:8258105-8258561" />
      <CorrespondenceItemRelation targetItem="urn:ssb:code:stabas:8258105-8258723" />
    </CorrespondenceItem>
    <CorrespondenceItem id="urn:ssb:code:stabas:5326005-5326105">
      <CodeValue xmlns="http://www.ssb.no/ns/meta/codelist">33</CodeValue>
      <CodeTextGrp xmlns="http://www.ssb.no/ns/meta/codelist">
        <CodeText xml:lang="nn">Kommunar med landsdelssenter</CodeText>
        <CodeText xml:lang="nb">Kommuner med landsdelssenter</CodeText>
        <CodeText xml:lang="en">Municipalities with regional centre</CodeText>
      </CodeTextGrp>
      <CorrespondenceItemRelation targetItem="urn:ssb:code:stabas:8258105-8258503" />
      <CorrespondenceItemRelation targetItem="urn:ssb:code:stabas:8258105-8258455" />
      <CorrespondenceItemRelation targetItem="urn:ssb:code:stabas:8258105-8258421" />
      <CorrespondenceItemRelation targetItem="urn:ssb:code:stabas:8258105-8258187" />
      <CorrespondenceItemRelation targetItem="urn:ssb:code:stabas:8258105-8258693" />
      <CorrespondenceItemRelation targetItem="urn:ssb:code:stabas:8258105-8258881" />
    </CorrespondenceItem>
  </CorrespondenceItemGroup>
  <CorrespondenceItemGroup id="urn:ssb:codelist:stabas:8258105" relationshipType="N:1">
    <CorrespondenceItem id="urn:ssb:code:stabas:8258105-8258107">
      <CodeValue xmlns="http://www.ssb.no/ns/meta/codelist">0101</CodeValue>
      <CodeTextGrp xmlns="http://www.ssb.no/ns/meta/codelist">
        <CodeText xml:lang="nn">Halden</CodeText>
        <CodeText xml:lang="nb">Halden</CodeText>
        <CodeText xml:lang="en">Halden</CodeText>
      </CodeTextGrp>
      <CorrespondenceItemRelation targetItem="urn:ssb:code:stabas:5326005-5326101" />
    </CorrespondenceItem>
    <CorrespondenceItem id="urn:ssb:code:stabas:8258105-8258109">
      <CodeValue xmlns="http://www.ssb.no/ns/meta/codelist">0104</CodeValue>
      <CodeTextGrp xmlns="http://www.ssb.no/ns/meta/codelist">
        <CodeText xml:lang="nn">Moss</CodeText>
        <CodeText xml:lang="nb">Moss</CodeText>
        <CodeText xml:lang="en">Moss</CodeText>
      </CodeTextGrp>
      <CorrespondenceItemRelation targetItem="urn:ssb:code:stabas:5326005-5326103" />
    </CorrespondenceItem>
    <CorrespondenceItem id="urn:ssb:code:stabas:8258105-8258111">
      <CodeValue xmlns="http://www.ssb.no/ns/meta/codelist">0105</CodeValue>
      <CodeTextGrp xmlns="http://www.ssb.no/ns/meta/codelist">
        <CodeText xml:lang="nn">Sarpsborg</CodeText>
        <CodeText xml:lang="nb">Sarpsborg</CodeText>
        <CodeText xml:lang="en">Sarpsborg</CodeText>
      </CodeTextGrp>
      <CorrespondenceItemRelation targetItem="urn:ssb:code:stabas:5326005-5326101" />
    </CorrespondenceItem>
    <CorrespondenceItem id="urn:ssb:code:stabas:8258105-8258113">
      <CodeValue xmlns="http://www.ssb.no/ns/meta/codelist">0106</CodeValue>
      <CodeTextGrp xmlns="http://www.ssb.no/ns/meta/codelist">
        <CodeText xml:lang="nn">Fredrikstad</CodeText>
        <CodeText xml:lang="nb">Fredrikstad</CodeText>
        <CodeText xml:lang="en">Fredrikstad</CodeText>
      </CodeTextGrp>
      <CorrespondenceItemRelation targetItem="urn:ssb:code:stabas:5326005-5326101" />
    </CorrespondenceItem>
    <CorrespondenceItem id="urn:ssb:code:stabas:8258105-8258119">
      <CodeValue xmlns="http://www.ssb.no/ns/meta/codelist">0119</CodeValue>
      <CodeTextGrp xmlns="http://www.ssb.no/ns/meta/codelist">
        <CodeText xml:lang="nn">Marker</CodeText>
        <CodeText xml:lang="nb">Marker</CodeText>
        <CodeText xml:lang="en">Marker</CodeText>
      </CodeTextGrp>
      <CorrespondenceItemRelation targetItem="urn:ssb:code:stabas:5326005-5326101" />
    </CorrespondenceItem>
    <CorrespondenceItem id="urn:ssb:code:stabas:8258105-8258121">
      <CodeValue xmlns="http://www.ssb.no/ns/meta/codelist">0121</CodeValue>
      <CodeTextGrp xmlns="http://www.ssb.no/ns/meta/codelist">
        <CodeText xml:lang="nn">Rømskog</CodeText>
        <CodeText xml:lang="nb">Rømskog</CodeText>
        <CodeText xml:lang="en">Rømskog</CodeText>
      </CodeTextGrp>
      <CorrespondenceItemRelation targetItem="urn:ssb:code:stabas:5326005-5326101" />
    </CorrespondenceItem>
    <CorrespondenceItem id="urn:ssb:code:stabas:8258105-8258123">
      <CodeValue xmlns="http://www.ssb.no/ns/meta/codelist">0122</CodeValue>
      <CodeTextGrp xmlns="http://www.ssb.no/ns/meta/codelist">
        <CodeText xml:lang="nn">Trøgstad</CodeText>
        <CodeText xml:lang="nb">Trøgstad</CodeText>
        <CodeText xml:lang="en">Trøgstad</CodeText>
      </CodeTextGrp>
      <CorrespondenceItemRelation targetItem="urn:ssb:code:stabas:5326005-5326101" />
    </CorrespondenceItem>
    <CorrespondenceItem id="urn:ssb:code:stabas:8258105-8258125">
      <CodeValue xmlns="http://www.ssb.no/ns/meta/codelist">0123</CodeValue>
      <CodeTextGrp xmlns="http://www.ssb.no/ns/meta/codelist">
        <CodeText xml:lang="nn">Spydeberg</CodeText>
        <CodeText xml:lang="nb">Spydeberg</CodeText>
        <CodeText xml:lang="en">Spydeberg</CodeText>
      </CodeTextGrp>
      <CorrespondenceItemRelation targetItem="urn:ssb:code:stabas:5326005-5326103" />
    </CorrespondenceItem>
    <CorrespondenceItem id="urn:ssb:code:stabas:8258105-8258127">
      <CodeValue xmlns="http://www.ssb.no/ns/meta/codelist">0124</CodeValue>
      <CodeTextGrp xmlns="http://www.ssb.no/ns/meta/codelist">
        <CodeText xml:lang="nn">Askim</CodeText>
        <CodeText xml:lang="nb">Askim</CodeText>
        <CodeText xml:lang="en">Askim</CodeText>
      </CodeTextGrp>
      <CorrespondenceItemRelation targetItem="urn:ssb:code:stabas:5326005-5326101" />
    </CorrespondenceItem>
    <CorrespondenceItem id="urn:ssb:code:stabas:8258105-8258129">
      <CodeValue xmlns="http://www.ssb.no/ns/meta/codelist">0125</CodeValue>
      <CodeTextGrp xmlns="http://www.ssb.no/ns/meta/codelist">
        <CodeText xml:lang="nn">Eidsberg</CodeText>
        <CodeText xml:lang="nb">Eidsberg</CodeText>
        <CodeText xml:lang="en">Eidsberg</CodeText>
      </CodeTextGrp>
      <CorrespondenceItemRelation targetItem="urn:ssb:code:stabas:5326005-5326101" />
    </CorrespondenceItem>
    <CorrespondenceItem id="urn:ssb:code:stabas:8258105-8258131">
      <CodeValue xmlns="http://www.ssb.no/ns/meta/codelist">0127</CodeValue>
      <CodeTextGrp xmlns="http://www.ssb.no/ns/meta/codelist">
        <CodeText xml:lang="nn">Skiptvet</CodeText>
        <CodeText xml:lang="nb">Skiptvet</CodeText>
        <CodeText xml:lang="en">Skiptvet</CodeText>
      </CodeTextGrp>
      <CorrespondenceItemRelation targetItem="urn:ssb:code:stabas:5326005-5326101" />
    </CorrespondenceItem>
    <CorrespondenceItem id="urn:ssb:code:stabas:8258105-8258133">
      <CodeValue xmlns="http://www.ssb.no/ns/meta/codelist">0128</CodeValue>
      <CodeTextGrp xmlns="http://www.ssb.no/ns/meta/codelist">
        <CodeText xml:lang="nn">Rakkestad</CodeText>
        <CodeText xml:lang="nb">Rakkestad</CodeText>
        <CodeText xml:lang="en">Rakkestad</CodeText>
      </CodeTextGrp>
      <CorrespondenceItemRelation targetItem="urn:ssb:code:stabas:5326005-5326101" />
    </CorrespondenceItem>
    <CorrespondenceItem id="urn:ssb:code:stabas:8258105-8258135">
      <CodeValue xmlns="http://www.ssb.no/ns/meta/codelist">0135</CodeValue>
      <CodeTextGrp xmlns="http://www.ssb.no/ns/meta/codelist">
        <CodeText xml:lang="nn">Råde</CodeText>
        <CodeText xml:lang="nb">Råde</CodeText>
        <CodeText xml:lang="en">Råde</CodeText>
      </CodeTextGrp>
      <CorrespondenceItemRelation targetItem="urn:ssb:code:stabas:5326005-5326101" />
    </CorrespondenceItem>
    <CorrespondenceItem id="urn:ssb:code:stabas:8258105-8258137">
      <CodeValue xmlns="http://www.ssb.no/ns/meta/codelist">0136</CodeValue>
      <CodeTextGrp xmlns="http://www.ssb.no/ns/meta/codelist">
        <CodeText xml:lang="nn">Rygge</CodeText>
        <CodeText xml:lang="nb">Rygge</CodeText>
        <CodeText xml:lang="en">Rygge</CodeText>
      </CodeTextGrp>
      <CorrespondenceItemRelation targetItem="urn:ssb:code:stabas:5326005-5326101" />
    </CorrespondenceItem>
    <CorrespondenceItem id="urn:ssb:code:stabas:8258105-8258139">
      <CodeValue xmlns="http://www.ssb.no/ns/meta/codelist">0137</CodeValue>
      <CodeTextGrp xmlns="http://www.ssb.no/ns/meta/codelist">
        <CodeText xml:lang="nn">Våler</CodeText>
        <CodeText xml:lang="nb">Våler</CodeText>
        <CodeText xml:lang="en">Våler</CodeText>
      </CodeTextGrp>
      <CorrespondenceItemRelation targetItem="urn:ssb:code:stabas:5326005-5326101" />
    </CorrespondenceItem>
    <CorrespondenceItem id="urn:ssb:code:stabas:8258105-8258141">
      <CodeValue xmlns="http://www.ssb.no/ns/meta/codelist">0138</CodeValue>
      <CodeTextGrp xmlns="http://www.ssb.no/ns/meta/codelist">
        <CodeText xml:lang="nn">Hobøl</CodeText>
        <CodeText xml:lang="nb">Hobøl</CodeText>
        <CodeText xml:lang="en">Hobøl</CodeText>
      </CodeTextGrp>
      <CorrespondenceItemRelation targetItem="urn:ssb:code:stabas:5326005-5326103" />
    </CorrespondenceItem>
    <CorrespondenceItem id="urn:ssb:code:stabas:8258105-8258143">
      <CodeValue xmlns="http://www.ssb.no/ns/meta/codelist">0211</CodeValue>
      <CodeTextGrp xmlns="http://www.ssb.no/ns/meta/codelist">
        <CodeText xml:lang="nn">Vestby</CodeText>
        <CodeText xml:lang="nb">Vestby</CodeText>
        <CodeText xml:lang="en">Vestby</CodeText>
      </CodeTextGrp>
      <CorrespondenceItemRelation targetItem="urn:ssb:code:stabas:5326005-5326103" />
    </CorrespondenceItem>
    <CorrespondenceItem id="urn:ssb:code:stabas:8258105-8258145">
      <CodeValue xmlns="http://www.ssb.no/ns/meta/codelist">0213</CodeValue>
      <CodeTextGrp xmlns="http://www.ssb.no/ns/meta/codelist">
        <CodeText xml:lang="nn">Ski</CodeText>
        <CodeText xml:lang="nb">Ski</CodeText>
        <CodeText xml:lang="en">Ski</CodeText>
      </CodeTextGrp>
      <CorrespondenceItemRelation targetItem="urn:ssb:code:stabas:5326005-5326103" />
    </CorrespondenceItem>
    <CorrespondenceItem id="urn:ssb:code:stabas:8258105-8258147">
      <CodeValue xmlns="http://www.ssb.no/ns/meta/codelist">0214</CodeValue>
      <CodeTextGrp xmlns="http://www.ssb.no/ns/meta/codelist">
        <CodeText xml:lang="nn">Ås</CodeText>
        <CodeText xml:lang="nb">Ås</CodeText>
        <CodeText xml:lang="en">Ås</CodeText>
      </CodeTextGrp>
      <CorrespondenceItemRelation targetItem="urn:ssb:code:stabas:5326005-5326103" />
    </CorrespondenceItem>
    <CorrespondenceItem id="urn:ssb:code:stabas:8258105-8258149">
      <CodeValue xmlns="http://www.ssb.no/ns/meta/codelist">0215</CodeValue>
      <CodeTextGrp xmlns="http://www.ssb.no/ns/meta/codelist">
        <CodeText xml:lang="nn">Frogn</CodeText>
        <CodeText xml:lang="nb">Frogn</CodeText>
        <CodeText xml:lang="en">Frogn</CodeText>
      </CodeTextGrp>
      <CorrespondenceItemRelation targetItem="urn:ssb:code:stabas:5326005-5326103" />
    </CorrespondenceItem>
    <CorrespondenceItem id="urn:ssb:code:stabas:8258105-8258151">
      <CodeValue xmlns="http://www.ssb.no/ns/meta/codelist">0216</CodeValue>
      <CodeTextGrp xmlns="http://www.ssb.no/ns/meta/codelist">
        <CodeText xml:lang="nn">Nesodden</CodeText>
        <CodeText xml:lang="nb">Nesodden</CodeText>
        <CodeText xml:lang="en">Nesodden</CodeText>
      </CodeTextGrp>
      <CorrespondenceItemRelation targetItem="urn:ssb:code:stabas:5326005-5326103" />
    </CorrespondenceItem>
    <CorrespondenceItem id="urn:ssb:code:stabas:8258105-8258153">
      <CodeValue xmlns="http://www.ssb.no/ns/meta/codelist">0217</CodeValue>
      <CodeTextGrp xmlns="http://www.ssb.no/ns/meta/codelist">
        <CodeText xml:lang="nn">Oppegård</CodeText>
        <CodeText xml:lang="nb">Oppegård</CodeText>
        <CodeText xml:lang="en">Oppegård</CodeText>
      </CodeTextGrp>
      <CorrespondenceItemRelation targetItem="urn:ssb:code:stabas:5326005-5326103" />
    </CorrespondenceItem>
    <CorrespondenceItem id="urn:ssb:code:stabas:8258105-8258155">
      <CodeValue xmlns="http://www.ssb.no/ns/meta/codelist">0219</CodeValue>
      <CodeTextGrp xmlns="http://www.ssb.no/ns/meta/codelist">
        <CodeText xml:lang="nn">Bærum</CodeText>
        <CodeText xml:lang="nb">Bærum</CodeText>
        <CodeText xml:lang="en">Bærum</CodeText>
      </CodeTextGrp>
      <CorrespondenceItemRelation targetItem="urn:ssb:code:stabas:5326005-5326103" />
    </CorrespondenceItem>
    <CorrespondenceItem id="urn:ssb:code:stabas:8258105-8258157">
      <CodeValue xmlns="http://www.ssb.no/ns/meta/codelist">0220</CodeValue>
      <CodeTextGrp xmlns="http://www.ssb.no/ns/meta/codelist">
        <CodeText xml:lang="nn">Asker</CodeText>
        <CodeText xml:lang="nb">Asker</CodeText>
        <CodeText xml:lang="en">Asker</CodeText>
      </CodeTextGrp>
      <CorrespondenceItemRelation targetItem="urn:ssb:code:stabas:5326005-5326103" />
    </CorrespondenceItem>
    <CorrespondenceItem id="urn:ssb:code:stabas:8258105-8258159">
      <CodeValue xmlns="http://www.ssb.no/ns/meta/codelist">0221</CodeValue>
      <CodeTextGrp xmlns="http://www.ssb.no/ns/meta/codelist">
        <CodeText xml:lang="nn">Aurskog-Høland</CodeText>
        <CodeText xml:lang="nb">Aurskog-Høland</CodeText>
        <CodeText xml:lang="en">Aurskog-Høland</CodeText>
      </CodeTextGrp>
      <CorrespondenceItemRelation targetItem="urn:ssb:code:stabas:5326005-5326103" />
    </CorrespondenceItem>
    <CorrespondenceItem id="urn:ssb:code:stabas:8258105-8258161">
      <CodeValue xmlns="http://www.ssb.no/ns/meta/codelist">0226</CodeValue>
      <CodeTextGrp xmlns="http://www.ssb.no/ns/meta/codelist">
        <CodeText xml:lang="nn">Sørum</CodeText>
        <CodeText xml:lang="nb">Sørum</CodeText>
        <CodeText xml:lang="en">Sørum</CodeText>
      </CodeTextGrp>
      <CorrespondenceItemRelation targetItem="urn:ssb:code:stabas:5326005-5326103" />
    </CorrespondenceItem>
    <CorrespondenceItem id="urn:ssb:code:stabas:8258105-8258163">
      <CodeValue xmlns="http://www.ssb.no/ns/meta/codelist">0227</CodeValue>
      <CodeTextGrp xmlns="http://www.ssb.no/ns/meta/codelist">
        <CodeText xml:lang="nn">Fet</CodeText>
        <CodeText xml:lang="nb">Fet</CodeText>
        <CodeText xml:lang="en">Fet</CodeText>
      </CodeTextGrp>
      <CorrespondenceItemRelation targetItem="urn:ssb:code:stabas:5326005-5326103" />
    </CorrespondenceItem>
    <CorrespondenceItem id="urn:ssb:code:stabas:8258105-8258165">
      <CodeValue xmlns="http://www.ssb.no/ns/meta/codelist">0228</CodeValue>
      <CodeTextGrp xmlns="http://www.ssb.no/ns/meta/codelist">
        <CodeText xml:lang="nn">Rælingen</CodeText>
        <CodeText xml:lang="nb">Rælingen</CodeText>
        <CodeText xml:lang="en">Rælingen</CodeText>
      </CodeTextGrp>
      <CorrespondenceItemRelation targetItem="urn:ssb:code:stabas:5326005-5326103" />
    </CorrespondenceItem>
    <CorrespondenceItem id="urn:ssb:code:stabas:8258105-8258167">
      <CodeValue xmlns="http://www.ssb.no/ns/meta/codelist">0229</CodeValue>
      <CodeTextGrp xmlns="http://www.ssb.no/ns/meta/codelist">
        <CodeText xml:lang="nn">Enebakk</CodeText>
        <CodeText xml:lang="nb">Enebakk</CodeText>
        <CodeText xml:lang="en">Enebakk</CodeText>
      </CodeTextGrp>
      <CorrespondenceItemRelation targetItem="urn:ssb:code:stabas:5326005-5326103" />
    </CorrespondenceItem>
    <CorrespondenceItem id="urn:ssb:code:stabas:8258105-8258169">
      <CodeValue xmlns="http://www.ssb.no/ns/meta/codelist">0230</CodeValue>
      <CodeTextGrp xmlns="http://www.ssb.no/ns/meta/codelist">
        <CodeText xml:lang="nn">Lørenskog</CodeText>
        <CodeText xml:lang="nb">Lørenskog</CodeText>
        <CodeText xml:lang="en">Lørenskog</CodeText>
      </CodeTextGrp>
      <CorrespondenceItemRelation targetItem="urn:ssb:code:stabas:5326005-5326103" />
    </CorrespondenceItem>
    <CorrespondenceItem id="urn:ssb:code:stabas:8258105-8258171">
      <CodeValue xmlns="http://www.ssb.no/ns/meta/codelist">0231</CodeValue>
      <CodeTextGrp xmlns="http://www.ssb.no/ns/meta/codelist">
        <CodeText xml:lang="nn">Skedsmo</CodeText>
        <CodeText xml:lang="nb">Skedsmo</CodeText>
        <CodeText xml:lang="en">Skedsmo</CodeText>
      </CodeTextGrp>
      <CorrespondenceItemRelation targetItem="urn:ssb:code:stabas:5326005-5326103" />
    </CorrespondenceItem>
    <CorrespondenceItem id="urn:ssb:code:stabas:8258105-8258173">
      <CodeValue xmlns="http://www.ssb.no/ns/meta/codelist">0233</CodeValue>
      <CodeTextGrp xmlns="http://www.ssb.no/ns/meta/codelist">
        <CodeText xml:lang="nn">Nittedal</CodeText>
        <CodeText xml:lang="nb">Nittedal</CodeText>
        <CodeText xml:lang="en">Nittedal</CodeText>
      </CodeTextGrp>
      <CorrespondenceItemRelation targetItem="urn:ssb:code:stabas:5326005-5326103" />
    </CorrespondenceItem>
    <CorrespondenceItem id="urn:ssb:code:stabas:8258105-8258175">
      <CodeValue xmlns="http://www.ssb.no/ns/meta/codelist">0234</CodeValue>
      <CodeTextGrp xmlns="http://www.ssb.no/ns/meta/codelist">
        <CodeText xml:lang="nn">Gjerdrum</CodeText>
        <CodeText xml:lang="nb">Gjerdrum</CodeText>
        <CodeText xml:lang="en">Gjerdrum</CodeText>
      </CodeTextGrp>
      <CorrespondenceItemRelation targetItem="urn:ssb:code:stabas:5326005-5326103" />
    </CorrespondenceItem>
    <CorrespondenceItem id="urn:ssb:code:stabas:8258105-8258177">
      <CodeValue xmlns="http://www.ssb.no/ns/meta/codelist">0235</CodeValue>
      <CodeTextGrp xmlns="http://www.ssb.no/ns/meta/codelist">
        <CodeText xml:lang="nn">Ullensaker</CodeText>
        <CodeText xml:lang="nb">Ullensaker</CodeText>
        <CodeText xml:lang="en">Ullensaker</CodeText>
      </CodeTextGrp>
      <CorrespondenceItemRelation targetItem="urn:ssb:code:stabas:5326005-5326103" />
    </CorrespondenceItem>
    <CorrespondenceItem id="urn:ssb:code:stabas:8258105-8258179">
      <CodeValue xmlns="http://www.ssb.no/ns/meta/codelist">0236</CodeValue>
      <CodeTextGrp xmlns="http://www.ssb.no/ns/meta/codelist">
        <CodeText xml:lang="nn">Nes</CodeText>
        <CodeText xml:lang="nb">Nes</CodeText>
        <CodeText xml:lang="en">Nes</CodeText>
      </CodeTextGrp>
      <CorrespondenceItemRelation targetItem="urn:ssb:code:stabas:5326005-5326103" />
    </CorrespondenceItem>
    <CorrespondenceItem id="urn:ssb:code:stabas:8258105-8258181">
      <CodeValue xmlns="http://www.ssb.no/ns/meta/codelist">0237</CodeValue>
      <CodeTextGrp xmlns="http://www.ssb.no/ns/meta/codelist">
        <CodeText xml:lang="nn">Eidsvoll</CodeText>
        <CodeText xml:lang="nb">Eidsvoll</CodeText>
        <CodeText xml:lang="en">Eidsvoll</CodeText>
      </CodeTextGrp>
      <CorrespondenceItemRelation targetItem="urn:ssb:code:stabas:5326005-5326103" />
    </CorrespondenceItem>
    <CorrespondenceItem id="urn:ssb:code:stabas:8258105-8258183">
      <CodeValue xmlns="http://www.ssb.no/ns/meta/codelist">0238</CodeValue>
      <CodeTextGrp xmlns="http://www.ssb.no/ns/meta/codelist">
        <CodeText xml:lang="nn">Nannestad</CodeText>
        <CodeText xml:lang="nb">Nannestad</CodeText>
        <CodeText xml:lang="en">Nannestad</CodeText>
      </CodeTextGrp>
      <CorrespondenceItemRelation targetItem="urn:ssb:code:stabas:5326005-5326103" />
    </CorrespondenceItem>
    <CorrespondenceItem id="urn:ssb:code:stabas:8258105-8258185">
      <CodeValue xmlns="http://www.ssb.no/ns/meta/codelist">0239</CodeValue>
      <CodeTextGrp xmlns="http://www.ssb.no/ns/meta/codelist">
        <CodeText xml:lang="nn">Hurdal</CodeText>
        <CodeText xml:lang="nb">Hurdal</CodeText>
        <CodeText xml:lang="en">Hurdal</CodeText>
      </CodeTextGrp>
      <CorrespondenceItemRelation targetItem="urn:ssb:code:stabas:5326005-5326101" />
    </CorrespondenceItem>
    <CorrespondenceItem id="urn:ssb:code:stabas:8258105-8258187">
      <CodeValue xmlns="http://www.ssb.no/ns/meta/codelist">0301</CodeValue>
      <CodeTextGrp xmlns="http://www.ssb.no/ns/meta/codelist">
        <CodeText xml:lang="nn">Oslo</CodeText>
        <CodeText xml:lang="nb">Oslo</CodeText>
        <CodeText xml:lang="en">Oslo</CodeText>
      </CodeTextGrp>
      <CorrespondenceItemRelation targetItem="urn:ssb:code:stabas:5326005-5326105" />
    </CorrespondenceItem>
    <CorrespondenceItem id="urn:ssb:code:stabas:8258105-8258189">
      <CodeValue xmlns="http://www.ssb.no/ns/meta/codelist">0402</CodeValue>
      <CodeTextGrp xmlns="http://www.ssb.no/ns/meta/codelist">
        <CodeText xml:lang="nn">Kongsvinger</CodeText>
        <CodeText xml:lang="nb">Kongsvinger</CodeText>
        <CodeText xml:lang="en">Kongsvinger</CodeText>
      </CodeTextGrp>
      <CorrespondenceItemRelation targetItem="urn:ssb:code:stabas:5326005-5326101" />
    </CorrespondenceItem>
    <CorrespondenceItem id="urn:ssb:code:stabas:8258105-8258191">
      <CodeValue xmlns="http://www.ssb.no/ns/meta/codelist">0403</CodeValue>
      <CodeTextGrp xmlns="http://www.ssb.no/ns/meta/codelist">
        <CodeText xml:lang="nn">Hamar</CodeText>
        <CodeText xml:lang="nb">Hamar</CodeText>
        <CodeText xml:lang="en">Hamar</CodeText>
      </CodeTextGrp>
      <CorrespondenceItemRelation targetItem="urn:ssb:code:stabas:5326005-5326101" />
    </CorrespondenceItem>
    <CorrespondenceItem id="urn:ssb:code:stabas:8258105-8258195">
      <CodeValue xmlns="http://www.ssb.no/ns/meta/codelist">0415</CodeValue>
      <CodeTextGrp xmlns="http://www.ssb.no/ns/meta/codelist">
        <CodeText xml:lang="nn">Løten</CodeText>
        <CodeText xml:lang="nb">Løten</CodeText>
        <CodeText xml:lang="en">Løten</CodeText>
      </CodeTextGrp>
      <CorrespondenceItemRelation targetItem="urn:ssb:code:stabas:5326005-5326101" />
    </CorrespondenceItem>
    <CorrespondenceItem id="urn:ssb:code:stabas:8258105-8258197">
      <CodeValue xmlns="http://www.ssb.no/ns/meta/codelist">0417</CodeValue>
      <CodeTextGrp xmlns="http://www.ssb.no/ns/meta/codelist">
        <CodeText xml:lang="nn">Stange</CodeText>
        <CodeText xml:lang="nb">Stange</CodeText>
        <CodeText xml:lang="en">Stange</CodeText>
      </CodeTextGrp>
      <CorrespondenceItemRelation targetItem="urn:ssb:code:stabas:5326005-5326101" />
    </CorrespondenceItem>
    <CorrespondenceItem id="urn:ssb:code:stabas:8258105-8258199">
      <CodeValue xmlns="http://www.ssb.no/ns/meta/codelist">0418</CodeValue>
      <CodeTextGrp xmlns="http://www.ssb.no/ns/meta/codelist">
        <CodeText xml:lang="nn">Nord-Odal</CodeText>
        <CodeText xml:lang="nb">Nord-Odal</CodeText>
        <CodeText xml:lang="en">Nord-Odal</CodeText>
      </CodeTextGrp>
      <CorrespondenceItemRelation targetItem="urn:ssb:code:stabas:5326005-5326101" />
    </CorrespondenceItem>
    <CorrespondenceItem id="urn:ssb:code:stabas:8258105-8258201">
      <CodeValue xmlns="http://www.ssb.no/ns/meta/codelist">0419</CodeValue>
      <CodeTextGrp xmlns="http://www.ssb.no/ns/meta/codelist">
        <CodeText xml:lang="nn">Sør-Odal</CodeText>
        <CodeText xml:lang="nb">Sør-Odal</CodeText>
        <CodeText xml:lang="en">Sør-Odal</CodeText>
      </CodeTextGrp>
      <CorrespondenceItemRelation targetItem="urn:ssb:code:stabas:5326005-5326101" />
    </CorrespondenceItem>
    <CorrespondenceItem id="urn:ssb:code:stabas:8258105-8258203">
      <CodeValue xmlns="http://www.ssb.no/ns/meta/codelist">0420</CodeValue>
      <CodeTextGrp xmlns="http://www.ssb.no/ns/meta/codelist">
        <CodeText xml:lang="nn">Eidskog</CodeText>
        <CodeText xml:lang="nb">Eidskog</CodeText>
        <CodeText xml:lang="en">Eidskog</CodeText>
      </CodeTextGrp>
      <CorrespondenceItemRelation targetItem="urn:ssb:code:stabas:5326005-5326101" />
    </CorrespondenceItem>
    <CorrespondenceItem id="urn:ssb:code:stabas:8258105-8258263">
      <CodeValue xmlns="http://www.ssb.no/ns/meta/codelist">0532</CodeValue>
      <CodeTextGrp xmlns="http://www.ssb.no/ns/meta/codelist">
        <CodeText xml:lang="nn">Jevnaker</CodeText>
        <CodeText xml:lang="nb">Jevnaker</CodeText>
        <CodeText xml:lang="en">Jevnaker</CodeText>
      </CodeTextGrp>
      <CorrespondenceItemRelation targetItem="urn:ssb:code:stabas:5326005-5326101" />
    </CorrespondenceItem>
    <CorrespondenceItem id="urn:ssb:code:stabas:8258105-8258265">
      <CodeValue xmlns="http://www.ssb.no/ns/meta/codelist">0533</CodeValue>
      <CodeTextGrp xmlns="http://www.ssb.no/ns/meta/codelist">
        <CodeText xml:lang="nn">Lunner</CodeText>
        <CodeText xml:lang="nb">Lunner</CodeText>
        <CodeText xml:lang="en">Lunner</CodeText>
      </CodeTextGrp>
      <CorrespondenceItemRelation targetItem="urn:ssb:code:stabas:5326005-5326103" />
    </CorrespondenceItem>
    <CorrespondenceItem id="urn:ssb:code:stabas:8258105-8258267">
      <CodeValue xmlns="http://www.ssb.no/ns/meta/codelist">0534</CodeValue>
      <CodeTextGrp xmlns="http://www.ssb.no/ns/meta/codelist">
        <CodeText xml:lang="nn">Gran</CodeText>
        <CodeText xml:lang="nb">Gran</CodeText>
        <CodeText xml:lang="en">Gran</CodeText>
      </CodeTextGrp>
      <CorrespondenceItemRelation targetItem="urn:ssb:code:stabas:5326005-5326101" />
    </CorrespondenceItem>
    <CorrespondenceItem id="urn:ssb:code:stabas:8258105-8258285">
      <CodeValue xmlns="http://www.ssb.no/ns/meta/codelist">0602</CodeValue>
      <CodeTextGrp xmlns="http://www.ssb.no/ns/meta/codelist">
        <CodeText xml:lang="nn">Drammen</CodeText>
        <CodeText xml:lang="nb">Drammen</CodeText>
        <CodeText xml:lang="en">Drammen</CodeText>
      </CodeTextGrp>
      <CorrespondenceItemRelation targetItem="urn:ssb:code:stabas:5326005-5326103" />
    </CorrespondenceItem>
    <CorrespondenceItem id="urn:ssb:code:stabas:8258105-8258287">
      <CodeValue xmlns="http://www.ssb.no/ns/meta/codelist">0604</CodeValue>
      <CodeTextGrp xmlns="http://www.ssb.no/ns/meta/codelist">
        <CodeText xml:lang="nn">Kongsberg</CodeText>
        <CodeText xml:lang="nb">Kongsberg</CodeText>
        <CodeText xml:lang="en">Kongsberg</CodeText>
      </CodeTextGrp>
      <CorrespondenceItemRelation targetItem="urn:ssb:code:stabas:5326005-5326101" />
    </CorrespondenceItem>
    <CorrespondenceItem id="urn:ssb:code:stabas:8258105-8258289">
      <CodeValue xmlns="http://www.ssb.no/ns/meta/codelist">0605</CodeValue>
      <CodeTextGrp xmlns="http://www.ssb.no/ns/meta/codelist">
        <CodeText xml:lang="nn">Ringerike</CodeText>
        <CodeText xml:lang="nb">Ringerike</CodeText>
        <CodeText xml:lang="en">Ringerike</CodeText>
      </CodeTextGrp>
      <CorrespondenceItemRelation targetItem="urn:ssb:code:stabas:5326005-5326101" />
    </CorrespondenceItem>
    <CorrespondenceItem id="urn:ssb:code:stabas:8258105-8258291">
      <CodeValue xmlns="http://www.ssb.no/ns/meta/codelist">0612</CodeValue>
      <CodeTextGrp xmlns="http://www.ssb.no/ns/meta/codelist">
        <CodeText xml:lang="nn">Hole</CodeText>
        <CodeText xml:lang="nb">Hole</CodeText>
        <CodeText xml:lang="en">Hole</CodeText>
      </CodeTextGrp>
      <CorrespondenceItemRelation targetItem="urn:ssb:code:stabas:5326005-5326103" />
    </CorrespondenceItem>
    <CorrespondenceItem id="urn:ssb:code:stabas:8258105-8258305">
      <CodeValue xmlns="http://www.ssb.no/ns/meta/codelist">0621</CodeValue>
      <CodeTextGrp xmlns="http://www.ssb.no/ns/meta/codelist">
        <CodeText xml:lang="nn">Sigdal</CodeText>
        <CodeText xml:lang="nb">Sigdal</CodeText>
        <CodeText xml:lang="en">Sigdal</CodeText>
      </CodeTextGrp>
      <CorrespondenceItemRelation targetItem="urn:ssb:code:stabas:5326005-5326101" />
    </CorrespondenceItem>
    <CorrespondenceItem id="urn:ssb:code:stabas:8258105-8258307">
      <CodeValue xmlns="http://www.ssb.no/ns/meta/codelist">0622</CodeValue>
      <CodeTextGrp xmlns="http://www.ssb.no/ns/meta/codelist">
        <CodeText xml:lang="nn">Krødsherad</CodeText>
        <CodeText xml:lang="nb">Krødsherad</CodeText>
        <CodeText xml:lang="en">Krødsherad</CodeText>
      </CodeTextGrp>
      <CorrespondenceItemRelation targetItem="urn:ssb:code:stabas:5326005-5326101" />
    </CorrespondenceItem>
    <CorrespondenceItem id="urn:ssb:code:stabas:8258105-8258309">
      <CodeValue xmlns="http://www.ssb.no/ns/meta/codelist">0623</CodeValue>
      <CodeTextGrp xmlns="http://www.ssb.no/ns/meta/codelist">
        <CodeText xml:lang="nn">Modum</CodeText>
        <CodeText xml:lang="nb">Modum</CodeText>
        <CodeText xml:lang="en">Modum</CodeText>
      </CodeTextGrp>
      <CorrespondenceItemRelation targetItem="urn:ssb:code:stabas:5326005-5326101" />
    </CorrespondenceItem>
    <CorrespondenceItem id="urn:ssb:code:stabas:8258105-8258311">
      <CodeValue xmlns="http://www.ssb.no/ns/meta/codelist">0624</CodeValue>
      <CodeTextGrp xmlns="http://www.ssb.no/ns/meta/codelist">
        <CodeText xml:lang="nn">Øvre Eiker</CodeText>
        <CodeText xml:lang="nb">Øvre Eiker</CodeText>
        <CodeText xml:lang="en">Øvre Eiker</CodeText>
      </CodeTextGrp>
      <CorrespondenceItemRelation targetItem="urn:ssb:code:stabas:5326005-5326101" />
    </CorrespondenceItem>
    <CorrespondenceItem id="urn:ssb:code:stabas:8258105-8258313">
      <CodeValue xmlns="http://www.ssb.no/ns/meta/codelist">0625</CodeValue>
      <CodeTextGrp xmlns="http://www.ssb.no/ns/meta/codelist">
        <CodeText xml:lang="nn">Nedre Eiker</CodeText>
        <CodeText xml:lang="nb">Nedre Eiker</CodeText>
        <CodeText xml:lang="en">Nedre Eiker</CodeText>
      </CodeTextGrp>
      <CorrespondenceItemRelation targetItem="urn:ssb:code:stabas:5326005-5326103" />
    </CorrespondenceItem>
    <CorrespondenceItem id="urn:ssb:code:stabas:8258105-8258315">
      <CodeValue xmlns="http://www.ssb.no/ns/meta/codelist">0626</CodeValue>
      <CodeTextGrp xmlns="http://www.ssb.no/ns/meta/codelist">
        <CodeText xml:lang="nn">Lier</CodeText>
        <CodeText xml:lang="nb">Lier</CodeText>
        <CodeText xml:lang="en">Lier</CodeText>
      </CodeTextGrp>
      <CorrespondenceItemRelation targetItem="urn:ssb:code:stabas:5326005-5326103" />
    </CorrespondenceItem>
    <CorrespondenceItem id="urn:ssb:code:stabas:8258105-8258317">
      <CodeValue xmlns="http://www.ssb.no/ns/meta/codelist">0627</CodeValue>
      <CodeTextGrp xmlns="http://www.ssb.no/ns/meta/codelist">
        <CodeText xml:lang="nn">Røyken</CodeText>
        <CodeText xml:lang="nb">Røyken</CodeText>
        <CodeText xml:lang="en">Røyken</CodeText>
      </CodeTextGrp>
      <CorrespondenceItemRelation targetItem="urn:ssb:code:stabas:5326005-5326103" />
    </CorrespondenceItem>
    <CorrespondenceItem id="urn:ssb:code:stabas:8258105-8258319">
      <CodeValue xmlns="http://www.ssb.no/ns/meta/codelist">0628</CodeValue>
      <CodeTextGrp xmlns="http://www.ssb.no/ns/meta/codelist">
        <CodeText xml:lang="nn">Hurum</CodeText>
        <CodeText xml:lang="nb">Hurum</CodeText>
        <CodeText xml:lang="en">Hurum</CodeText>
      </CodeTextGrp>
      <CorrespondenceItemRelation targetItem="urn:ssb:code:stabas:5326005-5326103" />
    </CorrespondenceItem>
    <CorrespondenceItem id="urn:ssb:code:stabas:8258105-8258321">
      <CodeValue xmlns="http://www.ssb.no/ns/meta/codelist">0631</CodeValue>
      <CodeTextGrp xmlns="http://www.ssb.no/ns/meta/codelist">
        <CodeText xml:lang="nn">Flesberg</CodeText>
        <CodeText xml:lang="nb">Flesberg</CodeText>
        <CodeText xml:lang="en">Flesberg</CodeText>
      </CodeTextGrp>
      <CorrespondenceItemRelation targetItem="urn:ssb:code:stabas:5326005-5326101" />
    </CorrespondenceItem>
    <CorrespondenceItem id="urn:ssb:code:stabas:8258105-8258327">
      <CodeValue xmlns="http://www.ssb.no/ns/meta/codelist">0701</CodeValue>
      <CodeTextGrp xmlns="http://www.ssb.no/ns/meta/codelist">
        <CodeText xml:lang="nn">Horten</CodeText>
        <CodeText xml:lang="nb">Horten</CodeText>
        <CodeText xml:lang="en">Horten</CodeText>
      </CodeTextGrp>
      <CorrespondenceItemRelation targetItem="urn:ssb:code:stabas:5326005-5326101" />
    </CorrespondenceItem>
    <CorrespondenceItem id="urn:ssb:code:stabas:8258105-8258329">
      <CodeValue xmlns="http://www.ssb.no/ns/meta/codelist">0702</CodeValue>
      <CodeTextGrp xmlns="http://www.ssb.no/ns/meta/codelist">
        <CodeText xml:lang="nn">Holmestrand</CodeText>
        <CodeText xml:lang="nb">Holmestrand</CodeText>
        <CodeText xml:lang="en">Holmestrand</CodeText>
      </CodeTextGrp>
      <CorrespondenceItemRelation targetItem="urn:ssb:code:stabas:5326005-5326101" />
    </CorrespondenceItem>
    <CorrespondenceItem id="urn:ssb:code:stabas:8258105-8258331">
      <CodeValue xmlns="http://www.ssb.no/ns/meta/codelist">0704</CodeValue>
      <CodeTextGrp xmlns="http://www.ssb.no/ns/meta/codelist">
        <CodeText xml:lang="nn">Tønsberg</CodeText>
        <CodeText xml:lang="nb">Tønsberg</CodeText>
        <CodeText xml:lang="en">Tønsberg</CodeText>
      </CodeTextGrp>
      <CorrespondenceItemRelation targetItem="urn:ssb:code:stabas:5326005-5326101" />
    </CorrespondenceItem>
    <CorrespondenceItem id="urn:ssb:code:stabas:8258105-8258333">
      <CodeValue xmlns="http://www.ssb.no/ns/meta/codelist">0706</CodeValue>
      <CodeTextGrp xmlns="http://www.ssb.no/ns/meta/codelist">
        <CodeText xml:lang="nn">Sandefjord</CodeText>
        <CodeText xml:lang="nb">Sandefjord</CodeText>
        <CodeText xml:lang="en">Sandefjord</CodeText>
      </CodeTextGrp>
      <CorrespondenceItemRelation targetItem="urn:ssb:code:stabas:5326005-5326101" />
    </CorrespondenceItem>
    <CorrespondenceItem id="urn:ssb:code:stabas:8258105-8258337">
      <CodeValue xmlns="http://www.ssb.no/ns/meta/codelist">0711</CodeValue>
      <CodeTextGrp xmlns="http://www.ssb.no/ns/meta/codelist">
        <CodeText xml:lang="nn">Svelvik</CodeText>
        <CodeText xml:lang="nb">Svelvik</CodeText>
        <CodeText xml:lang="en">Svelvik</CodeText>
      </CodeTextGrp>
      <CorrespondenceItemRelation targetItem="urn:ssb:code:stabas:5326005-5326101" />
    </CorrespondenceItem>
    <CorrespondenceItem id="urn:ssb:code:stabas:8258105-8258339">
      <CodeValue xmlns="http://www.ssb.no/ns/meta/codelist">0713</CodeValue>
      <CodeTextGrp xmlns="http://www.ssb.no/ns/meta/codelist">
        <CodeText xml:lang="nn">Sande</CodeText>
        <CodeText xml:lang="nb">Sande</CodeText>
        <CodeText xml:lang="en">Sande</CodeText>
      </CodeTextGrp>
      <CorrespondenceItemRelation targetItem="urn:ssb:code:stabas:5326005-5326101" />
    </CorrespondenceItem>
    <CorrespondenceItem id="urn:ssb:code:stabas:8258105-8258341">
      <CodeValue xmlns="http://www.ssb.no/ns/meta/codelist">0714</CodeValue>
      <CodeTextGrp xmlns="http://www.ssb.no/ns/meta/codelist">
        <CodeText xml:lang="nn">Hof</CodeText>
        <CodeText xml:lang="nb">Hof</CodeText>
        <CodeText xml:lang="en">Hof</CodeText>
      </CodeTextGrp>
      <CorrespondenceItemRelation targetItem="urn:ssb:code:stabas:5326005-5326101" />
    </CorrespondenceItem>
    <CorrespondenceItem id="urn:ssb:code:stabas:8258105-8258343">
      <CodeValue xmlns="http://www.ssb.no/ns/meta/codelist">0716</CodeValue>
      <CodeTextGrp xmlns="http://www.ssb.no/ns/meta/codelist">
        <CodeText xml:lang="nn">Re</CodeText>
        <CodeText xml:lang="nb">Re</CodeText>
        <CodeText xml:lang="en">Re</CodeText>
      </CodeTextGrp>
      <CorrespondenceItemRelation targetItem="urn:ssb:code:stabas:5326005-5326101" />
    </CorrespondenceItem>
    <CorrespondenceItem id="urn:ssb:code:stabas:8258105-8258345">
      <CodeValue xmlns="http://www.ssb.no/ns/meta/codelist">0719</CodeValue>
      <CodeTextGrp xmlns="http://www.ssb.no/ns/meta/codelist">
        <CodeText xml:lang="nn">Andebu</CodeText>
        <CodeText xml:lang="nb">Andebu</CodeText>
        <CodeText xml:lang="en">Andebu</CodeText>
      </CodeTextGrp>
      <CorrespondenceItemRelation targetItem="urn:ssb:code:stabas:5326005-5326101" />
    </CorrespondenceItem>
    <CorrespondenceItem id="urn:ssb:code:stabas:8258105-8258347">
      <CodeValue xmlns="http://www.ssb.no/ns/meta/codelist">0720</CodeValue>
      <CodeTextGrp xmlns="http://www.ssb.no/ns/meta/codelist">
        <CodeText xml:lang="nn">Stokke</CodeText>
        <CodeText xml:lang="nb">Stokke</CodeText>
        <CodeText xml:lang="en">Stokke</CodeText>
      </CodeTextGrp>
      <CorrespondenceItemRelation targetItem="urn:ssb:code:stabas:5326005-5326101" />
    </CorrespondenceItem>
    <CorrespondenceItem id="urn:ssb:code:stabas:8258105-8258349">
      <CodeValue xmlns="http://www.ssb.no/ns/meta/codelist">0722</CodeValue>
      <CodeTextGrp xmlns="http://www.ssb.no/ns/meta/codelist">
        <CodeText xml:lang="nn">Nøtterøy</CodeText>
        <CodeText xml:lang="nb">Nøtterøy</CodeText>
        <CodeText xml:lang="en">Nøtterøy</CodeText>
      </CodeTextGrp>
      <CorrespondenceItemRelation targetItem="urn:ssb:code:stabas:5326005-5326101" />
    </CorrespondenceItem>
    <CorrespondenceItem id="urn:ssb:code:stabas:8258105-8258353">
      <CodeValue xmlns="http://www.ssb.no/ns/meta/codelist">0728</CodeValue>
      <CodeTextGrp xmlns="http://www.ssb.no/ns/meta/codelist">
        <CodeText xml:lang="nn">Lardal</CodeText>
        <CodeText xml:lang="nb">Lardal</CodeText>
        <CodeText xml:lang="en">Lardal</CodeText>
      </CodeTextGrp>
      <CorrespondenceItemRelation targetItem="urn:ssb:code:stabas:5326005-5326101" />
    </CorrespondenceItem>
    <CorrespondenceItem id="urn:ssb:code:stabas:8258105-8258393">
      <CodeValue xmlns="http://www.ssb.no/ns/meta/codelist">0904</CodeValue>
      <CodeTextGrp xmlns="http://www.ssb.no/ns/meta/codelist">
        <CodeText xml:lang="nn">Grimstad</CodeText>
        <CodeText xml:lang="nb">Grimstad</CodeText>
        <CodeText xml:lang="en">Grimstad</CodeText>
      </CodeTextGrp>
      <CorrespondenceItemRelation targetItem="urn:ssb:code:stabas:5326005-5326101" />
    </CorrespondenceItem>
    <CorrespondenceItem id="urn:ssb:code:stabas:8258105-8258395">
      <CodeValue xmlns="http://www.ssb.no/ns/meta/codelist">0906</CodeValue>
      <CodeTextGrp xmlns="http://www.ssb.no/ns/meta/codelist">
        <CodeText xml:lang="nn">Arendal</CodeText>
        <CodeText xml:lang="nb">Arendal</CodeText>
        <CodeText xml:lang="en">Arendal</CodeText>
      </CodeTextGrp>
      <CorrespondenceItemRelation targetItem="urn:ssb:code:stabas:5326005-5326101" />
    </CorrespondenceItem>
    <CorrespondenceItem id="urn:ssb:code:stabas:8258105-8258403">
      <CodeValue xmlns="http://www.ssb.no/ns/meta/codelist">0919</CodeValue>
      <CodeTextGrp xmlns="http://www.ssb.no/ns/meta/codelist">
        <CodeText xml:lang="nn">Froland</CodeText>
        <CodeText xml:lang="nb">Froland</CodeText>
        <CodeText xml:lang="en">Froland</CodeText>
      </CodeTextGrp>
      <CorrespondenceItemRelation targetItem="urn:ssb:code:stabas:5326005-5326101" />
    </CorrespondenceItem>
    <CorrespondenceItem id="urn:ssb:code:stabas:8258105-8258405">
      <CodeValue xmlns="http://www.ssb.no/ns/meta/codelist">0926</CodeValue>
      <CodeTextGrp xmlns="http://www.ssb.no/ns/meta/codelist">
        <CodeText xml:lang="nn">Lillesand</CodeText>
        <CodeText xml:lang="nb">Lillesand</CodeText>
        <CodeText xml:lang="en">Lillesand</CodeText>
      </CodeTextGrp>
      <CorrespondenceItemRelation targetItem="urn:ssb:code:stabas:5326005-5326103" />
    </CorrespondenceItem>
    <CorrespondenceItem id="urn:ssb:code:stabas:8258105-8258407">
      <CodeValue xmlns="http://www.ssb.no/ns/meta/codelist">0928</CodeValue>
      <CodeTextGrp xmlns="http://www.ssb.no/ns/meta/codelist">
        <CodeText xml:lang="nn">Birkenes</CodeText>
        <CodeText xml:lang="nb">Birkenes</CodeText>
        <CodeText xml:lang="en">Birkenes</CodeText>
      </CodeTextGrp>
      <CorrespondenceItemRelation targetItem="urn:ssb:code:stabas:5326005-5326103" />
    </CorrespondenceItem>
    <CorrespondenceItem id="urn:ssb:code:stabas:8258105-8258411">
      <CodeValue xmlns="http://www.ssb.no/ns/meta/codelist">0935</CodeValue>
      <CodeTextGrp xmlns="http://www.ssb.no/ns/meta/codelist">
        <CodeText xml:lang="nn">Iveland</CodeText>
        <CodeText xml:lang="nb">Iveland</CodeText>
        <CodeText xml:lang="en">Iveland</CodeText>
      </CodeTextGrp>
      <CorrespondenceItemRelation targetItem="urn:ssb:code:stabas:5326005-5326101" />
    </CorrespondenceItem>
    <CorrespondenceItem id="urn:ssb:code:stabas:8258105-8258413">
      <CodeValue xmlns="http://www.ssb.no/ns/meta/codelist">0937</CodeValue>
      <CodeTextGrp xmlns="http://www.ssb.no/ns/meta/codelist">
        <CodeText xml:lang="nn">Evje og Hornnes</CodeText>
        <CodeText xml:lang="nb">Evje og Hornnes</CodeText>
        <CodeText xml:lang="en">Evje og Hornnes</CodeText>
      </CodeTextGrp>
      <CorrespondenceItemRelation targetItem="urn:ssb:code:stabas:5326005-5326101" />
    </CorrespondenceItem>
    <CorrespondenceItem id="urn:ssb:code:stabas:8258105-8258415">
      <CodeValue xmlns="http://www.ssb.no/ns/meta/codelist">0938</CodeValue>
      <CodeTextGrp xmlns="http://www.ssb.no/ns/meta/codelist">
        <CodeText xml:lang="nn">Bygland</CodeText>
        <CodeText xml:lang="nb">Bygland</CodeText>
        <CodeText xml:lang="en">Bygland</CodeText>
      </CodeTextGrp>
      <CorrespondenceItemRelation targetItem="urn:ssb:code:stabas:5326005-5326101" />
    </CorrespondenceItem>
    <CorrespondenceItem id="urn:ssb:code:stabas:8258105-8258421">
      <CodeValue xmlns="http://www.ssb.no/ns/meta/codelist">1001</CodeValue>
      <CodeTextGrp xmlns="http://www.ssb.no/ns/meta/codelist">
        <CodeText xml:lang="nn">Kristiansand</CodeText>
        <CodeText xml:lang="nb">Kristiansand</CodeText>
        <CodeText xml:lang="en">Kristiansand</CodeText>
      </CodeTextGrp>
      <CorrespondenceItemRelation targetItem="urn:ssb:code:stabas:5326005-5326105" />
    </CorrespondenceItem>
    <CorrespondenceItem id="urn:ssb:code:stabas:8258105-8258423">
      <CodeValue xmlns="http://www.ssb.no/ns/meta/codelist">1002</CodeValue>
      <CodeTextGrp xmlns="http://www.ssb.no/ns/meta/codelist">
        <CodeText xml:lang="nn">Mandal</CodeText>
        <CodeText xml:lang="nb">Mandal</CodeText>
        <CodeText xml:lang="en">Mandal</CodeText>
      </CodeTextGrp>
      <CorrespondenceItemRelation targetItem="urn:ssb:code:stabas:5326005-5326101" />
    </CorrespondenceItem>
    <CorrespondenceItem id="urn:ssb:code:stabas:8258105-8258429">
      <CodeValue xmlns="http://www.ssb.no/ns/meta/codelist">1014</CodeValue>
      <CodeTextGrp xmlns="http://www.ssb.no/ns/meta/codelist">
        <CodeText xml:lang="nn">Vennesla</CodeText>
        <CodeText xml:lang="nb">Vennesla</CodeText>
        <CodeText xml:lang="en">Vennesla</CodeText>
      </CodeTextGrp>
      <CorrespondenceItemRelation targetItem="urn:ssb:code:stabas:5326005-5326103" />
    </CorrespondenceItem>
    <CorrespondenceItem id="urn:ssb:code:stabas:8258105-8258431">
      <CodeValue xmlns="http://www.ssb.no/ns/meta/codelist">1017</CodeValue>
      <CodeTextGrp xmlns="http://www.ssb.no/ns/meta/codelist">
        <CodeText xml:lang="nn">Songdalen</CodeText>
        <CodeText xml:lang="nb">Songdalen</CodeText>
        <CodeText xml:lang="en">Songdalen</CodeText>
      </CodeTextGrp>
      <CorrespondenceItemRelation targetItem="urn:ssb:code:stabas:5326005-5326103" />
    </CorrespondenceItem>
    <CorrespondenceItem id="urn:ssb:code:stabas:8258105-8258433">
      <CodeValue xmlns="http://www.ssb.no/ns/meta/codelist">1018</CodeValue>
      <CodeTextGrp xmlns="http://www.ssb.no/ns/meta/codelist">
        <CodeText xml:lang="nn">Søgne</CodeText>
        <CodeText xml:lang="nb">Søgne</CodeText>
        <CodeText xml:lang="en">Søgne</CodeText>
      </CodeTextGrp>
      <CorrespondenceItemRelation targetItem="urn:ssb:code:stabas:5326005-5326103" />
    </CorrespondenceItem>
    <CorrespondenceItem id="urn:ssb:code:stabas:8258105-8258435">
      <CodeValue xmlns="http://www.ssb.no/ns/meta/codelist">1021</CodeValue>
      <CodeTextGrp xmlns="http://www.ssb.no/ns/meta/codelist">
        <CodeText xml:lang="nn">Marnardal</CodeText>
        <CodeText xml:lang="nb">Marnardal</CodeText>
        <CodeText xml:lang="en">Marnardal</CodeText>
      </CodeTextGrp>
      <CorrespondenceItemRelation targetItem="urn:ssb:code:stabas:5326005-5326103" />
    </CorrespondenceItem>
    <CorrespondenceItem id="urn:ssb:code:stabas:8258105-8258437">
      <CodeValue xmlns="http://www.ssb.no/ns/meta/codelist">1026</CodeValue>
      <CodeTextGrp xmlns="http://www.ssb.no/ns/meta/codelist">
        <CodeText xml:lang="nn">Åseral</CodeText>
        <CodeText xml:lang="nb">Åseral</CodeText>
        <CodeText xml:lang="en">Åseral</CodeText>
      </CodeTextGrp>
      <CorrespondenceItemRelation targetItem="urn:ssb:code:stabas:5326005-5326101" />
    </CorrespondenceItem>
    <CorrespondenceItem id="urn:ssb:code:stabas:8258105-8258439">
      <CodeValue xmlns="http://www.ssb.no/ns/meta/codelist">1027</CodeValue>
      <CodeTextGrp xmlns="http://www.ssb.no/ns/meta/codelist">
        <CodeText xml:lang="nn">Audnedal</CodeText>
        <CodeText xml:lang="nb">Audnedal</CodeText>
        <CodeText xml:lang="en">Audnedal</CodeText>
      </CodeTextGrp>
      <CorrespondenceItemRelation targetItem="urn:ssb:code:stabas:5326005-5326101" />
    </CorrespondenceItem>
    <CorrespondenceItem id="urn:ssb:code:stabas:8258105-8258441">
      <CodeValue xmlns="http://www.ssb.no/ns/meta/codelist">1029</CodeValue>
      <CodeTextGrp xmlns="http://www.ssb.no/ns/meta/codelist">
        <CodeText xml:lang="nn">Lindesnes</CodeText>
        <CodeText xml:lang="nb">Lindesnes</CodeText>
        <CodeText xml:lang="en">Lindesnes</CodeText>
      </CodeTextGrp>
      <CorrespondenceItemRelation targetItem="urn:ssb:code:stabas:5326005-5326101" />
    </CorrespondenceItem>
    <CorrespondenceItem id="urn:ssb:code:stabas:8258105-8258443">
      <CodeValue xmlns="http://www.ssb.no/ns/meta/codelist">1032</CodeValue>
      <CodeTextGrp xmlns="http://www.ssb.no/ns/meta/codelist">
        <CodeText xml:lang="nn">Lyngdal</CodeText>
        <CodeText xml:lang="nb">Lyngdal</CodeText>
        <CodeText xml:lang="en">Lyngdal</CodeText>
      </CodeTextGrp>
      <CorrespondenceItemRelation targetItem="urn:ssb:code:stabas:5326005-5326101" />
    </CorrespondenceItem>
    <CorrespondenceItem id="urn:ssb:code:stabas:8258105-8258445">
      <CodeValue xmlns="http://www.ssb.no/ns/meta/codelist">1034</CodeValue>
      <CodeTextGrp xmlns="http://www.ssb.no/ns/meta/codelist">
        <CodeText xml:lang="nn">Hægebostad</CodeText>
        <CodeText xml:lang="nb">Hægebostad</CodeText>
        <CodeText xml:lang="en">Hægebostad</CodeText>
      </CodeTextGrp>
      <CorrespondenceItemRelation targetItem="urn:ssb:code:stabas:5326005-5326101" />
    </CorrespondenceItem>
    <CorrespondenceItem id="urn:ssb:code:stabas:8258105-8258451">
      <CodeValue xmlns="http://www.ssb.no/ns/meta/codelist">1101</CodeValue>
      <CodeTextGrp xmlns="http://www.ssb.no/ns/meta/codelist">
        <CodeText xml:lang="nn">Eigersund</CodeText>
        <CodeText xml:lang="nb">Eigersund</CodeText>
        <CodeText xml:lang="en">Eigersund</CodeText>
      </CodeTextGrp>
      <CorrespondenceItemRelation targetItem="urn:ssb:code:stabas:5326005-5326101" />
    </CorrespondenceItem>
    <CorrespondenceItem id="urn:ssb:code:stabas:8258105-8258453">
      <CodeValue xmlns="http://www.ssb.no/ns/meta/codelist">1102</CodeValue>
      <CodeTextGrp xmlns="http://www.ssb.no/ns/meta/codelist">
        <CodeText xml:lang="nn">Sandnes</CodeText>
        <CodeText xml:lang="nb">Sandnes</CodeText>
        <CodeText xml:lang="en">Sandnes</CodeText>
      </CodeTextGrp>
      <CorrespondenceItemRelation targetItem="urn:ssb:code:stabas:5326005-5326103" />
    </CorrespondenceItem>
    <CorrespondenceItem id="urn:ssb:code:stabas:8258105-8258455">
      <CodeValue xmlns="http://www.ssb.no/ns/meta/codelist">1103</CodeValue>
      <CodeTextGrp xmlns="http://www.ssb.no/ns/meta/codelist">
        <CodeText xml:lang="nn">Stavanger</CodeText>
        <CodeText xml:lang="nb">Stavanger</CodeText>
        <CodeText xml:lang="en">Stavanger</CodeText>
      </CodeTextGrp>
      <CorrespondenceItemRelation targetItem="urn:ssb:code:stabas:5326005-5326105" />
    </CorrespondenceItem>
    <CorrespondenceItem id="urn:ssb:code:stabas:8258105-8258459">
      <CodeValue xmlns="http://www.ssb.no/ns/meta/codelist">1111</CodeValue>
      <CodeTextGrp xmlns="http://www.ssb.no/ns/meta/codelist">
        <CodeText xml:lang="nn">Sokndal</CodeText>
        <CodeText xml:lang="nb">Sokndal</CodeText>
        <CodeText xml:lang="en">Sokndal</CodeText>
      </CodeTextGrp>
      <CorrespondenceItemRelation targetItem="urn:ssb:code:stabas:5326005-5326101" />
    </CorrespondenceItem>
    <CorrespondenceItem id="urn:ssb:code:stabas:8258105-8258463">
      <CodeValue xmlns="http://www.ssb.no/ns/meta/codelist">1114</CodeValue>
      <CodeTextGrp xmlns="http://www.ssb.no/ns/meta/codelist">
        <CodeText xml:lang="nn">Bjerkreim</CodeText>
        <CodeText xml:lang="nb">Bjerkreim</CodeText>
        <CodeText xml:lang="en">Bjerkreim</CodeText>
      </CodeTextGrp>
      <CorrespondenceItemRelation targetItem="urn:ssb:code:stabas:5326005-5326101" />
    </CorrespondenceItem>
    <CorrespondenceItem id="urn:ssb:code:stabas:8258105-8258465">
      <CodeValue xmlns="http://www.ssb.no/ns/meta/codelist">1119</CodeValue>
      <CodeTextGrp xmlns="http://www.ssb.no/ns/meta/codelist">
        <CodeText xml:lang="nn">Hå</CodeText>
        <CodeText xml:lang="nb">Hå</CodeText>
        <CodeText xml:lang="en">Hå</CodeText>
      </CodeTextGrp>
      <CorrespondenceItemRelation targetItem="urn:ssb:code:stabas:5326005-5326103" />
    </CorrespondenceItem>
    <CorrespondenceItem id="urn:ssb:code:stabas:8258105-8258467">
      <CodeValue xmlns="http://www.ssb.no/ns/meta/codelist">1120</CodeValue>
      <CodeTextGrp xmlns="http://www.ssb.no/ns/meta/codelist">
        <CodeText xml:lang="nn">Klepp</CodeText>
        <CodeText xml:lang="nb">Klepp</CodeText>
        <CodeText xml:lang="en">Klepp</CodeText>
      </CodeTextGrp>
      <CorrespondenceItemRelation targetItem="urn:ssb:code:stabas:5326005-5326103" />
    </CorrespondenceItem>
    <CorrespondenceItem id="urn:ssb:code:stabas:8258105-8258469">
      <CodeValue xmlns="http://www.ssb.no/ns/meta/codelist">1121</CodeValue>
      <CodeTextGrp xmlns="http://www.ssb.no/ns/meta/codelist">
        <CodeText xml:lang="nn">Time</CodeText>
        <CodeText xml:lang="nb">Time</CodeText>
        <CodeText xml:lang="en">Time</CodeText>
      </CodeTextGrp>
      <CorrespondenceItemRelation targetItem="urn:ssb:code:stabas:5326005-5326103" />
    </CorrespondenceItem>
    <CorrespondenceItem id="urn:ssb:code:stabas:8258105-8258471">
      <CodeValue xmlns="http://www.ssb.no/ns/meta/codelist">1122</CodeValue>
      <CodeTextGrp xmlns="http://www.ssb.no/ns/meta/codelist">
        <CodeText xml:lang="nn">Gjesdal</CodeText>
        <CodeText xml:lang="nb">Gjesdal</CodeText>
        <CodeText xml:lang="en">Gjesdal</CodeText>
      </CodeTextGrp>
      <CorrespondenceItemRelation targetItem="urn:ssb:code:stabas:5326005-5326103" />
    </CorrespondenceItem>
    <CorrespondenceItem id="urn:ssb:code:stabas:8258105-8258473">
      <CodeValue xmlns="http://www.ssb.no/ns/meta/codelist">1124</CodeValue>
      <CodeTextGrp xmlns="http://www.ssb.no/ns/meta/codelist">
        <CodeText xml:lang="nn">Sola</CodeText>
        <CodeText xml:lang="nb">Sola</CodeText>
        <CodeText xml:lang="en">Sola</CodeText>
      </CodeTextGrp>
      <CorrespondenceItemRelation targetItem="urn:ssb:code:stabas:5326005-5326103" />
    </CorrespondenceItem>
    <CorrespondenceItem id="urn:ssb:code:stabas:8258105-8258475">
      <CodeValue xmlns="http://www.ssb.no/ns/meta/codelist">1127</CodeValue>
      <CodeTextGrp xmlns="http://www.ssb.no/ns/meta/codelist">
        <CodeText xml:lang="nn">Randaberg</CodeText>
        <CodeText xml:lang="nb">Randaberg</CodeText>
        <CodeText xml:lang="en">Randaberg</CodeText>
      </CodeTextGrp>
      <CorrespondenceItemRelation targetItem="urn:ssb:code:stabas:5326005-5326103" />
    </CorrespondenceItem>
    <CorrespondenceItem id="urn:ssb:code:stabas:8258105-8258477">
      <CodeValue xmlns="http://www.ssb.no/ns/meta/codelist">1129</CodeValue>
      <CodeTextGrp xmlns="http://www.ssb.no/ns/meta/codelist">
        <CodeText xml:lang="nn">Forsand</CodeText>
        <CodeText xml:lang="nb">Forsand</CodeText>
        <CodeText xml:lang="en">Forsand</CodeText>
      </CodeTextGrp>
      <CorrespondenceItemRelation targetItem="urn:ssb:code:stabas:5326005-5326101" />
    </CorrespondenceItem>
    <CorrespondenceItem id="urn:ssb:code:stabas:8258105-8258479">
      <CodeValue xmlns="http://www.ssb.no/ns/meta/codelist">1130</CodeValue>
      <CodeTextGrp xmlns="http://www.ssb.no/ns/meta/codelist">
        <CodeText xml:lang="nn">Strand</CodeText>
        <CodeText xml:lang="nb">Strand</CodeText>
        <CodeText xml:lang="en">Strand</CodeText>
      </CodeTextGrp>
      <CorrespondenceItemRelation targetItem="urn:ssb:code:stabas:5326005-5326101" />
    </CorrespondenceItem>
    <CorrespondenceItem id="urn:ssb:code:stabas:8258105-8258487">
      <CodeValue xmlns="http://www.ssb.no/ns/meta/codelist">1141</CodeValue>
      <CodeTextGrp xmlns="http://www.ssb.no/ns/meta/codelist">
        <CodeText xml:lang="nn">Finnøy</CodeText>
        <CodeText xml:lang="nb">Finnøy</CodeText>
        <CodeText xml:lang="en">Finnøy</CodeText>
      </CodeTextGrp>
      <CorrespondenceItemRelation targetItem="urn:ssb:code:stabas:5326005-5326101" />
    </CorrespondenceItem>
    <CorrespondenceItem id="urn:ssb:code:stabas:8258105-8258489">
      <CodeValue xmlns="http://www.ssb.no/ns/meta/codelist">1142</CodeValue>
      <CodeTextGrp xmlns="http://www.ssb.no/ns/meta/codelist">
        <CodeText xml:lang="nn">Rennesøy</CodeText>
        <CodeText xml:lang="nb">Rennesøy</CodeText>
        <CodeText xml:lang="en">Rennesøy</CodeText>
      </CodeTextGrp>
      <CorrespondenceItemRelation targetItem="urn:ssb:code:stabas:5326005-5326103" />
    </CorrespondenceItem>
    <CorrespondenceItem id="urn:ssb:code:stabas:8258105-8258491">
      <CodeValue xmlns="http://www.ssb.no/ns/meta/codelist">1144</CodeValue>
      <CodeTextGrp xmlns="http://www.ssb.no/ns/meta/codelist">
        <CodeText xml:lang="nn">Kvitsøy</CodeText>
        <CodeText xml:lang="nb">Kvitsøy</CodeText>
        <CodeText xml:lang="en">Kvitsøy</CodeText>
      </CodeTextGrp>
      <CorrespondenceItemRelation targetItem="urn:ssb:code:stabas:5326005-5326101" />
    </CorrespondenceItem>
    <CorrespondenceItem id="urn:ssb:code:stabas:8258105-8258493">
      <CodeValue xmlns="http://www.ssb.no/ns/meta/codelist">1145</CodeValue>
      <CodeTextGrp xmlns="http://www.ssb.no/ns/meta/codelist">
        <CodeText xml:lang="nn">Bokn</CodeText>
        <CodeText xml:lang="nb">Bokn</CodeText>
        <CodeText xml:lang="en">Bokn</CodeText>
      </CodeTextGrp>
      <CorrespondenceItemRelation targetItem="urn:ssb:code:stabas:5326005-5326101" />
    </CorrespondenceItem>
    <CorrespondenceItem id="urn:ssb:code:stabas:8258105-8258503">
      <CodeValue xmlns="http://www.ssb.no/ns/meta/codelist">1201</CodeValue>
      <CodeTextGrp xmlns="http://www.ssb.no/ns/meta/codelist">
        <CodeText xml:lang="nn">Bergen</CodeText>
        <CodeText xml:lang="nb">Bergen</CodeText>
        <CodeText xml:lang="en">Bergen</CodeText>
      </CodeTextGrp>
      <CorrespondenceItemRelation targetItem="urn:ssb:code:stabas:5326005-5326105" />
    </CorrespondenceItem>
    <CorrespondenceItem id="urn:ssb:code:stabas:8258105-8258533">
      <CodeValue xmlns="http://www.ssb.no/ns/meta/codelist">1238</CodeValue>
      <CodeTextGrp xmlns="http://www.ssb.no/ns/meta/codelist">
        <CodeText xml:lang="nn">Kvam</CodeText>
        <CodeText xml:lang="nb">Kvam</CodeText>
        <CodeText xml:lang="en">Kvam</CodeText>
      </CodeTextGrp>
      <CorrespondenceItemRelation targetItem="urn:ssb:code:stabas:5326005-5326101" />
    </CorrespondenceItem>
    <CorrespondenceItem id="urn:ssb:code:stabas:8258105-8258535">
      <CodeValue xmlns="http://www.ssb.no/ns/meta/codelist">1241</CodeValue>
      <CodeTextGrp xmlns="http://www.ssb.no/ns/meta/codelist">
        <CodeText xml:lang="nn">Fusa</CodeText>
        <CodeText xml:lang="nb">Fusa</CodeText>
        <CodeText xml:lang="en">Fusa</CodeText>
      </CodeTextGrp>
      <CorrespondenceItemRelation targetItem="urn:ssb:code:stabas:5326005-5326101" />
    </CorrespondenceItem>
    <CorrespondenceItem id="urn:ssb:code:stabas:8258105-8258537">
      <CodeValue xmlns="http://www.ssb.no/ns/meta/codelist">1242</CodeValue>
      <CodeTextGrp xmlns="http://www.ssb.no/ns/meta/codelist">
        <CodeText xml:lang="nn">Samnanger</CodeText>
        <CodeText xml:lang="nb">Samnanger</CodeText>
        <CodeText xml:lang="en">Samnanger</CodeText>
      </CodeTextGrp>
      <CorrespondenceItemRelation targetItem="urn:ssb:code:stabas:5326005-5326101" />
    </CorrespondenceItem>
    <CorrespondenceItem id="urn:ssb:code:stabas:8258105-8258539">
      <CodeValue xmlns="http://www.ssb.no/ns/meta/codelist">1243</CodeValue>
      <CodeTextGrp xmlns="http://www.ssb.no/ns/meta/codelist">
        <CodeText xml:lang="nn">Os</CodeText>
        <CodeText xml:lang="nb">Os</CodeText>
        <CodeText xml:lang="en">Os</CodeText>
      </CodeTextGrp>
      <CorrespondenceItemRelation targetItem="urn:ssb:code:stabas:5326005-5326103" />
    </CorrespondenceItem>
    <CorrespondenceItem id="urn:ssb:code:stabas:8258105-8258541">
      <CodeValue xmlns="http://www.ssb.no/ns/meta/codelist">1244</CodeValue>
      <CodeTextGrp xmlns="http://www.ssb.no/ns/meta/codelist">
        <CodeText xml:lang="nn">Austevoll</CodeText>
        <CodeText xml:lang="nb">Austevoll</CodeText>
        <CodeText xml:lang="en">Austevoll</CodeText>
      </CodeTextGrp>
      <CorrespondenceItemRelation targetItem="urn:ssb:code:stabas:5326005-5326101" />
    </CorrespondenceItem>
    <CorrespondenceItem id="urn:ssb:code:stabas:8258105-8258543">
      <CodeValue xmlns="http://www.ssb.no/ns/meta/codelist">1245</CodeValue>
      <CodeTextGrp xmlns="http://www.ssb.no/ns/meta/codelist">
        <CodeText xml:lang="nn">Sund</CodeText>
        <CodeText xml:lang="nb">Sund</CodeText>
        <CodeText xml:lang="en">Sund</CodeText>
      </CodeTextGrp>
      <CorrespondenceItemRelation targetItem="urn:ssb:code:stabas:5326005-5326103" />
    </CorrespondenceItem>
    <CorrespondenceItem id="urn:ssb:code:stabas:8258105-8258545">
      <CodeValue xmlns="http://www.ssb.no/ns/meta/codelist">1246</CodeValue>
      <CodeTextGrp xmlns="http://www.ssb.no/ns/meta/codelist">
        <CodeText xml:lang="nn">Fjell</CodeText>
        <CodeText xml:lang="nb">Fjell</CodeText>
        <CodeText xml:lang="en">Fjell</CodeText>
      </CodeTextGrp>
      <CorrespondenceItemRelation targetItem="urn:ssb:code:stabas:5326005-5326103" />
    </CorrespondenceItem>
    <CorrespondenceItem id="urn:ssb:code:stabas:8258105-8258547">
      <CodeValue xmlns="http://www.ssb.no/ns/meta/codelist">1247</CodeValue>
      <CodeTextGrp xmlns="http://www.ssb.no/ns/meta/codelist">
        <CodeText xml:lang="nn">Askøy</CodeText>
        <CodeText xml:lang="nb">Askøy</CodeText>
        <CodeText xml:lang="en">Askøy</CodeText>
      </CodeTextGrp>
      <CorrespondenceItemRelation targetItem="urn:ssb:code:stabas:5326005-5326103" />
    </CorrespondenceItem>
    <CorrespondenceItem id="urn:ssb:code:stabas:8258105-8258549">
      <CodeValue xmlns="http://www.ssb.no/ns/meta/codelist">1251</CodeValue>
      <CodeTextGrp xmlns="http://www.ssb.no/ns/meta/codelist">
        <CodeText xml:lang="nn">Vaksdal</CodeText>
        <CodeText xml:lang="nb">Vaksdal</CodeText>
        <CodeText xml:lang="en">Vaksdal</CodeText>
      </CodeTextGrp>
      <CorrespondenceItemRelation targetItem="urn:ssb:code:stabas:5326005-5326101" />
    </CorrespondenceItem>
    <CorrespondenceItem id="urn:ssb:code:stabas:8258105-8258551">
      <CodeValue xmlns="http://www.ssb.no/ns/meta/codelist">1252</CodeValue>
      <CodeTextGrp xmlns="http://www.ssb.no/ns/meta/codelist">
        <CodeText xml:lang="nn">Modalen</CodeText>
        <CodeText xml:lang="nb">Modalen</CodeText>
        <CodeText xml:lang="en">Modalen</CodeText>
      </CodeTextGrp>
      <CorrespondenceItemRelation targetItem="urn:ssb:code:stabas:5326005-5326101" />
    </CorrespondenceItem>
    <CorrespondenceItem id="urn:ssb:code:stabas:8258105-8258553">
      <CodeValue xmlns="http://www.ssb.no/ns/meta/codelist">1253</CodeValue>
      <CodeTextGrp xmlns="http://www.ssb.no/ns/meta/codelist">
        <CodeText xml:lang="nn">Osterøy</CodeText>
        <CodeText xml:lang="nb">Osterøy</CodeText>
        <CodeText xml:lang="en">Osterøy</CodeText>
      </CodeTextGrp>
      <CorrespondenceItemRelation targetItem="urn:ssb:code:stabas:5326005-5326103" />
    </CorrespondenceItem>
    <CorrespondenceItem id="urn:ssb:code:stabas:8258105-8258555">
      <CodeValue xmlns="http://www.ssb.no/ns/meta/codelist">1256</CodeValue>
      <CodeTextGrp xmlns="http://www.ssb.no/ns/meta/codelist">
        <CodeText xml:lang="nn">Meland</CodeText>
        <CodeText xml:lang="nb">Meland</CodeText>
        <CodeText xml:lang="en">Meland</CodeText>
      </CodeTextGrp>
      <CorrespondenceItemRelation targetItem="urn:ssb:code:stabas:5326005-5326103" />
    </CorrespondenceItem>
    <CorrespondenceItem id="urn:ssb:code:stabas:8258105-8258557">
      <CodeValue xmlns="http://www.ssb.no/ns/meta/codelist">1259</CodeValue>
      <CodeTextGrp xmlns="http://www.ssb.no/ns/meta/codelist">
        <CodeText xml:lang="nn">Øygarden</CodeText>
        <CodeText xml:lang="nb">Øygarden</CodeText>
        <CodeText xml:lang="en">Øygarden</CodeText>
      </CodeTextGrp>
      <CorrespondenceItemRelation targetItem="urn:ssb:code:stabas:5326005-5326101" />
    </CorrespondenceItem>
    <CorrespondenceItem id="urn:ssb:code:stabas:8258105-8258559">
      <CodeValue xmlns="http://www.ssb.no/ns/meta/codelist">1260</CodeValue>
      <CodeTextGrp xmlns="http://www.ssb.no/ns/meta/codelist">
        <CodeText xml:lang="nn">Radøy</CodeText>
        <CodeText xml:lang="nb">Radøy</CodeText>
        <CodeText xml:lang="en">Radøy</CodeText>
      </CodeTextGrp>
      <CorrespondenceItemRelation targetItem="urn:ssb:code:stabas:5326005-5326101" />
    </CorrespondenceItem>
    <CorrespondenceItem id="urn:ssb:code:stabas:8258105-8258561">
      <CodeValue xmlns="http://www.ssb.no/ns/meta/codelist">1263</CodeValue>
      <CodeTextGrp xmlns="http://www.ssb.no/ns/meta/codelist">
        <CodeText xml:lang="nn">Lindås</CodeText>
        <CodeText xml:lang="nb">Lindås</CodeText>
        <CodeText xml:lang="en">Lindås</CodeText>
      </CodeTextGrp>
      <CorrespondenceItemRelation targetItem="urn:ssb:code:stabas:5326005-5326103" />
    </CorrespondenceItem>
    <CorrespondenceItem id="urn:ssb:code:stabas:8258105-8258563">
      <CodeValue xmlns="http://www.ssb.no/ns/meta/codelist">1264</CodeValue>
      <CodeTextGrp xmlns="http://www.ssb.no/ns/meta/codelist">
        <CodeText xml:lang="nn">Austrheim</CodeText>
        <CodeText xml:lang="nb">Austrheim</CodeText>
        <CodeText xml:lang="en">Austrheim</CodeText>
      </CodeTextGrp>
      <CorrespondenceItemRelation targetItem="urn:ssb:code:stabas:5326005-5326101" />
    </CorrespondenceItem>
    <CorrespondenceItem id="urn:ssb:code:stabas:8258105-8258567">
      <CodeValue xmlns="http://www.ssb.no/ns/meta/codelist">1266</CodeValue>
      <CodeTextGrp xmlns="http://www.ssb.no/ns/meta/codelist">
        <CodeText xml:lang="nn">Masfjorden</CodeText>
        <CodeText xml:lang="nb">Masfjorden</CodeText>
        <CodeText xml:lang="en">Masfjorden</CodeText>
      </CodeTextGrp>
      <CorrespondenceItemRelation targetItem="urn:ssb:code:stabas:5326005-5326101" />
    </CorrespondenceItem>
    <CorrespondenceItem id="urn:ssb:code:stabas:8258105-8258693">
      <CodeValue xmlns="http://www.ssb.no/ns/meta/codelist">1601</CodeValue>
      <CodeTextGrp xmlns="http://www.ssb.no/ns/meta/codelist">
        <CodeText xml:lang="nn">Trondheim</CodeText>
        <CodeText xml:lang="nb">Trondheim</CodeText>
        <CodeText xml:lang="en">Trondheim</CodeText>
      </CodeTextGrp>
      <CorrespondenceItemRelation targetItem="urn:ssb:code:stabas:5326005-5326105" />
    </CorrespondenceItem>
    <CorrespondenceItem id="urn:ssb:code:stabas:8258105-8258697">
      <CodeValue xmlns="http://www.ssb.no/ns/meta/codelist">1613</CodeValue>
      <CodeTextGrp xmlns="http://www.ssb.no/ns/meta/codelist">
        <CodeText xml:lang="nn">Snillfjord</CodeText>
        <CodeText xml:lang="nb">Snillfjord</CodeText>
        <CodeText xml:lang="en">Snillfjord</CodeText>
      </CodeTextGrp>
      <CorrespondenceItemRelation targetItem="urn:ssb:code:stabas:5326005-5326101" />
    </CorrespondenceItem>
    <CorrespondenceItem id="urn:ssb:code:stabas:8258105-8258705">
      <CodeValue xmlns="http://www.ssb.no/ns/meta/codelist">1622</CodeValue>
      <CodeTextGrp xmlns="http://www.ssb.no/ns/meta/codelist">
        <CodeText xml:lang="nn">Agdenes</CodeText>
        <CodeText xml:lang="nb">Agdenes</CodeText>
        <CodeText xml:lang="en">Agdenes</CodeText>
      </CodeTextGrp>
      <CorrespondenceItemRelation targetItem="urn:ssb:code:stabas:5326005-5326101" />
    </CorrespondenceItem>
    <CorrespondenceItem id="urn:ssb:code:stabas:8258105-8258707">
      <CodeValue xmlns="http://www.ssb.no/ns/meta/codelist">1624</CodeValue>
      <CodeTextGrp xmlns="http://www.ssb.no/ns/meta/codelist">
        <CodeText xml:lang="nn">Rissa</CodeText>
        <CodeText xml:lang="nb">Rissa</CodeText>
        <CodeText xml:lang="en">Rissa</CodeText>
      </CodeTextGrp>
      <CorrespondenceItemRelation targetItem="urn:ssb:code:stabas:5326005-5326101" />
    </CorrespondenceItem>
    <CorrespondenceItem id="urn:ssb:code:stabas:8258105-8258719">
      <CodeValue xmlns="http://www.ssb.no/ns/meta/codelist">1635</CodeValue>
      <CodeTextGrp xmlns="http://www.ssb.no/ns/meta/codelist">
        <CodeText xml:lang="nn">Rennebu</CodeText>
        <CodeText xml:lang="nb">Rennebu</CodeText>
        <CodeText xml:lang="en">Rennebu</CodeText>
      </CodeTextGrp>
      <CorrespondenceItemRelation targetItem="urn:ssb:code:stabas:5326005-5326101" />
    </CorrespondenceItem>
    <CorrespondenceItem id="urn:ssb:code:stabas:8258105-8258721">
      <CodeValue xmlns="http://www.ssb.no/ns/meta/codelist">1636</CodeValue>
      <CodeTextGrp xmlns="http://www.ssb.no/ns/meta/codelist">
        <CodeText xml:lang="nn">Meldal</CodeText>
        <CodeText xml:lang="nb">Meldal</CodeText>
        <CodeText xml:lang="en">Meldal</CodeText>
      </CodeTextGrp>
      <CorrespondenceItemRelation targetItem="urn:ssb:code:stabas:5326005-5326101" />
    </CorrespondenceItem>
    <CorrespondenceItem id="urn:ssb:code:stabas:8258105-8258723">
      <CodeValue xmlns="http://www.ssb.no/ns/meta/codelist">1638</CodeValue>
      <CodeTextGrp xmlns="http://www.ssb.no/ns/meta/codelist">
        <CodeText xml:lang="nn">Orkdal</CodeText>
        <CodeText xml:lang="nb">Orkdal</CodeText>
        <CodeText xml:lang="en">Orkdal</CodeText>
      </CodeTextGrp>
      <CorrespondenceItemRelation targetItem="urn:ssb:code:stabas:5326005-5326103" />
    </CorrespondenceItem>
    <CorrespondenceItem id="urn:ssb:code:stabas:8258105-8258729">
      <CodeValue xmlns="http://www.ssb.no/ns/meta/codelist">1648</CodeValue>
      <CodeTextGrp xmlns="http://www.ssb.no/ns/meta/codelist">
        <CodeText xml:lang="nn">Midtre Gauldal</CodeText>
        <CodeText xml:lang="nb">Midtre Gauldal</CodeText>
        <CodeText xml:lang="en">Midtre Gauldal</CodeText>
      </CodeTextGrp>
      <CorrespondenceItemRelation targetItem="urn:ssb:code:stabas:5326005-5326101" />
    </CorrespondenceItem>
    <CorrespondenceItem id="urn:ssb:code:stabas:8258105-8258731">
      <CodeValue xmlns="http://www.ssb.no/ns/meta/codelist">1653</CodeValue>
      <CodeTextGrp xmlns="http://www.ssb.no/ns/meta/codelist">
        <CodeText xml:lang="nn">Melhus</CodeText>
        <CodeText xml:lang="nb">Melhus</CodeText>
        <CodeText xml:lang="en">Melhus</CodeText>
      </CodeTextGrp>
      <CorrespondenceItemRelation targetItem="urn:ssb:code:stabas:5326005-5326103" />
    </CorrespondenceItem>
    <CorrespondenceItem id="urn:ssb:code:stabas:8258105-8258733">
      <CodeValue xmlns="http://www.ssb.no/ns/meta/codelist">1657</CodeValue>
      <CodeTextGrp xmlns="http://www.ssb.no/ns/meta/codelist">
        <CodeText xml:lang="nn">Skaun</CodeText>
        <CodeText xml:lang="nb">Skaun</CodeText>
        <CodeText xml:lang="en">Skaun</CodeText>
      </CodeTextGrp>
      <CorrespondenceItemRelation targetItem="urn:ssb:code:stabas:5326005-5326103" />
    </CorrespondenceItem>
    <CorrespondenceItem id="urn:ssb:code:stabas:8258105-8258735">
      <CodeValue xmlns="http://www.ssb.no/ns/meta/codelist">1662</CodeValue>
      <CodeTextGrp xmlns="http://www.ssb.no/ns/meta/codelist">
        <CodeText xml:lang="nn">Klæbu</CodeText>
        <CodeText xml:lang="nb">Klæbu</CodeText>
        <CodeText xml:lang="en">Klæbu</CodeText>
      </CodeTextGrp>
      <CorrespondenceItemRelation targetItem="urn:ssb:code:stabas:5326005-5326103" />
    </CorrespondenceItem>
    <CorrespondenceItem id="urn:ssb:code:stabas:8258105-8258737">
      <CodeValue xmlns="http://www.ssb.no/ns/meta/codelist">1663</CodeValue>
      <CodeTextGrp xmlns="http://www.ssb.no/ns/meta/codelist">
        <CodeText xml:lang="nn">Malvik</CodeText>
        <CodeText xml:lang="nb">Malvik</CodeText>
        <CodeText xml:lang="en">Malvik</CodeText>
      </CodeTextGrp>
      <CorrespondenceItemRelation targetItem="urn:ssb:code:stabas:5326005-5326103" />
    </CorrespondenceItem>
    <CorrespondenceItem id="urn:ssb:code:stabas:8258105-8258739">
      <CodeValue xmlns="http://www.ssb.no/ns/meta/codelist">1664</CodeValue>
      <CodeTextGrp xmlns="http://www.ssb.no/ns/meta/codelist">
        <CodeText xml:lang="nn">Selbu</CodeText>
        <CodeText xml:lang="nb">Selbu</CodeText>
        <CodeText xml:lang="en">Selbu</CodeText>
      </CodeTextGrp>
      <CorrespondenceItemRelation targetItem="urn:ssb:code:stabas:5326005-5326101" />
    </CorrespondenceItem>
    <CorrespondenceItem id="urn:ssb:code:stabas:8258105-8258747">
      <CodeValue xmlns="http://www.ssb.no/ns/meta/codelist">1711</CodeValue>
      <CodeTextGrp xmlns="http://www.ssb.no/ns/meta/codelist">
        <CodeText xml:lang="nn">Meråker</CodeText>
        <CodeText xml:lang="nb">Meråker</CodeText>
        <CodeText xml:lang="en">Meråker</CodeText>
      </CodeTextGrp>
      <CorrespondenceItemRelation targetItem="urn:ssb:code:stabas:5326005-5326101" />
    </CorrespondenceItem>
    <CorrespondenceItem id="urn:ssb:code:stabas:8258105-8258749">
      <CodeValue xmlns="http://www.ssb.no/ns/meta/codelist">1714</CodeValue>
      <CodeTextGrp xmlns="http://www.ssb.no/ns/meta/codelist">
        <CodeText xml:lang="nn">Stjørdal</CodeText>
        <CodeText xml:lang="nb">Stjørdal</CodeText>
        <CodeText xml:lang="en">Stjørdal</CodeText>
      </CodeTextGrp>
      <CorrespondenceItemRelation targetItem="urn:ssb:code:stabas:5326005-5326103" />
    </CorrespondenceItem>
    <CorrespondenceItem id="urn:ssb:code:stabas:8258105-8258751">
      <CodeValue xmlns="http://www.ssb.no/ns/meta/codelist">1717</CodeValue>
      <CodeTextGrp xmlns="http://www.ssb.no/ns/meta/codelist">
        <CodeText xml:lang="nn">Frosta</CodeText>
        <CodeText xml:lang="nb">Frosta</CodeText>
        <CodeText xml:lang="en">Frosta</CodeText>
      </CodeTextGrp>
      <CorrespondenceItemRelation targetItem="urn:ssb:code:stabas:5326005-5326101" />
    </CorrespondenceItem>
    <CorrespondenceItem id="urn:ssb:code:stabas:8258105-8258753">
      <CodeValue xmlns="http://www.ssb.no/ns/meta/codelist">1718</CodeValue>
      <CodeTextGrp xmlns="http://www.ssb.no/ns/meta/codelist">
        <CodeText xml:lang="nn">Leksvik</CodeText>
        <CodeText xml:lang="nb">Leksvik</CodeText>
        <CodeText xml:lang="en">Leksvik</CodeText>
      </CodeTextGrp>
      <CorrespondenceItemRelation targetItem="urn:ssb:code:stabas:5326005-5326101" />
    </CorrespondenceItem>
    <CorrespondenceItem id="urn:ssb:code:stabas:8258105-8258755">
      <CodeValue xmlns="http://www.ssb.no/ns/meta/codelist">1719</CodeValue>
      <CodeTextGrp xmlns="http://www.ssb.no/ns/meta/codelist">
        <CodeText xml:lang="nn">Levanger</CodeText>
        <CodeText xml:lang="nb">Levanger</CodeText>
        <CodeText xml:lang="en">Levanger</CodeText>
      </CodeTextGrp>
      <CorrespondenceItemRelation targetItem="urn:ssb:code:stabas:5326005-5326101" />
    </CorrespondenceItem>
    <CorrespondenceItem id="urn:ssb:code:stabas:8258105-8258757">
      <CodeValue xmlns="http://www.ssb.no/ns/meta/codelist">1721</CodeValue>
      <CodeTextGrp xmlns="http://www.ssb.no/ns/meta/codelist">
        <CodeText xml:lang="nn">Verdal</CodeText>
        <CodeText xml:lang="nb">Verdal</CodeText>
        <CodeText xml:lang="en">Verdal</CodeText>
      </CodeTextGrp>
      <CorrespondenceItemRelation targetItem="urn:ssb:code:stabas:5326005-5326101" />
    </CorrespondenceItem>
    <CorrespondenceItem id="urn:ssb:code:stabas:8258105-8258881">
      <CodeValue xmlns="http://www.ssb.no/ns/meta/codelist">1902</CodeValue>
      <CodeTextGrp xmlns="http://www.ssb.no/ns/meta/codelist">
        <CodeText xml:lang="nn">Tromsø</CodeText>
        <CodeText xml:lang="nb">Tromsø</CodeText>
        <CodeText xml:lang="en">Tromsø</CodeText>
      </CodeTextGrp>
      <CorrespondenceItemRelation targetItem="urn:ssb:code:stabas:5326005-5326105" />
    </CorrespondenceItem>
    <CorrespondenceItem id="urn:ssb:code:stabas:8258105-8258913">
      <CodeValue xmlns="http://www.ssb.no/ns/meta/codelist">1933</CodeValue>
      <CodeTextGrp xmlns="http://www.ssb.no/ns/meta/codelist">
        <CodeText xml:lang="nn">Balsfjord</CodeText>
        <CodeText xml:lang="nb">Balsfjord</CodeText>
        <CodeText xml:lang="en">Balsfjord</CodeText>
      </CodeTextGrp>
      <CorrespondenceItemRelation targetItem="urn:ssb:code:stabas:5326005-5326101" />
    </CorrespondenceItem>
    <CorrespondenceItem id="urn:ssb:code:stabas:8258105-8258915">
      <CodeValue xmlns="http://www.ssb.no/ns/meta/codelist">1936</CodeValue>
      <CodeTextGrp xmlns="http://www.ssb.no/ns/meta/codelist">
        <CodeText xml:lang="nn">Karlsøy</CodeText>
        <CodeText xml:lang="nb">Karlsøy</CodeText>
        <CodeText xml:lang="en">Karlsøy</CodeText>
      </CodeTextGrp>
      <CorrespondenceItemRelation targetItem="urn:ssb:code:stabas:5326005-5326101" />
    </CorrespondenceItem>
  </CorrespondenceItemGroup>
</CorrespondenceTable>