<?xml version="1.0" encoding="utf-8"?>
<CorrespondenceTable xmlns:xsi="http://www.w3.org/2001/XMLSchema-instance" xmlns:xsd="http://www.w3.org/2001/XMLSchema" id="urn:ssb:corrtable:stabas:8370107" classVersionSourceId="urn:ssb:classversion:stabas:8368001" classVersionTargetId="urn:ssb:classversion:stabas:8118001" classLevelSourceId="urn:ssb:codelist:stabas:" classLevelTargetId="urn:ssb:codelist:stabas:" showInternet="false" showIntranet="true" xmlns="http://www.ssb.no/ns/meta/correspondence">
  <TitleGrp>
    <Title xml:lang="nb">Variant av SN - Miljøregnskap, Standard for næringsgruppering (SN2007)- nivå 2</Title>
  </TitleGrp>
  <DescriptionGrp>
    <Description xml:lang="nb">Denne korrespondansetabellen viser korrespondansene på nivå 2 av miljøregnskapet (tilsvarer koden xx.xx)</Description>
  </DescriptionGrp>
  <ContactInformation>
    <Person xmlns="http://www.ssb.no/ns/meta/common">kre</Person>
    <Division xmlns="http://www.ssb.no/ns/meta/common">215</Division>
  </ContactInformation>
  <CorrespondenceItemGroup id="urn:ssb:codelist:stabas:" relationshipType="1:N" />
  <CorrespondenceItemGroup id="urn:ssb:codelist:stabas:8118009" relationshipType="N:1">
    <CorrespondenceItem id="urn:ssb:code:stabas:8118009-8118201">
      <CodeValue xmlns="http://www.ssb.no/ns/meta/codelist">03.2</CodeValue>
      <CodeTextGrp xmlns="http://www.ssb.no/ns/meta/codelist">
        <CodeText xml:lang="nn">Akvakultur</CodeText>
        <CodeText xml:lang="nb">Akvakultur</CodeText>
        <CodeText xml:lang="en">Aquaculture</CodeText>
      </CodeTextGrp>
      <CorrespondenceItemRelation targetItem="urn:ssb:code:stabas:-8368015" />
    </CorrespondenceItem>
    <CorrespondenceItem id="urn:ssb:code:stabas:8118009-8118189">
      <CodeValue xmlns="http://www.ssb.no/ns/meta/codelist">03.1</CodeValue>
      <CodeTextGrp xmlns="http://www.ssb.no/ns/meta/codelist">
        <CodeText xml:lang="nn">Fiske og fangst</CodeText>
        <CodeText xml:lang="nb">Fiske og fangst</CodeText>
        <CodeText xml:lang="en">Fishing</CodeText>
      </CodeTextGrp>
      <CorrespondenceItemRelation targetItem="urn:ssb:code:stabas:-8368013" />
    </CorrespondenceItem>
    <CorrespondenceItem id="urn:ssb:code:stabas:8118009-8120267">
      <CodeValue xmlns="http://www.ssb.no/ns/meta/codelist">49.1</CodeValue>
      <CodeTextGrp xmlns="http://www.ssb.no/ns/meta/codelist">
        <CodeText xml:lang="nn">Passasjertransport med jernbane</CodeText>
        <CodeText xml:lang="nb">Passasjertransport med jernbane</CodeText>
        <CodeText xml:lang="en">Passenger rail transport, interurban</CodeText>
      </CodeTextGrp>
      <CorrespondenceItemRelation targetItem="urn:ssb:code:stabas:-8368107" />
    </CorrespondenceItem>
    <CorrespondenceItem id="urn:ssb:code:stabas:8118009-8120273">
      <CodeValue xmlns="http://www.ssb.no/ns/meta/codelist">49.2</CodeValue>
      <CodeTextGrp xmlns="http://www.ssb.no/ns/meta/codelist">
        <CodeText xml:lang="nn">Godstransport med jernbane</CodeText>
        <CodeText xml:lang="nb">Godstransport med jernbane</CodeText>
        <CodeText xml:lang="en">Freight rail transport</CodeText>
      </CodeTextGrp>
      <CorrespondenceItemRelation targetItem="urn:ssb:code:stabas:-8368107" />
    </CorrespondenceItem>
    <CorrespondenceItem id="urn:ssb:code:stabas:8118009-8120279">
      <CodeValue xmlns="http://www.ssb.no/ns/meta/codelist">49.3</CodeValue>
      <CodeTextGrp xmlns="http://www.ssb.no/ns/meta/codelist">
        <CodeText xml:lang="nn">Annan landtransport med passasjerar</CodeText>
        <CodeText xml:lang="nb">Annen landtransport med passasjerer</CodeText>
        <CodeText xml:lang="en">Other passenger land transport</CodeText>
      </CodeTextGrp>
      <CorrespondenceItemRelation targetItem="urn:ssb:code:stabas:-8368107" />
    </CorrespondenceItem>
    <CorrespondenceItem id="urn:ssb:code:stabas:8118009-8120299">
      <CodeValue xmlns="http://www.ssb.no/ns/meta/codelist">49.4</CodeValue>
      <CodeTextGrp xmlns="http://www.ssb.no/ns/meta/codelist">
        <CodeText xml:lang="nn">Godstransport på veg, medrekna flyttetransport</CodeText>
        <CodeText xml:lang="nb">Godstransport på vei, herunder flyttetransport</CodeText>
        <CodeText xml:lang="en">Freight transport by road and removal services</CodeText>
      </CodeTextGrp>
      <CorrespondenceItemRelation targetItem="urn:ssb:code:stabas:-8368107" />
    </CorrespondenceItem>
  </CorrespondenceItemGroup>
  <CorrespondenceItemGroup id="urn:ssb:codelist:stabas:8118013" relationshipType="N:1">
    <CorrespondenceItem id="urn:ssb:code:stabas:8118013-8120321">
      <CodeValue xmlns="http://www.ssb.no/ns/meta/codelist">50.101</CodeValue>
      <CodeTextGrp xmlns="http://www.ssb.no/ns/meta/codelist">
        <CodeText xml:lang="nn">Utanriks sjøfart med passasjerar</CodeText>
        <CodeText xml:lang="nb">Utenriks sjøfart med passasjerer</CodeText>
        <CodeText xml:lang="en">Passenger ocean transport</CodeText>
      </CodeTextGrp>
      <CorrespondenceItemRelation targetItem="urn:ssb:code:stabas:-8368105" />
    </CorrespondenceItem>
    <CorrespondenceItem id="urn:ssb:code:stabas:8118013-8120323">
      <CodeValue xmlns="http://www.ssb.no/ns/meta/codelist">50.102</CodeValue>
      <CodeTextGrp xmlns="http://www.ssb.no/ns/meta/codelist">
        <CodeText xml:lang="nn">Innanlandske kystruter med passasjerar</CodeText>
        <CodeText xml:lang="nb">Innenlandske kystruter med passasjerer</CodeText>
        <CodeText xml:lang="en">Scheduled long distance passenger transport in coastal waters</CodeText>
      </CodeTextGrp>
      <CorrespondenceItemRelation targetItem="urn:ssb:code:stabas:-8368107" />
    </CorrespondenceItem>
    <CorrespondenceItem id="urn:ssb:code:stabas:8118013-8120331">
      <CodeValue xmlns="http://www.ssb.no/ns/meta/codelist">50.201</CodeValue>
      <CodeTextGrp xmlns="http://www.ssb.no/ns/meta/codelist">
        <CodeText xml:lang="nn">Utanriks sjøfart med gods</CodeText>
        <CodeText xml:lang="nb">Utenriks sjøfart med gods</CodeText>
        <CodeText xml:lang="en">Freight ocean transport</CodeText>
      </CodeTextGrp>
      <CorrespondenceItemRelation targetItem="urn:ssb:code:stabas:-8368105" />
    </CorrespondenceItem>
    <CorrespondenceItem id="urn:ssb:code:stabas:8118013-8120333">
      <CodeValue xmlns="http://www.ssb.no/ns/meta/codelist">50.202</CodeValue>
      <CodeTextGrp xmlns="http://www.ssb.no/ns/meta/codelist">
        <CodeText xml:lang="nn">Innanriks sjøfart med gods</CodeText>
        <CodeText xml:lang="nb">Innenriks sjøfart med gods</CodeText>
        <CodeText xml:lang="en">Freight coastal transport</CodeText>
      </CodeTextGrp>
      <CorrespondenceItemRelation targetItem="urn:ssb:code:stabas:-8368107" />
    </CorrespondenceItem>
    <CorrespondenceItem id="urn:ssb:code:stabas:8118013-8120335">
      <CodeValue xmlns="http://www.ssb.no/ns/meta/codelist">50.203</CodeValue>
      <CodeTextGrp xmlns="http://www.ssb.no/ns/meta/codelist">
        <CodeText xml:lang="nn">Slepebåtar</CodeText>
        <CodeText xml:lang="nb">Slepebåter</CodeText>
        <CodeText xml:lang="en">Tugs</CodeText>
      </CodeTextGrp>
      <CorrespondenceItemRelation targetItem="urn:ssb:code:stabas:-8368107" />
    </CorrespondenceItem>
    <CorrespondenceItem id="urn:ssb:code:stabas:8118013-8120337">
      <CodeValue xmlns="http://www.ssb.no/ns/meta/codelist">50.204</CodeValue>
      <CodeTextGrp xmlns="http://www.ssb.no/ns/meta/codelist">
        <CodeText xml:lang="nn">Forsyning og andre sjøtransporttenester for offshore</CodeText>
        <CodeText xml:lang="nb">Forsyning og andre sjøtransporttjenester for offshore</CodeText>
        <CodeText xml:lang="en">Supply and other sea transport offshore services</CodeText>
      </CodeTextGrp>
      <CorrespondenceItemRelation targetItem="urn:ssb:code:stabas:-8368105" />
    </CorrespondenceItem>
  </CorrespondenceItemGroup>
  <CorrespondenceItemGroup id="urn:ssb:codelist:stabas:8118007" relationshipType="N:1">
    <CorrespondenceItem id="urn:ssb:code:stabas:8118007-8118017">
      <CodeValue xmlns="http://www.ssb.no/ns/meta/codelist">01</CodeValue>
      <CodeTextGrp xmlns="http://www.ssb.no/ns/meta/codelist">
        <CodeText xml:lang="nn">Jordbruk og tenester i tilknyting til jordbruk, jakt og viltstell</CodeText>
        <CodeText xml:lang="nb">Jordbruk og tjenester tilknyttet jordbruk, jakt og viltstell</CodeText>
        <CodeText xml:lang="en">Crop and animal production, hunting and related service activities</CodeText>
      </CodeTextGrp>
      <CorrespondenceItemRelation targetItem="urn:ssb:code:stabas:-8368011" />
    </CorrespondenceItem>
    <CorrespondenceItem id="urn:ssb:code:stabas:8118007-8118161">
      <CodeValue xmlns="http://www.ssb.no/ns/meta/codelist">02</CodeValue>
      <CodeTextGrp xmlns="http://www.ssb.no/ns/meta/codelist">
        <CodeText xml:lang="nn">Skogbruk og tenester i tilknyting til skogbruk</CodeText>
        <CodeText xml:lang="nb">Skogbruk og tjenester tilknyttet skogbruk</CodeText>
        <CodeText xml:lang="en">Forestry and logging</CodeText>
      </CodeTextGrp>
      <CorrespondenceItemRelation targetItem="urn:ssb:code:stabas:-8368011" />
    </CorrespondenceItem>
    <CorrespondenceItem id="urn:ssb:code:stabas:8118007-8118221">
      <CodeValue xmlns="http://www.ssb.no/ns/meta/codelist">05</CodeValue>
      <CodeTextGrp xmlns="http://www.ssb.no/ns/meta/codelist">
        <CodeText xml:lang="nn">Bryting av steinkol og brunkol</CodeText>
        <CodeText xml:lang="nb">Bryting av steinkull og brunkull</CodeText>
        <CodeText xml:lang="en">Mining of coal and lignite</CodeText>
      </CodeTextGrp>
      <CorrespondenceItemRelation targetItem="urn:ssb:code:stabas:-8368021" />
    </CorrespondenceItem>
    <CorrespondenceItem id="urn:ssb:code:stabas:8118007-8118235">
      <CodeValue xmlns="http://www.ssb.no/ns/meta/codelist">06</CodeValue>
      <CodeTextGrp xmlns="http://www.ssb.no/ns/meta/codelist">
        <CodeText xml:lang="nn">Utvinning av råolje og naturgass</CodeText>
        <CodeText xml:lang="nb">Utvinning av råolje og naturgass</CodeText>
        <CodeText xml:lang="en">Extraction of crude petroleum and natural gas</CodeText>
      </CodeTextGrp>
      <CorrespondenceItemRelation targetItem="urn:ssb:code:stabas:-8368023" />
    </CorrespondenceItem>
    <CorrespondenceItem id="urn:ssb:code:stabas:8118007-8118249">
      <CodeValue xmlns="http://www.ssb.no/ns/meta/codelist">07</CodeValue>
      <CodeTextGrp xmlns="http://www.ssb.no/ns/meta/codelist">
        <CodeText xml:lang="nn">Bryting av metallhaldig malm</CodeText>
        <CodeText xml:lang="nb">Bryting av metallholdig malm</CodeText>
        <CodeText xml:lang="en">Mining of metal ores</CodeText>
      </CodeTextGrp>
      <CorrespondenceItemRelation targetItem="urn:ssb:code:stabas:-8368021" />
    </CorrespondenceItem>
    <CorrespondenceItem id="urn:ssb:code:stabas:8118007-8118267">
      <CodeValue xmlns="http://www.ssb.no/ns/meta/codelist">08</CodeValue>
      <CodeTextGrp xmlns="http://www.ssb.no/ns/meta/codelist">
        <CodeText xml:lang="nn">Bryting og bergverksdrift elles</CodeText>
        <CodeText xml:lang="nb">Bryting og bergverksdrift ellers</CodeText>
        <CodeText xml:lang="en">Other mining and quarrying</CodeText>
      </CodeTextGrp>
      <CorrespondenceItemRelation targetItem="urn:ssb:code:stabas:-8368021" />
    </CorrespondenceItem>
    <CorrespondenceItem id="urn:ssb:code:stabas:8118007-8118319">
      <CodeValue xmlns="http://www.ssb.no/ns/meta/codelist">10</CodeValue>
      <CodeTextGrp xmlns="http://www.ssb.no/ns/meta/codelist">
        <CodeText xml:lang="nn">Produksjon av nærings- og nytingsmiddel</CodeText>
        <CodeText xml:lang="nb">Produksjon av nærings- og nytelsesmidler</CodeText>
        <CodeText xml:lang="en">Manufacture of food products</CodeText>
      </CodeTextGrp>
      <CorrespondenceItemRelation targetItem="urn:ssb:code:stabas:-8368029" />
    </CorrespondenceItem>
    <CorrespondenceItem id="urn:ssb:code:stabas:8118007-8118449">
      <CodeValue xmlns="http://www.ssb.no/ns/meta/codelist">11</CodeValue>
      <CodeTextGrp xmlns="http://www.ssb.no/ns/meta/codelist">
        <CodeText xml:lang="nn">Produksjon av drikkevarer</CodeText>
        <CodeText xml:lang="nb">Produksjon av drikkevarer</CodeText>
        <CodeText xml:lang="en">Manufacture of beverages</CodeText>
      </CodeTextGrp>
      <CorrespondenceItemRelation targetItem="urn:ssb:code:stabas:-8368029" />
    </CorrespondenceItem>
    <CorrespondenceItem id="urn:ssb:code:stabas:8118007-8118481">
      <CodeValue xmlns="http://www.ssb.no/ns/meta/codelist">12</CodeValue>
      <CodeTextGrp xmlns="http://www.ssb.no/ns/meta/codelist">
        <CodeText xml:lang="nn">Produksjon av tobakksvarer</CodeText>
        <CodeText xml:lang="nb">Produksjon av tobakksvarer</CodeText>
        <CodeText xml:lang="en">Manufacture of tobacco products</CodeText>
      </CodeTextGrp>
      <CorrespondenceItemRelation targetItem="urn:ssb:code:stabas:-8368029" />
    </CorrespondenceItem>
    <CorrespondenceItem id="urn:ssb:code:stabas:8118007-8118489">
      <CodeValue xmlns="http://www.ssb.no/ns/meta/codelist">13</CodeValue>
      <CodeTextGrp xmlns="http://www.ssb.no/ns/meta/codelist">
        <CodeText xml:lang="nn">Produksjon av tekstilar</CodeText>
        <CodeText xml:lang="nb">Produksjon av tekstiler</CodeText>
        <CodeText xml:lang="en">Manufacture of textiles</CodeText>
      </CodeTextGrp>
      <CorrespondenceItemRelation targetItem="urn:ssb:code:stabas:-8368031" />
    </CorrespondenceItem>
    <CorrespondenceItem id="urn:ssb:code:stabas:8118007-8118541">
      <CodeValue xmlns="http://www.ssb.no/ns/meta/codelist">14</CodeValue>
      <CodeTextGrp xmlns="http://www.ssb.no/ns/meta/codelist">
        <CodeText xml:lang="nn">Produksjon av klede</CodeText>
        <CodeText xml:lang="nb">Produksjon av klær</CodeText>
        <CodeText xml:lang="en">Manufacture of wearing apparel</CodeText>
      </CodeTextGrp>
      <CorrespondenceItemRelation targetItem="urn:ssb:code:stabas:-8368031" />
    </CorrespondenceItem>
    <CorrespondenceItem id="urn:ssb:code:stabas:8118007-8118797">
      <CodeValue xmlns="http://www.ssb.no/ns/meta/codelist">22</CodeValue>
      <CodeTextGrp xmlns="http://www.ssb.no/ns/meta/codelist">
        <CodeText xml:lang="nn">Produksjon av gummi- og plastprodukt</CodeText>
        <CodeText xml:lang="nb">Produksjon av gummi- og plastprodukter</CodeText>
        <CodeText xml:lang="en">Manufacture of rubber and plastic products</CodeText>
      </CodeTextGrp>
      <CorrespondenceItemRelation targetItem="urn:ssb:code:stabas:-8368039" />
    </CorrespondenceItem>
    <CorrespondenceItem id="urn:ssb:code:stabas:8118007-8118581">
      <CodeValue xmlns="http://www.ssb.no/ns/meta/codelist">15</CodeValue>
      <CodeTextGrp xmlns="http://www.ssb.no/ns/meta/codelist">
        <CodeText xml:lang="nn">Produksjon av lêr og lêrvarer</CodeText>
        <CodeText xml:lang="nb">Produksjon av lær og lærvarer</CodeText>
        <CodeText xml:lang="en">Manufacture of leather and related products</CodeText>
      </CodeTextGrp>
      <CorrespondenceItemRelation targetItem="urn:ssb:code:stabas:-8368031" />
    </CorrespondenceItem>
    <CorrespondenceItem id="urn:ssb:code:stabas:8118007-8118599">
      <CodeValue xmlns="http://www.ssb.no/ns/meta/codelist">16</CodeValue>
      <CodeTextGrp xmlns="http://www.ssb.no/ns/meta/codelist">
        <CodeText xml:lang="nn">Produksjon av trelast og varer av tre, kork, strå og flettemateriale, med unntak av møblar</CodeText>
        <CodeText xml:lang="nb">Produksjon av trelast og varer av tre, kork, strå og flettematerialer, unntatt møbler</CodeText>
        <CodeText xml:lang="en">Manufacture of wood and products of wood and cork, except furniture; manufacture of articles of straw and plaiting materials, except furniture</CodeText>
      </CodeTextGrp>
      <CorrespondenceItemRelation targetItem="urn:ssb:code:stabas:-8368033" />
    </CorrespondenceItem>
    <CorrespondenceItem id="urn:ssb:code:stabas:8118007-8118631">
      <CodeValue xmlns="http://www.ssb.no/ns/meta/codelist">17</CodeValue>
      <CodeTextGrp xmlns="http://www.ssb.no/ns/meta/codelist">
        <CodeText xml:lang="nn">Produksjon av papir og papirvarer</CodeText>
        <CodeText xml:lang="nb">Produksjon av papir og papirvarer</CodeText>
        <CodeText xml:lang="en">Manufacture of paper and paper products</CodeText>
      </CodeTextGrp>
      <CorrespondenceItemRelation targetItem="urn:ssb:code:stabas:-8368033" />
    </CorrespondenceItem>
    <CorrespondenceItem id="urn:ssb:code:stabas:8118007-8118665">
      <CodeValue xmlns="http://www.ssb.no/ns/meta/codelist">18</CodeValue>
      <CodeTextGrp xmlns="http://www.ssb.no/ns/meta/codelist">
        <CodeText xml:lang="nn">Trykking og reproduksjon av opptak som er spela inn</CodeText>
        <CodeText xml:lang="nb">Trykking og reproduksjon av innspilte opptak</CodeText>
        <CodeText xml:lang="en">Printing and reproduction of recorded media</CodeText>
      </CodeTextGrp>
      <CorrespondenceItemRelation targetItem="urn:ssb:code:stabas:-8368035" />
    </CorrespondenceItem>
    <CorrespondenceItem id="urn:ssb:code:stabas:8118007-8118691">
      <CodeValue xmlns="http://www.ssb.no/ns/meta/codelist">19</CodeValue>
      <CodeTextGrp xmlns="http://www.ssb.no/ns/meta/codelist">
        <CodeText xml:lang="nn">Produksjon av kol- og raffinerte petroleumsprodukt</CodeText>
        <CodeText xml:lang="nb">Produksjon av kull- og raffinerte petroleumsprodukter</CodeText>
        <CodeText xml:lang="en">Manufacture of coke and refined petroleum products</CodeText>
      </CodeTextGrp>
      <CorrespondenceItemRelation targetItem="urn:ssb:code:stabas:-8368037" />
    </CorrespondenceItem>
    <CorrespondenceItem id="urn:ssb:code:stabas:8118007-8118705">
      <CodeValue xmlns="http://www.ssb.no/ns/meta/codelist">20</CodeValue>
      <CodeTextGrp xmlns="http://www.ssb.no/ns/meta/codelist">
        <CodeText xml:lang="nn">Produksjon av kjemikal og kjemiske produkt</CodeText>
        <CodeText xml:lang="nb">Produksjon av kjemikalier og kjemiske produkter</CodeText>
        <CodeText xml:lang="en">Manufacture of chemicals and chemical products</CodeText>
      </CodeTextGrp>
      <CorrespondenceItemRelation targetItem="urn:ssb:code:stabas:-8368037" />
    </CorrespondenceItem>
    <CorrespondenceItem id="urn:ssb:code:stabas:8118007-8118783">
      <CodeValue xmlns="http://www.ssb.no/ns/meta/codelist">21</CodeValue>
      <CodeTextGrp xmlns="http://www.ssb.no/ns/meta/codelist">
        <CodeText xml:lang="nn">Produksjon av farmasøytiske råvarer og preparat</CodeText>
        <CodeText xml:lang="nb">Produksjon av farmasøytiske råvarer og preparater</CodeText>
        <CodeText xml:lang="en">Manufacture of basic pharmaceutical products and pharmaceutical preparations</CodeText>
      </CodeTextGrp>
      <CorrespondenceItemRelation targetItem="urn:ssb:code:stabas:-8368037" />
    </CorrespondenceItem>
    <CorrespondenceItem id="urn:ssb:code:stabas:8118007-8118827">
      <CodeValue xmlns="http://www.ssb.no/ns/meta/codelist">23</CodeValue>
      <CodeTextGrp xmlns="http://www.ssb.no/ns/meta/codelist">
        <CodeText xml:lang="nn">Produksjon av andre ikkje-metallhaldige mineralprodukt</CodeText>
        <CodeText xml:lang="nb">Produksjon av andre ikke-metallholdige mineralprodukter</CodeText>
        <CodeText xml:lang="en">Manufacture of non-metallic mineral products</CodeText>
      </CodeTextGrp>
      <CorrespondenceItemRelation targetItem="urn:ssb:code:stabas:-8368039" />
    </CorrespondenceItem>
    <CorrespondenceItem id="urn:ssb:code:stabas:8118007-8119559">
      <CodeValue xmlns="http://www.ssb.no/ns/meta/codelist">36</CodeValue>
      <CodeTextGrp xmlns="http://www.ssb.no/ns/meta/codelist">
        <CodeText xml:lang="nn">Uttak frå kjelde, reinsing og distribusjon av vatn</CodeText>
        <CodeText xml:lang="nb">Uttak fra kilde, rensing og distribusjon av vann</CodeText>
        <CodeText xml:lang="en">Water collection, treatment and supply</CodeText>
      </CodeTextGrp>
      <CorrespondenceItemRelation targetItem="urn:ssb:code:stabas:-8368063" />
    </CorrespondenceItem>
    <CorrespondenceItem id="urn:ssb:code:stabas:8118007-8119567">
      <CodeValue xmlns="http://www.ssb.no/ns/meta/codelist">37</CodeValue>
      <CodeTextGrp xmlns="http://www.ssb.no/ns/meta/codelist">
        <CodeText xml:lang="nn">Oppsamling og behandling av avløpsvatn</CodeText>
        <CodeText xml:lang="nb">Oppsamling og behandling av avløpsvann</CodeText>
        <CodeText xml:lang="en">Sewerage</CodeText>
      </CodeTextGrp>
      <CorrespondenceItemRelation targetItem="urn:ssb:code:stabas:-8368063" />
    </CorrespondenceItem>
    <CorrespondenceItem id="urn:ssb:code:stabas:8118007-8119617">
      <CodeValue xmlns="http://www.ssb.no/ns/meta/codelist">41</CodeValue>
      <CodeTextGrp xmlns="http://www.ssb.no/ns/meta/codelist">
        <CodeText xml:lang="nn">Oppføring av bygningar</CodeText>
        <CodeText xml:lang="nb">Oppføring av bygninger</CodeText>
        <CodeText xml:lang="en">Construction of buildings</CodeText>
      </CodeTextGrp>
      <CorrespondenceItemRelation targetItem="urn:ssb:code:stabas:-8368071" />
    </CorrespondenceItem>
    <CorrespondenceItem id="urn:ssb:code:stabas:8118007-8118941">
      <CodeValue xmlns="http://www.ssb.no/ns/meta/codelist">24</CodeValue>
      <CodeTextGrp xmlns="http://www.ssb.no/ns/meta/codelist">
        <CodeText xml:lang="nn">Produksjon av metall</CodeText>
        <CodeText xml:lang="nb">Produksjon av metaller</CodeText>
        <CodeText xml:lang="en">Manufacture of basic metals</CodeText>
      </CodeTextGrp>
      <CorrespondenceItemRelation targetItem="urn:ssb:code:stabas:-8368041" />
    </CorrespondenceItem>
    <CorrespondenceItem id="urn:ssb:code:stabas:8118007-8119021">
      <CodeValue xmlns="http://www.ssb.no/ns/meta/codelist">25</CodeValue>
      <CodeTextGrp xmlns="http://www.ssb.no/ns/meta/codelist">
        <CodeText xml:lang="nn">Produksjon av metallvarer med unntak av maskiner og utstyr</CodeText>
        <CodeText xml:lang="nb">Produksjon av metallvarer, unntatt maskiner og utstyr</CodeText>
        <CodeText xml:lang="en">Manufacture of fabricated metal products, except machinery and equipment</CodeText>
      </CodeTextGrp>
      <CorrespondenceItemRelation targetItem="urn:ssb:code:stabas:-8368043" />
    </CorrespondenceItem>
    <CorrespondenceItem id="urn:ssb:code:stabas:8118007-8119107">
      <CodeValue xmlns="http://www.ssb.no/ns/meta/codelist">26</CodeValue>
      <CodeTextGrp xmlns="http://www.ssb.no/ns/meta/codelist">
        <CodeText xml:lang="nn">Produksjon av datamaskiner og elektroniske og optiske produkt</CodeText>
        <CodeText xml:lang="nb">Produksjon av datamaskiner og elektroniske og optiske produkter</CodeText>
        <CodeText xml:lang="en">Manufacture of computer, electronic and optical products</CodeText>
      </CodeTextGrp>
      <CorrespondenceItemRelation targetItem="urn:ssb:code:stabas:-8368043" />
    </CorrespondenceItem>
    <CorrespondenceItem id="urn:ssb:code:stabas:8118007-8119165">
      <CodeValue xmlns="http://www.ssb.no/ns/meta/codelist">27</CodeValue>
      <CodeTextGrp xmlns="http://www.ssb.no/ns/meta/codelist">
        <CodeText xml:lang="nn">Produksjon av elektrisk utstyr</CodeText>
        <CodeText xml:lang="nb">Produksjon av elektrisk utstyr</CodeText>
        <CodeText xml:lang="en">Manufacture of electrical equipment</CodeText>
      </CodeTextGrp>
      <CorrespondenceItemRelation targetItem="urn:ssb:code:stabas:-8368043" />
    </CorrespondenceItem>
    <CorrespondenceItem id="urn:ssb:code:stabas:8118007-8119219">
      <CodeValue xmlns="http://www.ssb.no/ns/meta/codelist">28</CodeValue>
      <CodeTextGrp xmlns="http://www.ssb.no/ns/meta/codelist">
        <CodeText xml:lang="nn">Produksjon av maskiner og utstyr til generell bruk, ikkje nemnt annan stad</CodeText>
        <CodeText xml:lang="nb">Produksjon av maskiner og utstyr til generell bruk, ikke nevnt annet sted</CodeText>
        <CodeText xml:lang="en">Manufacture of machinery and equipment n.e.c.</CodeText>
      </CodeTextGrp>
      <CorrespondenceItemRelation targetItem="urn:ssb:code:stabas:-8368043" />
    </CorrespondenceItem>
    <CorrespondenceItem id="urn:ssb:code:stabas:8118007-8119317">
      <CodeValue xmlns="http://www.ssb.no/ns/meta/codelist">29</CodeValue>
      <CodeTextGrp xmlns="http://www.ssb.no/ns/meta/codelist">
        <CodeText xml:lang="nn">Produksjon av motorvogner og tilhengjarar</CodeText>
        <CodeText xml:lang="nb">Produksjon av motorvogner og tilhengere</CodeText>
        <CodeText xml:lang="en">Manufacture of motor vehicles, trailers and semi-trailers</CodeText>
      </CodeTextGrp>
      <CorrespondenceItemRelation targetItem="urn:ssb:code:stabas:-8368045" />
    </CorrespondenceItem>
    <CorrespondenceItem id="urn:ssb:code:stabas:8118007-8119341">
      <CodeValue xmlns="http://www.ssb.no/ns/meta/codelist">30</CodeValue>
      <CodeTextGrp xmlns="http://www.ssb.no/ns/meta/codelist">
        <CodeText xml:lang="nn">Produksjon av andre transportmiddel</CodeText>
        <CodeText xml:lang="nb">Produksjon av andre transportmidler</CodeText>
        <CodeText xml:lang="en">Manufacture of other transport equipment</CodeText>
      </CodeTextGrp>
      <CorrespondenceItemRelation targetItem="urn:ssb:code:stabas:-8368045" />
    </CorrespondenceItem>
    <CorrespondenceItem id="urn:ssb:code:stabas:8118007-8119395">
      <CodeValue xmlns="http://www.ssb.no/ns/meta/codelist">31</CodeValue>
      <CodeTextGrp xmlns="http://www.ssb.no/ns/meta/codelist">
        <CodeText xml:lang="nn">Produksjon av møblar</CodeText>
        <CodeText xml:lang="nb">Produksjon av møbler</CodeText>
        <CodeText xml:lang="en">Manufacture of furniture</CodeText>
      </CodeTextGrp>
      <CorrespondenceItemRelation targetItem="urn:ssb:code:stabas:-8368047" />
    </CorrespondenceItem>
    <CorrespondenceItem id="urn:ssb:code:stabas:8118007-8119415">
      <CodeValue xmlns="http://www.ssb.no/ns/meta/codelist">32</CodeValue>
      <CodeTextGrp xmlns="http://www.ssb.no/ns/meta/codelist">
        <CodeText xml:lang="nn">Annan industriproduksjon</CodeText>
        <CodeText xml:lang="nb">Annen industriproduksjon</CodeText>
        <CodeText xml:lang="en">Other manufacturing</CodeText>
      </CodeTextGrp>
      <CorrespondenceItemRelation targetItem="urn:ssb:code:stabas:-8368047" />
    </CorrespondenceItem>
    <CorrespondenceItem id="urn:ssb:code:stabas:8118007-8119465">
      <CodeValue xmlns="http://www.ssb.no/ns/meta/codelist">33</CodeValue>
      <CodeTextGrp xmlns="http://www.ssb.no/ns/meta/codelist">
        <CodeText xml:lang="nn">Reparasjon og installasjon av maskiner og utstyr</CodeText>
        <CodeText xml:lang="nb">Reparasjon og installasjon av maskiner og utstyr</CodeText>
        <CodeText xml:lang="en">Repair and installation of machinery and equipment</CodeText>
      </CodeTextGrp>
      <CorrespondenceItemRelation targetItem="urn:ssb:code:stabas:-8368049" />
    </CorrespondenceItem>
    <CorrespondenceItem id="urn:ssb:code:stabas:8118007-8119509">
      <CodeValue xmlns="http://www.ssb.no/ns/meta/codelist">35</CodeValue>
      <CodeTextGrp xmlns="http://www.ssb.no/ns/meta/codelist">
        <CodeText xml:lang="nn">Forsyning av elektrisitet, gass, damp og varmtvatn</CodeText>
        <CodeText xml:lang="nb">Elektrisitets-, gass-, damp- og varmtvannsforsyning</CodeText>
        <CodeText xml:lang="en">Electricity, gas, steam and air conditioning supply</CodeText>
      </CodeTextGrp>
      <CorrespondenceItemRelation targetItem="urn:ssb:code:stabas:-8368061" />
    </CorrespondenceItem>
    <CorrespondenceItem id="urn:ssb:code:stabas:8118007-8119575">
      <CodeValue xmlns="http://www.ssb.no/ns/meta/codelist">38</CodeValue>
      <CodeTextGrp xmlns="http://www.ssb.no/ns/meta/codelist">
        <CodeText xml:lang="nn">Innsamling, behandling, disponering og attvinning av avfall</CodeText>
        <CodeText xml:lang="nb">Innsamling, behandling, disponering og gjenvinning av avfall</CodeText>
        <CodeText xml:lang="en">Waste collection, treatment and disposal activities, materials recovery</CodeText>
      </CodeTextGrp>
      <CorrespondenceItemRelation targetItem="urn:ssb:code:stabas:-8368063" />
    </CorrespondenceItem>
    <CorrespondenceItem id="urn:ssb:code:stabas:8118007-8119607">
      <CodeValue xmlns="http://www.ssb.no/ns/meta/codelist">39</CodeValue>
      <CodeTextGrp xmlns="http://www.ssb.no/ns/meta/codelist">
        <CodeText xml:lang="nn">Miljørydding, miljøreinsing og liknande verksemd</CodeText>
        <CodeText xml:lang="nb">Miljørydding, miljørensing og lignende virksomhet</CodeText>
        <CodeText xml:lang="en">Remediation activities and other waste management services</CodeText>
      </CodeTextGrp>
      <CorrespondenceItemRelation targetItem="urn:ssb:code:stabas:-8368063" />
    </CorrespondenceItem>
    <CorrespondenceItem id="urn:ssb:code:stabas:8118007-8119633">
      <CodeValue xmlns="http://www.ssb.no/ns/meta/codelist">42</CodeValue>
      <CodeTextGrp xmlns="http://www.ssb.no/ns/meta/codelist">
        <CodeText xml:lang="nn">Anleggsverksemd</CodeText>
        <CodeText xml:lang="nb">Anleggsvirksomhet</CodeText>
        <CodeText xml:lang="en">Civil engineering</CodeText>
      </CodeTextGrp>
      <CorrespondenceItemRelation targetItem="urn:ssb:code:stabas:-8368071" />
    </CorrespondenceItem>
    <CorrespondenceItem id="urn:ssb:code:stabas:8118007-8119737">
      <CodeValue xmlns="http://www.ssb.no/ns/meta/codelist">45</CodeValue>
      <CodeTextGrp xmlns="http://www.ssb.no/ns/meta/codelist">
        <CodeText xml:lang="nn">Handel med og reparasjon av motorvogner</CodeText>
        <CodeText xml:lang="nb">Handel med og reparasjon av motorvogner</CodeText>
        <CodeText xml:lang="en">Wholesale and retail trade and repair of motor vehicles and motorcycles</CodeText>
      </CodeTextGrp>
      <CorrespondenceItemRelation targetItem="urn:ssb:code:stabas:-8368077" />
    </CorrespondenceItem>
    <CorrespondenceItem id="urn:ssb:code:stabas:8118007-8119779">
      <CodeValue xmlns="http://www.ssb.no/ns/meta/codelist">46</CodeValue>
      <CodeTextGrp xmlns="http://www.ssb.no/ns/meta/codelist">
        <CodeText xml:lang="nn">Agentur- og engroshandel med unntak av motorvogner</CodeText>
        <CodeText xml:lang="nb">Agentur- og engroshandel, unntatt med motorvogner</CodeText>
        <CodeText xml:lang="en">Wholesale trade, except of motor vehicles and motorcycles</CodeText>
      </CodeTextGrp>
      <CorrespondenceItemRelation targetItem="urn:ssb:code:stabas:-8368077" />
    </CorrespondenceItem>
    <CorrespondenceItem id="urn:ssb:code:stabas:8118007-8120035">
      <CodeValue xmlns="http://www.ssb.no/ns/meta/codelist">47</CodeValue>
      <CodeTextGrp xmlns="http://www.ssb.no/ns/meta/codelist">
        <CodeText xml:lang="nn">Detaljhandel med unntak av motorvogner</CodeText>
        <CodeText xml:lang="nb">Detaljhandel, unntatt med motorvogner</CodeText>
        <CodeText xml:lang="en">Retail trade, except of motor vehicles and motorcycles</CodeText>
      </CodeTextGrp>
      <CorrespondenceItemRelation targetItem="urn:ssb:code:stabas:-8368077" />
    </CorrespondenceItem>
    <CorrespondenceItem id="urn:ssb:code:stabas:8118007-8120437">
      <CodeValue xmlns="http://www.ssb.no/ns/meta/codelist">55</CodeValue>
      <CodeTextGrp xmlns="http://www.ssb.no/ns/meta/codelist">
        <CodeText xml:lang="nn">Overnattingsverksemd</CodeText>
        <CodeText xml:lang="nb">Overnattingsvirksomhet</CodeText>
        <CodeText xml:lang="en">Accommodation</CodeText>
      </CodeTextGrp>
      <CorrespondenceItemRelation targetItem="urn:ssb:code:stabas:-8368079" />
    </CorrespondenceItem>
    <CorrespondenceItem id="urn:ssb:code:stabas:8118007-8119669">
      <CodeValue xmlns="http://www.ssb.no/ns/meta/codelist">43</CodeValue>
      <CodeTextGrp xmlns="http://www.ssb.no/ns/meta/codelist">
        <CodeText xml:lang="nn">Spesialisert byggje- og anleggsverksemd</CodeText>
        <CodeText xml:lang="nb">Spesialisert bygge- og anleggsvirksomhet</CodeText>
        <CodeText xml:lang="en">Specialised construction activities</CodeText>
      </CodeTextGrp>
      <CorrespondenceItemRelation targetItem="urn:ssb:code:stabas:-8368071" />
    </CorrespondenceItem>
    <CorrespondenceItem id="urn:ssb:code:stabas:8118007-8120351">
      <CodeValue xmlns="http://www.ssb.no/ns/meta/codelist">51</CodeValue>
      <CodeTextGrp xmlns="http://www.ssb.no/ns/meta/codelist">
        <CodeText xml:lang="nn">Lufttransport</CodeText>
        <CodeText xml:lang="nb">Lufttransport</CodeText>
        <CodeText xml:lang="en">Air transport</CodeText>
      </CodeTextGrp>
      <CorrespondenceItemRelation targetItem="urn:ssb:code:stabas:-8368107" />
    </CorrespondenceItem>
    <CorrespondenceItem id="urn:ssb:code:stabas:8118007-8120369">
      <CodeValue xmlns="http://www.ssb.no/ns/meta/codelist">52</CodeValue>
      <CodeTextGrp xmlns="http://www.ssb.no/ns/meta/codelist">
        <CodeText xml:lang="nn">Lagring og andre tenester i tilknyting til transport</CodeText>
        <CodeText xml:lang="nb">Lagring og andre tjenester tilknyttet transport</CodeText>
        <CodeText xml:lang="en">Warehousing and support activities for transportation</CodeText>
      </CodeTextGrp>
      <CorrespondenceItemRelation targetItem="urn:ssb:code:stabas:-8368107" />
    </CorrespondenceItem>
    <CorrespondenceItem id="urn:ssb:code:stabas:8118007-8120421">
      <CodeValue xmlns="http://www.ssb.no/ns/meta/codelist">53</CodeValue>
      <CodeTextGrp xmlns="http://www.ssb.no/ns/meta/codelist">
        <CodeText xml:lang="nn">Post og distribusjonsverksemd</CodeText>
        <CodeText xml:lang="nb">Post og distribusjonsvirksomhet</CodeText>
        <CodeText xml:lang="en">Postal and courier activities</CodeText>
      </CodeTextGrp>
      <CorrespondenceItemRelation targetItem="urn:ssb:code:stabas:-8368091" />
    </CorrespondenceItem>
    <CorrespondenceItem id="urn:ssb:code:stabas:8118007-8120559">
      <CodeValue xmlns="http://www.ssb.no/ns/meta/codelist">60</CodeValue>
      <CodeTextGrp xmlns="http://www.ssb.no/ns/meta/codelist">
        <CodeText xml:lang="nn">Radio- og fjernsynskringkasting</CodeText>
        <CodeText xml:lang="nb">Radio- og fjernsynskringkasting</CodeText>
        <CodeText xml:lang="en">Programming and broadcasting activities</CodeText>
      </CodeTextGrp>
      <CorrespondenceItemRelation targetItem="urn:ssb:code:stabas:-8368093" />
    </CorrespondenceItem>
    <CorrespondenceItem id="urn:ssb:code:stabas:8118007-8120573">
      <CodeValue xmlns="http://www.ssb.no/ns/meta/codelist">61</CodeValue>
      <CodeTextGrp xmlns="http://www.ssb.no/ns/meta/codelist">
        <CodeText xml:lang="nn">Telekommunikasjon</CodeText>
        <CodeText xml:lang="nb">Telekommunikasjon</CodeText>
        <CodeText xml:lang="en">Telecommunications</CodeText>
      </CodeTextGrp>
      <CorrespondenceItemRelation targetItem="urn:ssb:code:stabas:-8368091" />
    </CorrespondenceItem>
    <CorrespondenceItem id="urn:ssb:code:stabas:8118007-8120599">
      <CodeValue xmlns="http://www.ssb.no/ns/meta/codelist">62</CodeValue>
      <CodeTextGrp xmlns="http://www.ssb.no/ns/meta/codelist">
        <CodeText xml:lang="nn">Tenester i tilknyting til informasjonsteknologi</CodeText>
        <CodeText xml:lang="nb">Tjenester tilknyttet informasjonsteknologi</CodeText>
        <CodeText xml:lang="en">Computer programming; consultancy and related activities</CodeText>
      </CodeTextGrp>
      <CorrespondenceItemRelation targetItem="urn:ssb:code:stabas:-8368093" />
    </CorrespondenceItem>
    <CorrespondenceItem id="urn:ssb:code:stabas:8118007-8120619">
      <CodeValue xmlns="http://www.ssb.no/ns/meta/codelist">63</CodeValue>
      <CodeTextGrp xmlns="http://www.ssb.no/ns/meta/codelist">
        <CodeText xml:lang="nn">Informasjonstenester</CodeText>
        <CodeText xml:lang="nb">Informasjonstjenester</CodeText>
        <CodeText xml:lang="en">Information service activities</CodeText>
      </CodeTextGrp>
      <CorrespondenceItemRelation targetItem="urn:ssb:code:stabas:-8368093" />
    </CorrespondenceItem>
    <CorrespondenceItem id="urn:ssb:code:stabas:8118007-8120643">
      <CodeValue xmlns="http://www.ssb.no/ns/meta/codelist">64</CodeValue>
      <CodeTextGrp xmlns="http://www.ssb.no/ns/meta/codelist">
        <CodeText xml:lang="nn">Finansieringsverksemd</CodeText>
        <CodeText xml:lang="nb">Finansieringsvirksomhet</CodeText>
        <CodeText xml:lang="en">Financial service activities, except insurance and pension funding</CodeText>
      </CodeTextGrp>
      <CorrespondenceItemRelation targetItem="urn:ssb:code:stabas:-8368095" />
    </CorrespondenceItem>
    <CorrespondenceItem id="urn:ssb:code:stabas:8118007-8120695">
      <CodeValue xmlns="http://www.ssb.no/ns/meta/codelist">65</CodeValue>
      <CodeTextGrp xmlns="http://www.ssb.no/ns/meta/codelist">
        <CodeText xml:lang="nn">Forsikringsverksemd og pensjonskasser, med unntak av trygdeordningar underordna offentleg forvalting</CodeText>
        <CodeText xml:lang="nb">Forsikringsvirksomhet og pensjonskasser, unntatt trygdeordninger underlagt offentlig forvaltning</CodeText>
        <CodeText xml:lang="en">Insurance, reinsurance and pension funding, except compulsory social security</CodeText>
      </CodeTextGrp>
      <CorrespondenceItemRelation targetItem="urn:ssb:code:stabas:-8368095" />
    </CorrespondenceItem>
    <CorrespondenceItem id="urn:ssb:code:stabas:8118007-8120719">
      <CodeValue xmlns="http://www.ssb.no/ns/meta/codelist">66</CodeValue>
      <CodeTextGrp xmlns="http://www.ssb.no/ns/meta/codelist">
        <CodeText xml:lang="nn">Tenester i tilknyting til finansierings- og forsikringsverksemd</CodeText>
        <CodeText xml:lang="nb">Tjenester tilknyttet finansierings- og forsikringsvirksomhet</CodeText>
        <CodeText xml:lang="en">Activities auxiliary to financial services and insurance activities</CodeText>
      </CodeTextGrp>
      <CorrespondenceItemRelation targetItem="urn:ssb:code:stabas:-8368095" />
    </CorrespondenceItem>
    <CorrespondenceItem id="urn:ssb:code:stabas:8118007-8120757">
      <CodeValue xmlns="http://www.ssb.no/ns/meta/codelist">68</CodeValue>
      <CodeTextGrp xmlns="http://www.ssb.no/ns/meta/codelist">
        <CodeText xml:lang="nn">Omsetning og drift av fast eigedom</CodeText>
        <CodeText xml:lang="nb">Omsetning og drift av fast eiendom</CodeText>
        <CodeText xml:lang="en">Real estate activities</CodeText>
      </CodeTextGrp>
      <CorrespondenceItemRelation targetItem="urn:ssb:code:stabas:-8368097" />
    </CorrespondenceItem>
    <CorrespondenceItem id="urn:ssb:code:stabas:8118007-8120785">
      <CodeValue xmlns="http://www.ssb.no/ns/meta/codelist">69</CodeValue>
      <CodeTextGrp xmlns="http://www.ssb.no/ns/meta/codelist">
        <CodeText xml:lang="nn">Juridisk og rekneskapsmessig tenesteyting</CodeText>
        <CodeText xml:lang="nb">Juridisk og regnskapsmessig tjenesteyting</CodeText>
        <CodeText xml:lang="en">Legal and accounting activities</CodeText>
      </CodeTextGrp>
      <CorrespondenceItemRelation targetItem="urn:ssb:code:stabas:-8368099" />
    </CorrespondenceItem>
    <CorrespondenceItem id="urn:ssb:code:stabas:8118007-8120803">
      <CodeValue xmlns="http://www.ssb.no/ns/meta/codelist">70</CodeValue>
      <CodeTextGrp xmlns="http://www.ssb.no/ns/meta/codelist">
        <CodeText xml:lang="nn">Hovudkontortenester, administrativ rådgiving</CodeText>
        <CodeText xml:lang="nb">Hovedkontortjenester, administrativ rådgivning</CodeText>
        <CodeText xml:lang="en">Activities of head offices; management consultancy activities</CodeText>
      </CodeTextGrp>
      <CorrespondenceItemRelation targetItem="urn:ssb:code:stabas:-8368099" />
    </CorrespondenceItem>
    <CorrespondenceItem id="urn:ssb:code:stabas:8118007-8120821">
      <CodeValue xmlns="http://www.ssb.no/ns/meta/codelist">71</CodeValue>
      <CodeTextGrp xmlns="http://www.ssb.no/ns/meta/codelist">
        <CodeText xml:lang="nn">Arkitektverksemd og teknisk konsulentverksemd, og teknisk prøving og analyse</CodeText>
        <CodeText xml:lang="nb">Arkitektvirksomhet og teknisk konsulentvirksomhet, og teknisk prøving og analyse</CodeText>
        <CodeText xml:lang="en">Architectural and engineering activities; technical testing and analysis</CodeText>
      </CodeTextGrp>
      <CorrespondenceItemRelation targetItem="urn:ssb:code:stabas:-8368099" />
    </CorrespondenceItem>
    <CorrespondenceItem id="urn:ssb:code:stabas:8118007-8120883">
      <CodeValue xmlns="http://www.ssb.no/ns/meta/codelist">74</CodeValue>
      <CodeTextGrp xmlns="http://www.ssb.no/ns/meta/codelist">
        <CodeText xml:lang="nn">Anna fagleg, vitskapleg og teknisk verksemd</CodeText>
        <CodeText xml:lang="nb">Annen faglig, vitenskapelig og teknisk virksomhet</CodeText>
        <CodeText xml:lang="en">Other professional, scientific and technical activities</CodeText>
      </CodeTextGrp>
      <CorrespondenceItemRelation targetItem="urn:ssb:code:stabas:-8368099" />
    </CorrespondenceItem>
    <CorrespondenceItem id="urn:ssb:code:stabas:8118007-8120469">
      <CodeValue xmlns="http://www.ssb.no/ns/meta/codelist">56</CodeValue>
      <CodeTextGrp xmlns="http://www.ssb.no/ns/meta/codelist">
        <CodeText xml:lang="nn">Serveringsverksemd</CodeText>
        <CodeText xml:lang="nb">Serveringsvirksomhet</CodeText>
        <CodeText xml:lang="en">Food and beverage service activities</CodeText>
      </CodeTextGrp>
      <CorrespondenceItemRelation targetItem="urn:ssb:code:stabas:-8368079" />
    </CorrespondenceItem>
    <CorrespondenceItem id="urn:ssb:code:stabas:8118007-8120499">
      <CodeValue xmlns="http://www.ssb.no/ns/meta/codelist">58</CodeValue>
      <CodeTextGrp xmlns="http://www.ssb.no/ns/meta/codelist">
        <CodeText xml:lang="nn">Forlagsverksemd</CodeText>
        <CodeText xml:lang="nb">Forlagsvirksomhet</CodeText>
        <CodeText xml:lang="en">Publishing activities</CodeText>
      </CodeTextGrp>
      <CorrespondenceItemRelation targetItem="urn:ssb:code:stabas:-8368093" />
    </CorrespondenceItem>
    <CorrespondenceItem id="urn:ssb:code:stabas:8118007-8120533">
      <CodeValue xmlns="http://www.ssb.no/ns/meta/codelist">59</CodeValue>
      <CodeTextGrp xmlns="http://www.ssb.no/ns/meta/codelist">
        <CodeText xml:lang="nn">Film-, video- og fjernsynsprogramproduksjon, utgiving av musikk- og lydopptak</CodeText>
        <CodeText xml:lang="nb">Film-, video- og fjernsynsprogramproduksjon, utgivelse av musikk- og lydopptak</CodeText>
        <CodeText xml:lang="en">Motion picture, video and television programme production, sound recording and music publishing activities</CodeText>
      </CodeTextGrp>
      <CorrespondenceItemRelation targetItem="urn:ssb:code:stabas:-8368093" />
    </CorrespondenceItem>
    <CorrespondenceItem id="urn:ssb:code:stabas:8118007-8120847">
      <CodeValue xmlns="http://www.ssb.no/ns/meta/codelist">72</CodeValue>
      <CodeTextGrp xmlns="http://www.ssb.no/ns/meta/codelist">
        <CodeText xml:lang="nn">Forsking og utviklingsarbeid</CodeText>
        <CodeText xml:lang="nb">Forskning og utviklingsarbeid</CodeText>
        <CodeText xml:lang="en">Scientific research and development</CodeText>
      </CodeTextGrp>
      <CorrespondenceItemRelation targetItem="urn:ssb:code:stabas:-8368099" />
    </CorrespondenceItem>
    <CorrespondenceItem id="urn:ssb:code:stabas:8118007-8120865">
      <CodeValue xmlns="http://www.ssb.no/ns/meta/codelist">73</CodeValue>
      <CodeTextGrp xmlns="http://www.ssb.no/ns/meta/codelist">
        <CodeText xml:lang="nn">Annonse- og reklameverksemd og marknadsundersøkingar</CodeText>
        <CodeText xml:lang="nb">Annonse- og reklamevirksomhet og markedsundersøkelser</CodeText>
        <CodeText xml:lang="en">Advertising and market research</CodeText>
      </CodeTextGrp>
      <CorrespondenceItemRelation targetItem="urn:ssb:code:stabas:-8368099" />
    </CorrespondenceItem>
    <CorrespondenceItem id="urn:ssb:code:stabas:8118007-8120919">
      <CodeValue xmlns="http://www.ssb.no/ns/meta/codelist">75</CodeValue>
      <CodeTextGrp xmlns="http://www.ssb.no/ns/meta/codelist">
        <CodeText xml:lang="nn">Veterinærtenester</CodeText>
        <CodeText xml:lang="nb">Veterinærtjenester</CodeText>
        <CodeText xml:lang="en">Veterinary activities</CodeText>
      </CodeTextGrp>
      <CorrespondenceItemRelation targetItem="urn:ssb:code:stabas:-8368099" />
    </CorrespondenceItem>
    <CorrespondenceItem id="urn:ssb:code:stabas:8118007-8121031">
      <CodeValue xmlns="http://www.ssb.no/ns/meta/codelist">80</CodeValue>
      <CodeTextGrp xmlns="http://www.ssb.no/ns/meta/codelist">
        <CodeText xml:lang="nn">Vaktteneste og etterforsking</CodeText>
        <CodeText xml:lang="nb">Vakttjeneste og etterforsking</CodeText>
        <CodeText xml:lang="en">Security and investigation activities</CodeText>
      </CodeTextGrp>
      <CorrespondenceItemRelation targetItem="urn:ssb:code:stabas:-8368099" />
    </CorrespondenceItem>
    <CorrespondenceItem id="urn:ssb:code:stabas:8118007-8121051">
      <CodeValue xmlns="http://www.ssb.no/ns/meta/codelist">81</CodeValue>
      <CodeTextGrp xmlns="http://www.ssb.no/ns/meta/codelist">
        <CodeText xml:lang="nn">Tenester i tilknyting til eigedomsdrift</CodeText>
        <CodeText xml:lang="nb">Tjenester tilknyttet eiendomsdrift</CodeText>
        <CodeText xml:lang="en">Services to buildings and landscape activities</CodeText>
      </CodeTextGrp>
      <CorrespondenceItemRelation targetItem="urn:ssb:code:stabas:-8368099" />
    </CorrespondenceItem>
    <CorrespondenceItem id="urn:ssb:code:stabas:8118007-8121083">
      <CodeValue xmlns="http://www.ssb.no/ns/meta/codelist">82</CodeValue>
      <CodeTextGrp xmlns="http://www.ssb.no/ns/meta/codelist">
        <CodeText xml:lang="nn">Anna forretningsmessig tenesteyting</CodeText>
        <CodeText xml:lang="nb">Annen forretningsmessig tjenesteyting</CodeText>
        <CodeText xml:lang="en">Office administrative, office support and other business support activities</CodeText>
      </CodeTextGrp>
      <CorrespondenceItemRelation targetItem="urn:ssb:code:stabas:-8368099" />
    </CorrespondenceItem>
    <CorrespondenceItem id="urn:ssb:code:stabas:8118007-8121171">
      <CodeValue xmlns="http://www.ssb.no/ns/meta/codelist">85</CodeValue>
      <CodeTextGrp xmlns="http://www.ssb.no/ns/meta/codelist">
        <CodeText xml:lang="nn">Undervisning</CodeText>
        <CodeText xml:lang="nb">Undervisning</CodeText>
        <CodeText xml:lang="en">Education</CodeText>
      </CodeTextGrp>
      <CorrespondenceItemRelation targetItem="urn:ssb:code:stabas:-8368111" />
    </CorrespondenceItem>
    <CorrespondenceItem id="urn:ssb:code:stabas:8118007-8121261">
      <CodeValue xmlns="http://www.ssb.no/ns/meta/codelist">86</CodeValue>
      <CodeTextGrp xmlns="http://www.ssb.no/ns/meta/codelist">
        <CodeText xml:lang="nn">Helsetenester</CodeText>
        <CodeText xml:lang="nb">Helsetjenester</CodeText>
        <CodeText xml:lang="en">Human health activities</CodeText>
      </CodeTextGrp>
      <CorrespondenceItemRelation targetItem="urn:ssb:code:stabas:-8368113" />
    </CorrespondenceItem>
    <CorrespondenceItem id="urn:ssb:code:stabas:8118007-8121325">
      <CodeValue xmlns="http://www.ssb.no/ns/meta/codelist">87</CodeValue>
      <CodeTextGrp xmlns="http://www.ssb.no/ns/meta/codelist">
        <CodeText xml:lang="nn">Pleie- og omsorgstenester i institusjon</CodeText>
        <CodeText xml:lang="nb">Pleie- og omsorgstjenester i institusjon</CodeText>
        <CodeText xml:lang="en">Residential care activities</CodeText>
      </CodeTextGrp>
      <CorrespondenceItemRelation targetItem="urn:ssb:code:stabas:-8368113" />
    </CorrespondenceItem>
    <CorrespondenceItem id="urn:ssb:code:stabas:8118007-8121007">
      <CodeValue xmlns="http://www.ssb.no/ns/meta/codelist">79</CodeValue>
      <CodeTextGrp xmlns="http://www.ssb.no/ns/meta/codelist">
        <CodeText xml:lang="nn">Reisebyrå- og reisearrangørverksemd og tenester i tilknyting til slik verksemd</CodeText>
        <CodeText xml:lang="nb">Reisebyrå- og reisearrangørvirksomhet og tilknyttede tjenester</CodeText>
        <CodeText xml:lang="en">Travel agency, tour operator and other reservation service and related activities</CodeText>
      </CodeTextGrp>
      <CorrespondenceItemRelation targetItem="urn:ssb:code:stabas:-8368099" />
    </CorrespondenceItem>
    <CorrespondenceItem id="urn:ssb:code:stabas:8118007-8120929">
      <CodeValue xmlns="http://www.ssb.no/ns/meta/codelist">77</CodeValue>
      <CodeTextGrp xmlns="http://www.ssb.no/ns/meta/codelist">
        <CodeText xml:lang="nn">Utleige- og leasingverksemd</CodeText>
        <CodeText xml:lang="nb">Utleie- og leasingvirksomhet</CodeText>
        <CodeText xml:lang="en">Rental and leasing activities</CodeText>
      </CodeTextGrp>
      <CorrespondenceItemRelation targetItem="urn:ssb:code:stabas:-8368099" />
    </CorrespondenceItem>
    <CorrespondenceItem id="urn:ssb:code:stabas:8118007-8120987">
      <CodeValue xmlns="http://www.ssb.no/ns/meta/codelist">78</CodeValue>
      <CodeTextGrp xmlns="http://www.ssb.no/ns/meta/codelist">
        <CodeText xml:lang="nn">Arbeidskrafttenester</CodeText>
        <CodeText xml:lang="nb">Arbeidskrafttjenester</CodeText>
        <CodeText xml:lang="en">Employment activities</CodeText>
      </CodeTextGrp>
      <CorrespondenceItemRelation targetItem="urn:ssb:code:stabas:-8368099" />
    </CorrespondenceItem>
  </CorrespondenceItemGroup>
  <CorrespondenceItemGroup id="urn:ssb:codelist:stabas:8118011" relationshipType="N:1">
    <CorrespondenceItem id="urn:ssb:code:stabas:8118011-8120311">
      <CodeValue xmlns="http://www.ssb.no/ns/meta/codelist">49.50</CodeValue>
      <CodeTextGrp xmlns="http://www.ssb.no/ns/meta/codelist">
        <CodeText xml:lang="nn">Rørtransport</CodeText>
        <CodeText xml:lang="nb">Rørtransport</CodeText>
        <CodeText xml:lang="en">Transport via pipeline</CodeText>
      </CodeTextGrp>
      <CorrespondenceItemRelation targetItem="urn:ssb:code:stabas:-8368103" />
    </CorrespondenceItem>
    <CorrespondenceItem id="urn:ssb:code:stabas:8118011-8118305">
      <CodeValue xmlns="http://www.ssb.no/ns/meta/codelist">09.10</CodeValue>
      <CodeTextGrp xmlns="http://www.ssb.no/ns/meta/codelist">
        <CodeText xml:lang="nn">Tenester i tilknyting til utvinning av råolje og naturgass</CodeText>
        <CodeText xml:lang="nb">Tjenester tilknyttet utvinning av råolje og naturgass</CodeText>
        <CodeText xml:lang="en">Support activities for petroleum and natural gas extraction</CodeText>
      </CodeTextGrp>
      <CorrespondenceItemRelation targetItem="urn:ssb:code:stabas:-8368025" />
    </CorrespondenceItem>
    <CorrespondenceItem id="urn:ssb:code:stabas:8118011-8118313">
      <CodeValue xmlns="http://www.ssb.no/ns/meta/codelist">09.90</CodeValue>
      <CodeTextGrp xmlns="http://www.ssb.no/ns/meta/codelist">
        <CodeText xml:lang="nn">Tenester i tilknyting til anna bergverksdrift</CodeText>
        <CodeText xml:lang="nb">Tjenester tilknyttet annen bergverksdrift</CodeText>
        <CodeText xml:lang="en">Support activities for other mining and quarrying</CodeText>
      </CodeTextGrp>
      <CorrespondenceItemRelation targetItem="urn:ssb:code:stabas:-8368021" />
    </CorrespondenceItem>
  </CorrespondenceItemGroup>
</CorrespondenceTable>