<?xml version="1.0" encoding="utf-8"?>
<CorrespondenceTable xmlns:xsi="http://www.w3.org/2001/XMLSchema-instance" xmlns:xsd="http://www.w3.org/2001/XMLSchema" id="urn:ssb:corrtable:stabas:8372701" classVersionSourceId="urn:ssb:classversion:stabas:8368001" classVersionTargetId="urn:ssb:classversion:stabas:8118001" classLevelSourceId="urn:ssb:codelist:stabas:8368301" classLevelTargetId="urn:ssb:codelist:stabas:" showInternet="false" showIntranet="true" xmlns="http://www.ssb.no/ns/meta/correspondence">
  <TitleGrp>
    <Title xml:lang="nb">Variant av SN-Miljøregnskap, Standard for næringsgruppering(2007) - nivå 3</Title>
  </TitleGrp>
  <DescriptionGrp>
    <Description xml:lang="nb">Denne korrespondansetabellen viser korrespondansene på nivå 2 av miljøregnskapet (tilsvarer koden xx.xx.xx)</Description>
  </DescriptionGrp>
  <ContactInformation>
    <Person xmlns="http://www.ssb.no/ns/meta/common">kre</Person>
    <Division xmlns="http://www.ssb.no/ns/meta/common">215</Division>
  </ContactInformation>
  <CorrespondenceItemGroup id="urn:ssb:codelist:stabas:8368301" relationshipType="1:N">
    <CorrespondenceItem id="urn:ssb:code:stabas:8368301-8368307">
      <CodeValue xmlns="http://www.ssb.no/ns/meta/codelist">01.01.01</CodeValue>
      <CodeTextGrp xmlns="http://www.ssb.no/ns/meta/codelist">
        <CodeText xml:lang="nn">Jordbruk, jakt og viltstell </CodeText>
        <CodeText xml:lang="nb">Jordbruk, jakt og viltstell </CodeText>
        <CodeText xml:lang="en">Agriculture and hunting</CodeText>
      </CodeTextGrp>
      <CorrespondenceItemRelation targetItem="urn:ssb:code:stabas:8118007-8118017" />
    </CorrespondenceItem>
    <CorrespondenceItem id="urn:ssb:code:stabas:8368301-8368309">
      <CodeValue xmlns="http://www.ssb.no/ns/meta/codelist">01.01.02</CodeValue>
      <CodeTextGrp xmlns="http://www.ssb.no/ns/meta/codelist">
        <CodeText xml:lang="nn">Skogbruk </CodeText>
        <CodeText xml:lang="nb">Skogbruk </CodeText>
        <CodeText xml:lang="en">Forestry and logging</CodeText>
      </CodeTextGrp>
      <CorrespondenceItemRelation targetItem="urn:ssb:code:stabas:8118007-8118161" />
    </CorrespondenceItem>
    <CorrespondenceItem id="urn:ssb:code:stabas:8368301-8368313">
      <CodeValue xmlns="http://www.ssb.no/ns/meta/codelist">03.03.01</CodeValue>
      <CodeTextGrp xmlns="http://www.ssb.no/ns/meta/codelist">
        <CodeText xml:lang="nn">Trelast- og trevareindustri, utanom møblar</CodeText>
        <CodeText xml:lang="nb">Trelast- og trevareindustri, unntatt møbler</CodeText>
        <CodeText xml:lang="en">Wood and wood products, except furniture</CodeText>
      </CodeTextGrp>
      <CorrespondenceItemRelation targetItem="urn:ssb:code:stabas:8118007-8118599" />
    </CorrespondenceItem>
    <CorrespondenceItem id="urn:ssb:code:stabas:8368301-8368315">
      <CodeValue xmlns="http://www.ssb.no/ns/meta/codelist">03.03.02</CodeValue>
      <CodeTextGrp xmlns="http://www.ssb.no/ns/meta/codelist">
        <CodeText xml:lang="nn">Produksjon av papir og papirvarer </CodeText>
        <CodeText xml:lang="nb">Produksjon av papir og papirvarer </CodeText>
        <CodeText xml:lang="en">Paper and paper products</CodeText>
      </CodeTextGrp>
      <CorrespondenceItemRelation targetItem="urn:ssb:code:stabas:8118007-8118631" />
    </CorrespondenceItem>
    <CorrespondenceItem id="urn:ssb:code:stabas:8368301-8368317">
      <CodeValue xmlns="http://www.ssb.no/ns/meta/codelist">03.06.01</CodeValue>
      <CodeTextGrp xmlns="http://www.ssb.no/ns/meta/codelist">
        <CodeText xml:lang="nn">Produksjon av gummi- og plastprodukt</CodeText>
        <CodeText xml:lang="nb">Produksjon av gummi- og plastprodukter</CodeText>
        <CodeText xml:lang="en">Rubber and plastic products</CodeText>
      </CodeTextGrp>
      <CorrespondenceItemRelation targetItem="urn:ssb:code:stabas:8118007-8118797" />
    </CorrespondenceItem>
    <CorrespondenceItem id="urn:ssb:code:stabas:8368301-8368319">
      <CodeValue xmlns="http://www.ssb.no/ns/meta/codelist">03.06.02</CodeValue>
      <CodeTextGrp xmlns="http://www.ssb.no/ns/meta/codelist">
        <CodeText xml:lang="nn">Produksjon av andre ikkje-metallhaldige mineralprodukt</CodeText>
        <CodeText xml:lang="nb">Produksjon av andre ikke-metallholdige mineralprodukter</CodeText>
        <CodeText xml:lang="en">Other non-metallic mineral products</CodeText>
      </CodeTextGrp>
      <CorrespondenceItemRelation targetItem="urn:ssb:code:stabas:8118007-8118827" />
    </CorrespondenceItem>
    <CorrespondenceItem id="urn:ssb:code:stabas:8368301-8368321">
      <CodeValue xmlns="http://www.ssb.no/ns/meta/codelist">03.08.01</CodeValue>
      <CodeTextGrp xmlns="http://www.ssb.no/ns/meta/codelist">
        <CodeText xml:lang="nn">Produksjon av metallvarer, utanom maskinar og utstyr</CodeText>
        <CodeText xml:lang="nb">Produksjon av metallvarer, unntatt maskiner og utstyr</CodeText>
        <CodeText xml:lang="en">Fabricated metal products, except machinery and equipment</CodeText>
      </CodeTextGrp>
      <CorrespondenceItemRelation targetItem="urn:ssb:code:stabas:8118007-8119021" />
    </CorrespondenceItem>
    <CorrespondenceItem id="urn:ssb:code:stabas:8368301-8368323">
      <CodeValue xmlns="http://www.ssb.no/ns/meta/codelist">03.08.02</CodeValue>
      <CodeTextGrp xmlns="http://www.ssb.no/ns/meta/codelist">
        <CodeText xml:lang="nn">Produksjon av datamaskinar og elektroniske produkt</CodeText>
        <CodeText xml:lang="nb">Produksjon av datamaskiner og elektroniske produkter</CodeText>
        <CodeText xml:lang="en">Computer and electronic products</CodeText>
      </CodeTextGrp>
      <CorrespondenceItemRelation targetItem="urn:ssb:code:stabas:8118007-8119107" />
    </CorrespondenceItem>
    <CorrespondenceItem id="urn:ssb:code:stabas:8368301-8368325">
      <CodeValue xmlns="http://www.ssb.no/ns/meta/codelist">03.08.03</CodeValue>
      <CodeTextGrp xmlns="http://www.ssb.no/ns/meta/codelist">
        <CodeText xml:lang="nn">Produksjon av elektrisk utstyr </CodeText>
        <CodeText xml:lang="nb">Produksjon av elektrisk utstyr </CodeText>
        <CodeText xml:lang="en">Electrical equipment</CodeText>
      </CodeTextGrp>
      <CorrespondenceItemRelation targetItem="urn:ssb:code:stabas:8118007-8119165" />
    </CorrespondenceItem>
    <CorrespondenceItem id="urn:ssb:code:stabas:8368301-8368327">
      <CodeValue xmlns="http://www.ssb.no/ns/meta/codelist">03.08.04</CodeValue>
      <CodeTextGrp xmlns="http://www.ssb.no/ns/meta/codelist">
        <CodeText xml:lang="nn">Produksjon av maskinar og utstyr elles</CodeText>
        <CodeText xml:lang="nb">Produksjon av maskiner og utstyr ellers </CodeText>
        <CodeText xml:lang="en">Machinery and other equipment</CodeText>
      </CodeTextGrp>
      <CorrespondenceItemRelation targetItem="urn:ssb:code:stabas:8118007-8119219" />
    </CorrespondenceItem>
    <CorrespondenceItem id="urn:ssb:code:stabas:8368301-8368329">
      <CodeValue xmlns="http://www.ssb.no/ns/meta/codelist">03.09.01</CodeValue>
      <CodeTextGrp xmlns="http://www.ssb.no/ns/meta/codelist">
        <CodeText xml:lang="nn">Produksjon av motorvogner og tilhengarar</CodeText>
        <CodeText xml:lang="nb">Produksjon av motorvogner og tilhengere</CodeText>
        <CodeText xml:lang="en">Motor vehicles and trailers</CodeText>
      </CodeTextGrp>
      <CorrespondenceItemRelation targetItem="urn:ssb:code:stabas:8118007-8119317" />
    </CorrespondenceItem>
    <CorrespondenceItem id="urn:ssb:code:stabas:8368301-8368331">
      <CodeValue xmlns="http://www.ssb.no/ns/meta/codelist">03.09.02</CodeValue>
      <CodeTextGrp xmlns="http://www.ssb.no/ns/meta/codelist">
        <CodeText xml:lang="nn">Produksjon av andre transportmiddel</CodeText>
        <CodeText xml:lang="nb">Produksjon av andre transportmidler</CodeText>
        <CodeText xml:lang="en">Other transport equipment</CodeText>
      </CodeTextGrp>
      <CorrespondenceItemRelation targetItem="urn:ssb:code:stabas:8118007-8119341" />
    </CorrespondenceItem>
    <CorrespondenceItem id="urn:ssb:code:stabas:8368301-8368335">
      <CodeValue xmlns="http://www.ssb.no/ns/meta/codelist">04.02.01</CodeValue>
      <CodeTextGrp xmlns="http://www.ssb.no/ns/meta/codelist">
        <CodeText xml:lang="nn">Uttak frå kjelde, reinsing og distribusjon av vatn</CodeText>
        <CodeText xml:lang="nb">Uttak fra kilde, rensing og distribusjon av vann</CodeText>
        <CodeText xml:lang="en">Water collection, treatment and supply</CodeText>
      </CodeTextGrp>
      <CorrespondenceItemRelation targetItem="urn:ssb:code:stabas:8118007-8119559" />
    </CorrespondenceItem>
    <CorrespondenceItem id="urn:ssb:code:stabas:8368301-8368337">
      <CodeValue xmlns="http://www.ssb.no/ns/meta/codelist">04.02.02</CodeValue>
      <CodeTextGrp xmlns="http://www.ssb.no/ns/meta/codelist">
        <CodeText xml:lang="nn">Avløps- og renovasjonsverksemd</CodeText>
        <CodeText xml:lang="nb">Avløps- og renovasjonsvirksomhet</CodeText>
        <CodeText xml:lang="en">Sewerage and waste management</CodeText>
      </CodeTextGrp>
      <CorrespondenceItemRelation targetItem="urn:ssb:code:stabas:8118007-8119575" />
      <CorrespondenceItemRelation targetItem="urn:ssb:code:stabas:8118007-8119567" />
      <CorrespondenceItemRelation targetItem="urn:ssb:code:stabas:8118007-8119607" />
    </CorrespondenceItem>
    <CorrespondenceItem id="urn:ssb:code:stabas:8368301-8368339">
      <CodeValue xmlns="http://www.ssb.no/ns/meta/codelist">07.02.01</CodeValue>
      <CodeTextGrp xmlns="http://www.ssb.no/ns/meta/codelist">
        <CodeText xml:lang="nn">Forlagsverksemd</CodeText>
        <CodeText xml:lang="nb">Forlagsvirksomhet</CodeText>
        <CodeText xml:lang="en">Publishing activities</CodeText>
      </CodeTextGrp>
      <CorrespondenceItemRelation targetItem="urn:ssb:code:stabas:8118007-8120499" />
    </CorrespondenceItem>
    <CorrespondenceItem id="urn:ssb:code:stabas:8368301-8368341">
      <CodeValue xmlns="http://www.ssb.no/ns/meta/codelist">07.02.02</CodeValue>
      <CodeTextGrp xmlns="http://www.ssb.no/ns/meta/codelist">
        <CodeText xml:lang="nn">Film-, video- og musikkproduksjon, kringkasting </CodeText>
        <CodeText xml:lang="nb">Film-, video- og musikkproduksjon, kringkasting</CodeText>
        <CodeText xml:lang="en">Motion picture, video and music production, broadcasting</CodeText>
      </CodeTextGrp>
      <CorrespondenceItemRelation targetItem="urn:ssb:code:stabas:8118007-8120533" />
      <CorrespondenceItemRelation targetItem="urn:ssb:code:stabas:8118007-8120559" />
    </CorrespondenceItem>
    <CorrespondenceItem id="urn:ssb:code:stabas:8368301-8368343">
      <CodeValue xmlns="http://www.ssb.no/ns/meta/codelist">07.02.03</CodeValue>
      <CodeTextGrp xmlns="http://www.ssb.no/ns/meta/codelist">
        <CodeText xml:lang="nn">Tenester knytte til informasjonsteknologi og informasjonstenester</CodeText>
        <CodeText xml:lang="nb">Tjenester tilknyttet informasjonsteknologi og informasjonstjenester</CodeText>
        <CodeText xml:lang="en">Computer programming and information service activities</CodeText>
      </CodeTextGrp>
      <CorrespondenceItemRelation targetItem="urn:ssb:code:stabas:8118007-8120599" />
      <CorrespondenceItemRelation targetItem="urn:ssb:code:stabas:8118007-8120619" />
    </CorrespondenceItem>
    <CorrespondenceItem id="urn:ssb:code:stabas:8368301-8368401">
      <CodeValue xmlns="http://www.ssb.no/ns/meta/codelist">08.03.01</CodeValue>
      <CodeTextGrp xmlns="http://www.ssb.no/ns/meta/codelist">
        <CodeText xml:lang="nn">Landtransport, utanom røyrtransport</CodeText>
        <CodeText xml:lang="nb">Landtransport, unntatt rørtransport</CodeText>
        <CodeText xml:lang="en">Land transport, except transport via pipelines</CodeText>
      </CodeTextGrp>
      <CorrespondenceItemRelation targetItem="urn:ssb:code:stabas:8118009-8120299" />
      <CorrespondenceItemRelation targetItem="urn:ssb:code:stabas:8118009-8120273" />
      <CorrespondenceItemRelation targetItem="urn:ssb:code:stabas:8118009-8120267" />
      <CorrespondenceItemRelation targetItem="urn:ssb:code:stabas:8118009-8120279" />
    </CorrespondenceItem>
    <CorrespondenceItem id="urn:ssb:code:stabas:8368301-8368403">
      <CodeValue xmlns="http://www.ssb.no/ns/meta/codelist">08.03.02</CodeValue>
      <CodeTextGrp xmlns="http://www.ssb.no/ns/meta/codelist">
        <CodeText xml:lang="nn">Innanriks sjøfart</CodeText>
        <CodeText xml:lang="nb">Innenriks sjøfart</CodeText>
        <CodeText xml:lang="en">Inland water and costal transport</CodeText>
      </CodeTextGrp>
      <CorrespondenceItemRelation targetItem="urn:ssb:code:stabas:8118013-8120321" />
      <CorrespondenceItemRelation targetItem="urn:ssb:code:stabas:8118013-8120331" />
      <CorrespondenceItemRelation targetItem="urn:ssb:code:stabas:8118013-8120337" />
    </CorrespondenceItem>
    <CorrespondenceItem id="urn:ssb:code:stabas:8368301-8368405">
      <CodeValue xmlns="http://www.ssb.no/ns/meta/codelist">08.03.03</CodeValue>
      <CodeTextGrp xmlns="http://www.ssb.no/ns/meta/codelist">
        <CodeText xml:lang="nn">Lufttransport </CodeText>
        <CodeText xml:lang="nb">Lufttransport</CodeText>
        <CodeText xml:lang="en">Air transport</CodeText>
      </CodeTextGrp>
      <CorrespondenceItemRelation targetItem="urn:ssb:code:stabas:8118007-8120351" />
    </CorrespondenceItem>
    <CorrespondenceItem id="urn:ssb:code:stabas:8368301-8368407">
      <CodeValue xmlns="http://www.ssb.no/ns/meta/codelist">08.03.04</CodeValue>
      <CodeTextGrp xmlns="http://www.ssb.no/ns/meta/codelist">
        <CodeText xml:lang="nn">Lagring og andre tenester knytte til transport</CodeText>
        <CodeText xml:lang="nb">Lagring og andre tjenester tilknyttet transport</CodeText>
        <CodeText xml:lang="en">Warehousing and support activities for transportation</CodeText>
      </CodeTextGrp>
      <CorrespondenceItemRelation targetItem="urn:ssb:code:stabas:8118007-8120369" />
    </CorrespondenceItem>
    <CorrespondenceItem id="urn:ssb:code:stabas:8368301-8368409">
      <CodeValue xmlns="http://www.ssb.no/ns/meta/codelist">09.02.01</CodeValue>
      <CodeTextGrp xmlns="http://www.ssb.no/ns/meta/codelist">
        <CodeText xml:lang="nn">Helsetenester</CodeText>
        <CodeText xml:lang="nb">Helsetjenester</CodeText>
        <CodeText xml:lang="en">Human health activities</CodeText>
      </CodeTextGrp>
      <CorrespondenceItemRelation targetItem="urn:ssb:code:stabas:8118007-8121261" />
    </CorrespondenceItem>
    <CorrespondenceItem id="urn:ssb:code:stabas:8368301-8368411">
      <CodeValue xmlns="http://www.ssb.no/ns/meta/codelist">09.02.02</CodeValue>
      <CodeTextGrp xmlns="http://www.ssb.no/ns/meta/codelist">
        <CodeText xml:lang="nn">Pleie- og omsorgstenester, barnehagar og SFO</CodeText>
        <CodeText xml:lang="nb">Pleie- og omsorgstjenester, barnehager og SFO</CodeText>
        <CodeText xml:lang="en">Residential care and other social work activities</CodeText>
      </CodeTextGrp>
      <CorrespondenceItemRelation targetItem="urn:ssb:code:stabas:8118007-8121325" />
    </CorrespondenceItem>
  </CorrespondenceItemGroup>
  <CorrespondenceItemGroup id="urn:ssb:codelist:stabas:8118009" relationshipType="N:1">
    <CorrespondenceItem id="urn:ssb:code:stabas:8118009-8120267">
      <CodeValue xmlns="http://www.ssb.no/ns/meta/codelist">49.1</CodeValue>
      <CodeTextGrp xmlns="http://www.ssb.no/ns/meta/codelist">
        <CodeText xml:lang="nn">Passasjertransport med jernbane</CodeText>
        <CodeText xml:lang="nb">Passasjertransport med jernbane</CodeText>
        <CodeText xml:lang="en">Passenger rail transport, interurban</CodeText>
      </CodeTextGrp>
      <CorrespondenceItemRelation targetItem="urn:ssb:code:stabas:8368301-8368401" />
    </CorrespondenceItem>
    <CorrespondenceItem id="urn:ssb:code:stabas:8118009-8120273">
      <CodeValue xmlns="http://www.ssb.no/ns/meta/codelist">49.2</CodeValue>
      <CodeTextGrp xmlns="http://www.ssb.no/ns/meta/codelist">
        <CodeText xml:lang="nn">Godstransport med jernbane</CodeText>
        <CodeText xml:lang="nb">Godstransport med jernbane</CodeText>
        <CodeText xml:lang="en">Freight rail transport</CodeText>
      </CodeTextGrp>
      <CorrespondenceItemRelation targetItem="urn:ssb:code:stabas:8368301-8368401" />
    </CorrespondenceItem>
    <CorrespondenceItem id="urn:ssb:code:stabas:8118009-8120279">
      <CodeValue xmlns="http://www.ssb.no/ns/meta/codelist">49.3</CodeValue>
      <CodeTextGrp xmlns="http://www.ssb.no/ns/meta/codelist">
        <CodeText xml:lang="nn">Annan landtransport med passasjerar</CodeText>
        <CodeText xml:lang="nb">Annen landtransport med passasjerer</CodeText>
        <CodeText xml:lang="en">Other passenger land transport</CodeText>
      </CodeTextGrp>
      <CorrespondenceItemRelation targetItem="urn:ssb:code:stabas:8368301-8368401" />
    </CorrespondenceItem>
    <CorrespondenceItem id="urn:ssb:code:stabas:8118009-8120299">
      <CodeValue xmlns="http://www.ssb.no/ns/meta/codelist">49.4</CodeValue>
      <CodeTextGrp xmlns="http://www.ssb.no/ns/meta/codelist">
        <CodeText xml:lang="nn">Godstransport på veg, medrekna flyttetransport</CodeText>
        <CodeText xml:lang="nb">Godstransport på vei, herunder flyttetransport</CodeText>
        <CodeText xml:lang="en">Freight transport by road and removal services</CodeText>
      </CodeTextGrp>
      <CorrespondenceItemRelation targetItem="urn:ssb:code:stabas:8368301-8368401" />
    </CorrespondenceItem>
  </CorrespondenceItemGroup>
  <CorrespondenceItemGroup id="urn:ssb:codelist:stabas:8118013" relationshipType="N:1">
    <CorrespondenceItem id="urn:ssb:code:stabas:8118013-8120321">
      <CodeValue xmlns="http://www.ssb.no/ns/meta/codelist">50.101</CodeValue>
      <CodeTextGrp xmlns="http://www.ssb.no/ns/meta/codelist">
        <CodeText xml:lang="nn">Utanriks sjøfart med passasjerar</CodeText>
        <CodeText xml:lang="nb">Utenriks sjøfart med passasjerer</CodeText>
        <CodeText xml:lang="en">Passenger ocean transport</CodeText>
      </CodeTextGrp>
      <CorrespondenceItemRelation targetItem="urn:ssb:code:stabas:8368301-8368403" />
    </CorrespondenceItem>
    <CorrespondenceItem id="urn:ssb:code:stabas:8118013-8120331">
      <CodeValue xmlns="http://www.ssb.no/ns/meta/codelist">50.201</CodeValue>
      <CodeTextGrp xmlns="http://www.ssb.no/ns/meta/codelist">
        <CodeText xml:lang="nn">Utanriks sjøfart med gods</CodeText>
        <CodeText xml:lang="nb">Utenriks sjøfart med gods</CodeText>
        <CodeText xml:lang="en">Freight ocean transport</CodeText>
      </CodeTextGrp>
      <CorrespondenceItemRelation targetItem="urn:ssb:code:stabas:8368301-8368403" />
    </CorrespondenceItem>
    <CorrespondenceItem id="urn:ssb:code:stabas:8118013-8120337">
      <CodeValue xmlns="http://www.ssb.no/ns/meta/codelist">50.204</CodeValue>
      <CodeTextGrp xmlns="http://www.ssb.no/ns/meta/codelist">
        <CodeText xml:lang="nn">Forsyning og andre sjøtransporttenester for offshore</CodeText>
        <CodeText xml:lang="nb">Forsyning og andre sjøtransporttjenester for offshore</CodeText>
        <CodeText xml:lang="en">Supply and other sea transport offshore services</CodeText>
      </CodeTextGrp>
      <CorrespondenceItemRelation targetItem="urn:ssb:code:stabas:8368301-8368403" />
    </CorrespondenceItem>
  </CorrespondenceItemGroup>
  <CorrespondenceItemGroup id="urn:ssb:codelist:stabas:8118007" relationshipType="N:1">
    <CorrespondenceItem id="urn:ssb:code:stabas:8118007-8118017">
      <CodeValue xmlns="http://www.ssb.no/ns/meta/codelist">01</CodeValue>
      <CodeTextGrp xmlns="http://www.ssb.no/ns/meta/codelist">
        <CodeText xml:lang="nn">Jordbruk og tenester i tilknyting til jordbruk, jakt og viltstell</CodeText>
        <CodeText xml:lang="nb">Jordbruk og tjenester tilknyttet jordbruk, jakt og viltstell</CodeText>
        <CodeText xml:lang="en">Crop and animal production, hunting and related service activities</CodeText>
      </CodeTextGrp>
      <CorrespondenceItemRelation targetItem="urn:ssb:code:stabas:8368301-8368307" />
    </CorrespondenceItem>
    <CorrespondenceItem id="urn:ssb:code:stabas:8118007-8118161">
      <CodeValue xmlns="http://www.ssb.no/ns/meta/codelist">02</CodeValue>
      <CodeTextGrp xmlns="http://www.ssb.no/ns/meta/codelist">
        <CodeText xml:lang="nn">Skogbruk og tenester i tilknyting til skogbruk</CodeText>
        <CodeText xml:lang="nb">Skogbruk og tjenester tilknyttet skogbruk</CodeText>
        <CodeText xml:lang="en">Forestry and logging</CodeText>
      </CodeTextGrp>
      <CorrespondenceItemRelation targetItem="urn:ssb:code:stabas:8368301-8368309" />
    </CorrespondenceItem>
    <CorrespondenceItem id="urn:ssb:code:stabas:8118007-8118599">
      <CodeValue xmlns="http://www.ssb.no/ns/meta/codelist">16</CodeValue>
      <CodeTextGrp xmlns="http://www.ssb.no/ns/meta/codelist">
        <CodeText xml:lang="nn">Produksjon av trelast og varer av tre, kork, strå og flettemateriale, med unntak av møblar</CodeText>
        <CodeText xml:lang="nb">Produksjon av trelast og varer av tre, kork, strå og flettematerialer, unntatt møbler</CodeText>
        <CodeText xml:lang="en">Manufacture of wood and products of wood and cork, except furniture; manufacture of articles of straw and plaiting materials, except furniture</CodeText>
      </CodeTextGrp>
      <CorrespondenceItemRelation targetItem="urn:ssb:code:stabas:8368301-8368313" />
    </CorrespondenceItem>
    <CorrespondenceItem id="urn:ssb:code:stabas:8118007-8118631">
      <CodeValue xmlns="http://www.ssb.no/ns/meta/codelist">17</CodeValue>
      <CodeTextGrp xmlns="http://www.ssb.no/ns/meta/codelist">
        <CodeText xml:lang="nn">Produksjon av papir og papirvarer</CodeText>
        <CodeText xml:lang="nb">Produksjon av papir og papirvarer</CodeText>
        <CodeText xml:lang="en">Manufacture of paper and paper products</CodeText>
      </CodeTextGrp>
      <CorrespondenceItemRelation targetItem="urn:ssb:code:stabas:8368301-8368315" />
    </CorrespondenceItem>
    <CorrespondenceItem id="urn:ssb:code:stabas:8118007-8118797">
      <CodeValue xmlns="http://www.ssb.no/ns/meta/codelist">22</CodeValue>
      <CodeTextGrp xmlns="http://www.ssb.no/ns/meta/codelist">
        <CodeText xml:lang="nn">Produksjon av gummi- og plastprodukt</CodeText>
        <CodeText xml:lang="nb">Produksjon av gummi- og plastprodukter</CodeText>
        <CodeText xml:lang="en">Manufacture of rubber and plastic products</CodeText>
      </CodeTextGrp>
      <CorrespondenceItemRelation targetItem="urn:ssb:code:stabas:8368301-8368317" />
    </CorrespondenceItem>
    <CorrespondenceItem id="urn:ssb:code:stabas:8118007-8118827">
      <CodeValue xmlns="http://www.ssb.no/ns/meta/codelist">23</CodeValue>
      <CodeTextGrp xmlns="http://www.ssb.no/ns/meta/codelist">
        <CodeText xml:lang="nn">Produksjon av andre ikkje-metallhaldige mineralprodukt</CodeText>
        <CodeText xml:lang="nb">Produksjon av andre ikke-metallholdige mineralprodukter</CodeText>
        <CodeText xml:lang="en">Manufacture of non-metallic mineral products</CodeText>
      </CodeTextGrp>
      <CorrespondenceItemRelation targetItem="urn:ssb:code:stabas:8368301-8368319" />
    </CorrespondenceItem>
    <CorrespondenceItem id="urn:ssb:code:stabas:8118007-8119021">
      <CodeValue xmlns="http://www.ssb.no/ns/meta/codelist">25</CodeValue>
      <CodeTextGrp xmlns="http://www.ssb.no/ns/meta/codelist">
        <CodeText xml:lang="nn">Produksjon av metallvarer med unntak av maskiner og utstyr</CodeText>
        <CodeText xml:lang="nb">Produksjon av metallvarer, unntatt maskiner og utstyr</CodeText>
        <CodeText xml:lang="en">Manufacture of fabricated metal products, except machinery and equipment</CodeText>
      </CodeTextGrp>
      <CorrespondenceItemRelation targetItem="urn:ssb:code:stabas:8368301-8368321" />
    </CorrespondenceItem>
    <CorrespondenceItem id="urn:ssb:code:stabas:8118007-8119107">
      <CodeValue xmlns="http://www.ssb.no/ns/meta/codelist">26</CodeValue>
      <CodeTextGrp xmlns="http://www.ssb.no/ns/meta/codelist">
        <CodeText xml:lang="nn">Produksjon av datamaskiner og elektroniske og optiske produkt</CodeText>
        <CodeText xml:lang="nb">Produksjon av datamaskiner og elektroniske og optiske produkter</CodeText>
        <CodeText xml:lang="en">Manufacture of computer, electronic and optical products</CodeText>
      </CodeTextGrp>
      <CorrespondenceItemRelation targetItem="urn:ssb:code:stabas:8368301-8368323" />
    </CorrespondenceItem>
    <CorrespondenceItem id="urn:ssb:code:stabas:8118007-8119165">
      <CodeValue xmlns="http://www.ssb.no/ns/meta/codelist">27</CodeValue>
      <CodeTextGrp xmlns="http://www.ssb.no/ns/meta/codelist">
        <CodeText xml:lang="nn">Produksjon av elektrisk utstyr</CodeText>
        <CodeText xml:lang="nb">Produksjon av elektrisk utstyr</CodeText>
        <CodeText xml:lang="en">Manufacture of electrical equipment</CodeText>
      </CodeTextGrp>
      <CorrespondenceItemRelation targetItem="urn:ssb:code:stabas:8368301-8368325" />
    </CorrespondenceItem>
    <CorrespondenceItem id="urn:ssb:code:stabas:8118007-8119219">
      <CodeValue xmlns="http://www.ssb.no/ns/meta/codelist">28</CodeValue>
      <CodeTextGrp xmlns="http://www.ssb.no/ns/meta/codelist">
        <CodeText xml:lang="nn">Produksjon av maskiner og utstyr til generell bruk, ikkje nemnt annan stad</CodeText>
        <CodeText xml:lang="nb">Produksjon av maskiner og utstyr til generell bruk, ikke nevnt annet sted</CodeText>
        <CodeText xml:lang="en">Manufacture of machinery and equipment n.e.c.</CodeText>
      </CodeTextGrp>
      <CorrespondenceItemRelation targetItem="urn:ssb:code:stabas:8368301-8368327" />
    </CorrespondenceItem>
    <CorrespondenceItem id="urn:ssb:code:stabas:8118007-8119317">
      <CodeValue xmlns="http://www.ssb.no/ns/meta/codelist">29</CodeValue>
      <CodeTextGrp xmlns="http://www.ssb.no/ns/meta/codelist">
        <CodeText xml:lang="nn">Produksjon av motorvogner og tilhengjarar</CodeText>
        <CodeText xml:lang="nb">Produksjon av motorvogner og tilhengere</CodeText>
        <CodeText xml:lang="en">Manufacture of motor vehicles, trailers and semi-trailers</CodeText>
      </CodeTextGrp>
      <CorrespondenceItemRelation targetItem="urn:ssb:code:stabas:8368301-8368329" />
    </CorrespondenceItem>
    <CorrespondenceItem id="urn:ssb:code:stabas:8118007-8119341">
      <CodeValue xmlns="http://www.ssb.no/ns/meta/codelist">30</CodeValue>
      <CodeTextGrp xmlns="http://www.ssb.no/ns/meta/codelist">
        <CodeText xml:lang="nn">Produksjon av andre transportmiddel</CodeText>
        <CodeText xml:lang="nb">Produksjon av andre transportmidler</CodeText>
        <CodeText xml:lang="en">Manufacture of other transport equipment</CodeText>
      </CodeTextGrp>
      <CorrespondenceItemRelation targetItem="urn:ssb:code:stabas:8368301-8368331" />
    </CorrespondenceItem>
    <CorrespondenceItem id="urn:ssb:code:stabas:8118007-8119559">
      <CodeValue xmlns="http://www.ssb.no/ns/meta/codelist">36</CodeValue>
      <CodeTextGrp xmlns="http://www.ssb.no/ns/meta/codelist">
        <CodeText xml:lang="nn">Uttak frå kjelde, reinsing og distribusjon av vatn</CodeText>
        <CodeText xml:lang="nb">Uttak fra kilde, rensing og distribusjon av vann</CodeText>
        <CodeText xml:lang="en">Water collection, treatment and supply</CodeText>
      </CodeTextGrp>
      <CorrespondenceItemRelation targetItem="urn:ssb:code:stabas:8368301-8368335" />
    </CorrespondenceItem>
    <CorrespondenceItem id="urn:ssb:code:stabas:8118007-8119567">
      <CodeValue xmlns="http://www.ssb.no/ns/meta/codelist">37</CodeValue>
      <CodeTextGrp xmlns="http://www.ssb.no/ns/meta/codelist">
        <CodeText xml:lang="nn">Oppsamling og behandling av avløpsvatn</CodeText>
        <CodeText xml:lang="nb">Oppsamling og behandling av avløpsvann</CodeText>
        <CodeText xml:lang="en">Sewerage</CodeText>
      </CodeTextGrp>
      <CorrespondenceItemRelation targetItem="urn:ssb:code:stabas:8368301-8368337" />
    </CorrespondenceItem>
    <CorrespondenceItem id="urn:ssb:code:stabas:8118007-8119575">
      <CodeValue xmlns="http://www.ssb.no/ns/meta/codelist">38</CodeValue>
      <CodeTextGrp xmlns="http://www.ssb.no/ns/meta/codelist">
        <CodeText xml:lang="nn">Innsamling, behandling, disponering og attvinning av avfall</CodeText>
        <CodeText xml:lang="nb">Innsamling, behandling, disponering og gjenvinning av avfall</CodeText>
        <CodeText xml:lang="en">Waste collection, treatment and disposal activities, materials recovery</CodeText>
      </CodeTextGrp>
      <CorrespondenceItemRelation targetItem="urn:ssb:code:stabas:8368301-8368337" />
    </CorrespondenceItem>
    <CorrespondenceItem id="urn:ssb:code:stabas:8118007-8119607">
      <CodeValue xmlns="http://www.ssb.no/ns/meta/codelist">39</CodeValue>
      <CodeTextGrp xmlns="http://www.ssb.no/ns/meta/codelist">
        <CodeText xml:lang="nn">Miljørydding, miljøreinsing og liknande verksemd</CodeText>
        <CodeText xml:lang="nb">Miljørydding, miljørensing og lignende virksomhet</CodeText>
        <CodeText xml:lang="en">Remediation activities and other waste management services</CodeText>
      </CodeTextGrp>
      <CorrespondenceItemRelation targetItem="urn:ssb:code:stabas:8368301-8368337" />
    </CorrespondenceItem>
    <CorrespondenceItem id="urn:ssb:code:stabas:8118007-8120351">
      <CodeValue xmlns="http://www.ssb.no/ns/meta/codelist">51</CodeValue>
      <CodeTextGrp xmlns="http://www.ssb.no/ns/meta/codelist">
        <CodeText xml:lang="nn">Lufttransport</CodeText>
        <CodeText xml:lang="nb">Lufttransport</CodeText>
        <CodeText xml:lang="en">Air transport</CodeText>
      </CodeTextGrp>
      <CorrespondenceItemRelation targetItem="urn:ssb:code:stabas:8368301-8368405" />
    </CorrespondenceItem>
    <CorrespondenceItem id="urn:ssb:code:stabas:8118007-8120369">
      <CodeValue xmlns="http://www.ssb.no/ns/meta/codelist">52</CodeValue>
      <CodeTextGrp xmlns="http://www.ssb.no/ns/meta/codelist">
        <CodeText xml:lang="nn">Lagring og andre tenester i tilknyting til transport</CodeText>
        <CodeText xml:lang="nb">Lagring og andre tjenester tilknyttet transport</CodeText>
        <CodeText xml:lang="en">Warehousing and support activities for transportation</CodeText>
      </CodeTextGrp>
      <CorrespondenceItemRelation targetItem="urn:ssb:code:stabas:8368301-8368407" />
    </CorrespondenceItem>
    <CorrespondenceItem id="urn:ssb:code:stabas:8118007-8120499">
      <CodeValue xmlns="http://www.ssb.no/ns/meta/codelist">58</CodeValue>
      <CodeTextGrp xmlns="http://www.ssb.no/ns/meta/codelist">
        <CodeText xml:lang="nn">Forlagsverksemd</CodeText>
        <CodeText xml:lang="nb">Forlagsvirksomhet</CodeText>
        <CodeText xml:lang="en">Publishing activities</CodeText>
      </CodeTextGrp>
      <CorrespondenceItemRelation targetItem="urn:ssb:code:stabas:8368301-8368339" />
    </CorrespondenceItem>
    <CorrespondenceItem id="urn:ssb:code:stabas:8118007-8120533">
      <CodeValue xmlns="http://www.ssb.no/ns/meta/codelist">59</CodeValue>
      <CodeTextGrp xmlns="http://www.ssb.no/ns/meta/codelist">
        <CodeText xml:lang="nn">Film-, video- og fjernsynsprogramproduksjon, utgiving av musikk- og lydopptak</CodeText>
        <CodeText xml:lang="nb">Film-, video- og fjernsynsprogramproduksjon, utgivelse av musikk- og lydopptak</CodeText>
        <CodeText xml:lang="en">Motion picture, video and television programme production, sound recording and music publishing activities</CodeText>
      </CodeTextGrp>
      <CorrespondenceItemRelation targetItem="urn:ssb:code:stabas:8368301-8368341" />
    </CorrespondenceItem>
    <CorrespondenceItem id="urn:ssb:code:stabas:8118007-8120559">
      <CodeValue xmlns="http://www.ssb.no/ns/meta/codelist">60</CodeValue>
      <CodeTextGrp xmlns="http://www.ssb.no/ns/meta/codelist">
        <CodeText xml:lang="nn">Radio- og fjernsynskringkasting</CodeText>
        <CodeText xml:lang="nb">Radio- og fjernsynskringkasting</CodeText>
        <CodeText xml:lang="en">Programming and broadcasting activities</CodeText>
      </CodeTextGrp>
      <CorrespondenceItemRelation targetItem="urn:ssb:code:stabas:8368301-8368341" />
    </CorrespondenceItem>
    <CorrespondenceItem id="urn:ssb:code:stabas:8118007-8120599">
      <CodeValue xmlns="http://www.ssb.no/ns/meta/codelist">62</CodeValue>
      <CodeTextGrp xmlns="http://www.ssb.no/ns/meta/codelist">
        <CodeText xml:lang="nn">Tenester i tilknyting til informasjonsteknologi</CodeText>
        <CodeText xml:lang="nb">Tjenester tilknyttet informasjonsteknologi</CodeText>
        <CodeText xml:lang="en">Computer programming; consultancy and related activities</CodeText>
      </CodeTextGrp>
      <CorrespondenceItemRelation targetItem="urn:ssb:code:stabas:8368301-8368343" />
    </CorrespondenceItem>
    <CorrespondenceItem id="urn:ssb:code:stabas:8118007-8120619">
      <CodeValue xmlns="http://www.ssb.no/ns/meta/codelist">63</CodeValue>
      <CodeTextGrp xmlns="http://www.ssb.no/ns/meta/codelist">
        <CodeText xml:lang="nn">Informasjonstenester</CodeText>
        <CodeText xml:lang="nb">Informasjonstjenester</CodeText>
        <CodeText xml:lang="en">Information service activities</CodeText>
      </CodeTextGrp>
      <CorrespondenceItemRelation targetItem="urn:ssb:code:stabas:8368301-8368343" />
    </CorrespondenceItem>
    <CorrespondenceItem id="urn:ssb:code:stabas:8118007-8121261">
      <CodeValue xmlns="http://www.ssb.no/ns/meta/codelist">86</CodeValue>
      <CodeTextGrp xmlns="http://www.ssb.no/ns/meta/codelist">
        <CodeText xml:lang="nn">Helsetenester</CodeText>
        <CodeText xml:lang="nb">Helsetjenester</CodeText>
        <CodeText xml:lang="en">Human health activities</CodeText>
      </CodeTextGrp>
      <CorrespondenceItemRelation targetItem="urn:ssb:code:stabas:8368301-8368409" />
    </CorrespondenceItem>
    <CorrespondenceItem id="urn:ssb:code:stabas:8118007-8121325">
      <CodeValue xmlns="http://www.ssb.no/ns/meta/codelist">87</CodeValue>
      <CodeTextGrp xmlns="http://www.ssb.no/ns/meta/codelist">
        <CodeText xml:lang="nn">Pleie- og omsorgstenester i institusjon</CodeText>
        <CodeText xml:lang="nb">Pleie- og omsorgstjenester i institusjon</CodeText>
        <CodeText xml:lang="en">Residential care activities</CodeText>
      </CodeTextGrp>
      <CorrespondenceItemRelation targetItem="urn:ssb:code:stabas:8368301-8368411" />
    </CorrespondenceItem>
  </CorrespondenceItemGroup>
</CorrespondenceTable>