<?xml version="1.0" encoding="utf-8"?>
<CorrespondenceTable xmlns:xsi="http://www.w3.org/2001/XMLSchema-instance" xmlns:xsd="http://www.w3.org/2001/XMLSchema" id="urn:ssb:corrtable:stabas:8386047" classVersionSourceId="urn:ssb:classversion:stabas:6098002" classVersionTargetId="urn:ssb:classversion:stabas:8118001" classLevelSourceId="urn:ssb:codelist:stabas:" classLevelTargetId="urn:ssb:codelist:stabas:" showInternet="true" showIntranet="true" xmlns="http://www.ssb.no/ns/meta/correspondence">
  <TitleGrp>
    <Title xml:lang="nb">Standard for informasjonssektoren/Standard for næringsgruppering</Title>
  </TitleGrp>
  <DescriptionGrp />
  <ContactInformation>
    <Person xmlns="http://www.ssb.no/ns/meta/common" />
    <Division xmlns="http://www.ssb.no/ns/meta/common" />
  </ContactInformation>
  <CorrespondenceItemGroup id="urn:ssb:codelist:stabas:" relationshipType="1:1" />
  <CorrespondenceItemGroup id="urn:ssb:codelist:stabas:8118009" relationshipType="1:1">
    <CorrespondenceItem id="urn:ssb:code:stabas:8118009-8119109">
      <CodeValue xmlns="http://www.ssb.no/ns/meta/codelist">26.1</CodeValue>
      <CodeTextGrp xmlns="http://www.ssb.no/ns/meta/codelist">
        <CodeText xml:lang="nn">Produksjon av elektroniske komponentar og kretskort</CodeText>
        <CodeText xml:lang="nb">Produksjon av elektroniske komponenter og kretskort</CodeText>
        <CodeText xml:lang="en">Manufacture of electronic components and boards</CodeText>
      </CodeTextGrp>
      <CorrespondenceItemRelation targetItem="urn:ssb:code:stabas:-8386017" />
    </CorrespondenceItem>
    <CorrespondenceItem id="urn:ssb:code:stabas:8118009-8119119">
      <CodeValue xmlns="http://www.ssb.no/ns/meta/codelist">26.2</CodeValue>
      <CodeTextGrp xmlns="http://www.ssb.no/ns/meta/codelist">
        <CodeText xml:lang="nn">Produksjon av datamaskiner og tilleggsutstyr</CodeText>
        <CodeText xml:lang="nb">Produksjon av datamaskiner og tilleggsutstyr</CodeText>
        <CodeText xml:lang="en">Manufacture of computers and peripheral equipment</CodeText>
      </CodeTextGrp>
      <CorrespondenceItemRelation targetItem="urn:ssb:code:stabas:-8386019" />
    </CorrespondenceItem>
    <CorrespondenceItem id="urn:ssb:code:stabas:8118009-8119125">
      <CodeValue xmlns="http://www.ssb.no/ns/meta/codelist">26.3</CodeValue>
      <CodeTextGrp xmlns="http://www.ssb.no/ns/meta/codelist">
        <CodeText xml:lang="nn">Produksjon av kommunikasjonsutstyr</CodeText>
        <CodeText xml:lang="nb">Produksjon av kommunikasjonsutstyr</CodeText>
        <CodeText xml:lang="en">Manufacture of communication equipment</CodeText>
      </CodeTextGrp>
      <CorrespondenceItemRelation targetItem="urn:ssb:code:stabas:-8386021" />
    </CorrespondenceItem>
    <CorrespondenceItem id="urn:ssb:code:stabas:8118009-8119131">
      <CodeValue xmlns="http://www.ssb.no/ns/meta/codelist">26.4</CodeValue>
      <CodeTextGrp xmlns="http://www.ssb.no/ns/meta/codelist">
        <CodeText xml:lang="nn">Produksjon av elektronikk til bruk i hushaldet</CodeText>
        <CodeText xml:lang="nb">Produksjon av elektronikk til husholdningsbruk</CodeText>
        <CodeText xml:lang="en">Manufacture of consumer electronics</CodeText>
      </CodeTextGrp>
      <CorrespondenceItemRelation targetItem="urn:ssb:code:stabas:-8386023" />
    </CorrespondenceItem>
    <CorrespondenceItem id="urn:ssb:code:stabas:8118009-8119159">
      <CodeValue xmlns="http://www.ssb.no/ns/meta/codelist">26.8</CodeValue>
      <CodeTextGrp xmlns="http://www.ssb.no/ns/meta/codelist">
        <CodeText xml:lang="nn">Produksjon av magnetiske og optiske medium</CodeText>
        <CodeText xml:lang="nb">Produksjon av magnetiske og optiske media</CodeText>
        <CodeText xml:lang="en">Manufacture of magnetic and optical media</CodeText>
      </CodeTextGrp>
      <CorrespondenceItemRelation targetItem="urn:ssb:code:stabas:-8386025" />
    </CorrespondenceItem>
    <CorrespondenceItem id="urn:ssb:code:stabas:8118009-8119945">
      <CodeValue xmlns="http://www.ssb.no/ns/meta/codelist">46.5</CodeValue>
      <CodeTextGrp xmlns="http://www.ssb.no/ns/meta/codelist">
        <CodeText xml:lang="nn">Engroshandel med IKT-utstyr</CodeText>
        <CodeText xml:lang="nb">Engroshandel med IKT-utstyr</CodeText>
        <CodeText xml:lang="en">Wholesale of information and communication equipment</CodeText>
      </CodeTextGrp>
      <CorrespondenceItemRelation targetItem="urn:ssb:code:stabas:-6098016" />
    </CorrespondenceItem>
    <CorrespondenceItem id="urn:ssb:code:stabas:8118009-8120501">
      <CodeValue xmlns="http://www.ssb.no/ns/meta/codelist">58.1</CodeValue>
      <CodeTextGrp xmlns="http://www.ssb.no/ns/meta/codelist">
        <CodeText xml:lang="nn">Utgiving av bøker, tidsskrift og anna forlagsverksemd</CodeText>
        <CodeText xml:lang="nb">Utgivelse av bøker, tidsskrifter og annen forlagsvirksomhet</CodeText>
        <CodeText xml:lang="en">Publishing of books, periodicals and other publishing activities</CodeText>
      </CodeTextGrp>
      <CorrespondenceItemRelation targetItem="urn:ssb:code:stabas:-8386037" />
    </CorrespondenceItem>
    <CorrespondenceItem id="urn:ssb:code:stabas:8118009-8120523">
      <CodeValue xmlns="http://www.ssb.no/ns/meta/codelist">58.2</CodeValue>
      <CodeTextGrp xmlns="http://www.ssb.no/ns/meta/codelist">
        <CodeText xml:lang="nn">Utgiving av programvare</CodeText>
        <CodeText xml:lang="nb">Utgivelse av programvare</CodeText>
        <CodeText xml:lang="en">Software publishing</CodeText>
      </CodeTextGrp>
      <CorrespondenceItemRelation targetItem="urn:ssb:code:stabas:-8386027" />
    </CorrespondenceItem>
    <CorrespondenceItem id="urn:ssb:code:stabas:8118009-8120535">
      <CodeValue xmlns="http://www.ssb.no/ns/meta/codelist">59.1</CodeValue>
      <CodeTextGrp xmlns="http://www.ssb.no/ns/meta/codelist">
        <CodeText xml:lang="nn">Verksemd innafor film, video og fjernsynsprogram</CodeText>
        <CodeText xml:lang="nb">Virksomhet innen film, video og fjernsynsprogrammer</CodeText>
        <CodeText xml:lang="en">Motion picture, video and television programme activities</CodeText>
      </CodeTextGrp>
      <CorrespondenceItemRelation targetItem="urn:ssb:code:stabas:-8386039" />
    </CorrespondenceItem>
    <CorrespondenceItem id="urn:ssb:code:stabas:8118009-8120553">
      <CodeValue xmlns="http://www.ssb.no/ns/meta/codelist">59.2</CodeValue>
      <CodeTextGrp xmlns="http://www.ssb.no/ns/meta/codelist">
        <CodeText xml:lang="nn">Produksjon og utgiving av musikk- og lydopptak</CodeText>
        <CodeText xml:lang="nb">Produksjon og utgivelse av musikk- og lydopptak</CodeText>
        <CodeText xml:lang="en">Sound recording and music publishing activities</CodeText>
      </CodeTextGrp>
      <CorrespondenceItemRelation targetItem="urn:ssb:code:stabas:-8386041" />
    </CorrespondenceItem>
    <CorrespondenceItem id="urn:ssb:code:stabas:8118009-8120621">
      <CodeValue xmlns="http://www.ssb.no/ns/meta/codelist">63.1</CodeValue>
      <CodeTextGrp xmlns="http://www.ssb.no/ns/meta/codelist">
        <CodeText xml:lang="nn">Databehandling, datalagring og tenester i tilknyting til slik verksemd, drift av web-portalar</CodeText>
        <CodeText xml:lang="nb">Databehandling, datalagring og tilknyttede tjenester, drift av web-portaler</CodeText>
        <CodeText xml:lang="en">Data processing, hosting and related activities; web portals</CodeText>
      </CodeTextGrp>
      <CorrespondenceItemRelation targetItem="urn:ssb:code:stabas:-8386033" />
    </CorrespondenceItem>
    <CorrespondenceItem id="urn:ssb:code:stabas:8118009-8120631">
      <CodeValue xmlns="http://www.ssb.no/ns/meta/codelist">63.9</CodeValue>
      <CodeTextGrp xmlns="http://www.ssb.no/ns/meta/codelist">
        <CodeText xml:lang="nn">Andre informasjonstenester</CodeText>
        <CodeText xml:lang="nb">Andre informasjonstjenester</CodeText>
        <CodeText xml:lang="en">Other information service activities</CodeText>
      </CodeTextGrp>
      <CorrespondenceItemRelation targetItem="urn:ssb:code:stabas:-8386045" />
    </CorrespondenceItem>
    <CorrespondenceItem id="urn:ssb:code:stabas:8118009-8121555">
      <CodeValue xmlns="http://www.ssb.no/ns/meta/codelist">95.1</CodeValue>
      <CodeTextGrp xmlns="http://www.ssb.no/ns/meta/codelist">
        <CodeText xml:lang="nn">Reparasjon av datamaskiner og kommunikasjonsutstyr</CodeText>
        <CodeText xml:lang="nb">Reparasjon av datamaskiner og kommunikasjonsutstyr</CodeText>
        <CodeText xml:lang="en">Repair of computers and communication equipment</CodeText>
      </CodeTextGrp>
      <CorrespondenceItemRelation targetItem="urn:ssb:code:stabas:-8386035" />
    </CorrespondenceItem>
  </CorrespondenceItemGroup>
  <CorrespondenceItemGroup id="urn:ssb:codelist:stabas:8118007" relationshipType="1:1">
    <CorrespondenceItem id="urn:ssb:code:stabas:8118007-8120559">
      <CodeValue xmlns="http://www.ssb.no/ns/meta/codelist">60</CodeValue>
      <CodeTextGrp xmlns="http://www.ssb.no/ns/meta/codelist">
        <CodeText xml:lang="nn">Radio- og fjernsynskringkasting</CodeText>
        <CodeText xml:lang="nb">Radio- og fjernsynskringkasting</CodeText>
        <CodeText xml:lang="en">Programming and broadcasting activities</CodeText>
      </CodeTextGrp>
      <CorrespondenceItemRelation targetItem="urn:ssb:code:stabas:-8386043" />
    </CorrespondenceItem>
    <CorrespondenceItem id="urn:ssb:code:stabas:8118007-8120573">
      <CodeValue xmlns="http://www.ssb.no/ns/meta/codelist">61</CodeValue>
      <CodeTextGrp xmlns="http://www.ssb.no/ns/meta/codelist">
        <CodeText xml:lang="nn">Telekommunikasjon</CodeText>
        <CodeText xml:lang="nb">Telekommunikasjon</CodeText>
        <CodeText xml:lang="en">Telecommunications</CodeText>
      </CodeTextGrp>
      <CorrespondenceItemRelation targetItem="urn:ssb:code:stabas:-8386029" />
    </CorrespondenceItem>
    <CorrespondenceItem id="urn:ssb:code:stabas:8118007-8120599">
      <CodeValue xmlns="http://www.ssb.no/ns/meta/codelist">62</CodeValue>
      <CodeTextGrp xmlns="http://www.ssb.no/ns/meta/codelist">
        <CodeText xml:lang="nn">Tenester i tilknyting til informasjonsteknologi</CodeText>
        <CodeText xml:lang="nb">Tjenester tilknyttet informasjonsteknologi</CodeText>
        <CodeText xml:lang="en">Computer programming; consultancy and related activities</CodeText>
      </CodeTextGrp>
      <CorrespondenceItemRelation targetItem="urn:ssb:code:stabas:-8386031" />
    </CorrespondenceItem>
  </CorrespondenceItemGroup>
</CorrespondenceTable>