<?xml version="1.0" encoding="utf-8"?>
<CorrespondenceTable xmlns:xsi="http://www.w3.org/2001/XMLSchema-instance" xmlns:xsd="http://www.w3.org/2001/XMLSchema" id="urn:ssb:corrtable:stabas:8496401" classVersionSourceId="urn:ssb:classversion:stabas:8116201" classVersionTargetId="urn:ssb:classversion:stabas:8494133" classLevelSourceId="urn:ssb:codelist:stabas:" classLevelTargetId="urn:ssb:codelist:stabas:" showInternet="false" showIntranet="true" xmlns="http://www.ssb.no/ns/meta/correspondence">
  <TitleGrp>
    <Title xml:lang="nb">Seksjonsinndeling 2012/Seksjonsinndeling 2012_september</Title>
  </TitleGrp>
  <DescriptionGrp />
  <ContactInformation>
    <Person xmlns="http://www.ssb.no/ns/meta/common" />
    <Division xmlns="http://www.ssb.no/ns/meta/common" />
  </ContactInformation>
  <CorrespondenceItemGroup id="urn:ssb:codelist:stabas:" relationshipType="1:N" />
  <CorrespondenceItemGroup id="urn:ssb:codelist:stabas:8494139" relationshipType="N:1">
    <CorrespondenceItem id="urn:ssb:code:stabas:8494139-8494301">
      <CodeValue xmlns="http://www.ssb.no/ns/meta/codelist">870</CodeValue>
      <CodeTextGrp xmlns="http://www.ssb.no/ns/meta/codelist">
        <CodeText xml:lang="nn">Seksjon for datafangstkoordinering</CodeText>
        <CodeText xml:lang="nb">Seksjon for datafangstkoordinering</CodeText>
        <CodeText xml:lang="en">Division for coordination of data collection</CodeText>
      </CodeTextGrp>
      <CorrespondenceItemRelation targetItem="urn:ssb:code:stabas:-8116309" />
    </CorrespondenceItem>
    <CorrespondenceItem id="urn:ssb:code:stabas:8494139-8494241">
      <CodeValue xmlns="http://www.ssb.no/ns/meta/codelist">820</CodeValue>
      <CodeTextGrp xmlns="http://www.ssb.no/ns/meta/codelist">
        <CodeText xml:lang="nn">Seksjon for datafangstmetoder</CodeText>
        <CodeText xml:lang="nb">Seksjon for datafangstmetoder</CodeText>
        <CodeText xml:lang="en">Division for data collection methods</CodeText>
      </CodeTextGrp>
      <CorrespondenceItemRelation targetItem="urn:ssb:code:stabas:-8116309" />
    </CorrespondenceItem>
    <CorrespondenceItem id="urn:ssb:code:stabas:8494139-8494243">
      <CodeValue xmlns="http://www.ssb.no/ns/meta/codelist">830</CodeValue>
      <CodeTextGrp xmlns="http://www.ssb.no/ns/meta/codelist">
        <CodeText xml:lang="nn">Seksjon for datafangst</CodeText>
        <CodeText xml:lang="nb">Seksjon for datafangst</CodeText>
        <CodeText xml:lang="en">Division for data collection</CodeText>
      </CodeTextGrp>
      <CorrespondenceItemRelation targetItem="urn:ssb:code:stabas:-8116311" />
    </CorrespondenceItem>
    <CorrespondenceItem id="urn:ssb:code:stabas:8494139-8494247">
      <CodeValue xmlns="http://www.ssb.no/ns/meta/codelist">850</CodeValue>
      <CodeTextGrp xmlns="http://www.ssb.no/ns/meta/codelist">
        <CodeText xml:lang="nn">Seksjon for svar- og rettleiingsteneste</CodeText>
        <CodeText xml:lang="nb">Seksjon for svar- og veiledningstjeneste</CodeText>
        <CodeText xml:lang="en">Division for support services</CodeText>
      </CodeTextGrp>
      <CorrespondenceItemRelation targetItem="urn:ssb:code:stabas:-8116315" />
    </CorrespondenceItem>
  </CorrespondenceItemGroup>
</CorrespondenceTable>