<?xml version="1.0" encoding="utf-8"?>
<CorrespondenceTable xmlns:xsi="http://www.w3.org/2001/XMLSchema-instance" xmlns:xsd="http://www.w3.org/2001/XMLSchema" id="urn:ssb:corrtable:stabas:8667351" classVersionSourceId="urn:ssb:classversion:stabas:5326001" classVersionTargetId="urn:ssb:classversion:stabas:8629601" classLevelSourceId="urn:ssb:codelist:stabas:5326005" classLevelTargetId="urn:ssb:codelist:stabas:8629605" showInternet="false" showIntranet="true" xmlns="http://www.ssb.no/ns/meta/correspondence">
  <TitleGrp>
    <Title xml:lang="nn">Sentralitet 2008, Kommunar 2013</Title>
    <Title xml:lang="nb">Sentralitetsnivå 3, Kommuner 2013</Title>
    <Title xml:lang="en">Centrality 2008, Municipalities 2013</Title>
  </TitleGrp>
  <DescriptionGrp />
  <ContactInformation>
    <Person xmlns="http://www.ssb.no/ns/meta/common">hhe</Person>
    <Division xmlns="http://www.ssb.no/ns/meta/common">320</Division>
  </ContactInformation>
  <CorrespondenceItemGroup id="urn:ssb:codelist:stabas:5326005" relationshipType="1:N">
    <CorrespondenceItem id="urn:ssb:code:stabas:5326005-5326101">
      <CodeValue xmlns="http://www.ssb.no/ns/meta/codelist">31</CodeValue>
      <CodeTextGrp xmlns="http://www.ssb.no/ns/meta/codelist">
        <CodeText xml:lang="nn">Kommunar med 36-75 minutt (for Oslo:46-90 minutt) reisetid frå eit landsdelssenter</CodeText>
        <CodeText xml:lang="nb">Kommuner med 36-75 minutters (for Oslo:46-90 minutters) reisetid fra et landsdelssenter</CodeText>
        <CodeText xml:lang="en">Municipalities with 36-75 minutes (46-90 minutes for Oslo) travel from a regional centre</CodeText>
      </CodeTextGrp>
      <CorrespondenceItemRelation targetItem="urn:ssb:code:stabas:8629605-8629811" />
      <CorrespondenceItemRelation targetItem="urn:ssb:code:stabas:8629605-8629821" />
      <CorrespondenceItemRelation targetItem="urn:ssb:code:stabas:8629605-8629827" />
      <CorrespondenceItemRelation targetItem="urn:ssb:code:stabas:8629605-8629829" />
      <CorrespondenceItemRelation targetItem="urn:ssb:code:stabas:8629605-8629831" />
      <CorrespondenceItemRelation targetItem="urn:ssb:code:stabas:8629605-8629833" />
      <CorrespondenceItemRelation targetItem="urn:ssb:code:stabas:8629605-8629837" />
      <CorrespondenceItemRelation targetItem="urn:ssb:code:stabas:8629605-8629839" />
      <CorrespondenceItemRelation targetItem="urn:ssb:code:stabas:8629605-8629841" />
      <CorrespondenceItemRelation targetItem="urn:ssb:code:stabas:8629605-8629843" />
      <CorrespondenceItemRelation targetItem="urn:ssb:code:stabas:8629605-8629845" />
      <CorrespondenceItemRelation targetItem="urn:ssb:code:stabas:8629605-8629847" />
      <CorrespondenceItemRelation targetItem="urn:ssb:code:stabas:8629605-8629849" />
      <CorrespondenceItemRelation targetItem="urn:ssb:code:stabas:8629605-8629853" />
      <CorrespondenceItemRelation targetItem="urn:ssb:code:stabas:8629605-8629893" />
      <CorrespondenceItemRelation targetItem="urn:ssb:code:stabas:8629605-8629895" />
      <CorrespondenceItemRelation targetItem="urn:ssb:code:stabas:8629605-8629903" />
      <CorrespondenceItemRelation targetItem="urn:ssb:code:stabas:8629605-8629911" />
      <CorrespondenceItemRelation targetItem="urn:ssb:code:stabas:8629605-8629913" />
      <CorrespondenceItemRelation targetItem="urn:ssb:code:stabas:8629605-8629915" />
      <CorrespondenceItemRelation targetItem="urn:ssb:code:stabas:8629605-8629923" />
      <CorrespondenceItemRelation targetItem="urn:ssb:code:stabas:8629605-8629937" />
      <CorrespondenceItemRelation targetItem="urn:ssb:code:stabas:8629605-8629939" />
      <CorrespondenceItemRelation targetItem="urn:ssb:code:stabas:8629605-8629941" />
      <CorrespondenceItemRelation targetItem="urn:ssb:code:stabas:8629605-8629943" />
      <CorrespondenceItemRelation targetItem="urn:ssb:code:stabas:8629605-8629945" />
      <CorrespondenceItemRelation targetItem="urn:ssb:code:stabas:8629605-8629951" />
      <CorrespondenceItemRelation targetItem="urn:ssb:code:stabas:8629605-8629959" />
      <CorrespondenceItemRelation targetItem="urn:ssb:code:stabas:8629605-8629963" />
      <CorrespondenceItemRelation targetItem="urn:ssb:code:stabas:8629605-8629977" />
      <CorrespondenceItemRelation targetItem="urn:ssb:code:stabas:8629605-8629979" />
      <CorrespondenceItemRelation targetItem="urn:ssb:code:stabas:8629605-8629987" />
      <CorrespondenceItemRelation targetItem="urn:ssb:code:stabas:8629605-8629991" />
      <CorrespondenceItemRelation targetItem="urn:ssb:code:stabas:8629605-8629993" />
      <CorrespondenceItemRelation targetItem="urn:ssb:code:stabas:8629605-8630033" />
      <CorrespondenceItemRelation targetItem="urn:ssb:code:stabas:8629605-8630035" />
      <CorrespondenceItemRelation targetItem="urn:ssb:code:stabas:8629605-8630037" />
      <CorrespondenceItemRelation targetItem="urn:ssb:code:stabas:8629605-8630041" />
      <CorrespondenceItemRelation targetItem="urn:ssb:code:stabas:8629605-8630049" />
      <CorrespondenceItemRelation targetItem="urn:ssb:code:stabas:8629605-8630051" />
      <CorrespondenceItemRelation targetItem="urn:ssb:code:stabas:8629605-8630057" />
      <CorrespondenceItemRelation targetItem="urn:ssb:code:stabas:8629605-8630059" />
      <CorrespondenceItemRelation targetItem="urn:ssb:code:stabas:8629605-8630063" />
      <CorrespondenceItemRelation targetItem="urn:ssb:code:stabas:8629605-8630067" />
      <CorrespondenceItemRelation targetItem="urn:ssb:code:stabas:8629605-8630197" />
      <CorrespondenceItemRelation targetItem="urn:ssb:code:stabas:8629605-8630205" />
      <CorrespondenceItemRelation targetItem="urn:ssb:code:stabas:8629605-8630207" />
      <CorrespondenceItemRelation targetItem="urn:ssb:code:stabas:8629605-8630219" />
      <CorrespondenceItemRelation targetItem="urn:ssb:code:stabas:8629605-8630221" />
      <CorrespondenceItemRelation targetItem="urn:ssb:code:stabas:8629605-8630229" />
      <CorrespondenceItemRelation targetItem="urn:ssb:code:stabas:8629605-8630239" />
      <CorrespondenceItemRelation targetItem="urn:ssb:code:stabas:8629605-8630247" />
      <CorrespondenceItemRelation targetItem="urn:ssb:code:stabas:8629605-8630251" />
      <CorrespondenceItemRelation targetItem="urn:ssb:code:stabas:8629605-8630253" />
      <CorrespondenceItemRelation targetItem="urn:ssb:code:stabas:8629605-8630255" />
      <CorrespondenceItemRelation targetItem="urn:ssb:code:stabas:8629605-8630257" />
      <CorrespondenceItemRelation targetItem="urn:ssb:code:stabas:8629605-8630411" />
      <CorrespondenceItemRelation targetItem="urn:ssb:code:stabas:8629605-8630413" />
      <CorrespondenceItemRelation targetItem="urn:ssb:code:stabas:8629605-8629607" />
      <CorrespondenceItemRelation targetItem="urn:ssb:code:stabas:8629605-8629611" />
      <CorrespondenceItemRelation targetItem="urn:ssb:code:stabas:8629605-8629613" />
      <CorrespondenceItemRelation targetItem="urn:ssb:code:stabas:8629605-8629619" />
      <CorrespondenceItemRelation targetItem="urn:ssb:code:stabas:8629605-8629621" />
      <CorrespondenceItemRelation targetItem="urn:ssb:code:stabas:8629605-8629623" />
      <CorrespondenceItemRelation targetItem="urn:ssb:code:stabas:8629605-8629627" />
      <CorrespondenceItemRelation targetItem="urn:ssb:code:stabas:8629605-8629629" />
      <CorrespondenceItemRelation targetItem="urn:ssb:code:stabas:8629605-8629631" />
      <CorrespondenceItemRelation targetItem="urn:ssb:code:stabas:8629605-8629633" />
      <CorrespondenceItemRelation targetItem="urn:ssb:code:stabas:8629605-8629635" />
      <CorrespondenceItemRelation targetItem="urn:ssb:code:stabas:8629605-8629637" />
      <CorrespondenceItemRelation targetItem="urn:ssb:code:stabas:8629605-8629639" />
      <CorrespondenceItemRelation targetItem="urn:ssb:code:stabas:8629605-8629685" />
      <CorrespondenceItemRelation targetItem="urn:ssb:code:stabas:8629605-8629689" />
      <CorrespondenceItemRelation targetItem="urn:ssb:code:stabas:8629605-8629691" />
      <CorrespondenceItemRelation targetItem="urn:ssb:code:stabas:8629605-8629695" />
      <CorrespondenceItemRelation targetItem="urn:ssb:code:stabas:8629605-8629697" />
      <CorrespondenceItemRelation targetItem="urn:ssb:code:stabas:8629605-8629699" />
      <CorrespondenceItemRelation targetItem="urn:ssb:code:stabas:8629605-8629701" />
      <CorrespondenceItemRelation targetItem="urn:ssb:code:stabas:8629605-8629703" />
      <CorrespondenceItemRelation targetItem="urn:ssb:code:stabas:8629605-8629763" />
      <CorrespondenceItemRelation targetItem="urn:ssb:code:stabas:8629605-8629767" />
      <CorrespondenceItemRelation targetItem="urn:ssb:code:stabas:8629605-8629787" />
      <CorrespondenceItemRelation targetItem="urn:ssb:code:stabas:8629605-8629789" />
      <CorrespondenceItemRelation targetItem="urn:ssb:code:stabas:8629605-8629805" />
      <CorrespondenceItemRelation targetItem="urn:ssb:code:stabas:8629605-8629807" />
      <CorrespondenceItemRelation targetItem="urn:ssb:code:stabas:8629605-8629809" />
    </CorrespondenceItem>
    <CorrespondenceItem id="urn:ssb:code:stabas:5326005-5326103">
      <CodeValue xmlns="http://www.ssb.no/ns/meta/codelist">32</CodeValue>
      <CodeTextGrp xmlns="http://www.ssb.no/ns/meta/codelist">
        <CodeText xml:lang="nn">Kommunar innanfor 35 minutt (for Oslo:45 minutt) reisetid frå eit landsdelssenter</CodeText>
        <CodeText xml:lang="nb">Kommuner  innenfor 35 minutters (for Oslo:45 minutters) reisetid fra et landsdelssenter</CodeText>
        <CodeText xml:lang="en">Municipalities within 35 minutes (for Oslo 45 minutes) travel from a regional centre</CodeText>
      </CodeTextGrp>
      <CorrespondenceItemRelation targetItem="urn:ssb:code:stabas:8629605-8629609" />
      <CorrespondenceItemRelation targetItem="urn:ssb:code:stabas:8629605-8629625" />
      <CorrespondenceItemRelation targetItem="urn:ssb:code:stabas:8629605-8630249" />
      <CorrespondenceItemRelation targetItem="urn:ssb:code:stabas:8629605-8630237" />
      <CorrespondenceItemRelation targetItem="urn:ssb:code:stabas:8629605-8630235" />
      <CorrespondenceItemRelation targetItem="urn:ssb:code:stabas:8629605-8630233" />
      <CorrespondenceItemRelation targetItem="urn:ssb:code:stabas:8629605-8630231" />
      <CorrespondenceItemRelation targetItem="urn:ssb:code:stabas:8629605-8629641" />
      <CorrespondenceItemRelation targetItem="urn:ssb:code:stabas:8629605-8629643" />
      <CorrespondenceItemRelation targetItem="urn:ssb:code:stabas:8629605-8629645" />
      <CorrespondenceItemRelation targetItem="urn:ssb:code:stabas:8629605-8629647" />
      <CorrespondenceItemRelation targetItem="urn:ssb:code:stabas:8629605-8629649" />
      <CorrespondenceItemRelation targetItem="urn:ssb:code:stabas:8629605-8629651" />
      <CorrespondenceItemRelation targetItem="urn:ssb:code:stabas:8629605-8629653" />
      <CorrespondenceItemRelation targetItem="urn:ssb:code:stabas:8629605-8629655" />
      <CorrespondenceItemRelation targetItem="urn:ssb:code:stabas:8629605-8629657" />
      <CorrespondenceItemRelation targetItem="urn:ssb:code:stabas:8629605-8629659" />
      <CorrespondenceItemRelation targetItem="urn:ssb:code:stabas:8629605-8629661" />
      <CorrespondenceItemRelation targetItem="urn:ssb:code:stabas:8629605-8629663" />
      <CorrespondenceItemRelation targetItem="urn:ssb:code:stabas:8629605-8629665" />
      <CorrespondenceItemRelation targetItem="urn:ssb:code:stabas:8629605-8629667" />
      <CorrespondenceItemRelation targetItem="urn:ssb:code:stabas:8629605-8629669" />
      <CorrespondenceItemRelation targetItem="urn:ssb:code:stabas:8629605-8629671" />
      <CorrespondenceItemRelation targetItem="urn:ssb:code:stabas:8629605-8629673" />
      <CorrespondenceItemRelation targetItem="urn:ssb:code:stabas:8629605-8629675" />
      <CorrespondenceItemRelation targetItem="urn:ssb:code:stabas:8629605-8629677" />
      <CorrespondenceItemRelation targetItem="urn:ssb:code:stabas:8629605-8629679" />
      <CorrespondenceItemRelation targetItem="urn:ssb:code:stabas:8629605-8629681" />
      <CorrespondenceItemRelation targetItem="urn:ssb:code:stabas:8629605-8629683" />
      <CorrespondenceItemRelation targetItem="urn:ssb:code:stabas:8629605-8629765" />
      <CorrespondenceItemRelation targetItem="urn:ssb:code:stabas:8629605-8629785" />
      <CorrespondenceItemRelation targetItem="urn:ssb:code:stabas:8629605-8629791" />
      <CorrespondenceItemRelation targetItem="urn:ssb:code:stabas:8629605-8629813" />
      <CorrespondenceItemRelation targetItem="urn:ssb:code:stabas:8629605-8629815" />
      <CorrespondenceItemRelation targetItem="urn:ssb:code:stabas:8629605-8629817" />
      <CorrespondenceItemRelation targetItem="urn:ssb:code:stabas:8629605-8629819" />
      <CorrespondenceItemRelation targetItem="urn:ssb:code:stabas:8629605-8629905" />
      <CorrespondenceItemRelation targetItem="urn:ssb:code:stabas:8629605-8629907" />
      <CorrespondenceItemRelation targetItem="urn:ssb:code:stabas:8629605-8629929" />
      <CorrespondenceItemRelation targetItem="urn:ssb:code:stabas:8629605-8629931" />
      <CorrespondenceItemRelation targetItem="urn:ssb:code:stabas:8629605-8629933" />
      <CorrespondenceItemRelation targetItem="urn:ssb:code:stabas:8629605-8629935" />
      <CorrespondenceItemRelation targetItem="urn:ssb:code:stabas:8629605-8629953" />
      <CorrespondenceItemRelation targetItem="urn:ssb:code:stabas:8629605-8629965" />
      <CorrespondenceItemRelation targetItem="urn:ssb:code:stabas:8629605-8629967" />
      <CorrespondenceItemRelation targetItem="urn:ssb:code:stabas:8629605-8629969" />
      <CorrespondenceItemRelation targetItem="urn:ssb:code:stabas:8629605-8629971" />
      <CorrespondenceItemRelation targetItem="urn:ssb:code:stabas:8629605-8629973" />
      <CorrespondenceItemRelation targetItem="urn:ssb:code:stabas:8629605-8629975" />
      <CorrespondenceItemRelation targetItem="urn:ssb:code:stabas:8629605-8629989" />
      <CorrespondenceItemRelation targetItem="urn:ssb:code:stabas:8629605-8630039" />
      <CorrespondenceItemRelation targetItem="urn:ssb:code:stabas:8629605-8630043" />
      <CorrespondenceItemRelation targetItem="urn:ssb:code:stabas:8629605-8630045" />
      <CorrespondenceItemRelation targetItem="urn:ssb:code:stabas:8629605-8630047" />
      <CorrespondenceItemRelation targetItem="urn:ssb:code:stabas:8629605-8630053" />
      <CorrespondenceItemRelation targetItem="urn:ssb:code:stabas:8629605-8630055" />
      <CorrespondenceItemRelation targetItem="urn:ssb:code:stabas:8629605-8630061" />
      <CorrespondenceItemRelation targetItem="urn:ssb:code:stabas:8629605-8630223" />
    </CorrespondenceItem>
    <CorrespondenceItem id="urn:ssb:code:stabas:5326005-5326105">
      <CodeValue xmlns="http://www.ssb.no/ns/meta/codelist">33</CodeValue>
      <CodeTextGrp xmlns="http://www.ssb.no/ns/meta/codelist">
        <CodeText xml:lang="nn">Kommunar med landsdelssenter</CodeText>
        <CodeText xml:lang="nb">Kommuner med landsdelssenter</CodeText>
        <CodeText xml:lang="en">Municipalities with regional centre</CodeText>
      </CodeTextGrp>
      <CorrespondenceItemRelation targetItem="urn:ssb:code:stabas:8629605-8630003" />
      <CorrespondenceItemRelation targetItem="urn:ssb:code:stabas:8629605-8629955" />
      <CorrespondenceItemRelation targetItem="urn:ssb:code:stabas:8629605-8629921" />
      <CorrespondenceItemRelation targetItem="urn:ssb:code:stabas:8629605-8629687" />
      <CorrespondenceItemRelation targetItem="urn:ssb:code:stabas:8629605-8630193" />
      <CorrespondenceItemRelation targetItem="urn:ssb:code:stabas:8629605-8630379" />
    </CorrespondenceItem>
  </CorrespondenceItemGroup>
  <CorrespondenceItemGroup id="urn:ssb:codelist:stabas:8629605" relationshipType="N:1">
    <CorrespondenceItem id="urn:ssb:code:stabas:8629605-8629607">
      <CodeValue xmlns="http://www.ssb.no/ns/meta/codelist">0101</CodeValue>
      <CodeTextGrp xmlns="http://www.ssb.no/ns/meta/codelist">
        <CodeText xml:lang="nn">Halden</CodeText>
        <CodeText xml:lang="nb">Halden</CodeText>
        <CodeText xml:lang="en">Halden</CodeText>
      </CodeTextGrp>
      <CorrespondenceItemRelation targetItem="urn:ssb:code:stabas:5326005-5326101" />
    </CorrespondenceItem>
    <CorrespondenceItem id="urn:ssb:code:stabas:8629605-8629609">
      <CodeValue xmlns="http://www.ssb.no/ns/meta/codelist">0104</CodeValue>
      <CodeTextGrp xmlns="http://www.ssb.no/ns/meta/codelist">
        <CodeText xml:lang="nn">Moss</CodeText>
        <CodeText xml:lang="nb">Moss</CodeText>
        <CodeText xml:lang="en">Moss</CodeText>
      </CodeTextGrp>
      <CorrespondenceItemRelation targetItem="urn:ssb:code:stabas:5326005-5326103" />
    </CorrespondenceItem>
    <CorrespondenceItem id="urn:ssb:code:stabas:8629605-8629611">
      <CodeValue xmlns="http://www.ssb.no/ns/meta/codelist">0105</CodeValue>
      <CodeTextGrp xmlns="http://www.ssb.no/ns/meta/codelist">
        <CodeText xml:lang="nn">Sarpsborg</CodeText>
        <CodeText xml:lang="nb">Sarpsborg</CodeText>
        <CodeText xml:lang="en">Sarpsborg</CodeText>
      </CodeTextGrp>
      <CorrespondenceItemRelation targetItem="urn:ssb:code:stabas:5326005-5326101" />
    </CorrespondenceItem>
    <CorrespondenceItem id="urn:ssb:code:stabas:8629605-8629613">
      <CodeValue xmlns="http://www.ssb.no/ns/meta/codelist">0106</CodeValue>
      <CodeTextGrp xmlns="http://www.ssb.no/ns/meta/codelist">
        <CodeText xml:lang="nn">Fredrikstad</CodeText>
        <CodeText xml:lang="nb">Fredrikstad</CodeText>
        <CodeText xml:lang="en">Fredrikstad</CodeText>
      </CodeTextGrp>
      <CorrespondenceItemRelation targetItem="urn:ssb:code:stabas:5326005-5326101" />
    </CorrespondenceItem>
    <CorrespondenceItem id="urn:ssb:code:stabas:8629605-8629619">
      <CodeValue xmlns="http://www.ssb.no/ns/meta/codelist">0119</CodeValue>
      <CodeTextGrp xmlns="http://www.ssb.no/ns/meta/codelist">
        <CodeText xml:lang="nn">Marker</CodeText>
        <CodeText xml:lang="nb">Marker</CodeText>
        <CodeText xml:lang="en">Marker</CodeText>
      </CodeTextGrp>
      <CorrespondenceItemRelation targetItem="urn:ssb:code:stabas:5326005-5326101" />
    </CorrespondenceItem>
    <CorrespondenceItem id="urn:ssb:code:stabas:8629605-8629621">
      <CodeValue xmlns="http://www.ssb.no/ns/meta/codelist">0121</CodeValue>
      <CodeTextGrp xmlns="http://www.ssb.no/ns/meta/codelist">
        <CodeText xml:lang="nn">Rømskog</CodeText>
        <CodeText xml:lang="nb">Rømskog</CodeText>
        <CodeText xml:lang="en">Rømskog</CodeText>
      </CodeTextGrp>
      <CorrespondenceItemRelation targetItem="urn:ssb:code:stabas:5326005-5326101" />
    </CorrespondenceItem>
    <CorrespondenceItem id="urn:ssb:code:stabas:8629605-8629623">
      <CodeValue xmlns="http://www.ssb.no/ns/meta/codelist">0122</CodeValue>
      <CodeTextGrp xmlns="http://www.ssb.no/ns/meta/codelist">
        <CodeText xml:lang="nn">Trøgstad</CodeText>
        <CodeText xml:lang="nb">Trøgstad</CodeText>
        <CodeText xml:lang="en">Trøgstad</CodeText>
      </CodeTextGrp>
      <CorrespondenceItemRelation targetItem="urn:ssb:code:stabas:5326005-5326101" />
    </CorrespondenceItem>
    <CorrespondenceItem id="urn:ssb:code:stabas:8629605-8629625">
      <CodeValue xmlns="http://www.ssb.no/ns/meta/codelist">0123</CodeValue>
      <CodeTextGrp xmlns="http://www.ssb.no/ns/meta/codelist">
        <CodeText xml:lang="nn">Spydeberg</CodeText>
        <CodeText xml:lang="nb">Spydeberg</CodeText>
        <CodeText xml:lang="en">Spydeberg</CodeText>
      </CodeTextGrp>
      <CorrespondenceItemRelation targetItem="urn:ssb:code:stabas:5326005-5326103" />
    </CorrespondenceItem>
    <CorrespondenceItem id="urn:ssb:code:stabas:8629605-8629627">
      <CodeValue xmlns="http://www.ssb.no/ns/meta/codelist">0124</CodeValue>
      <CodeTextGrp xmlns="http://www.ssb.no/ns/meta/codelist">
        <CodeText xml:lang="nn">Askim</CodeText>
        <CodeText xml:lang="nb">Askim</CodeText>
        <CodeText xml:lang="en">Askim</CodeText>
      </CodeTextGrp>
      <CorrespondenceItemRelation targetItem="urn:ssb:code:stabas:5326005-5326101" />
    </CorrespondenceItem>
    <CorrespondenceItem id="urn:ssb:code:stabas:8629605-8629629">
      <CodeValue xmlns="http://www.ssb.no/ns/meta/codelist">0125</CodeValue>
      <CodeTextGrp xmlns="http://www.ssb.no/ns/meta/codelist">
        <CodeText xml:lang="nn">Eidsberg</CodeText>
        <CodeText xml:lang="nb">Eidsberg</CodeText>
        <CodeText xml:lang="en">Eidsberg</CodeText>
      </CodeTextGrp>
      <CorrespondenceItemRelation targetItem="urn:ssb:code:stabas:5326005-5326101" />
    </CorrespondenceItem>
    <CorrespondenceItem id="urn:ssb:code:stabas:8629605-8629631">
      <CodeValue xmlns="http://www.ssb.no/ns/meta/codelist">0127</CodeValue>
      <CodeTextGrp xmlns="http://www.ssb.no/ns/meta/codelist">
        <CodeText xml:lang="nn">Skiptvet</CodeText>
        <CodeText xml:lang="nb">Skiptvet</CodeText>
        <CodeText xml:lang="en">Skiptvet</CodeText>
      </CodeTextGrp>
      <CorrespondenceItemRelation targetItem="urn:ssb:code:stabas:5326005-5326101" />
    </CorrespondenceItem>
    <CorrespondenceItem id="urn:ssb:code:stabas:8629605-8629633">
      <CodeValue xmlns="http://www.ssb.no/ns/meta/codelist">0128</CodeValue>
      <CodeTextGrp xmlns="http://www.ssb.no/ns/meta/codelist">
        <CodeText xml:lang="nn">Rakkestad</CodeText>
        <CodeText xml:lang="nb">Rakkestad</CodeText>
        <CodeText xml:lang="en">Rakkestad</CodeText>
      </CodeTextGrp>
      <CorrespondenceItemRelation targetItem="urn:ssb:code:stabas:5326005-5326101" />
    </CorrespondenceItem>
    <CorrespondenceItem id="urn:ssb:code:stabas:8629605-8629635">
      <CodeValue xmlns="http://www.ssb.no/ns/meta/codelist">0135</CodeValue>
      <CodeTextGrp xmlns="http://www.ssb.no/ns/meta/codelist">
        <CodeText xml:lang="nn">Råde</CodeText>
        <CodeText xml:lang="nb">Råde</CodeText>
        <CodeText xml:lang="en">Råde</CodeText>
      </CodeTextGrp>
      <CorrespondenceItemRelation targetItem="urn:ssb:code:stabas:5326005-5326101" />
    </CorrespondenceItem>
    <CorrespondenceItem id="urn:ssb:code:stabas:8629605-8629637">
      <CodeValue xmlns="http://www.ssb.no/ns/meta/codelist">0136</CodeValue>
      <CodeTextGrp xmlns="http://www.ssb.no/ns/meta/codelist">
        <CodeText xml:lang="nn">Rygge</CodeText>
        <CodeText xml:lang="nb">Rygge</CodeText>
        <CodeText xml:lang="en">Rygge</CodeText>
      </CodeTextGrp>
      <CorrespondenceItemRelation targetItem="urn:ssb:code:stabas:5326005-5326101" />
    </CorrespondenceItem>
    <CorrespondenceItem id="urn:ssb:code:stabas:8629605-8629639">
      <CodeValue xmlns="http://www.ssb.no/ns/meta/codelist">0137</CodeValue>
      <CodeTextGrp xmlns="http://www.ssb.no/ns/meta/codelist">
        <CodeText xml:lang="nn">Våler</CodeText>
        <CodeText xml:lang="nb">Våler</CodeText>
        <CodeText xml:lang="en">Våler</CodeText>
      </CodeTextGrp>
      <CorrespondenceItemRelation targetItem="urn:ssb:code:stabas:5326005-5326101" />
    </CorrespondenceItem>
    <CorrespondenceItem id="urn:ssb:code:stabas:8629605-8629641">
      <CodeValue xmlns="http://www.ssb.no/ns/meta/codelist">0138</CodeValue>
      <CodeTextGrp xmlns="http://www.ssb.no/ns/meta/codelist">
        <CodeText xml:lang="nn">Hobøl</CodeText>
        <CodeText xml:lang="nb">Hobøl</CodeText>
        <CodeText xml:lang="en">Hobøl</CodeText>
      </CodeTextGrp>
      <CorrespondenceItemRelation targetItem="urn:ssb:code:stabas:5326005-5326103" />
    </CorrespondenceItem>
    <CorrespondenceItem id="urn:ssb:code:stabas:8629605-8629643">
      <CodeValue xmlns="http://www.ssb.no/ns/meta/codelist">0211</CodeValue>
      <CodeTextGrp xmlns="http://www.ssb.no/ns/meta/codelist">
        <CodeText xml:lang="nn">Vestby</CodeText>
        <CodeText xml:lang="nb">Vestby</CodeText>
        <CodeText xml:lang="en">Vestby</CodeText>
      </CodeTextGrp>
      <CorrespondenceItemRelation targetItem="urn:ssb:code:stabas:5326005-5326103" />
    </CorrespondenceItem>
    <CorrespondenceItem id="urn:ssb:code:stabas:8629605-8629645">
      <CodeValue xmlns="http://www.ssb.no/ns/meta/codelist">0213</CodeValue>
      <CodeTextGrp xmlns="http://www.ssb.no/ns/meta/codelist">
        <CodeText xml:lang="nn">Ski</CodeText>
        <CodeText xml:lang="nb">Ski</CodeText>
        <CodeText xml:lang="en">Ski</CodeText>
      </CodeTextGrp>
      <CorrespondenceItemRelation targetItem="urn:ssb:code:stabas:5326005-5326103" />
    </CorrespondenceItem>
    <CorrespondenceItem id="urn:ssb:code:stabas:8629605-8629647">
      <CodeValue xmlns="http://www.ssb.no/ns/meta/codelist">0214</CodeValue>
      <CodeTextGrp xmlns="http://www.ssb.no/ns/meta/codelist">
        <CodeText xml:lang="nn">Ås</CodeText>
        <CodeText xml:lang="nb">Ås</CodeText>
        <CodeText xml:lang="en">Ås</CodeText>
      </CodeTextGrp>
      <CorrespondenceItemRelation targetItem="urn:ssb:code:stabas:5326005-5326103" />
    </CorrespondenceItem>
    <CorrespondenceItem id="urn:ssb:code:stabas:8629605-8629649">
      <CodeValue xmlns="http://www.ssb.no/ns/meta/codelist">0215</CodeValue>
      <CodeTextGrp xmlns="http://www.ssb.no/ns/meta/codelist">
        <CodeText xml:lang="nn">Frogn</CodeText>
        <CodeText xml:lang="nb">Frogn</CodeText>
        <CodeText xml:lang="en">Frogn</CodeText>
      </CodeTextGrp>
      <CorrespondenceItemRelation targetItem="urn:ssb:code:stabas:5326005-5326103" />
    </CorrespondenceItem>
    <CorrespondenceItem id="urn:ssb:code:stabas:8629605-8629651">
      <CodeValue xmlns="http://www.ssb.no/ns/meta/codelist">0216</CodeValue>
      <CodeTextGrp xmlns="http://www.ssb.no/ns/meta/codelist">
        <CodeText xml:lang="nn">Nesodden</CodeText>
        <CodeText xml:lang="nb">Nesodden</CodeText>
        <CodeText xml:lang="en">Nesodden</CodeText>
      </CodeTextGrp>
      <CorrespondenceItemRelation targetItem="urn:ssb:code:stabas:5326005-5326103" />
    </CorrespondenceItem>
    <CorrespondenceItem id="urn:ssb:code:stabas:8629605-8629653">
      <CodeValue xmlns="http://www.ssb.no/ns/meta/codelist">0217</CodeValue>
      <CodeTextGrp xmlns="http://www.ssb.no/ns/meta/codelist">
        <CodeText xml:lang="nn">Oppegård</CodeText>
        <CodeText xml:lang="nb">Oppegård</CodeText>
        <CodeText xml:lang="en">Oppegård</CodeText>
      </CodeTextGrp>
      <CorrespondenceItemRelation targetItem="urn:ssb:code:stabas:5326005-5326103" />
    </CorrespondenceItem>
    <CorrespondenceItem id="urn:ssb:code:stabas:8629605-8629655">
      <CodeValue xmlns="http://www.ssb.no/ns/meta/codelist">0219</CodeValue>
      <CodeTextGrp xmlns="http://www.ssb.no/ns/meta/codelist">
        <CodeText xml:lang="nn">Bærum</CodeText>
        <CodeText xml:lang="nb">Bærum</CodeText>
        <CodeText xml:lang="en">Bærum</CodeText>
      </CodeTextGrp>
      <CorrespondenceItemRelation targetItem="urn:ssb:code:stabas:5326005-5326103" />
    </CorrespondenceItem>
    <CorrespondenceItem id="urn:ssb:code:stabas:8629605-8629657">
      <CodeValue xmlns="http://www.ssb.no/ns/meta/codelist">0220</CodeValue>
      <CodeTextGrp xmlns="http://www.ssb.no/ns/meta/codelist">
        <CodeText xml:lang="nn">Asker</CodeText>
        <CodeText xml:lang="nb">Asker</CodeText>
        <CodeText xml:lang="en">Asker</CodeText>
      </CodeTextGrp>
      <CorrespondenceItemRelation targetItem="urn:ssb:code:stabas:5326005-5326103" />
    </CorrespondenceItem>
    <CorrespondenceItem id="urn:ssb:code:stabas:8629605-8629659">
      <CodeValue xmlns="http://www.ssb.no/ns/meta/codelist">0221</CodeValue>
      <CodeTextGrp xmlns="http://www.ssb.no/ns/meta/codelist">
        <CodeText xml:lang="nn">Aurskog-Høland</CodeText>
        <CodeText xml:lang="nb">Aurskog-Høland</CodeText>
        <CodeText xml:lang="en">Aurskog-Høland</CodeText>
      </CodeTextGrp>
      <CorrespondenceItemRelation targetItem="urn:ssb:code:stabas:5326005-5326103" />
    </CorrespondenceItem>
    <CorrespondenceItem id="urn:ssb:code:stabas:8629605-8629661">
      <CodeValue xmlns="http://www.ssb.no/ns/meta/codelist">0226</CodeValue>
      <CodeTextGrp xmlns="http://www.ssb.no/ns/meta/codelist">
        <CodeText xml:lang="nn">Sørum</CodeText>
        <CodeText xml:lang="nb">Sørum</CodeText>
        <CodeText xml:lang="en">Sørum</CodeText>
      </CodeTextGrp>
      <CorrespondenceItemRelation targetItem="urn:ssb:code:stabas:5326005-5326103" />
    </CorrespondenceItem>
    <CorrespondenceItem id="urn:ssb:code:stabas:8629605-8629663">
      <CodeValue xmlns="http://www.ssb.no/ns/meta/codelist">0227</CodeValue>
      <CodeTextGrp xmlns="http://www.ssb.no/ns/meta/codelist">
        <CodeText xml:lang="nn">Fet</CodeText>
        <CodeText xml:lang="nb">Fet</CodeText>
        <CodeText xml:lang="en">Fet</CodeText>
      </CodeTextGrp>
      <CorrespondenceItemRelation targetItem="urn:ssb:code:stabas:5326005-5326103" />
    </CorrespondenceItem>
    <CorrespondenceItem id="urn:ssb:code:stabas:8629605-8629665">
      <CodeValue xmlns="http://www.ssb.no/ns/meta/codelist">0228</CodeValue>
      <CodeTextGrp xmlns="http://www.ssb.no/ns/meta/codelist">
        <CodeText xml:lang="nn">Rælingen</CodeText>
        <CodeText xml:lang="nb">Rælingen</CodeText>
        <CodeText xml:lang="en">Rælingen</CodeText>
      </CodeTextGrp>
      <CorrespondenceItemRelation targetItem="urn:ssb:code:stabas:5326005-5326103" />
    </CorrespondenceItem>
    <CorrespondenceItem id="urn:ssb:code:stabas:8629605-8629667">
      <CodeValue xmlns="http://www.ssb.no/ns/meta/codelist">0229</CodeValue>
      <CodeTextGrp xmlns="http://www.ssb.no/ns/meta/codelist">
        <CodeText xml:lang="nn">Enebakk</CodeText>
        <CodeText xml:lang="nb">Enebakk</CodeText>
        <CodeText xml:lang="en">Enebakk</CodeText>
      </CodeTextGrp>
      <CorrespondenceItemRelation targetItem="urn:ssb:code:stabas:5326005-5326103" />
    </CorrespondenceItem>
    <CorrespondenceItem id="urn:ssb:code:stabas:8629605-8629669">
      <CodeValue xmlns="http://www.ssb.no/ns/meta/codelist">0230</CodeValue>
      <CodeTextGrp xmlns="http://www.ssb.no/ns/meta/codelist">
        <CodeText xml:lang="nn">Lørenskog</CodeText>
        <CodeText xml:lang="nb">Lørenskog</CodeText>
        <CodeText xml:lang="en">Lørenskog</CodeText>
      </CodeTextGrp>
      <CorrespondenceItemRelation targetItem="urn:ssb:code:stabas:5326005-5326103" />
    </CorrespondenceItem>
    <CorrespondenceItem id="urn:ssb:code:stabas:8629605-8629671">
      <CodeValue xmlns="http://www.ssb.no/ns/meta/codelist">0231</CodeValue>
      <CodeTextGrp xmlns="http://www.ssb.no/ns/meta/codelist">
        <CodeText xml:lang="nn">Skedsmo</CodeText>
        <CodeText xml:lang="nb">Skedsmo</CodeText>
        <CodeText xml:lang="en">Skedsmo</CodeText>
      </CodeTextGrp>
      <CorrespondenceItemRelation targetItem="urn:ssb:code:stabas:5326005-5326103" />
    </CorrespondenceItem>
    <CorrespondenceItem id="urn:ssb:code:stabas:8629605-8629673">
      <CodeValue xmlns="http://www.ssb.no/ns/meta/codelist">0233</CodeValue>
      <CodeTextGrp xmlns="http://www.ssb.no/ns/meta/codelist">
        <CodeText xml:lang="nn">Nittedal</CodeText>
        <CodeText xml:lang="nb">Nittedal</CodeText>
        <CodeText xml:lang="en">Nittedal</CodeText>
      </CodeTextGrp>
      <CorrespondenceItemRelation targetItem="urn:ssb:code:stabas:5326005-5326103" />
    </CorrespondenceItem>
    <CorrespondenceItem id="urn:ssb:code:stabas:8629605-8629675">
      <CodeValue xmlns="http://www.ssb.no/ns/meta/codelist">0234</CodeValue>
      <CodeTextGrp xmlns="http://www.ssb.no/ns/meta/codelist">
        <CodeText xml:lang="nn">Gjerdrum</CodeText>
        <CodeText xml:lang="nb">Gjerdrum</CodeText>
        <CodeText xml:lang="en">Gjerdrum</CodeText>
      </CodeTextGrp>
      <CorrespondenceItemRelation targetItem="urn:ssb:code:stabas:5326005-5326103" />
    </CorrespondenceItem>
    <CorrespondenceItem id="urn:ssb:code:stabas:8629605-8629677">
      <CodeValue xmlns="http://www.ssb.no/ns/meta/codelist">0235</CodeValue>
      <CodeTextGrp xmlns="http://www.ssb.no/ns/meta/codelist">
        <CodeText xml:lang="nn">Ullensaker</CodeText>
        <CodeText xml:lang="nb">Ullensaker</CodeText>
        <CodeText xml:lang="en">Ullensaker</CodeText>
      </CodeTextGrp>
      <CorrespondenceItemRelation targetItem="urn:ssb:code:stabas:5326005-5326103" />
    </CorrespondenceItem>
    <CorrespondenceItem id="urn:ssb:code:stabas:8629605-8629679">
      <CodeValue xmlns="http://www.ssb.no/ns/meta/codelist">0236</CodeValue>
      <CodeTextGrp xmlns="http://www.ssb.no/ns/meta/codelist">
        <CodeText xml:lang="nn">Nes</CodeText>
        <CodeText xml:lang="nb">Nes</CodeText>
        <CodeText xml:lang="en">Nes</CodeText>
      </CodeTextGrp>
      <CorrespondenceItemRelation targetItem="urn:ssb:code:stabas:5326005-5326103" />
    </CorrespondenceItem>
    <CorrespondenceItem id="urn:ssb:code:stabas:8629605-8629681">
      <CodeValue xmlns="http://www.ssb.no/ns/meta/codelist">0237</CodeValue>
      <CodeTextGrp xmlns="http://www.ssb.no/ns/meta/codelist">
        <CodeText xml:lang="nn">Eidsvoll</CodeText>
        <CodeText xml:lang="nb">Eidsvoll</CodeText>
        <CodeText xml:lang="en">Eidsvoll</CodeText>
      </CodeTextGrp>
      <CorrespondenceItemRelation targetItem="urn:ssb:code:stabas:5326005-5326103" />
    </CorrespondenceItem>
    <CorrespondenceItem id="urn:ssb:code:stabas:8629605-8629683">
      <CodeValue xmlns="http://www.ssb.no/ns/meta/codelist">0238</CodeValue>
      <CodeTextGrp xmlns="http://www.ssb.no/ns/meta/codelist">
        <CodeText xml:lang="nn">Nannestad</CodeText>
        <CodeText xml:lang="nb">Nannestad</CodeText>
        <CodeText xml:lang="en">Nannestad</CodeText>
      </CodeTextGrp>
      <CorrespondenceItemRelation targetItem="urn:ssb:code:stabas:5326005-5326103" />
    </CorrespondenceItem>
    <CorrespondenceItem id="urn:ssb:code:stabas:8629605-8629685">
      <CodeValue xmlns="http://www.ssb.no/ns/meta/codelist">0239</CodeValue>
      <CodeTextGrp xmlns="http://www.ssb.no/ns/meta/codelist">
        <CodeText xml:lang="nn">Hurdal</CodeText>
        <CodeText xml:lang="nb">Hurdal</CodeText>
        <CodeText xml:lang="en">Hurdal</CodeText>
      </CodeTextGrp>
      <CorrespondenceItemRelation targetItem="urn:ssb:code:stabas:5326005-5326101" />
    </CorrespondenceItem>
    <CorrespondenceItem id="urn:ssb:code:stabas:8629605-8629687">
      <CodeValue xmlns="http://www.ssb.no/ns/meta/codelist">0301</CodeValue>
      <CodeTextGrp xmlns="http://www.ssb.no/ns/meta/codelist">
        <CodeText xml:lang="nn">Oslo</CodeText>
        <CodeText xml:lang="nb">Oslo</CodeText>
        <CodeText xml:lang="en">Oslo</CodeText>
      </CodeTextGrp>
      <CorrespondenceItemRelation targetItem="urn:ssb:code:stabas:5326005-5326105" />
    </CorrespondenceItem>
    <CorrespondenceItem id="urn:ssb:code:stabas:8629605-8629689">
      <CodeValue xmlns="http://www.ssb.no/ns/meta/codelist">0402</CodeValue>
      <CodeTextGrp xmlns="http://www.ssb.no/ns/meta/codelist">
        <CodeText xml:lang="nn">Kongsvinger</CodeText>
        <CodeText xml:lang="nb">Kongsvinger</CodeText>
        <CodeText xml:lang="en">Kongsvinger</CodeText>
      </CodeTextGrp>
      <CorrespondenceItemRelation targetItem="urn:ssb:code:stabas:5326005-5326101" />
    </CorrespondenceItem>
    <CorrespondenceItem id="urn:ssb:code:stabas:8629605-8629691">
      <CodeValue xmlns="http://www.ssb.no/ns/meta/codelist">0403</CodeValue>
      <CodeTextGrp xmlns="http://www.ssb.no/ns/meta/codelist">
        <CodeText xml:lang="nn">Hamar</CodeText>
        <CodeText xml:lang="nb">Hamar</CodeText>
        <CodeText xml:lang="en">Hamar</CodeText>
      </CodeTextGrp>
      <CorrespondenceItemRelation targetItem="urn:ssb:code:stabas:5326005-5326101" />
    </CorrespondenceItem>
    <CorrespondenceItem id="urn:ssb:code:stabas:8629605-8629695">
      <CodeValue xmlns="http://www.ssb.no/ns/meta/codelist">0415</CodeValue>
      <CodeTextGrp xmlns="http://www.ssb.no/ns/meta/codelist">
        <CodeText xml:lang="nn">Løten</CodeText>
        <CodeText xml:lang="nb">Løten</CodeText>
        <CodeText xml:lang="en">Løten</CodeText>
      </CodeTextGrp>
      <CorrespondenceItemRelation targetItem="urn:ssb:code:stabas:5326005-5326101" />
    </CorrespondenceItem>
    <CorrespondenceItem id="urn:ssb:code:stabas:8629605-8629697">
      <CodeValue xmlns="http://www.ssb.no/ns/meta/codelist">0417</CodeValue>
      <CodeTextGrp xmlns="http://www.ssb.no/ns/meta/codelist">
        <CodeText xml:lang="nn">Stange</CodeText>
        <CodeText xml:lang="nb">Stange</CodeText>
        <CodeText xml:lang="en">Stange</CodeText>
      </CodeTextGrp>
      <CorrespondenceItemRelation targetItem="urn:ssb:code:stabas:5326005-5326101" />
    </CorrespondenceItem>
    <CorrespondenceItem id="urn:ssb:code:stabas:8629605-8629699">
      <CodeValue xmlns="http://www.ssb.no/ns/meta/codelist">0418</CodeValue>
      <CodeTextGrp xmlns="http://www.ssb.no/ns/meta/codelist">
        <CodeText xml:lang="nn">Nord-Odal</CodeText>
        <CodeText xml:lang="nb">Nord-Odal</CodeText>
        <CodeText xml:lang="en">Nord-Odal</CodeText>
      </CodeTextGrp>
      <CorrespondenceItemRelation targetItem="urn:ssb:code:stabas:5326005-5326101" />
    </CorrespondenceItem>
    <CorrespondenceItem id="urn:ssb:code:stabas:8629605-8629701">
      <CodeValue xmlns="http://www.ssb.no/ns/meta/codelist">0419</CodeValue>
      <CodeTextGrp xmlns="http://www.ssb.no/ns/meta/codelist">
        <CodeText xml:lang="nn">Sør-Odal</CodeText>
        <CodeText xml:lang="nb">Sør-Odal</CodeText>
        <CodeText xml:lang="en">Sør-Odal</CodeText>
      </CodeTextGrp>
      <CorrespondenceItemRelation targetItem="urn:ssb:code:stabas:5326005-5326101" />
    </CorrespondenceItem>
    <CorrespondenceItem id="urn:ssb:code:stabas:8629605-8629703">
      <CodeValue xmlns="http://www.ssb.no/ns/meta/codelist">0420</CodeValue>
      <CodeTextGrp xmlns="http://www.ssb.no/ns/meta/codelist">
        <CodeText xml:lang="nn">Eidskog</CodeText>
        <CodeText xml:lang="nb">Eidskog</CodeText>
        <CodeText xml:lang="en">Eidskog</CodeText>
      </CodeTextGrp>
      <CorrespondenceItemRelation targetItem="urn:ssb:code:stabas:5326005-5326101" />
    </CorrespondenceItem>
    <CorrespondenceItem id="urn:ssb:code:stabas:8629605-8629763">
      <CodeValue xmlns="http://www.ssb.no/ns/meta/codelist">0532</CodeValue>
      <CodeTextGrp xmlns="http://www.ssb.no/ns/meta/codelist">
        <CodeText xml:lang="nn">Jevnaker</CodeText>
        <CodeText xml:lang="nb">Jevnaker</CodeText>
        <CodeText xml:lang="en">Jevnaker</CodeText>
      </CodeTextGrp>
      <CorrespondenceItemRelation targetItem="urn:ssb:code:stabas:5326005-5326101" />
    </CorrespondenceItem>
    <CorrespondenceItem id="urn:ssb:code:stabas:8629605-8629765">
      <CodeValue xmlns="http://www.ssb.no/ns/meta/codelist">0533</CodeValue>
      <CodeTextGrp xmlns="http://www.ssb.no/ns/meta/codelist">
        <CodeText xml:lang="nn">Lunner</CodeText>
        <CodeText xml:lang="nb">Lunner</CodeText>
        <CodeText xml:lang="en">Lunner</CodeText>
      </CodeTextGrp>
      <CorrespondenceItemRelation targetItem="urn:ssb:code:stabas:5326005-5326103" />
    </CorrespondenceItem>
    <CorrespondenceItem id="urn:ssb:code:stabas:8629605-8629767">
      <CodeValue xmlns="http://www.ssb.no/ns/meta/codelist">0534</CodeValue>
      <CodeTextGrp xmlns="http://www.ssb.no/ns/meta/codelist">
        <CodeText xml:lang="nn">Gran</CodeText>
        <CodeText xml:lang="nb">Gran</CodeText>
        <CodeText xml:lang="en">Gran</CodeText>
      </CodeTextGrp>
      <CorrespondenceItemRelation targetItem="urn:ssb:code:stabas:5326005-5326101" />
    </CorrespondenceItem>
    <CorrespondenceItem id="urn:ssb:code:stabas:8629605-8629785">
      <CodeValue xmlns="http://www.ssb.no/ns/meta/codelist">0602</CodeValue>
      <CodeTextGrp xmlns="http://www.ssb.no/ns/meta/codelist">
        <CodeText xml:lang="nn">Drammen</CodeText>
        <CodeText xml:lang="nb">Drammen</CodeText>
        <CodeText xml:lang="en">Drammen</CodeText>
      </CodeTextGrp>
      <CorrespondenceItemRelation targetItem="urn:ssb:code:stabas:5326005-5326103" />
    </CorrespondenceItem>
    <CorrespondenceItem id="urn:ssb:code:stabas:8629605-8629787">
      <CodeValue xmlns="http://www.ssb.no/ns/meta/codelist">0604</CodeValue>
      <CodeTextGrp xmlns="http://www.ssb.no/ns/meta/codelist">
        <CodeText xml:lang="nn">Kongsberg</CodeText>
        <CodeText xml:lang="nb">Kongsberg</CodeText>
        <CodeText xml:lang="en">Kongsberg</CodeText>
      </CodeTextGrp>
      <CorrespondenceItemRelation targetItem="urn:ssb:code:stabas:5326005-5326101" />
    </CorrespondenceItem>
    <CorrespondenceItem id="urn:ssb:code:stabas:8629605-8629789">
      <CodeValue xmlns="http://www.ssb.no/ns/meta/codelist">0605</CodeValue>
      <CodeTextGrp xmlns="http://www.ssb.no/ns/meta/codelist">
        <CodeText xml:lang="nn">Ringerike</CodeText>
        <CodeText xml:lang="nb">Ringerike</CodeText>
        <CodeText xml:lang="en">Ringerike</CodeText>
      </CodeTextGrp>
      <CorrespondenceItemRelation targetItem="urn:ssb:code:stabas:5326005-5326101" />
    </CorrespondenceItem>
    <CorrespondenceItem id="urn:ssb:code:stabas:8629605-8629791">
      <CodeValue xmlns="http://www.ssb.no/ns/meta/codelist">0612</CodeValue>
      <CodeTextGrp xmlns="http://www.ssb.no/ns/meta/codelist">
        <CodeText xml:lang="nn">Hole</CodeText>
        <CodeText xml:lang="nb">Hole</CodeText>
        <CodeText xml:lang="en">Hole</CodeText>
      </CodeTextGrp>
      <CorrespondenceItemRelation targetItem="urn:ssb:code:stabas:5326005-5326103" />
    </CorrespondenceItem>
    <CorrespondenceItem id="urn:ssb:code:stabas:8629605-8629805">
      <CodeValue xmlns="http://www.ssb.no/ns/meta/codelist">0621</CodeValue>
      <CodeTextGrp xmlns="http://www.ssb.no/ns/meta/codelist">
        <CodeText xml:lang="nn">Sigdal</CodeText>
        <CodeText xml:lang="nb">Sigdal</CodeText>
        <CodeText xml:lang="en">Sigdal</CodeText>
      </CodeTextGrp>
      <CorrespondenceItemRelation targetItem="urn:ssb:code:stabas:5326005-5326101" />
    </CorrespondenceItem>
    <CorrespondenceItem id="urn:ssb:code:stabas:8629605-8629807">
      <CodeValue xmlns="http://www.ssb.no/ns/meta/codelist">0622</CodeValue>
      <CodeTextGrp xmlns="http://www.ssb.no/ns/meta/codelist">
        <CodeText xml:lang="nn">Krødsherad</CodeText>
        <CodeText xml:lang="nb">Krødsherad</CodeText>
        <CodeText xml:lang="en">Krødsherad</CodeText>
      </CodeTextGrp>
      <CorrespondenceItemRelation targetItem="urn:ssb:code:stabas:5326005-5326101" />
    </CorrespondenceItem>
    <CorrespondenceItem id="urn:ssb:code:stabas:8629605-8629809">
      <CodeValue xmlns="http://www.ssb.no/ns/meta/codelist">0623</CodeValue>
      <CodeTextGrp xmlns="http://www.ssb.no/ns/meta/codelist">
        <CodeText xml:lang="nn">Modum</CodeText>
        <CodeText xml:lang="nb">Modum</CodeText>
        <CodeText xml:lang="en">Modum</CodeText>
      </CodeTextGrp>
      <CorrespondenceItemRelation targetItem="urn:ssb:code:stabas:5326005-5326101" />
    </CorrespondenceItem>
    <CorrespondenceItem id="urn:ssb:code:stabas:8629605-8629811">
      <CodeValue xmlns="http://www.ssb.no/ns/meta/codelist">0624</CodeValue>
      <CodeTextGrp xmlns="http://www.ssb.no/ns/meta/codelist">
        <CodeText xml:lang="nn">Øvre Eiker</CodeText>
        <CodeText xml:lang="nb">Øvre Eiker</CodeText>
        <CodeText xml:lang="en">Øvre Eiker</CodeText>
      </CodeTextGrp>
      <CorrespondenceItemRelation targetItem="urn:ssb:code:stabas:5326005-5326101" />
    </CorrespondenceItem>
    <CorrespondenceItem id="urn:ssb:code:stabas:8629605-8629813">
      <CodeValue xmlns="http://www.ssb.no/ns/meta/codelist">0625</CodeValue>
      <CodeTextGrp xmlns="http://www.ssb.no/ns/meta/codelist">
        <CodeText xml:lang="nn">Nedre Eiker</CodeText>
        <CodeText xml:lang="nb">Nedre Eiker</CodeText>
        <CodeText xml:lang="en">Nedre Eiker</CodeText>
      </CodeTextGrp>
      <CorrespondenceItemRelation targetItem="urn:ssb:code:stabas:5326005-5326103" />
    </CorrespondenceItem>
    <CorrespondenceItem id="urn:ssb:code:stabas:8629605-8629815">
      <CodeValue xmlns="http://www.ssb.no/ns/meta/codelist">0626</CodeValue>
      <CodeTextGrp xmlns="http://www.ssb.no/ns/meta/codelist">
        <CodeText xml:lang="nn">Lier</CodeText>
        <CodeText xml:lang="nb">Lier</CodeText>
        <CodeText xml:lang="en">Lier</CodeText>
      </CodeTextGrp>
      <CorrespondenceItemRelation targetItem="urn:ssb:code:stabas:5326005-5326103" />
    </CorrespondenceItem>
    <CorrespondenceItem id="urn:ssb:code:stabas:8629605-8629817">
      <CodeValue xmlns="http://www.ssb.no/ns/meta/codelist">0627</CodeValue>
      <CodeTextGrp xmlns="http://www.ssb.no/ns/meta/codelist">
        <CodeText xml:lang="nn">Røyken</CodeText>
        <CodeText xml:lang="nb">Røyken</CodeText>
        <CodeText xml:lang="en">Røyken</CodeText>
      </CodeTextGrp>
      <CorrespondenceItemRelation targetItem="urn:ssb:code:stabas:5326005-5326103" />
    </CorrespondenceItem>
    <CorrespondenceItem id="urn:ssb:code:stabas:8629605-8629819">
      <CodeValue xmlns="http://www.ssb.no/ns/meta/codelist">0628</CodeValue>
      <CodeTextGrp xmlns="http://www.ssb.no/ns/meta/codelist">
        <CodeText xml:lang="nn">Hurum</CodeText>
        <CodeText xml:lang="nb">Hurum</CodeText>
        <CodeText xml:lang="en">Hurum</CodeText>
      </CodeTextGrp>
      <CorrespondenceItemRelation targetItem="urn:ssb:code:stabas:5326005-5326103" />
    </CorrespondenceItem>
    <CorrespondenceItem id="urn:ssb:code:stabas:8629605-8629821">
      <CodeValue xmlns="http://www.ssb.no/ns/meta/codelist">0631</CodeValue>
      <CodeTextGrp xmlns="http://www.ssb.no/ns/meta/codelist">
        <CodeText xml:lang="nn">Flesberg</CodeText>
        <CodeText xml:lang="nb">Flesberg</CodeText>
        <CodeText xml:lang="en">Flesberg</CodeText>
      </CodeTextGrp>
      <CorrespondenceItemRelation targetItem="urn:ssb:code:stabas:5326005-5326101" />
    </CorrespondenceItem>
    <CorrespondenceItem id="urn:ssb:code:stabas:8629605-8629827">
      <CodeValue xmlns="http://www.ssb.no/ns/meta/codelist">0701</CodeValue>
      <CodeTextGrp xmlns="http://www.ssb.no/ns/meta/codelist">
        <CodeText xml:lang="nn">Horten</CodeText>
        <CodeText xml:lang="nb">Horten</CodeText>
        <CodeText xml:lang="en">Horten</CodeText>
      </CodeTextGrp>
      <CorrespondenceItemRelation targetItem="urn:ssb:code:stabas:5326005-5326101" />
    </CorrespondenceItem>
    <CorrespondenceItem id="urn:ssb:code:stabas:8629605-8629829">
      <CodeValue xmlns="http://www.ssb.no/ns/meta/codelist">0702</CodeValue>
      <CodeTextGrp xmlns="http://www.ssb.no/ns/meta/codelist">
        <CodeText xml:lang="nn">Holmestrand</CodeText>
        <CodeText xml:lang="nb">Holmestrand</CodeText>
        <CodeText xml:lang="en">Holmestrand</CodeText>
      </CodeTextGrp>
      <CorrespondenceItemRelation targetItem="urn:ssb:code:stabas:5326005-5326101" />
    </CorrespondenceItem>
    <CorrespondenceItem id="urn:ssb:code:stabas:8629605-8629831">
      <CodeValue xmlns="http://www.ssb.no/ns/meta/codelist">0704</CodeValue>
      <CodeTextGrp xmlns="http://www.ssb.no/ns/meta/codelist">
        <CodeText xml:lang="nn">Tønsberg</CodeText>
        <CodeText xml:lang="nb">Tønsberg</CodeText>
        <CodeText xml:lang="en">Tønsberg</CodeText>
      </CodeTextGrp>
      <CorrespondenceItemRelation targetItem="urn:ssb:code:stabas:5326005-5326101" />
    </CorrespondenceItem>
    <CorrespondenceItem id="urn:ssb:code:stabas:8629605-8629833">
      <CodeValue xmlns="http://www.ssb.no/ns/meta/codelist">0706</CodeValue>
      <CodeTextGrp xmlns="http://www.ssb.no/ns/meta/codelist">
        <CodeText xml:lang="nn">Sandefjord</CodeText>
        <CodeText xml:lang="nb">Sandefjord</CodeText>
        <CodeText xml:lang="en">Sandefjord</CodeText>
      </CodeTextGrp>
      <CorrespondenceItemRelation targetItem="urn:ssb:code:stabas:5326005-5326101" />
    </CorrespondenceItem>
    <CorrespondenceItem id="urn:ssb:code:stabas:8629605-8629837">
      <CodeValue xmlns="http://www.ssb.no/ns/meta/codelist">0711</CodeValue>
      <CodeTextGrp xmlns="http://www.ssb.no/ns/meta/codelist">
        <CodeText xml:lang="nn">Svelvik</CodeText>
        <CodeText xml:lang="nb">Svelvik</CodeText>
        <CodeText xml:lang="en">Svelvik</CodeText>
      </CodeTextGrp>
      <CorrespondenceItemRelation targetItem="urn:ssb:code:stabas:5326005-5326101" />
    </CorrespondenceItem>
    <CorrespondenceItem id="urn:ssb:code:stabas:8629605-8629839">
      <CodeValue xmlns="http://www.ssb.no/ns/meta/codelist">0713</CodeValue>
      <CodeTextGrp xmlns="http://www.ssb.no/ns/meta/codelist">
        <CodeText xml:lang="nn">Sande</CodeText>
        <CodeText xml:lang="nb">Sande</CodeText>
        <CodeText xml:lang="en">Sande</CodeText>
      </CodeTextGrp>
      <CorrespondenceItemRelation targetItem="urn:ssb:code:stabas:5326005-5326101" />
    </CorrespondenceItem>
    <CorrespondenceItem id="urn:ssb:code:stabas:8629605-8629841">
      <CodeValue xmlns="http://www.ssb.no/ns/meta/codelist">0714</CodeValue>
      <CodeTextGrp xmlns="http://www.ssb.no/ns/meta/codelist">
        <CodeText xml:lang="nn">Hof</CodeText>
        <CodeText xml:lang="nb">Hof</CodeText>
        <CodeText xml:lang="en">Hof</CodeText>
      </CodeTextGrp>
      <CorrespondenceItemRelation targetItem="urn:ssb:code:stabas:5326005-5326101" />
    </CorrespondenceItem>
    <CorrespondenceItem id="urn:ssb:code:stabas:8629605-8629843">
      <CodeValue xmlns="http://www.ssb.no/ns/meta/codelist">0716</CodeValue>
      <CodeTextGrp xmlns="http://www.ssb.no/ns/meta/codelist">
        <CodeText xml:lang="nn">Re</CodeText>
        <CodeText xml:lang="nb">Re</CodeText>
        <CodeText xml:lang="en">Re</CodeText>
      </CodeTextGrp>
      <CorrespondenceItemRelation targetItem="urn:ssb:code:stabas:5326005-5326101" />
    </CorrespondenceItem>
    <CorrespondenceItem id="urn:ssb:code:stabas:8629605-8629845">
      <CodeValue xmlns="http://www.ssb.no/ns/meta/codelist">0719</CodeValue>
      <CodeTextGrp xmlns="http://www.ssb.no/ns/meta/codelist">
        <CodeText xml:lang="nn">Andebu</CodeText>
        <CodeText xml:lang="nb">Andebu</CodeText>
        <CodeText xml:lang="en">Andebu</CodeText>
      </CodeTextGrp>
      <CorrespondenceItemRelation targetItem="urn:ssb:code:stabas:5326005-5326101" />
    </CorrespondenceItem>
    <CorrespondenceItem id="urn:ssb:code:stabas:8629605-8629847">
      <CodeValue xmlns="http://www.ssb.no/ns/meta/codelist">0720</CodeValue>
      <CodeTextGrp xmlns="http://www.ssb.no/ns/meta/codelist">
        <CodeText xml:lang="nn">Stokke</CodeText>
        <CodeText xml:lang="nb">Stokke</CodeText>
        <CodeText xml:lang="en">Stokke</CodeText>
      </CodeTextGrp>
      <CorrespondenceItemRelation targetItem="urn:ssb:code:stabas:5326005-5326101" />
    </CorrespondenceItem>
    <CorrespondenceItem id="urn:ssb:code:stabas:8629605-8629849">
      <CodeValue xmlns="http://www.ssb.no/ns/meta/codelist">0722</CodeValue>
      <CodeTextGrp xmlns="http://www.ssb.no/ns/meta/codelist">
        <CodeText xml:lang="nn">Nøtterøy</CodeText>
        <CodeText xml:lang="nb">Nøtterøy</CodeText>
        <CodeText xml:lang="en">Nøtterøy</CodeText>
      </CodeTextGrp>
      <CorrespondenceItemRelation targetItem="urn:ssb:code:stabas:5326005-5326101" />
    </CorrespondenceItem>
    <CorrespondenceItem id="urn:ssb:code:stabas:8629605-8629853">
      <CodeValue xmlns="http://www.ssb.no/ns/meta/codelist">0728</CodeValue>
      <CodeTextGrp xmlns="http://www.ssb.no/ns/meta/codelist">
        <CodeText xml:lang="nn">Lardal</CodeText>
        <CodeText xml:lang="nb">Lardal</CodeText>
        <CodeText xml:lang="en">Lardal</CodeText>
      </CodeTextGrp>
      <CorrespondenceItemRelation targetItem="urn:ssb:code:stabas:5326005-5326101" />
    </CorrespondenceItem>
    <CorrespondenceItem id="urn:ssb:code:stabas:8629605-8629893">
      <CodeValue xmlns="http://www.ssb.no/ns/meta/codelist">0904</CodeValue>
      <CodeTextGrp xmlns="http://www.ssb.no/ns/meta/codelist">
        <CodeText xml:lang="nn">Grimstad</CodeText>
        <CodeText xml:lang="nb">Grimstad</CodeText>
        <CodeText xml:lang="en">Grimstad</CodeText>
      </CodeTextGrp>
      <CorrespondenceItemRelation targetItem="urn:ssb:code:stabas:5326005-5326101" />
    </CorrespondenceItem>
    <CorrespondenceItem id="urn:ssb:code:stabas:8629605-8629895">
      <CodeValue xmlns="http://www.ssb.no/ns/meta/codelist">0906</CodeValue>
      <CodeTextGrp xmlns="http://www.ssb.no/ns/meta/codelist">
        <CodeText xml:lang="nn">Arendal</CodeText>
        <CodeText xml:lang="nb">Arendal</CodeText>
        <CodeText xml:lang="en">Arendal</CodeText>
      </CodeTextGrp>
      <CorrespondenceItemRelation targetItem="urn:ssb:code:stabas:5326005-5326101" />
    </CorrespondenceItem>
    <CorrespondenceItem id="urn:ssb:code:stabas:8629605-8629903">
      <CodeValue xmlns="http://www.ssb.no/ns/meta/codelist">0919</CodeValue>
      <CodeTextGrp xmlns="http://www.ssb.no/ns/meta/codelist">
        <CodeText xml:lang="nn">Froland</CodeText>
        <CodeText xml:lang="nb">Froland</CodeText>
        <CodeText xml:lang="en">Froland</CodeText>
      </CodeTextGrp>
      <CorrespondenceItemRelation targetItem="urn:ssb:code:stabas:5326005-5326101" />
    </CorrespondenceItem>
    <CorrespondenceItem id="urn:ssb:code:stabas:8629605-8629905">
      <CodeValue xmlns="http://www.ssb.no/ns/meta/codelist">0926</CodeValue>
      <CodeTextGrp xmlns="http://www.ssb.no/ns/meta/codelist">
        <CodeText xml:lang="nn">Lillesand</CodeText>
        <CodeText xml:lang="nb">Lillesand</CodeText>
        <CodeText xml:lang="en">Lillesand</CodeText>
      </CodeTextGrp>
      <CorrespondenceItemRelation targetItem="urn:ssb:code:stabas:5326005-5326103" />
    </CorrespondenceItem>
    <CorrespondenceItem id="urn:ssb:code:stabas:8629605-8629907">
      <CodeValue xmlns="http://www.ssb.no/ns/meta/codelist">0928</CodeValue>
      <CodeTextGrp xmlns="http://www.ssb.no/ns/meta/codelist">
        <CodeText xml:lang="nn">Birkenes</CodeText>
        <CodeText xml:lang="nb">Birkenes</CodeText>
        <CodeText xml:lang="en">Birkenes</CodeText>
      </CodeTextGrp>
      <CorrespondenceItemRelation targetItem="urn:ssb:code:stabas:5326005-5326103" />
    </CorrespondenceItem>
    <CorrespondenceItem id="urn:ssb:code:stabas:8629605-8629911">
      <CodeValue xmlns="http://www.ssb.no/ns/meta/codelist">0935</CodeValue>
      <CodeTextGrp xmlns="http://www.ssb.no/ns/meta/codelist">
        <CodeText xml:lang="nn">Iveland</CodeText>
        <CodeText xml:lang="nb">Iveland</CodeText>
        <CodeText xml:lang="en">Iveland</CodeText>
      </CodeTextGrp>
      <CorrespondenceItemRelation targetItem="urn:ssb:code:stabas:5326005-5326101" />
    </CorrespondenceItem>
    <CorrespondenceItem id="urn:ssb:code:stabas:8629605-8629913">
      <CodeValue xmlns="http://www.ssb.no/ns/meta/codelist">0937</CodeValue>
      <CodeTextGrp xmlns="http://www.ssb.no/ns/meta/codelist">
        <CodeText xml:lang="nn">Evje og Hornnes</CodeText>
        <CodeText xml:lang="nb">Evje og Hornnes</CodeText>
        <CodeText xml:lang="en">Evje og Hornnes</CodeText>
      </CodeTextGrp>
      <CorrespondenceItemRelation targetItem="urn:ssb:code:stabas:5326005-5326101" />
    </CorrespondenceItem>
    <CorrespondenceItem id="urn:ssb:code:stabas:8629605-8629915">
      <CodeValue xmlns="http://www.ssb.no/ns/meta/codelist">0938</CodeValue>
      <CodeTextGrp xmlns="http://www.ssb.no/ns/meta/codelist">
        <CodeText xml:lang="nn">Bygland</CodeText>
        <CodeText xml:lang="nb">Bygland</CodeText>
        <CodeText xml:lang="en">Bygland</CodeText>
      </CodeTextGrp>
      <CorrespondenceItemRelation targetItem="urn:ssb:code:stabas:5326005-5326101" />
    </CorrespondenceItem>
    <CorrespondenceItem id="urn:ssb:code:stabas:8629605-8629921">
      <CodeValue xmlns="http://www.ssb.no/ns/meta/codelist">1001</CodeValue>
      <CodeTextGrp xmlns="http://www.ssb.no/ns/meta/codelist">
        <CodeText xml:lang="nn">Kristiansand</CodeText>
        <CodeText xml:lang="nb">Kristiansand</CodeText>
        <CodeText xml:lang="en">Kristiansand</CodeText>
      </CodeTextGrp>
      <CorrespondenceItemRelation targetItem="urn:ssb:code:stabas:5326005-5326105" />
    </CorrespondenceItem>
    <CorrespondenceItem id="urn:ssb:code:stabas:8629605-8629923">
      <CodeValue xmlns="http://www.ssb.no/ns/meta/codelist">1002</CodeValue>
      <CodeTextGrp xmlns="http://www.ssb.no/ns/meta/codelist">
        <CodeText xml:lang="nn">Mandal</CodeText>
        <CodeText xml:lang="nb">Mandal</CodeText>
        <CodeText xml:lang="en">Mandal</CodeText>
      </CodeTextGrp>
      <CorrespondenceItemRelation targetItem="urn:ssb:code:stabas:5326005-5326101" />
    </CorrespondenceItem>
    <CorrespondenceItem id="urn:ssb:code:stabas:8629605-8629929">
      <CodeValue xmlns="http://www.ssb.no/ns/meta/codelist">1014</CodeValue>
      <CodeTextGrp xmlns="http://www.ssb.no/ns/meta/codelist">
        <CodeText xml:lang="nn">Vennesla</CodeText>
        <CodeText xml:lang="nb">Vennesla</CodeText>
        <CodeText xml:lang="en">Vennesla</CodeText>
      </CodeTextGrp>
      <CorrespondenceItemRelation targetItem="urn:ssb:code:stabas:5326005-5326103" />
    </CorrespondenceItem>
    <CorrespondenceItem id="urn:ssb:code:stabas:8629605-8629931">
      <CodeValue xmlns="http://www.ssb.no/ns/meta/codelist">1017</CodeValue>
      <CodeTextGrp xmlns="http://www.ssb.no/ns/meta/codelist">
        <CodeText xml:lang="nn">Songdalen</CodeText>
        <CodeText xml:lang="nb">Songdalen</CodeText>
        <CodeText xml:lang="en">Songdalen</CodeText>
      </CodeTextGrp>
      <CorrespondenceItemRelation targetItem="urn:ssb:code:stabas:5326005-5326103" />
    </CorrespondenceItem>
    <CorrespondenceItem id="urn:ssb:code:stabas:8629605-8629933">
      <CodeValue xmlns="http://www.ssb.no/ns/meta/codelist">1018</CodeValue>
      <CodeTextGrp xmlns="http://www.ssb.no/ns/meta/codelist">
        <CodeText xml:lang="nn">Søgne</CodeText>
        <CodeText xml:lang="nb">Søgne</CodeText>
        <CodeText xml:lang="en">Søgne</CodeText>
      </CodeTextGrp>
      <CorrespondenceItemRelation targetItem="urn:ssb:code:stabas:5326005-5326103" />
    </CorrespondenceItem>
    <CorrespondenceItem id="urn:ssb:code:stabas:8629605-8629935">
      <CodeValue xmlns="http://www.ssb.no/ns/meta/codelist">1021</CodeValue>
      <CodeTextGrp xmlns="http://www.ssb.no/ns/meta/codelist">
        <CodeText xml:lang="nn">Marnardal</CodeText>
        <CodeText xml:lang="nb">Marnardal</CodeText>
        <CodeText xml:lang="en">Marnardal</CodeText>
      </CodeTextGrp>
      <CorrespondenceItemRelation targetItem="urn:ssb:code:stabas:5326005-5326103" />
    </CorrespondenceItem>
    <CorrespondenceItem id="urn:ssb:code:stabas:8629605-8629937">
      <CodeValue xmlns="http://www.ssb.no/ns/meta/codelist">1026</CodeValue>
      <CodeTextGrp xmlns="http://www.ssb.no/ns/meta/codelist">
        <CodeText xml:lang="nn">Åseral</CodeText>
        <CodeText xml:lang="nb">Åseral</CodeText>
        <CodeText xml:lang="en">Åseral</CodeText>
      </CodeTextGrp>
      <CorrespondenceItemRelation targetItem="urn:ssb:code:stabas:5326005-5326101" />
    </CorrespondenceItem>
    <CorrespondenceItem id="urn:ssb:code:stabas:8629605-8629939">
      <CodeValue xmlns="http://www.ssb.no/ns/meta/codelist">1027</CodeValue>
      <CodeTextGrp xmlns="http://www.ssb.no/ns/meta/codelist">
        <CodeText xml:lang="nn">Audnedal</CodeText>
        <CodeText xml:lang="nb">Audnedal</CodeText>
        <CodeText xml:lang="en">Audnedal</CodeText>
      </CodeTextGrp>
      <CorrespondenceItemRelation targetItem="urn:ssb:code:stabas:5326005-5326101" />
    </CorrespondenceItem>
    <CorrespondenceItem id="urn:ssb:code:stabas:8629605-8629941">
      <CodeValue xmlns="http://www.ssb.no/ns/meta/codelist">1029</CodeValue>
      <CodeTextGrp xmlns="http://www.ssb.no/ns/meta/codelist">
        <CodeText xml:lang="nn">Lindesnes</CodeText>
        <CodeText xml:lang="nb">Lindesnes</CodeText>
        <CodeText xml:lang="en">Lindesnes</CodeText>
      </CodeTextGrp>
      <CorrespondenceItemRelation targetItem="urn:ssb:code:stabas:5326005-5326101" />
    </CorrespondenceItem>
    <CorrespondenceItem id="urn:ssb:code:stabas:8629605-8629943">
      <CodeValue xmlns="http://www.ssb.no/ns/meta/codelist">1032</CodeValue>
      <CodeTextGrp xmlns="http://www.ssb.no/ns/meta/codelist">
        <CodeText xml:lang="nn">Lyngdal</CodeText>
        <CodeText xml:lang="nb">Lyngdal</CodeText>
        <CodeText xml:lang="en">Lyngdal</CodeText>
      </CodeTextGrp>
      <CorrespondenceItemRelation targetItem="urn:ssb:code:stabas:5326005-5326101" />
    </CorrespondenceItem>
    <CorrespondenceItem id="urn:ssb:code:stabas:8629605-8629945">
      <CodeValue xmlns="http://www.ssb.no/ns/meta/codelist">1034</CodeValue>
      <CodeTextGrp xmlns="http://www.ssb.no/ns/meta/codelist">
        <CodeText xml:lang="nn">Hægebostad</CodeText>
        <CodeText xml:lang="nb">Hægebostad</CodeText>
        <CodeText xml:lang="en">Hægebostad</CodeText>
      </CodeTextGrp>
      <CorrespondenceItemRelation targetItem="urn:ssb:code:stabas:5326005-5326101" />
    </CorrespondenceItem>
    <CorrespondenceItem id="urn:ssb:code:stabas:8629605-8629951">
      <CodeValue xmlns="http://www.ssb.no/ns/meta/codelist">1101</CodeValue>
      <CodeTextGrp xmlns="http://www.ssb.no/ns/meta/codelist">
        <CodeText xml:lang="nn">Eigersund</CodeText>
        <CodeText xml:lang="nb">Eigersund</CodeText>
        <CodeText xml:lang="en">Eigersund</CodeText>
      </CodeTextGrp>
      <CorrespondenceItemRelation targetItem="urn:ssb:code:stabas:5326005-5326101" />
    </CorrespondenceItem>
    <CorrespondenceItem id="urn:ssb:code:stabas:8629605-8629953">
      <CodeValue xmlns="http://www.ssb.no/ns/meta/codelist">1102</CodeValue>
      <CodeTextGrp xmlns="http://www.ssb.no/ns/meta/codelist">
        <CodeText xml:lang="nn">Sandnes</CodeText>
        <CodeText xml:lang="nb">Sandnes</CodeText>
        <CodeText xml:lang="en">Sandnes</CodeText>
      </CodeTextGrp>
      <CorrespondenceItemRelation targetItem="urn:ssb:code:stabas:5326005-5326103" />
    </CorrespondenceItem>
    <CorrespondenceItem id="urn:ssb:code:stabas:8629605-8629955">
      <CodeValue xmlns="http://www.ssb.no/ns/meta/codelist">1103</CodeValue>
      <CodeTextGrp xmlns="http://www.ssb.no/ns/meta/codelist">
        <CodeText xml:lang="nn">Stavanger</CodeText>
        <CodeText xml:lang="nb">Stavanger</CodeText>
        <CodeText xml:lang="en">Stavanger</CodeText>
      </CodeTextGrp>
      <CorrespondenceItemRelation targetItem="urn:ssb:code:stabas:5326005-5326105" />
    </CorrespondenceItem>
    <CorrespondenceItem id="urn:ssb:code:stabas:8629605-8629959">
      <CodeValue xmlns="http://www.ssb.no/ns/meta/codelist">1111</CodeValue>
      <CodeTextGrp xmlns="http://www.ssb.no/ns/meta/codelist">
        <CodeText xml:lang="nn">Sokndal</CodeText>
        <CodeText xml:lang="nb">Sokndal</CodeText>
        <CodeText xml:lang="en">Sokndal</CodeText>
      </CodeTextGrp>
      <CorrespondenceItemRelation targetItem="urn:ssb:code:stabas:5326005-5326101" />
    </CorrespondenceItem>
    <CorrespondenceItem id="urn:ssb:code:stabas:8629605-8629963">
      <CodeValue xmlns="http://www.ssb.no/ns/meta/codelist">1114</CodeValue>
      <CodeTextGrp xmlns="http://www.ssb.no/ns/meta/codelist">
        <CodeText xml:lang="nn">Bjerkreim</CodeText>
        <CodeText xml:lang="nb">Bjerkreim</CodeText>
        <CodeText xml:lang="en">Bjerkreim</CodeText>
      </CodeTextGrp>
      <CorrespondenceItemRelation targetItem="urn:ssb:code:stabas:5326005-5326101" />
    </CorrespondenceItem>
    <CorrespondenceItem id="urn:ssb:code:stabas:8629605-8629965">
      <CodeValue xmlns="http://www.ssb.no/ns/meta/codelist">1119</CodeValue>
      <CodeTextGrp xmlns="http://www.ssb.no/ns/meta/codelist">
        <CodeText xml:lang="nn">Hå</CodeText>
        <CodeText xml:lang="nb">Hå</CodeText>
        <CodeText xml:lang="en">Hå</CodeText>
      </CodeTextGrp>
      <CorrespondenceItemRelation targetItem="urn:ssb:code:stabas:5326005-5326103" />
    </CorrespondenceItem>
    <CorrespondenceItem id="urn:ssb:code:stabas:8629605-8629967">
      <CodeValue xmlns="http://www.ssb.no/ns/meta/codelist">1120</CodeValue>
      <CodeTextGrp xmlns="http://www.ssb.no/ns/meta/codelist">
        <CodeText xml:lang="nn">Klepp</CodeText>
        <CodeText xml:lang="nb">Klepp</CodeText>
        <CodeText xml:lang="en">Klepp</CodeText>
      </CodeTextGrp>
      <CorrespondenceItemRelation targetItem="urn:ssb:code:stabas:5326005-5326103" />
    </CorrespondenceItem>
    <CorrespondenceItem id="urn:ssb:code:stabas:8629605-8629969">
      <CodeValue xmlns="http://www.ssb.no/ns/meta/codelist">1121</CodeValue>
      <CodeTextGrp xmlns="http://www.ssb.no/ns/meta/codelist">
        <CodeText xml:lang="nn">Time</CodeText>
        <CodeText xml:lang="nb">Time</CodeText>
        <CodeText xml:lang="en">Time</CodeText>
      </CodeTextGrp>
      <CorrespondenceItemRelation targetItem="urn:ssb:code:stabas:5326005-5326103" />
    </CorrespondenceItem>
    <CorrespondenceItem id="urn:ssb:code:stabas:8629605-8629971">
      <CodeValue xmlns="http://www.ssb.no/ns/meta/codelist">1122</CodeValue>
      <CodeTextGrp xmlns="http://www.ssb.no/ns/meta/codelist">
        <CodeText xml:lang="nn">Gjesdal</CodeText>
        <CodeText xml:lang="nb">Gjesdal</CodeText>
        <CodeText xml:lang="en">Gjesdal</CodeText>
      </CodeTextGrp>
      <CorrespondenceItemRelation targetItem="urn:ssb:code:stabas:5326005-5326103" />
    </CorrespondenceItem>
    <CorrespondenceItem id="urn:ssb:code:stabas:8629605-8629973">
      <CodeValue xmlns="http://www.ssb.no/ns/meta/codelist">1124</CodeValue>
      <CodeTextGrp xmlns="http://www.ssb.no/ns/meta/codelist">
        <CodeText xml:lang="nn">Sola</CodeText>
        <CodeText xml:lang="nb">Sola</CodeText>
        <CodeText xml:lang="en">Sola</CodeText>
      </CodeTextGrp>
      <CorrespondenceItemRelation targetItem="urn:ssb:code:stabas:5326005-5326103" />
    </CorrespondenceItem>
    <CorrespondenceItem id="urn:ssb:code:stabas:8629605-8629975">
      <CodeValue xmlns="http://www.ssb.no/ns/meta/codelist">1127</CodeValue>
      <CodeTextGrp xmlns="http://www.ssb.no/ns/meta/codelist">
        <CodeText xml:lang="nn">Randaberg</CodeText>
        <CodeText xml:lang="nb">Randaberg</CodeText>
        <CodeText xml:lang="en">Randaberg</CodeText>
      </CodeTextGrp>
      <CorrespondenceItemRelation targetItem="urn:ssb:code:stabas:5326005-5326103" />
    </CorrespondenceItem>
    <CorrespondenceItem id="urn:ssb:code:stabas:8629605-8629977">
      <CodeValue xmlns="http://www.ssb.no/ns/meta/codelist">1129</CodeValue>
      <CodeTextGrp xmlns="http://www.ssb.no/ns/meta/codelist">
        <CodeText xml:lang="nn">Forsand</CodeText>
        <CodeText xml:lang="nb">Forsand</CodeText>
        <CodeText xml:lang="en">Forsand</CodeText>
      </CodeTextGrp>
      <CorrespondenceItemRelation targetItem="urn:ssb:code:stabas:5326005-5326101" />
    </CorrespondenceItem>
    <CorrespondenceItem id="urn:ssb:code:stabas:8629605-8629979">
      <CodeValue xmlns="http://www.ssb.no/ns/meta/codelist">1130</CodeValue>
      <CodeTextGrp xmlns="http://www.ssb.no/ns/meta/codelist">
        <CodeText xml:lang="nn">Strand</CodeText>
        <CodeText xml:lang="nb">Strand</CodeText>
        <CodeText xml:lang="en">Strand</CodeText>
      </CodeTextGrp>
      <CorrespondenceItemRelation targetItem="urn:ssb:code:stabas:5326005-5326101" />
    </CorrespondenceItem>
    <CorrespondenceItem id="urn:ssb:code:stabas:8629605-8629987">
      <CodeValue xmlns="http://www.ssb.no/ns/meta/codelist">1141</CodeValue>
      <CodeTextGrp xmlns="http://www.ssb.no/ns/meta/codelist">
        <CodeText xml:lang="nn">Finnøy</CodeText>
        <CodeText xml:lang="nb">Finnøy</CodeText>
        <CodeText xml:lang="en">Finnøy</CodeText>
      </CodeTextGrp>
      <CorrespondenceItemRelation targetItem="urn:ssb:code:stabas:5326005-5326101" />
    </CorrespondenceItem>
    <CorrespondenceItem id="urn:ssb:code:stabas:8629605-8629989">
      <CodeValue xmlns="http://www.ssb.no/ns/meta/codelist">1142</CodeValue>
      <CodeTextGrp xmlns="http://www.ssb.no/ns/meta/codelist">
        <CodeText xml:lang="nn">Rennesøy</CodeText>
        <CodeText xml:lang="nb">Rennesøy</CodeText>
        <CodeText xml:lang="en">Rennesøy</CodeText>
      </CodeTextGrp>
      <CorrespondenceItemRelation targetItem="urn:ssb:code:stabas:5326005-5326103" />
    </CorrespondenceItem>
    <CorrespondenceItem id="urn:ssb:code:stabas:8629605-8629991">
      <CodeValue xmlns="http://www.ssb.no/ns/meta/codelist">1144</CodeValue>
      <CodeTextGrp xmlns="http://www.ssb.no/ns/meta/codelist">
        <CodeText xml:lang="nn">Kvitsøy</CodeText>
        <CodeText xml:lang="nb">Kvitsøy</CodeText>
        <CodeText xml:lang="en">Kvitsøy</CodeText>
      </CodeTextGrp>
      <CorrespondenceItemRelation targetItem="urn:ssb:code:stabas:5326005-5326101" />
    </CorrespondenceItem>
    <CorrespondenceItem id="urn:ssb:code:stabas:8629605-8629993">
      <CodeValue xmlns="http://www.ssb.no/ns/meta/codelist">1145</CodeValue>
      <CodeTextGrp xmlns="http://www.ssb.no/ns/meta/codelist">
        <CodeText xml:lang="nn">Bokn</CodeText>
        <CodeText xml:lang="nb">Bokn</CodeText>
        <CodeText xml:lang="en">Bokn</CodeText>
      </CodeTextGrp>
      <CorrespondenceItemRelation targetItem="urn:ssb:code:stabas:5326005-5326101" />
    </CorrespondenceItem>
    <CorrespondenceItem id="urn:ssb:code:stabas:8629605-8630003">
      <CodeValue xmlns="http://www.ssb.no/ns/meta/codelist">1201</CodeValue>
      <CodeTextGrp xmlns="http://www.ssb.no/ns/meta/codelist">
        <CodeText xml:lang="nn">Bergen</CodeText>
        <CodeText xml:lang="nb">Bergen</CodeText>
        <CodeText xml:lang="en">Bergen</CodeText>
      </CodeTextGrp>
      <CorrespondenceItemRelation targetItem="urn:ssb:code:stabas:5326005-5326105" />
    </CorrespondenceItem>
    <CorrespondenceItem id="urn:ssb:code:stabas:8629605-8630033">
      <CodeValue xmlns="http://www.ssb.no/ns/meta/codelist">1238</CodeValue>
      <CodeTextGrp xmlns="http://www.ssb.no/ns/meta/codelist">
        <CodeText xml:lang="nn">Kvam</CodeText>
        <CodeText xml:lang="nb">Kvam</CodeText>
        <CodeText xml:lang="en">Kvam</CodeText>
      </CodeTextGrp>
      <CorrespondenceItemRelation targetItem="urn:ssb:code:stabas:5326005-5326101" />
    </CorrespondenceItem>
    <CorrespondenceItem id="urn:ssb:code:stabas:8629605-8630035">
      <CodeValue xmlns="http://www.ssb.no/ns/meta/codelist">1241</CodeValue>
      <CodeTextGrp xmlns="http://www.ssb.no/ns/meta/codelist">
        <CodeText xml:lang="nn">Fusa</CodeText>
        <CodeText xml:lang="nb">Fusa</CodeText>
        <CodeText xml:lang="en">Fusa</CodeText>
      </CodeTextGrp>
      <CorrespondenceItemRelation targetItem="urn:ssb:code:stabas:5326005-5326101" />
    </CorrespondenceItem>
    <CorrespondenceItem id="urn:ssb:code:stabas:8629605-8630037">
      <CodeValue xmlns="http://www.ssb.no/ns/meta/codelist">1242</CodeValue>
      <CodeTextGrp xmlns="http://www.ssb.no/ns/meta/codelist">
        <CodeText xml:lang="nn">Samnanger</CodeText>
        <CodeText xml:lang="nb">Samnanger</CodeText>
        <CodeText xml:lang="en">Samnanger</CodeText>
      </CodeTextGrp>
      <CorrespondenceItemRelation targetItem="urn:ssb:code:stabas:5326005-5326101" />
    </CorrespondenceItem>
    <CorrespondenceItem id="urn:ssb:code:stabas:8629605-8630039">
      <CodeValue xmlns="http://www.ssb.no/ns/meta/codelist">1243</CodeValue>
      <CodeTextGrp xmlns="http://www.ssb.no/ns/meta/codelist">
        <CodeText xml:lang="nn">Os</CodeText>
        <CodeText xml:lang="nb">Os</CodeText>
        <CodeText xml:lang="en">Os</CodeText>
      </CodeTextGrp>
      <CorrespondenceItemRelation targetItem="urn:ssb:code:stabas:5326005-5326103" />
    </CorrespondenceItem>
    <CorrespondenceItem id="urn:ssb:code:stabas:8629605-8630041">
      <CodeValue xmlns="http://www.ssb.no/ns/meta/codelist">1244</CodeValue>
      <CodeTextGrp xmlns="http://www.ssb.no/ns/meta/codelist">
        <CodeText xml:lang="nn">Austevoll</CodeText>
        <CodeText xml:lang="nb">Austevoll</CodeText>
        <CodeText xml:lang="en">Austevoll</CodeText>
      </CodeTextGrp>
      <CorrespondenceItemRelation targetItem="urn:ssb:code:stabas:5326005-5326101" />
    </CorrespondenceItem>
    <CorrespondenceItem id="urn:ssb:code:stabas:8629605-8630043">
      <CodeValue xmlns="http://www.ssb.no/ns/meta/codelist">1245</CodeValue>
      <CodeTextGrp xmlns="http://www.ssb.no/ns/meta/codelist">
        <CodeText xml:lang="nn">Sund</CodeText>
        <CodeText xml:lang="nb">Sund</CodeText>
        <CodeText xml:lang="en">Sund</CodeText>
      </CodeTextGrp>
      <CorrespondenceItemRelation targetItem="urn:ssb:code:stabas:5326005-5326103" />
    </CorrespondenceItem>
    <CorrespondenceItem id="urn:ssb:code:stabas:8629605-8630045">
      <CodeValue xmlns="http://www.ssb.no/ns/meta/codelist">1246</CodeValue>
      <CodeTextGrp xmlns="http://www.ssb.no/ns/meta/codelist">
        <CodeText xml:lang="nn">Fjell</CodeText>
        <CodeText xml:lang="nb">Fjell</CodeText>
        <CodeText xml:lang="en">Fjell</CodeText>
      </CodeTextGrp>
      <CorrespondenceItemRelation targetItem="urn:ssb:code:stabas:5326005-5326103" />
    </CorrespondenceItem>
    <CorrespondenceItem id="urn:ssb:code:stabas:8629605-8630047">
      <CodeValue xmlns="http://www.ssb.no/ns/meta/codelist">1247</CodeValue>
      <CodeTextGrp xmlns="http://www.ssb.no/ns/meta/codelist">
        <CodeText xml:lang="nn">Askøy</CodeText>
        <CodeText xml:lang="nb">Askøy</CodeText>
        <CodeText xml:lang="en">Askøy</CodeText>
      </CodeTextGrp>
      <CorrespondenceItemRelation targetItem="urn:ssb:code:stabas:5326005-5326103" />
    </CorrespondenceItem>
    <CorrespondenceItem id="urn:ssb:code:stabas:8629605-8630049">
      <CodeValue xmlns="http://www.ssb.no/ns/meta/codelist">1251</CodeValue>
      <CodeTextGrp xmlns="http://www.ssb.no/ns/meta/codelist">
        <CodeText xml:lang="nn">Vaksdal</CodeText>
        <CodeText xml:lang="nb">Vaksdal</CodeText>
        <CodeText xml:lang="en">Vaksdal</CodeText>
      </CodeTextGrp>
      <CorrespondenceItemRelation targetItem="urn:ssb:code:stabas:5326005-5326101" />
    </CorrespondenceItem>
    <CorrespondenceItem id="urn:ssb:code:stabas:8629605-8630051">
      <CodeValue xmlns="http://www.ssb.no/ns/meta/codelist">1252</CodeValue>
      <CodeTextGrp xmlns="http://www.ssb.no/ns/meta/codelist">
        <CodeText xml:lang="nn">Modalen</CodeText>
        <CodeText xml:lang="nb">Modalen</CodeText>
        <CodeText xml:lang="en">Modalen</CodeText>
      </CodeTextGrp>
      <CorrespondenceItemRelation targetItem="urn:ssb:code:stabas:5326005-5326101" />
    </CorrespondenceItem>
    <CorrespondenceItem id="urn:ssb:code:stabas:8629605-8630053">
      <CodeValue xmlns="http://www.ssb.no/ns/meta/codelist">1253</CodeValue>
      <CodeTextGrp xmlns="http://www.ssb.no/ns/meta/codelist">
        <CodeText xml:lang="nn">Osterøy</CodeText>
        <CodeText xml:lang="nb">Osterøy</CodeText>
        <CodeText xml:lang="en">Osterøy</CodeText>
      </CodeTextGrp>
      <CorrespondenceItemRelation targetItem="urn:ssb:code:stabas:5326005-5326103" />
    </CorrespondenceItem>
    <CorrespondenceItem id="urn:ssb:code:stabas:8629605-8630055">
      <CodeValue xmlns="http://www.ssb.no/ns/meta/codelist">1256</CodeValue>
      <CodeTextGrp xmlns="http://www.ssb.no/ns/meta/codelist">
        <CodeText xml:lang="nn">Meland</CodeText>
        <CodeText xml:lang="nb">Meland</CodeText>
        <CodeText xml:lang="en">Meland</CodeText>
      </CodeTextGrp>
      <CorrespondenceItemRelation targetItem="urn:ssb:code:stabas:5326005-5326103" />
    </CorrespondenceItem>
    <CorrespondenceItem id="urn:ssb:code:stabas:8629605-8630057">
      <CodeValue xmlns="http://www.ssb.no/ns/meta/codelist">1259</CodeValue>
      <CodeTextGrp xmlns="http://www.ssb.no/ns/meta/codelist">
        <CodeText xml:lang="nn">Øygarden</CodeText>
        <CodeText xml:lang="nb">Øygarden</CodeText>
        <CodeText xml:lang="en">Øygarden</CodeText>
      </CodeTextGrp>
      <CorrespondenceItemRelation targetItem="urn:ssb:code:stabas:5326005-5326101" />
    </CorrespondenceItem>
    <CorrespondenceItem id="urn:ssb:code:stabas:8629605-8630059">
      <CodeValue xmlns="http://www.ssb.no/ns/meta/codelist">1260</CodeValue>
      <CodeTextGrp xmlns="http://www.ssb.no/ns/meta/codelist">
        <CodeText xml:lang="nn">Radøy</CodeText>
        <CodeText xml:lang="nb">Radøy</CodeText>
        <CodeText xml:lang="en">Radøy</CodeText>
      </CodeTextGrp>
      <CorrespondenceItemRelation targetItem="urn:ssb:code:stabas:5326005-5326101" />
    </CorrespondenceItem>
    <CorrespondenceItem id="urn:ssb:code:stabas:8629605-8630061">
      <CodeValue xmlns="http://www.ssb.no/ns/meta/codelist">1263</CodeValue>
      <CodeTextGrp xmlns="http://www.ssb.no/ns/meta/codelist">
        <CodeText xml:lang="nn">Lindås</CodeText>
        <CodeText xml:lang="nb">Lindås</CodeText>
        <CodeText xml:lang="en">Lindås</CodeText>
      </CodeTextGrp>
      <CorrespondenceItemRelation targetItem="urn:ssb:code:stabas:5326005-5326103" />
    </CorrespondenceItem>
    <CorrespondenceItem id="urn:ssb:code:stabas:8629605-8630063">
      <CodeValue xmlns="http://www.ssb.no/ns/meta/codelist">1264</CodeValue>
      <CodeTextGrp xmlns="http://www.ssb.no/ns/meta/codelist">
        <CodeText xml:lang="nn">Austrheim</CodeText>
        <CodeText xml:lang="nb">Austrheim</CodeText>
        <CodeText xml:lang="en">Austrheim</CodeText>
      </CodeTextGrp>
      <CorrespondenceItemRelation targetItem="urn:ssb:code:stabas:5326005-5326101" />
    </CorrespondenceItem>
    <CorrespondenceItem id="urn:ssb:code:stabas:8629605-8630067">
      <CodeValue xmlns="http://www.ssb.no/ns/meta/codelist">1266</CodeValue>
      <CodeTextGrp xmlns="http://www.ssb.no/ns/meta/codelist">
        <CodeText xml:lang="nn">Masfjorden</CodeText>
        <CodeText xml:lang="nb">Masfjorden</CodeText>
        <CodeText xml:lang="en">Masfjorden</CodeText>
      </CodeTextGrp>
      <CorrespondenceItemRelation targetItem="urn:ssb:code:stabas:5326005-5326101" />
    </CorrespondenceItem>
    <CorrespondenceItem id="urn:ssb:code:stabas:8629605-8630193">
      <CodeValue xmlns="http://www.ssb.no/ns/meta/codelist">1601</CodeValue>
      <CodeTextGrp xmlns="http://www.ssb.no/ns/meta/codelist">
        <CodeText xml:lang="nn">Trondheim</CodeText>
        <CodeText xml:lang="nb">Trondheim</CodeText>
        <CodeText xml:lang="en">Trondheim</CodeText>
      </CodeTextGrp>
      <CorrespondenceItemRelation targetItem="urn:ssb:code:stabas:5326005-5326105" />
    </CorrespondenceItem>
    <CorrespondenceItem id="urn:ssb:code:stabas:8629605-8630197">
      <CodeValue xmlns="http://www.ssb.no/ns/meta/codelist">1613</CodeValue>
      <CodeTextGrp xmlns="http://www.ssb.no/ns/meta/codelist">
        <CodeText xml:lang="nn">Snillfjord</CodeText>
        <CodeText xml:lang="nb">Snillfjord</CodeText>
        <CodeText xml:lang="en">Snillfjord</CodeText>
      </CodeTextGrp>
      <CorrespondenceItemRelation targetItem="urn:ssb:code:stabas:5326005-5326101" />
    </CorrespondenceItem>
    <CorrespondenceItem id="urn:ssb:code:stabas:8629605-8630205">
      <CodeValue xmlns="http://www.ssb.no/ns/meta/codelist">1622</CodeValue>
      <CodeTextGrp xmlns="http://www.ssb.no/ns/meta/codelist">
        <CodeText xml:lang="nn">Agdenes</CodeText>
        <CodeText xml:lang="nb">Agdenes</CodeText>
        <CodeText xml:lang="en">Agdenes</CodeText>
      </CodeTextGrp>
      <CorrespondenceItemRelation targetItem="urn:ssb:code:stabas:5326005-5326101" />
    </CorrespondenceItem>
    <CorrespondenceItem id="urn:ssb:code:stabas:8629605-8630207">
      <CodeValue xmlns="http://www.ssb.no/ns/meta/codelist">1624</CodeValue>
      <CodeTextGrp xmlns="http://www.ssb.no/ns/meta/codelist">
        <CodeText xml:lang="nn">Rissa</CodeText>
        <CodeText xml:lang="nb">Rissa</CodeText>
        <CodeText xml:lang="en">Rissa</CodeText>
      </CodeTextGrp>
      <CorrespondenceItemRelation targetItem="urn:ssb:code:stabas:5326005-5326101" />
    </CorrespondenceItem>
    <CorrespondenceItem id="urn:ssb:code:stabas:8629605-8630219">
      <CodeValue xmlns="http://www.ssb.no/ns/meta/codelist">1635</CodeValue>
      <CodeTextGrp xmlns="http://www.ssb.no/ns/meta/codelist">
        <CodeText xml:lang="nn">Rennebu</CodeText>
        <CodeText xml:lang="nb">Rennebu</CodeText>
        <CodeText xml:lang="en">Rennebu</CodeText>
      </CodeTextGrp>
      <CorrespondenceItemRelation targetItem="urn:ssb:code:stabas:5326005-5326101" />
    </CorrespondenceItem>
    <CorrespondenceItem id="urn:ssb:code:stabas:8629605-8630221">
      <CodeValue xmlns="http://www.ssb.no/ns/meta/codelist">1636</CodeValue>
      <CodeTextGrp xmlns="http://www.ssb.no/ns/meta/codelist">
        <CodeText xml:lang="nn">Meldal</CodeText>
        <CodeText xml:lang="nb">Meldal</CodeText>
        <CodeText xml:lang="en">Meldal</CodeText>
      </CodeTextGrp>
      <CorrespondenceItemRelation targetItem="urn:ssb:code:stabas:5326005-5326101" />
    </CorrespondenceItem>
    <CorrespondenceItem id="urn:ssb:code:stabas:8629605-8630223">
      <CodeValue xmlns="http://www.ssb.no/ns/meta/codelist">1638</CodeValue>
      <CodeTextGrp xmlns="http://www.ssb.no/ns/meta/codelist">
        <CodeText xml:lang="nn">Orkdal</CodeText>
        <CodeText xml:lang="nb">Orkdal</CodeText>
        <CodeText xml:lang="en">Orkdal</CodeText>
      </CodeTextGrp>
      <CorrespondenceItemRelation targetItem="urn:ssb:code:stabas:5326005-5326103" />
    </CorrespondenceItem>
    <CorrespondenceItem id="urn:ssb:code:stabas:8629605-8630229">
      <CodeValue xmlns="http://www.ssb.no/ns/meta/codelist">1648</CodeValue>
      <CodeTextGrp xmlns="http://www.ssb.no/ns/meta/codelist">
        <CodeText xml:lang="nn">Midtre Gauldal</CodeText>
        <CodeText xml:lang="nb">Midtre Gauldal</CodeText>
        <CodeText xml:lang="en">Midtre Gauldal</CodeText>
      </CodeTextGrp>
      <CorrespondenceItemRelation targetItem="urn:ssb:code:stabas:5326005-5326101" />
    </CorrespondenceItem>
    <CorrespondenceItem id="urn:ssb:code:stabas:8629605-8630231">
      <CodeValue xmlns="http://www.ssb.no/ns/meta/codelist">1653</CodeValue>
      <CodeTextGrp xmlns="http://www.ssb.no/ns/meta/codelist">
        <CodeText xml:lang="nn">Melhus</CodeText>
        <CodeText xml:lang="nb">Melhus</CodeText>
        <CodeText xml:lang="en">Melhus</CodeText>
      </CodeTextGrp>
      <CorrespondenceItemRelation targetItem="urn:ssb:code:stabas:5326005-5326103" />
    </CorrespondenceItem>
    <CorrespondenceItem id="urn:ssb:code:stabas:8629605-8630233">
      <CodeValue xmlns="http://www.ssb.no/ns/meta/codelist">1657</CodeValue>
      <CodeTextGrp xmlns="http://www.ssb.no/ns/meta/codelist">
        <CodeText xml:lang="nn">Skaun</CodeText>
        <CodeText xml:lang="nb">Skaun</CodeText>
        <CodeText xml:lang="en">Skaun</CodeText>
      </CodeTextGrp>
      <CorrespondenceItemRelation targetItem="urn:ssb:code:stabas:5326005-5326103" />
    </CorrespondenceItem>
    <CorrespondenceItem id="urn:ssb:code:stabas:8629605-8630235">
      <CodeValue xmlns="http://www.ssb.no/ns/meta/codelist">1662</CodeValue>
      <CodeTextGrp xmlns="http://www.ssb.no/ns/meta/codelist">
        <CodeText xml:lang="nn">Klæbu</CodeText>
        <CodeText xml:lang="nb">Klæbu</CodeText>
        <CodeText xml:lang="en">Klæbu</CodeText>
      </CodeTextGrp>
      <CorrespondenceItemRelation targetItem="urn:ssb:code:stabas:5326005-5326103" />
    </CorrespondenceItem>
    <CorrespondenceItem id="urn:ssb:code:stabas:8629605-8630237">
      <CodeValue xmlns="http://www.ssb.no/ns/meta/codelist">1663</CodeValue>
      <CodeTextGrp xmlns="http://www.ssb.no/ns/meta/codelist">
        <CodeText xml:lang="nn">Malvik</CodeText>
        <CodeText xml:lang="nb">Malvik</CodeText>
        <CodeText xml:lang="en">Malvik</CodeText>
      </CodeTextGrp>
      <CorrespondenceItemRelation targetItem="urn:ssb:code:stabas:5326005-5326103" />
    </CorrespondenceItem>
    <CorrespondenceItem id="urn:ssb:code:stabas:8629605-8630239">
      <CodeValue xmlns="http://www.ssb.no/ns/meta/codelist">1664</CodeValue>
      <CodeTextGrp xmlns="http://www.ssb.no/ns/meta/codelist">
        <CodeText xml:lang="nn">Selbu</CodeText>
        <CodeText xml:lang="nb">Selbu</CodeText>
        <CodeText xml:lang="en">Selbu</CodeText>
      </CodeTextGrp>
      <CorrespondenceItemRelation targetItem="urn:ssb:code:stabas:5326005-5326101" />
    </CorrespondenceItem>
    <CorrespondenceItem id="urn:ssb:code:stabas:8629605-8630247">
      <CodeValue xmlns="http://www.ssb.no/ns/meta/codelist">1711</CodeValue>
      <CodeTextGrp xmlns="http://www.ssb.no/ns/meta/codelist">
        <CodeText xml:lang="nn">Meråker</CodeText>
        <CodeText xml:lang="nb">Meråker</CodeText>
        <CodeText xml:lang="en">Meråker</CodeText>
      </CodeTextGrp>
      <CorrespondenceItemRelation targetItem="urn:ssb:code:stabas:5326005-5326101" />
    </CorrespondenceItem>
    <CorrespondenceItem id="urn:ssb:code:stabas:8629605-8630249">
      <CodeValue xmlns="http://www.ssb.no/ns/meta/codelist">1714</CodeValue>
      <CodeTextGrp xmlns="http://www.ssb.no/ns/meta/codelist">
        <CodeText xml:lang="nn">Stjørdal</CodeText>
        <CodeText xml:lang="nb">Stjørdal</CodeText>
        <CodeText xml:lang="en">Stjørdal</CodeText>
      </CodeTextGrp>
      <CorrespondenceItemRelation targetItem="urn:ssb:code:stabas:5326005-5326103" />
    </CorrespondenceItem>
    <CorrespondenceItem id="urn:ssb:code:stabas:8629605-8630251">
      <CodeValue xmlns="http://www.ssb.no/ns/meta/codelist">1717</CodeValue>
      <CodeTextGrp xmlns="http://www.ssb.no/ns/meta/codelist">
        <CodeText xml:lang="nn">Frosta</CodeText>
        <CodeText xml:lang="nb">Frosta</CodeText>
        <CodeText xml:lang="en">Frosta</CodeText>
      </CodeTextGrp>
      <CorrespondenceItemRelation targetItem="urn:ssb:code:stabas:5326005-5326101" />
    </CorrespondenceItem>
    <CorrespondenceItem id="urn:ssb:code:stabas:8629605-8630253">
      <CodeValue xmlns="http://www.ssb.no/ns/meta/codelist">1718</CodeValue>
      <CodeTextGrp xmlns="http://www.ssb.no/ns/meta/codelist">
        <CodeText xml:lang="nn">Leksvik</CodeText>
        <CodeText xml:lang="nb">Leksvik</CodeText>
        <CodeText xml:lang="en">Leksvik</CodeText>
      </CodeTextGrp>
      <CorrespondenceItemRelation targetItem="urn:ssb:code:stabas:5326005-5326101" />
    </CorrespondenceItem>
    <CorrespondenceItem id="urn:ssb:code:stabas:8629605-8630255">
      <CodeValue xmlns="http://www.ssb.no/ns/meta/codelist">1719</CodeValue>
      <CodeTextGrp xmlns="http://www.ssb.no/ns/meta/codelist">
        <CodeText xml:lang="nn">Levanger</CodeText>
        <CodeText xml:lang="nb">Levanger</CodeText>
        <CodeText xml:lang="en">Levanger</CodeText>
      </CodeTextGrp>
      <CorrespondenceItemRelation targetItem="urn:ssb:code:stabas:5326005-5326101" />
    </CorrespondenceItem>
    <CorrespondenceItem id="urn:ssb:code:stabas:8629605-8630257">
      <CodeValue xmlns="http://www.ssb.no/ns/meta/codelist">1721</CodeValue>
      <CodeTextGrp xmlns="http://www.ssb.no/ns/meta/codelist">
        <CodeText xml:lang="nn">Verdal</CodeText>
        <CodeText xml:lang="nb">Verdal</CodeText>
        <CodeText xml:lang="en">Verdal</CodeText>
      </CodeTextGrp>
      <CorrespondenceItemRelation targetItem="urn:ssb:code:stabas:5326005-5326101" />
    </CorrespondenceItem>
    <CorrespondenceItem id="urn:ssb:code:stabas:8629605-8630379">
      <CodeValue xmlns="http://www.ssb.no/ns/meta/codelist">1902</CodeValue>
      <CodeTextGrp xmlns="http://www.ssb.no/ns/meta/codelist">
        <CodeText xml:lang="nn">Tromsø</CodeText>
        <CodeText xml:lang="nb">Tromsø</CodeText>
        <CodeText xml:lang="en">Tromsø</CodeText>
      </CodeTextGrp>
      <CorrespondenceItemRelation targetItem="urn:ssb:code:stabas:5326005-5326105" />
    </CorrespondenceItem>
    <CorrespondenceItem id="urn:ssb:code:stabas:8629605-8630411">
      <CodeValue xmlns="http://www.ssb.no/ns/meta/codelist">1933</CodeValue>
      <CodeTextGrp xmlns="http://www.ssb.no/ns/meta/codelist">
        <CodeText xml:lang="nn">Balsfjord</CodeText>
        <CodeText xml:lang="nb">Balsfjord</CodeText>
        <CodeText xml:lang="en">Balsfjord</CodeText>
      </CodeTextGrp>
      <CorrespondenceItemRelation targetItem="urn:ssb:code:stabas:5326005-5326101" />
    </CorrespondenceItem>
    <CorrespondenceItem id="urn:ssb:code:stabas:8629605-8630413">
      <CodeValue xmlns="http://www.ssb.no/ns/meta/codelist">1936</CodeValue>
      <CodeTextGrp xmlns="http://www.ssb.no/ns/meta/codelist">
        <CodeText xml:lang="nn">Karlsøy</CodeText>
        <CodeText xml:lang="nb">Karlsøy</CodeText>
        <CodeText xml:lang="en">Karlsøy</CodeText>
      </CodeTextGrp>
      <CorrespondenceItemRelation targetItem="urn:ssb:code:stabas:5326005-5326101" />
    </CorrespondenceItem>
  </CorrespondenceItemGroup>
</CorrespondenceTable>