<?xml version="1.0" encoding="utf-8"?>
<CorrespondenceTable xmlns:xsi="http://www.w3.org/2001/XMLSchema-instance" xmlns:xsd="http://www.w3.org/2001/XMLSchema" id="urn:ssb:corrtable:stabas:8720304" classVersionSourceId="urn:ssb:classversion:stabas:8629601" classVersionTargetId="urn:ssb:classversion:stabas:8258101" classLevelSourceId="urn:ssb:codelist:stabas:8629605" classLevelTargetId="urn:ssb:codelist:stabas:8258105" showInternet="true" showIntranet="true" xmlns="http://www.ssb.no/ns/meta/correspondence">
  <TitleGrp>
    <Title xml:lang="nn">Kommunar 2013, Kommaner 2012</Title>
    <Title xml:lang="nb">Kommuner 2013, Kommuner 2012</Title>
    <Title xml:lang="en">Municipalities 2013, Municipalities 2012</Title>
  </TitleGrp>
  <DescriptionGrp />
  <ContactInformation>
    <Person xmlns="http://www.ssb.no/ns/meta/common">hhe</Person>
    <Division xmlns="http://www.ssb.no/ns/meta/common">320</Division>
  </ContactInformation>
  <CorrespondenceItemGroup id="urn:ssb:codelist:stabas:8629605" relationshipType="1:N">
    <CorrespondenceItem id="urn:ssb:code:stabas:8629605-8630263">
      <CodeValue xmlns="http://www.ssb.no/ns/meta/codelist">1736</CodeValue>
      <CodeTextGrp xmlns="http://www.ssb.no/ns/meta/codelist">
        <CodeText xml:lang="nn">Snåase Snåsa</CodeText>
        <CodeText xml:lang="nb">Snåase Snåsa</CodeText>
        <CodeText xml:lang="en">Snåase Snåsa</CodeText>
      </CodeTextGrp>
      <DescriptionGrp xmlns="http://www.ssb.no/ns/meta/codelist">
        <Description xml:lang="nn">Frå  01.01.2013 tospråkeleg kommunenamn.</Description>
        <Description xml:lang="nb">Fra 01.01.2013 vedtatt tospråkelig kommunenavn.</Description>
      </DescriptionGrp>
      <CorrespondenceItemRelation targetItem="urn:ssb:code:stabas:8258105-8258767" />
    </CorrespondenceItem>
    <CorrespondenceItem id="urn:ssb:code:stabas:8629605-8630343">
      <CodeValue xmlns="http://www.ssb.no/ns/meta/codelist">1849</CodeValue>
      <CodeTextGrp xmlns="http://www.ssb.no/ns/meta/codelist">
        <CodeText xml:lang="nn">Hábmer Hamarøy</CodeText>
        <CodeText xml:lang="nb">Hábmer Hamarøy</CodeText>
        <CodeText xml:lang="en">Hábmer Hamarøy</CodeText>
      </CodeTextGrp>
      <DescriptionGrp xmlns="http://www.ssb.no/ns/meta/codelist">
        <Description xml:lang="nn">Frå 01.01.2013  tospråkeleg kommunenamn.</Description>
        <Description xml:lang="nb">Fra 01.01.2013 vedtatt tospråkelig kommunenavn.</Description>
      </DescriptionGrp>
      <CorrespondenceItemRelation targetItem="urn:ssb:code:stabas:8258105-8258845" />
    </CorrespondenceItem>
    <CorrespondenceItem id="urn:ssb:code:stabas:8629605-8630345">
      <CodeValue xmlns="http://www.ssb.no/ns/meta/codelist">1850</CodeValue>
      <CodeTextGrp xmlns="http://www.ssb.no/ns/meta/codelist">
        <CodeText xml:lang="nn">Divtasvuodna Tysfjord</CodeText>
        <CodeText xml:lang="nb">Divtasvuodna Tysfjord</CodeText>
        <CodeText xml:lang="en">Divtasvuodna Tysfjord</CodeText>
      </CodeTextGrp>
      <DescriptionGrp xmlns="http://www.ssb.no/ns/meta/codelist">
        <Description xml:lang="nn">Frå 01.01.2013  tospråkeleg kommunenamn.</Description>
        <Description xml:lang="nb">Fra 01.01.2013 vedtatt tospråkelig kommunenavn.</Description>
      </DescriptionGrp>
      <CorrespondenceItemRelation targetItem="urn:ssb:code:stabas:8258105-8258847" />
    </CorrespondenceItem>
    <CorrespondenceItem id="urn:ssb:code:stabas:8629605-8630377">
      <CodeValue xmlns="http://www.ssb.no/ns/meta/codelist">1903</CodeValue>
      <CodeTextGrp xmlns="http://www.ssb.no/ns/meta/codelist">
        <CodeText xml:lang="nn">Harstad</CodeText>
        <CodeText xml:lang="nb">Harstad</CodeText>
        <CodeText xml:lang="en">Harstad</CodeText>
      </CodeTextGrp>
      <DescriptionGrp xmlns="http://www.ssb.no/ns/meta/codelist">
        <Description xml:lang="nn">Frå 1. januar 2013 blei kommunane 1901 Harstad og 1915 Bjarkøy i Troms fylke slege saman til  ny kommune 1903 Harstad.

</Description>
        <Description xml:lang="nb">Fra 1. januar 2013 ble kommunene 1901 Harstad og 1915 Bjarkøy i Troms fylke bli slått sammen til en ny kommune 1903 Harstad</Description>
        <Description xml:lang="en">1 january 2013 the municipalities of 1901 Harstad and 1915 Bjarkøy in Troms were merged to the municipality 1903 Harstad.</Description>
      </DescriptionGrp>
      <CorrespondenceItemRelation targetItem="urn:ssb:code:stabas:8258105-8258879" />
      <CorrespondenceItemRelation targetItem="urn:ssb:code:stabas:8258105-8258887" />
    </CorrespondenceItem>
  </CorrespondenceItemGroup>
  <CorrespondenceItemGroup id="urn:ssb:codelist:stabas:8258105" relationshipType="N:1">
    <CorrespondenceItem id="urn:ssb:code:stabas:8258105-8258767">
      <CodeValue xmlns="http://www.ssb.no/ns/meta/codelist">1736</CodeValue>
      <CodeTextGrp xmlns="http://www.ssb.no/ns/meta/codelist">
        <CodeText xml:lang="nn">Snåsa</CodeText>
        <CodeText xml:lang="nb">Snåsa</CodeText>
        <CodeText xml:lang="en">Snåsa</CodeText>
      </CodeTextGrp>
      <CorrespondenceItemRelation targetItem="urn:ssb:code:stabas:8629605-8630263" />
    </CorrespondenceItem>
    <CorrespondenceItem id="urn:ssb:code:stabas:8258105-8258845">
      <CodeValue xmlns="http://www.ssb.no/ns/meta/codelist">1849</CodeValue>
      <CodeTextGrp xmlns="http://www.ssb.no/ns/meta/codelist">
        <CodeText xml:lang="nn">Hamarøy</CodeText>
        <CodeText xml:lang="nb">Hamarøy</CodeText>
        <CodeText xml:lang="en">Hamarøy</CodeText>
      </CodeTextGrp>
      <CorrespondenceItemRelation targetItem="urn:ssb:code:stabas:8629605-8630343" />
    </CorrespondenceItem>
    <CorrespondenceItem id="urn:ssb:code:stabas:8258105-8258847">
      <CodeValue xmlns="http://www.ssb.no/ns/meta/codelist">1850</CodeValue>
      <CodeTextGrp xmlns="http://www.ssb.no/ns/meta/codelist">
        <CodeText xml:lang="nn">Tysfjord</CodeText>
        <CodeText xml:lang="nb">Tysfjord</CodeText>
        <CodeText xml:lang="en">Tysfjord</CodeText>
      </CodeTextGrp>
      <CorrespondenceItemRelation targetItem="urn:ssb:code:stabas:8629605-8630345" />
    </CorrespondenceItem>
    <CorrespondenceItem id="urn:ssb:code:stabas:8258105-8258879">
      <CodeValue xmlns="http://www.ssb.no/ns/meta/codelist">1901</CodeValue>
      <CodeTextGrp xmlns="http://www.ssb.no/ns/meta/codelist">
        <CodeText xml:lang="nn">Harstad</CodeText>
        <CodeText xml:lang="nb">Harstad</CodeText>
        <CodeText xml:lang="en">Harstad</CodeText>
      </CodeTextGrp>
      <CorrespondenceItemRelation targetItem="urn:ssb:code:stabas:8629605-8630377" />
    </CorrespondenceItem>
    <CorrespondenceItem id="urn:ssb:code:stabas:8258105-8258887">
      <CodeValue xmlns="http://www.ssb.no/ns/meta/codelist">1915</CodeValue>
      <CodeTextGrp xmlns="http://www.ssb.no/ns/meta/codelist">
        <CodeText xml:lang="nn">Bjarkøy</CodeText>
        <CodeText xml:lang="nb">Bjarkøy</CodeText>
        <CodeText xml:lang="en">Bjarkøy</CodeText>
      </CodeTextGrp>
      <CorrespondenceItemRelation targetItem="urn:ssb:code:stabas:8629605-8630377" />
    </CorrespondenceItem>
  </CorrespondenceItemGroup>
</CorrespondenceTable>