<?xml version="1.0" encoding="utf-8"?>
<CorrespondenceTable xmlns:xsi="http://www.w3.org/2001/XMLSchema-instance" xmlns:xsd="http://www.w3.org/2001/XMLSchema" id="urn:ssb:corrtable:stabas:8738201" classVersionSourceId="urn:ssb:classversion:stabas:8512201" classVersionTargetId="urn:ssb:classversion:stabas:8736101" classLevelSourceId="urn:ssb:codelist:stabas:" classLevelTargetId="urn:ssb:codelist:stabas:" showInternet="false" showIntranet="true" xmlns="http://www.ssb.no/ns/meta/correspondence">
  <TitleGrp>
    <Title xml:lang="nb">Seksjonsinndeling 2013_januar/Seksjonsinndeling 2013_mai</Title>
  </TitleGrp>
  <DescriptionGrp />
  <ContactInformation>
    <Person xmlns="http://www.ssb.no/ns/meta/common" />
    <Division xmlns="http://www.ssb.no/ns/meta/common" />
  </ContactInformation>
  <CorrespondenceItemGroup id="urn:ssb:codelist:stabas:" relationshipType="1:N" />
  <CorrespondenceItemGroup id="urn:ssb:codelist:stabas:8736107" relationshipType="N:1">
    <CorrespondenceItem id="urn:ssb:code:stabas:8736107-8736199">
      <CodeValue xmlns="http://www.ssb.no/ns/meta/codelist">730</CodeValue>
      <CodeTextGrp xmlns="http://www.ssb.no/ns/meta/codelist">
        <CodeText xml:lang="nn">Seksjon for IT-utvikling Kongsvinger 2</CodeText>
        <CodeText xml:lang="nb">Seksjon for IT-utvikling Kongsvinger 2</CodeText>
        <CodeText xml:lang="en">Division for IT-development Kongsvinger 2</CodeText>
      </CodeTextGrp>
      <CorrespondenceItemRelation targetItem="urn:ssb:code:stabas:-8512295" />
    </CorrespondenceItem>
    <CorrespondenceItem id="urn:ssb:code:stabas:8736107-8736201">
      <CodeValue xmlns="http://www.ssb.no/ns/meta/codelist">740</CodeValue>
      <CodeTextGrp xmlns="http://www.ssb.no/ns/meta/codelist">
        <CodeText xml:lang="nn">Seksjon for IT-utvikling Oslo 1</CodeText>
        <CodeText xml:lang="nb">Seksjon for IT-utvikling Oslo 1</CodeText>
        <CodeText xml:lang="en">Division for IT-development Oslo 1</CodeText>
      </CodeTextGrp>
      <CorrespondenceItemRelation targetItem="urn:ssb:code:stabas:-8512297" />
    </CorrespondenceItem>
    <CorrespondenceItem id="urn:ssb:code:stabas:8736107-8736203">
      <CodeValue xmlns="http://www.ssb.no/ns/meta/codelist">750</CodeValue>
      <CodeTextGrp xmlns="http://www.ssb.no/ns/meta/codelist">
        <CodeText xml:lang="nn">Seksjon for IT-utvikling Oslo 2</CodeText>
        <CodeText xml:lang="nb">Seksjon for IT-utvikling Oslo 2</CodeText>
        <CodeText xml:lang="en">Division for IT-development Oslo 2</CodeText>
      </CodeTextGrp>
      <CorrespondenceItemRelation targetItem="urn:ssb:code:stabas:-8512299" />
    </CorrespondenceItem>
  </CorrespondenceItemGroup>
</CorrespondenceTable>