<?xml version="1.0" encoding="utf-8"?>
<CorrespondenceTable xmlns:xsi="http://www.w3.org/2001/XMLSchema-instance" xmlns:xsd="http://www.w3.org/2001/XMLSchema" id="urn:ssb:corrtable:stabas:9078101" classVersionSourceId="urn:ssb:classversion:stabas:8736101" classVersionTargetId="urn:ssb:classversion:stabas:9076101" classLevelSourceId="urn:ssb:codelist:stabas:" classLevelTargetId="urn:ssb:codelist:stabas:" showInternet="false" showIntranet="true" xmlns="http://www.ssb.no/ns/meta/correspondence">
  <TitleGrp>
    <Title xml:lang="nb">Seksjonsinndeling 2013_mai/Seksjonsinndeling 2014_april</Title>
  </TitleGrp>
  <DescriptionGrp />
  <ContactInformation>
    <Person xmlns="http://www.ssb.no/ns/meta/common" />
    <Division xmlns="http://www.ssb.no/ns/meta/common" />
  </ContactInformation>
  <CorrespondenceItemGroup id="urn:ssb:codelist:stabas:" relationshipType="M:N" />
  <CorrespondenceItemGroup id="urn:ssb:codelist:stabas:9076107" relationshipType="N:M">
    <CorrespondenceItem id="urn:ssb:code:stabas:9076107-9076171">
      <CodeValue xmlns="http://www.ssb.no/ns/meta/codelist">510</CodeValue>
      <CodeTextGrp xmlns="http://www.ssb.no/ns/meta/codelist">
        <CodeText xml:lang="nn">Gruppe for offentleg økonomi og befolkningsmodellar</CodeText>
        <CodeText xml:lang="nb">Gruppe for offentlig økonomi og befolkningsmodeller</CodeText>
        <CodeText xml:lang="en">Unit for public economics and demographic models</CodeText>
      </CodeTextGrp>
      <CorrespondenceItemRelation targetItem="urn:ssb:code:stabas:-8736171" />
    </CorrespondenceItem>
    <CorrespondenceItem id="urn:ssb:code:stabas:9076107-9076173">
      <CodeValue xmlns="http://www.ssb.no/ns/meta/codelist">520</CodeValue>
      <CodeTextGrp xmlns="http://www.ssb.no/ns/meta/codelist">
        <CodeText xml:lang="nn">Gruppe for energi- og miljøøkonomi</CodeText>
        <CodeText xml:lang="nb">Gruppe for energi- og miljøøkonomi</CodeText>
        <CodeText xml:lang="en">Unit for energy- and enviromental economics</CodeText>
      </CodeTextGrp>
      <CorrespondenceItemRelation targetItem="urn:ssb:code:stabas:-8736173" />
      <CorrespondenceItemRelation targetItem="urn:ssb:code:stabas:-8736179" />
    </CorrespondenceItem>
  </CorrespondenceItemGroup>
</CorrespondenceTable>