<?xml version="1.0" encoding="utf-8"?>
<CorrespondenceTable xmlns:xsi="http://www.w3.org/2001/XMLSchema-instance" xmlns:xsd="http://www.w3.org/2001/XMLSchema" id="urn:ssb:corrtable:stabas:9095951" classVersionSourceId="urn:ssb:classversion:stabas:9080101" classVersionTargetId="urn:ssb:classversion:stabas:8629601" classLevelSourceId="urn:ssb:codelist:stabas:9080105" classLevelTargetId="urn:ssb:codelist:stabas:8629605" showInternet="true" showIntranet="true" xmlns="http://www.ssb.no/ns/meta/correspondence">
  <TitleGrp>
    <Title xml:lang="nn">Kommunar 2014, Kommunar 2013</Title>
    <Title xml:lang="nb">Kommuner 2014, Kommuner 2013</Title>
    <Title xml:lang="en">Municipalities 2014, Municipalities 2013</Title>
  </TitleGrp>
  <DescriptionGrp />
  <ContactInformation>
    <Person xmlns="http://www.ssb.no/ns/meta/common">hhe</Person>
    <Division xmlns="http://www.ssb.no/ns/meta/common">320</Division>
  </ContactInformation>
  <CorrespondenceItemGroup id="urn:ssb:codelist:stabas:9080105" relationshipType="1:N">
    <CorrespondenceItem id="urn:ssb:code:stabas:9080105-9080915">
      <CodeValue xmlns="http://www.ssb.no/ns/meta/codelist">1939</CodeValue>
      <CodeTextGrp xmlns="http://www.ssb.no/ns/meta/codelist">
        <CodeText xml:lang="nn">Storfjord - Omasvuotna - Omasvuono</CodeText>
        <CodeText xml:lang="nb">Storfjord - Omasvuotna - Omasvuono</CodeText>
        <CodeText xml:lang="en">Storfjord - Omasvuotna - Omasvuono</CodeText>
      </CodeTextGrp>
      <DescriptionGrp xmlns="http://www.ssb.no/ns/meta/codelist">
        <Description xml:lang="nn">7. mars 2014 vart det bestemt at kommunenamnet skulle være trespråkleg (norsk - samisk - kvensk)
</Description>
        <Description xml:lang="nb">7. mars 2014 ble det vedtatt at kommunenavnet skulle være trespråklig (norsk - samisk - kvensk)
</Description>
        <Description xml:lang="en">7th March 2014 was adopted by the municipality name should be trilingual (Norwegian - Sami - Kven)
</Description>
      </DescriptionGrp>
      <CorrespondenceItemRelation targetItem="urn:ssb:code:stabas:8629605-8630417" />
      <CorrespondenceItemRelation targetItem="urn:ssb:code:stabas:8629605-8630417" />
    </CorrespondenceItem>
    <CorrespondenceItem id="urn:ssb:code:stabas:9080105-9080767">
      <CodeValue xmlns="http://www.ssb.no/ns/meta/codelist">1739</CodeValue>
      <CodeTextGrp xmlns="http://www.ssb.no/ns/meta/codelist">
        <CodeText xml:lang="nn">Raarvihke - Røyrvik</CodeText>
        <CodeText xml:lang="nb">Raarvihke - Røyrvik</CodeText>
        <CodeText xml:lang="en">Raarvihke - Røyrvik</CodeText>
      </CodeTextGrp>
      <DescriptionGrp xmlns="http://www.ssb.no/ns/meta/codelist">
        <Description xml:lang="nn">13. juni 2014 vart det bestemt at  kommunenamnet skulle være tospråkleg (samisk -norsk)
</Description>
        <Description xml:lang="nb">13. juni 2014 ble det vedtatt at  kommunenavnet skulle være tospråklig (samisk -norsk)
</Description>
        <Description xml:lang="en">13 June 2014 it was decided that the municipality name would be bilingual (Sami-Norwegian)
</Description>
      </DescriptionGrp>
      <CorrespondenceItemRelation targetItem="urn:ssb:code:stabas:8629605-8630267" />
    </CorrespondenceItem>
  </CorrespondenceItemGroup>
  <CorrespondenceItemGroup id="urn:ssb:codelist:stabas:8629605" relationshipType="N:1">
    <CorrespondenceItem id="urn:ssb:code:stabas:8629605-8630267">
      <CodeValue xmlns="http://www.ssb.no/ns/meta/codelist">1739</CodeValue>
      <CodeTextGrp xmlns="http://www.ssb.no/ns/meta/codelist">
        <CodeText xml:lang="nn">Røyrvik</CodeText>
        <CodeText xml:lang="nb">Røyrvik</CodeText>
        <CodeText xml:lang="en">Røyrvik</CodeText>
      </CodeTextGrp>
      <CorrespondenceItemRelation targetItem="urn:ssb:code:stabas:9080105-9080767" />
    </CorrespondenceItem>
    <CorrespondenceItem id="urn:ssb:code:stabas:8629605-8630417">
      <CodeValue xmlns="http://www.ssb.no/ns/meta/codelist">1939</CodeValue>
      <CodeTextGrp xmlns="http://www.ssb.no/ns/meta/codelist">
        <CodeText xml:lang="nn">Storfjord</CodeText>
        <CodeText xml:lang="nb">Storfjord</CodeText>
        <CodeText xml:lang="en">Storfjord</CodeText>
      </CodeTextGrp>
      <CorrespondenceItemRelation targetItem="urn:ssb:code:stabas:9080105-9080915" />
      <CorrespondenceItemRelation targetItem="urn:ssb:code:stabas:9080105-9080915" />
    </CorrespondenceItem>
  </CorrespondenceItemGroup>
</CorrespondenceTable>