<?xml version="1.0" encoding="utf-8"?>
<CorrespondenceTable xmlns:xsi="http://www.w3.org/2001/XMLSchema-instance" xmlns:xsd="http://www.w3.org/2001/XMLSchema" id="urn:ssb:corrtable:stabas:9112401" classVersionSourceId="urn:ssb:classversion:stabas:9076101" classVersionTargetId="urn:ssb:classversion:stabas:9112101" classLevelSourceId="urn:ssb:codelist:stabas:" classLevelTargetId="urn:ssb:codelist:stabas:" showInternet="false" showIntranet="true" xmlns="http://www.ssb.no/ns/meta/correspondence">
  <TitleGrp>
    <Title xml:lang="nb">Seksjonsinndeling 2014_april/Seksjonsinndeling 2014_oktober</Title>
  </TitleGrp>
  <DescriptionGrp />
  <ContactInformation>
    <Person xmlns="http://www.ssb.no/ns/meta/common" />
    <Division xmlns="http://www.ssb.no/ns/meta/common" />
  </ContactInformation>
  <CorrespondenceItemGroup id="urn:ssb:codelist:stabas:" relationshipType="M:N" />
  <CorrespondenceItemGroup id="urn:ssb:codelist:stabas:9112105" relationshipType="N:M">
    <CorrespondenceItem id="urn:ssb:code:stabas:9112105-9112207">
      <CodeValue xmlns="http://www.ssb.no/ns/meta/codelist">810</CodeValue>
      <CodeTextGrp xmlns="http://www.ssb.no/ns/meta/codelist">
        <CodeText xml:lang="nn">Seksjon for næringslivsundersøkingar og populasjonar</CodeText>
        <CodeText xml:lang="nb">Seksjon for næringslivsundersøkelser og populasjoner</CodeText>
        <CodeText xml:lang="en">Division for business surveys and populations</CodeText>
      </CodeTextGrp>
      <CorrespondenceItemRelation targetItem="urn:ssb:code:stabas:-9076211" />
      <CorrespondenceItemRelation targetItem="urn:ssb:code:stabas:-9076221" />
    </CorrespondenceItem>
    <CorrespondenceItem id="urn:ssb:code:stabas:9112105-9112209">
      <CodeValue xmlns="http://www.ssb.no/ns/meta/codelist">820</CodeValue>
      <CodeTextGrp xmlns="http://www.ssb.no/ns/meta/codelist">
        <CodeText xml:lang="nn">Seksjon for metode</CodeText>
        <CodeText xml:lang="nb">Seksjon for metode</CodeText>
        <CodeText xml:lang="en">Division for methods</CodeText>
      </CodeTextGrp>
      <CorrespondenceItemRelation targetItem="urn:ssb:code:stabas:-9076213" />
      <CorrespondenceItemRelation targetItem="urn:ssb:code:stabas:-9076223" />
    </CorrespondenceItem>
    <CorrespondenceItem id="urn:ssb:code:stabas:9112105-9112211">
      <CodeValue xmlns="http://www.ssb.no/ns/meta/codelist">830</CodeValue>
      <CodeTextGrp xmlns="http://www.ssb.no/ns/meta/codelist">
        <CodeText xml:lang="nn">Seksjon for brukarkontakt</CodeText>
        <CodeText xml:lang="nb">Seksjon for brukerkontakt</CodeText>
        <CodeText xml:lang="en">Division for user contact</CodeText>
      </CodeTextGrp>
      <CorrespondenceItemRelation targetItem="urn:ssb:code:stabas:-9076219" />
    </CorrespondenceItem>
    <CorrespondenceItem id="urn:ssb:code:stabas:9112105-9112213">
      <CodeValue xmlns="http://www.ssb.no/ns/meta/codelist">840</CodeValue>
      <CodeTextGrp xmlns="http://www.ssb.no/ns/meta/codelist">
        <CodeText xml:lang="nn">Seksjon for personundersøkingar</CodeText>
        <CodeText xml:lang="nb">Seksjon for personundersøkelser</CodeText>
        <CodeText xml:lang="en">Division for social surveys</CodeText>
      </CodeTextGrp>
      <CorrespondenceItemRelation targetItem="urn:ssb:code:stabas:-9076217" />
    </CorrespondenceItem>
  </CorrespondenceItemGroup>
</CorrespondenceTable>