<?xml version="1.0" encoding="utf-8"?>
<CorrespondenceTable xmlns:xsi="http://www.w3.org/2001/XMLSchema-instance" xmlns:xsd="http://www.w3.org/2001/XMLSchema" id="urn:ssb:corrtable:stabas:9351145" classVersionSourceId="urn:ssb:classversion:stabas:9112101" classVersionTargetId="urn:ssb:classversion:stabas:9328201" classLevelSourceId="urn:ssb:codelist:stabas:" classLevelTargetId="urn:ssb:codelist:stabas:" showInternet="false" showIntranet="true" xmlns="http://www.ssb.no/ns/meta/correspondence">
  <TitleGrp>
    <Title xml:lang="nb">Seksjonsindeling 2014_oktober/Seksjonsinndeling 2015_desember</Title>
  </TitleGrp>
  <DescriptionGrp />
  <ContactInformation>
    <Person xmlns="http://www.ssb.no/ns/meta/common" />
    <Division xmlns="http://www.ssb.no/ns/meta/common" />
  </ContactInformation>
  <CorrespondenceItemGroup id="urn:ssb:codelist:stabas:" relationshipType="1:1" />
  <CorrespondenceItemGroup id="urn:ssb:codelist:stabas:9328207" relationshipType="1:1">
    <CorrespondenceItem id="urn:ssb:code:stabas:9328207-9328295">
      <CodeValue xmlns="http://www.ssb.no/ns/meta/codelist">701</CodeValue>
      <CodeTextGrp xmlns="http://www.ssb.no/ns/meta/codelist">
        <CodeText xml:lang="nn">Stab IT</CodeText>
        <CodeText xml:lang="nb">Stab IT</CodeText>
        <CodeText xml:lang="en">Staff IT</CodeText>
      </CodeTextGrp>
      <CorrespondenceItemRelation targetItem="urn:ssb:code:stabas:-9112191" />
    </CorrespondenceItem>
    <CorrespondenceItem id="urn:ssb:code:stabas:9328207-9328297">
      <CodeValue xmlns="http://www.ssb.no/ns/meta/codelist">710</CodeValue>
      <CodeTextGrp xmlns="http://www.ssb.no/ns/meta/codelist">
        <CodeText xml:lang="nn">Seksjon for drift og infrastruktur</CodeText>
        <CodeText xml:lang="nb">Seksjon for drift og infrastruktur</CodeText>
        <CodeText xml:lang="en">Division for Operations and infrastructure</CodeText>
      </CodeTextGrp>
      <CorrespondenceItemRelation targetItem="urn:ssb:code:stabas:-9112193" />
    </CorrespondenceItem>
    <CorrespondenceItem id="urn:ssb:code:stabas:9328207-9330301">
      <CodeValue xmlns="http://www.ssb.no/ns/meta/codelist">702</CodeValue>
      <CodeTextGrp xmlns="http://www.ssb.no/ns/meta/codelist">
        <CodeText xml:lang="nn">Seksjon for arkitektur og IT-metode </CodeText>
        <CodeText xml:lang="nb">Seksjon for arkitektur og IT-metode</CodeText>
        <CodeText xml:lang="en">Division of Architecture and IT methods</CodeText>
      </CodeTextGrp>
      <CorrespondenceItemRelation targetItem="urn:ssb:code:stabas:-9112111" />
    </CorrespondenceItem>
  </CorrespondenceItemGroup>
</CorrespondenceTable>