<?xml version="1.0" encoding="utf-8"?>
<Classification xmlns:xsi="http://www.w3.org/2001/XMLSchema-instance" xmlns:xsd="http://www.w3.org/2001/XMLSchema" id="urn:ssb:classification:stabas:2946102" currentVersionId="urn:ssb:classversion:stabas:2946101" xmlns="http://www.ssb.no/ns/meta/classification">
  <TitleGrp>
    <Title xml:lang="nn">Standardkoder for kjønn</Title>
    <Title xml:lang="nb">Standardkoder for kjønn</Title>
    <Title xml:lang="en">Classification codes of sex</Title>
  </TitleGrp>
  <DescriptionGrp>
    <Description xml:lang="nn">SSBs offisielle kodar for kjønn</Description>
    <Description xml:lang="nb">SSBs standardkoder for kjønn</Description>
    <Description xml:lang="en">Statistics Norway's official sex codes.</Description>
  </DescriptionGrp>
  <StatisticalUnitGrp>
    <StatisticalUnit xml:lang="nn">Personar</StatisticalUnit>
    <StatisticalUnit xml:lang="nb">Personer</StatisticalUnit>
    <StatisticalUnit xml:lang="en">Persons</StatisticalUnit>
  </StatisticalUnitGrp>
  <OwnerGrp>
    <Owner xml:lang="nn">Statistiske sentralbyrå (SSB) </Owner>
    <Owner xml:lang="nb">Statistiske sentralbyrå (SSB)</Owner>
    <Owner xml:lang="en">Statistics Norway (SSB)</Owner>
  </OwnerGrp>
  <SubjectArea>02</SubjectArea>
  <ClassificationVersions>
    <ClassificationVersion id="urn:ssb:classversion:stabas:2946101" isCurrentVersion="true" validFrom="1960-01-01" isUnderConstruction="false" updatesPossible="false" disseminationAllowed="true" lastChangedDate="2016-06-07" showIntranet="true" showInternet="false">
      <TitleGrp>
        <Title xml:lang="nn">Kjønn </Title>
        <Title xml:lang="nb">Kjønn 1960</Title>
        <Title xml:lang="en">Sex</Title>
      </TitleGrp>
      <DescriptionGrp>
        <Description xml:lang="nn">SSBs offisielle kodar for kjønn</Description>
        <Description xml:lang="nb">SSBs offisielle koder for kjønn </Description>
        <Description xml:lang="en">Statistics Norway's official sex codes.</Description>
      </DescriptionGrp>
      <IntroductionGrp>
        <Indtroduction xml:lang="nn">Ikkje relevant</Indtroduction>
        <Indtroduction xml:lang="nb">Ikke relevant</Indtroduction>
        <Indtroduction xml:lang="en">Not relevant</Indtroduction>
      </IntroductionGrp>
      <ContactInformation>
        <Person xmlns="http://www.ssb.no/ns/meta/common">hen</Person>
        <Division xmlns="http://www.ssb.no/ns/meta/common">810</Division>
      </ContactInformation>
      <ExternalDocumentGrp>
        <ExternalDocument xml:lang="nn">Ikkje relevant</ExternalDocument>
        <ExternalDocument xml:lang="nb">Ikke relevant</ExternalDocument>
        <ExternalDocument xml:lang="en">Not relevant</ExternalDocument>
      </ExternalDocumentGrp>
      <ChangesGrp>
        <Change xml:lang="nn">Ikkje relevant</Change>
        <Change xml:lang="nb">Ikke relevant</Change>
        <Change xml:lang="en">Not relevant</Change>
      </ChangesGrp>
      <DerivedFromGrp>
        <DerviedFrom xml:lang="nn">Ikkje relevant</DerviedFrom>
        <DerviedFrom xml:lang="nb">Ikke relevant</DerviedFrom>
        <DerviedFrom xml:lang="en">Not relevant</DerviedFrom>
      </DerivedFromGrp>
      <LegalBaseGrp>
        <LegalBase xml:lang="nn">Ikkje relevant</LegalBase>
        <LegalBase xml:lang="nb">Ikke relevant</LegalBase>
        <LegalBase xml:lang="en">Not relevant</LegalBase>
      </LegalBaseGrp>
      <Level levelNumber="1" id="urn:ssb:classlevel:stabas:2948101" codeStructure="9">
        <TitleGrp>
          <Title xml:lang="nn">Kjønn : Kjønn</Title>
          <Title xml:lang="nb">Kjønn 1960: Kjønn</Title>
          <Title xml:lang="en">Sex: Sex</Title>
        </TitleGrp>
        <CodelistReference>urn:ssb:codelist:stabas:2948101</CodelistReference>
      </Level>
    </ClassificationVersion>
  </ClassificationVersions>
</Classification>