<?xml version="1.0" encoding="utf-8"?>
<Classification xmlns:xsi="http://www.w3.org/2001/XMLSchema-instance" xmlns:xsd="http://www.w3.org/2001/XMLSchema" id="urn:ssb:classification:stabas:3242101" currentVersionId="urn:ssb:classversion:stabas:7842001" xmlns="http://www.ssb.no/ns/meta/classification">
  <TitleGrp>
    <Title xml:lang="nn">Standard for regionale spesialkodar</Title>
    <Title xml:lang="nb">Standard for regionale spesialkoder</Title>
    <Title xml:lang="en">Classification of regional special codes</Title>
  </TitleGrp>
  <DescriptionGrp>
    <Description xml:lang="nn">Oversikt over spesialkodar (andre regionale kodar)</Description>
    <Description xml:lang="nb">Oversikt over spesialkoder (andre regionale koder)</Description>
    <Description xml:lang="en">General view of regional special codes</Description>
  </DescriptionGrp>
  <StatisticalUnitGrp>
    <StatisticalUnit xml:lang="nn">Regionale spesialkodar</StatisticalUnit>
    <StatisticalUnit xml:lang="nb">Regionale spesialkoder</StatisticalUnit>
    <StatisticalUnit xml:lang="en">Regional special codes</StatisticalUnit>
  </StatisticalUnitGrp>
  <OwnerGrp>
    <Owner xml:lang="nn">Statistisk sentralbyrå (SSB)</Owner>
    <Owner xml:lang="nb">Statistisk sentralbyrå (SSB)</Owner>
    <Owner xml:lang="en">Statistics Norway</Owner>
  </OwnerGrp>
  <SubjectArea>00</SubjectArea>
  <ClassificationVersions>
    <ClassificationVersion id="urn:ssb:classversion:stabas:7842001" isCurrentVersion="true" validFrom="2011-01-01" isUnderConstruction="false" updatesPossible="false" disseminationAllowed="true" lastChangedDate="2011-11-28" showIntranet="true" showInternet="true">
      <TitleGrp>
        <Title xml:lang="nn">Regionale spesialkodar 2011</Title>
        <Title xml:lang="nb">Regionale spesialkoder 2011</Title>
        <Title xml:lang="en">Regional special codes 2011</Title>
      </TitleGrp>
      <DescriptionGrp>
        <Description xml:lang="nn">Regionale spesialkodar er kodar som vert nytta av ulike seksjonar for å  fordele heile datamaterialet i ein populasjon regionalt.</Description>
        <Description xml:lang="nb">Regional spesialkoder er koder som benyttes av ulike seksjoner for å få fordelt hele datamaterialet i en populasjon regionalt.</Description>
        <Description xml:lang="en">Regional special codes are codes which are used by different divisions in Statistics Norway in order to distribute all the data regionally.</Description>
      </DescriptionGrp>
      <IntroductionGrp>
        <Indtroduction xml:lang="nn">Ikkje relevant</Indtroduction>
        <Indtroduction xml:lang="nb">Ikke relevant</Indtroduction>
        <Indtroduction xml:lang="en">Not relevant</Indtroduction>
      </IntroductionGrp>
      <ContactInformation>
        <Person xmlns="http://www.ssb.no/ns/meta/common">hhe</Person>
        <Division xmlns="http://www.ssb.no/ns/meta/common">320</Division>
      </ContactInformation>
      <ExternalDocumentGrp>
        <ExternalDocument xml:lang="nn">Ikkje relevant</ExternalDocument>
        <ExternalDocument xml:lang="nb">http://www.ssb.no/emner/00/00/20/nos_c513/</ExternalDocument>
        <ExternalDocument xml:lang="en">Not relevant</ExternalDocument>
      </ExternalDocumentGrp>
      <ChangesGrp>
        <Change xml:lang="nn">Endringar: Nye kodar under Svalbard :  2111 Longyearbyen 2112 Ny-Ålesund 2113 Barentsburg 2114 Hornsund 2115 Svea</Change>
        <Change xml:lang="nb">Endringer: Nye koder under Svalbard :  2111 Longyearbyen 2112 Ny-Ålesund 2113 Barentsburg 2114 Hornsund 2115 Svea
</Change>
        <Change xml:lang="en">Changes: Svalbard :  2111 Longyearbyen 2112 Ny-Ålesund 2113 Barentsburg 2114 Hornsund 2115 Svea</Change>
      </ChangesGrp>
      <DerivedFromGrp>
        <DerviedFrom xml:lang="nn">Ikkje relevant</DerviedFrom>
        <DerviedFrom xml:lang="nb">Ikke relevant</DerviedFrom>
        <DerviedFrom xml:lang="en">Not relevant</DerviedFrom>
      </DerivedFromGrp>
      <LegalBaseGrp>
        <LegalBase xml:lang="nn">Ikkje relevant</LegalBase>
        <LegalBase xml:lang="nb">Ikke relevant</LegalBase>
        <LegalBase xml:lang="en">Not relevant</LegalBase>
      </LegalBaseGrp>
      <Level levelNumber="1" id="urn:ssb:classlevel:stabas:7842003" codeStructure="99">
        <TitleGrp>
          <Title xml:lang="nn">Regionale spesialkodar 2011: Spesialkodar 2-siffer</Title>
          <Title xml:lang="nb">Regionale spesialkoder 2011: Spesialkoder 2-siffer</Title>
          <Title xml:lang="en">Regional special codes 2011: Special codes 2-figure</Title>
        </TitleGrp>
        <CodelistReference>urn:ssb:codelist:stabas:7842003</CodelistReference>
        <Level levelNumber="2" id="urn:ssb:classlevel:stabas:7842005" codeStructure="9999">
          <TitleGrp>
            <Title xml:lang="nn">Regionale spesialkodar 2011: Spesialkodar 4-siffer</Title>
            <Title xml:lang="nb">Regionale spesialkoder 2011: Spesialkoder 4-siffer</Title>
            <Title xml:lang="en">Regional special codes 2011: Special codes 4-figure</Title>
          </TitleGrp>
          <CodelistReference>urn:ssb:codelist:stabas:7842005</CodelistReference>
        </Level>
      </Level>
    </ClassificationVersion>
    <ClassificationVersion id="urn:ssb:classversion:stabas:3242102" isCurrentVersion="false" validFrom="2004-01-01" validTo="2010-12-31" isUnderConstruction="false" updatesPossible="false" disseminationAllowed="true" lastChangedDate="2011-02-17" showIntranet="true" showInternet="true">
      <TitleGrp>
        <Title xml:lang="nn">Regionale spesialkodar 2004</Title>
        <Title xml:lang="nb">Regionale spesialkoder 2004</Title>
        <Title xml:lang="en">Regional special codes 2004</Title>
      </TitleGrp>
      <DescriptionGrp>
        <Description xml:lang="nn">Regionale spesialkodar er kodar som vert nytta av ulike seksjonar for å  fordele heile datamaterialet i ein populasjon regionalt.</Description>
        <Description xml:lang="nb">Regional spesialkoder er koder som benyttes av ulike seksjoner for å få fordelt hele datamaterialet i en populasjon regionalt.</Description>
        <Description xml:lang="en">Regional special codes are codes which are used by different divisions in Statistics Norway in order to distribute all the data regionally.</Description>
      </DescriptionGrp>
      <IntroductionGrp>
        <Indtroduction xml:lang="nn">Ikkje relevant</Indtroduction>
        <Indtroduction xml:lang="nb">Ikke relevant</Indtroduction>
        <Indtroduction xml:lang="en">Not relevant</Indtroduction>
      </IntroductionGrp>
      <ContactInformation>
        <Person xmlns="http://www.ssb.no/ns/meta/common">hhe</Person>
        <Division xmlns="http://www.ssb.no/ns/meta/common">320</Division>
      </ContactInformation>
      <ExternalDocumentGrp>
        <ExternalDocument xml:lang="nn">Ikkje relevant</ExternalDocument>
        <ExternalDocument xml:lang="nb">http://www.ssb.no/emner/00/00/20/nos_c513/</ExternalDocument>
        <ExternalDocument xml:lang="en">Not relevant</ExternalDocument>
      </ExternalDocumentGrp>
      <ChangesGrp>
        <Change xml:lang="nn">Ikkje relevant</Change>
        <Change xml:lang="nb">Ikke relevant</Change>
        <Change xml:lang="en">Not relevant</Change>
      </ChangesGrp>
      <DerivedFromGrp>
        <DerviedFrom xml:lang="nn">Ikkje relevant</DerviedFrom>
        <DerviedFrom xml:lang="nb">Ikke relevant</DerviedFrom>
        <DerviedFrom xml:lang="en">Not relevant</DerviedFrom>
      </DerivedFromGrp>
      <LegalBaseGrp>
        <LegalBase xml:lang="nn">Ikkje relevant</LegalBase>
        <LegalBase xml:lang="nb">Ikke relevant</LegalBase>
        <LegalBase xml:lang="en">Not relevant</LegalBase>
      </LegalBaseGrp>
      <Level levelNumber="1" id="urn:ssb:classlevel:stabas:3242104" codeStructure="99">
        <TitleGrp>
          <Title xml:lang="nn">Regionale spesialkodar 2004: Spesialkodar 2-siffer</Title>
          <Title xml:lang="nb">Regionale spesialkoder 2004: Spesialkoder 2-siffer</Title>
          <Title xml:lang="en">Regional special codes 2004: Special codes 2-figure</Title>
        </TitleGrp>
        <CodelistReference>urn:ssb:codelist:stabas:3242104</CodelistReference>
        <Level levelNumber="2" id="urn:ssb:classlevel:stabas:3242106" codeStructure="9999">
          <TitleGrp>
            <Title xml:lang="nn">Regionale spesialkodar 2004: Spesialkodar 4-siffer</Title>
            <Title xml:lang="nb">Regionale spesialkoder 2004: Spesialkoder 4-siffer</Title>
            <Title xml:lang="en">Regional special codes 2004: Special codes 4-figure</Title>
          </TitleGrp>
          <CodelistReference>urn:ssb:codelist:stabas:3242106</CodelistReference>
        </Level>
      </Level>
    </ClassificationVersion>
  </ClassificationVersions>
</Classification>