<?xml version="1.0" encoding="utf-8"?>
<Classification xmlns:xsi="http://www.w3.org/2001/XMLSchema-instance" xmlns:xsd="http://www.w3.org/2001/XMLSchema" id="urn:ssb:classification:stabas:3252101" currentVersionId="urn:ssb:classversion:stabas:9406201" xmlns="http://www.ssb.no/ns/meta/classification">
  <TitleGrp>
    <Title xml:lang="nb">Standard for PRODCOM koder</Title>
    <Title xml:lang="en">Classification of codes for PRODCOM </Title>
  </TitleGrp>
  <DescriptionGrp />
  <StatisticalUnitGrp>
    <StatisticalUnit xml:lang="nb">Produkt</StatisticalUnit>
    <StatisticalUnit xml:lang="en">Product</StatisticalUnit>
  </StatisticalUnitGrp>
  <OwnerGrp>
    <Owner xml:lang="nb">Statistisk sentralbyrå (SSB)</Owner>
    <Owner xml:lang="en">Statistics Norway</Owner>
  </OwnerGrp>
  <SubjectArea>10</SubjectArea>
  <ClassificationVersions>
    <ClassificationVersion id="urn:ssb:classversion:stabas:9406201" isCurrentVersion="true" validFrom="2015-01-01" isUnderConstruction="false" updatesPossible="false" disseminationAllowed="true" lastChangedDate="2016-06-14" showIntranet="true" showInternet="true">
      <TitleGrp>
        <Title xml:lang="nb">Standard for PRODCOM koder 2015</Title>
        <Title xml:lang="en">Classification of codes for PRODCOM 2015</Title>
      </TitleGrp>
      <DescriptionGrp>
        <Description xml:lang="nb">PRODCOM er betegnelsen på EUs system for produksjonsstatistikk innen områdene bergverksdrift og utvinning og industri. Produksjonen skal registreres på grunnlag av PRODCOM-listen.</Description>
        <Description xml:lang="en">PRODCOM is the title of the EU production statistics for Mining and Quarrying and Manufacturing. Production is to be recorded according to the product headings of the PRODCOM list.</Description>
      </DescriptionGrp>
      <IntroductionGrp>
        <Indtroduction xml:lang="nb">Ikke relevant</Indtroduction>
        <Indtroduction xml:lang="en">Not relevant</Indtroduction>
      </IntroductionGrp>
      <ContactInformation>
        <Person xmlns="http://www.ssb.no/ns/meta/common">gso</Person>
        <Division xmlns="http://www.ssb.no/ns/meta/common">470</Division>
      </ContactInformation>
      <ExternalDocumentGrp>
        <ExternalDocument xml:lang="nb">Ikke relevant</ExternalDocument>
        <ExternalDocument xml:lang="en">Not relevant</ExternalDocument>
      </ExternalDocumentGrp>
      <ChangesGrp>
        <Change xml:lang="nb">PRODCOM-listen justeres årlig</Change>
        <Change xml:lang="en">The PRODCOM list is yearly adjusted</Change>
      </ChangesGrp>
      <DerivedFromGrp>
        <DerviedFrom xml:lang="nb">NACE Rev. 2., CPA 2007 og kobling mot KN (Kombinerte nomenklatur) 2009</DerviedFrom>
        <DerviedFrom xml:lang="en">NACE Rev. 2., CPA 2007 and the 2009 Combined Nomenclature (CN).</DerviedFrom>
      </DerivedFromGrp>
      <LegalBaseGrp>
        <LegalBase xml:lang="nb">Rådsforordning (EØF) nr. 3924/91 om opprettelsen av en fellesskapsundersøkelse om industriproduksjonen (PRODCOM-forordningen)</LegalBase>
        <LegalBase xml:lang="en">Council Regulation (EEC) No 3924/91 on the establishment of a Community survey of industrial production (PRODCOM Regulation).</LegalBase>
      </LegalBaseGrp>
      <Level levelNumber="1" id="urn:ssb:classlevel:stabas:9406204" codeStructure="99.99">
        <TitleGrp>
          <Title xml:lang="nb">Standard for PRODCOM koder 2015: SN 2007</Title>
          <Title xml:lang="en">Classification of codes for PRODCOM 2015: NACE (SN) 2007</Title>
        </TitleGrp>
        <CodelistReference>urn:ssb:codelist:stabas:9406204</CodelistReference>
        <Level levelNumber="2" id="urn:ssb:classlevel:stabas:9406206">
          <TitleGrp>
            <Title xml:lang="nb">Standard for PRODCOM koder 2015: PRODCOM 2012</Title>
            <Title xml:lang="en">Classification of codes for PRODCOM 2015: PRODCOM 2012</Title>
          </TitleGrp>
          <CodelistReference>urn:ssb:codelist:stabas:9406206</CodelistReference>
        </Level>
      </Level>
    </ClassificationVersion>
    <ClassificationVersion id="urn:ssb:classversion:stabas:9126101" isCurrentVersion="false" validFrom="2014-01-01" validTo="2014-12-31" isUnderConstruction="false" updatesPossible="false" disseminationAllowed="true" lastChangedDate="2016-02-12" showIntranet="true" showInternet="true">
      <TitleGrp>
        <Title xml:lang="nb">Standard for PRODCOM koder 2014</Title>
        <Title xml:lang="en">Classification of codes for PRODCOM 2014</Title>
      </TitleGrp>
      <DescriptionGrp>
        <Description xml:lang="nb">PRODCOM er betegnelsen på EUs system for produksjonsstatistikk innen områdene bergverksdrift og utvinning og industri. Produksjonen skal registreres på grunnlag av PRODCOM-listen.</Description>
        <Description xml:lang="en">PRODCOM is the title of the EU production statistics for Mining and Quarrying and Manufacturing. Production is to be recorded according to the product headings of the PRODCOM list.</Description>
      </DescriptionGrp>
      <IntroductionGrp>
        <Indtroduction xml:lang="nb">Ikke relevant</Indtroduction>
        <Indtroduction xml:lang="en">Not relevant</Indtroduction>
      </IntroductionGrp>
      <ContactInformation>
        <Person xmlns="http://www.ssb.no/ns/meta/common">gso</Person>
        <Division xmlns="http://www.ssb.no/ns/meta/common">470</Division>
      </ContactInformation>
      <ExternalDocumentGrp>
        <ExternalDocument xml:lang="nb">Ikke relevant</ExternalDocument>
        <ExternalDocument xml:lang="en">Not relevant</ExternalDocument>
      </ExternalDocumentGrp>
      <ChangesGrp>
        <Change xml:lang="nb">PRODCOM-listen justeres årlig</Change>
        <Change xml:lang="en">The PRODCOM list is yearly adjusted</Change>
      </ChangesGrp>
      <DerivedFromGrp>
        <DerviedFrom xml:lang="nb">NACE Rev. 2., CPA 2007 og kobling mot KN (Kombinerte nomenklatur) 2009</DerviedFrom>
        <DerviedFrom xml:lang="en">NACE Rev. 2., CPA 2007 and the 2009 Combined Nomenclature (CN).</DerviedFrom>
      </DerivedFromGrp>
      <LegalBaseGrp>
        <LegalBase xml:lang="nb">Rådsforordning (EØF) nr. 3924/91 om opprettelsen av en fellesskapsundersøkelse om industriproduksjonen (PRODCOM-forordningen)</LegalBase>
        <LegalBase xml:lang="en">Council Regulation (EEC) No 3924/91 on the establishment of a Community survey of industrial production (PRODCOM Regulation).</LegalBase>
      </LegalBaseGrp>
      <Level levelNumber="1" id="urn:ssb:classlevel:stabas:9126104" codeStructure="99.99">
        <TitleGrp>
          <Title xml:lang="nb">Standard for PRODCOM koder 2014: SN 2007</Title>
          <Title xml:lang="en">Classification of codes for PRODCOM 2014: NACE (SN) 2007</Title>
        </TitleGrp>
        <CodelistReference>urn:ssb:codelist:stabas:9126104</CodelistReference>
        <Level levelNumber="2" id="urn:ssb:classlevel:stabas:9126106">
          <TitleGrp>
            <Title xml:lang="nb">Standard for PRODCOM koder 2014: PRODCOM 2012</Title>
            <Title xml:lang="en">Classification of codes for PRODCOM 2014: PRODCOM 2012</Title>
          </TitleGrp>
          <CodelistReference>urn:ssb:codelist:stabas:9126106</CodelistReference>
        </Level>
      </Level>
    </ClassificationVersion>
    <ClassificationVersion id="urn:ssb:classversion:stabas:9064101" isCurrentVersion="false" validFrom="2013-01-01" validTo="2013-12-31" isUnderConstruction="false" updatesPossible="false" disseminationAllowed="true" lastChangedDate="2015-02-19" showIntranet="true" showInternet="true">
      <TitleGrp>
        <Title xml:lang="nb">Standard for PRODCOM koder 2013</Title>
        <Title xml:lang="en">Classification of codes for PRODCOM 2013</Title>
      </TitleGrp>
      <DescriptionGrp>
        <Description xml:lang="nb">PRODCOM er betegnelsen på EUs system for produksjonsstatistikk innen områdene bergverksdrift og utvinning og industri. Produksjonen skal registreres på grunnlag av PRODCOM-listen.</Description>
        <Description xml:lang="en">PRODCOM is the title of the EU production statistics for Mining and Quarrying and Manufacturing. Production is to be recorded according to the product headings of the PRODCOM list.</Description>
      </DescriptionGrp>
      <IntroductionGrp>
        <Indtroduction xml:lang="nb">Ikke relevant</Indtroduction>
        <Indtroduction xml:lang="en">Not relevant</Indtroduction>
      </IntroductionGrp>
      <ContactInformation>
        <Person xmlns="http://www.ssb.no/ns/meta/common">gso</Person>
        <Division xmlns="http://www.ssb.no/ns/meta/common">470</Division>
      </ContactInformation>
      <ExternalDocumentGrp>
        <ExternalDocument xml:lang="nb">Ikke relevant</ExternalDocument>
        <ExternalDocument xml:lang="en">Not relevant</ExternalDocument>
      </ExternalDocumentGrp>
      <ChangesGrp>
        <Change xml:lang="nb">PRODCOM-listen justeres årlig</Change>
        <Change xml:lang="en">The PRODCOM list is yearly adjusted</Change>
      </ChangesGrp>
      <DerivedFromGrp>
        <DerviedFrom xml:lang="nb">NACE Rev. 2., CPA 2007 og kobling mot KN (Kombinerte nomenklatur) 2009</DerviedFrom>
        <DerviedFrom xml:lang="en">NACE Rev. 2., CPA 2007 and the 2009 Combined Nomenclature (CN).</DerviedFrom>
      </DerivedFromGrp>
      <LegalBaseGrp>
        <LegalBase xml:lang="nb">Rådsforordning (EØF) nr. 3924/91 om opprettelsen av en fellesskapsundersøkelse om industriproduksjonen (PRODCOM-forordningen)</LegalBase>
        <LegalBase xml:lang="en">Council Regulation (EEC) No 3924/91 on the establishment of a Community survey of industrial production (PRODCOM Regulation).</LegalBase>
      </LegalBaseGrp>
      <Level levelNumber="1" id="urn:ssb:classlevel:stabas:9064104" codeStructure="99.99">
        <TitleGrp>
          <Title xml:lang="nb">Standard for PRODCOM koder 2013: SN 2007</Title>
          <Title xml:lang="en">Classification of codes for PRODCOM 2013: NACE (SN) 2007</Title>
        </TitleGrp>
        <CodelistReference>urn:ssb:codelist:stabas:9064104</CodelistReference>
        <Level levelNumber="2" id="urn:ssb:classlevel:stabas:9064106">
          <TitleGrp>
            <Title xml:lang="nb">Standard for PRODCOM koder 2013: PRODCOM 2012</Title>
            <Title xml:lang="en">Classification of codes for PRODCOM 2013: PRODCOM 2012</Title>
          </TitleGrp>
          <CodelistReference>urn:ssb:codelist:stabas:9064106</CodelistReference>
        </Level>
      </Level>
    </ClassificationVersion>
    <ClassificationVersion id="urn:ssb:classversion:stabas:8704101" isCurrentVersion="false" validFrom="2012-01-01" validTo="2012-12-31" isUnderConstruction="false" updatesPossible="false" disseminationAllowed="true" lastChangedDate="2014-02-17" showIntranet="true" showInternet="true">
      <TitleGrp>
        <Title xml:lang="nb">Standard for PRODCOM koder 2012</Title>
        <Title xml:lang="en">Classification of codes for PRODCOM 2012</Title>
      </TitleGrp>
      <DescriptionGrp>
        <Description xml:lang="nb">PRODCOM er betegnelsen på EUs system for produksjonsstatistikk innen områdene bergverksdrift og utvinning og industri. Produksjonen skal registreres på grunnlag av PRODCOM-listen.</Description>
        <Description xml:lang="en">PRODCOM is the title of the EU production statistics for Mining and Quarrying and Manufacturing. Production is to be recorded according to the product headings of the PRODCOM list.</Description>
      </DescriptionGrp>
      <IntroductionGrp>
        <Indtroduction xml:lang="nb">Ikke relevant</Indtroduction>
        <Indtroduction xml:lang="en">Not relevant</Indtroduction>
      </IntroductionGrp>
      <ContactInformation>
        <Person xmlns="http://www.ssb.no/ns/meta/common">gso</Person>
        <Division xmlns="http://www.ssb.no/ns/meta/common">470</Division>
      </ContactInformation>
      <ExternalDocumentGrp>
        <ExternalDocument xml:lang="nb">Ikke relevant</ExternalDocument>
        <ExternalDocument xml:lang="en">Not relevant</ExternalDocument>
      </ExternalDocumentGrp>
      <ChangesGrp>
        <Change xml:lang="nb">PRODCOM-listen justeres årlig</Change>
        <Change xml:lang="en">The PRODCOM list is yearly adjusted</Change>
      </ChangesGrp>
      <DerivedFromGrp>
        <DerviedFrom xml:lang="nb">NACE Rev. 2., CPA 2007 og kobling mot KN (Kombinerte nomenklatur) 2009</DerviedFrom>
        <DerviedFrom xml:lang="en">NACE Rev. 2., CPA 2007 and the 2009 Combined Nomenclature (CN).</DerviedFrom>
      </DerivedFromGrp>
      <LegalBaseGrp>
        <LegalBase xml:lang="nb">Rådsforordning (EØF) nr. 3924/91 om opprettelsen av en fellesskapsundersøkelse om industriproduksjonen (PRODCOM-forordningen)</LegalBase>
        <LegalBase xml:lang="en">Council Regulation (EEC) No 3924/91 on the establishment of a Community survey of industrial production (PRODCOM Regulation).</LegalBase>
      </LegalBaseGrp>
      <Level levelNumber="1" id="urn:ssb:classlevel:stabas:8704104" codeStructure="99.99">
        <TitleGrp>
          <Title xml:lang="nb">Standard for PRODCOM koder 2012: SN 2007</Title>
          <Title xml:lang="en">Classification of codes for PRODCOM 2012: NACE (SN) 2007</Title>
        </TitleGrp>
        <CodelistReference>urn:ssb:codelist:stabas:8704104</CodelistReference>
        <Level levelNumber="2" id="urn:ssb:classlevel:stabas:8704106">
          <TitleGrp>
            <Title xml:lang="nb">Standard for PRODCOM koder 2012: PRODCOM 2012</Title>
            <Title xml:lang="en">Classification of codes for PRODCOM 2012: PRODCOM 2012</Title>
          </TitleGrp>
          <CodelistReference>urn:ssb:codelist:stabas:8704106</CodelistReference>
        </Level>
      </Level>
    </ClassificationVersion>
    <ClassificationVersion id="urn:ssb:classversion:stabas:8352001" isCurrentVersion="false" validFrom="2011-01-01" validTo="2011-12-31" isUnderConstruction="false" updatesPossible="false" disseminationAllowed="true" lastChangedDate="2013-02-07" showIntranet="true" showInternet="true">
      <TitleGrp>
        <Title xml:lang="nb">Standard for PRODCOM koder 2011</Title>
        <Title xml:lang="en">Classification of codes for PRODCOM 2011</Title>
      </TitleGrp>
      <DescriptionGrp>
        <Description xml:lang="nb">PRODCOM er betegnelsen på EUs system for produksjonsstatistikk innen områdene bergverksdrift og utvinning og industri. Produksjonen skal registreres på grunnlag av PRODCOM-listen.</Description>
        <Description xml:lang="en">PRODCOM is the title of the EU production statistics for Mining and Quarrying and Manufacturing. Production is to be recorded according to the product headings of the PRODCOM list.</Description>
      </DescriptionGrp>
      <IntroductionGrp>
        <Indtroduction xml:lang="nb">Ikke relevant</Indtroduction>
        <Indtroduction xml:lang="en">Not relevant</Indtroduction>
      </IntroductionGrp>
      <ContactInformation>
        <Person xmlns="http://www.ssb.no/ns/meta/common">gso</Person>
        <Division xmlns="http://www.ssb.no/ns/meta/common">470</Division>
      </ContactInformation>
      <ExternalDocumentGrp>
        <ExternalDocument xml:lang="nb">Ikke relevant</ExternalDocument>
        <ExternalDocument xml:lang="en">Not relevant</ExternalDocument>
      </ExternalDocumentGrp>
      <ChangesGrp>
        <Change xml:lang="nb">PRODCOM-listen justeres årlig</Change>
        <Change xml:lang="en">The PRODCOM list is yearly adjusted</Change>
      </ChangesGrp>
      <DerivedFromGrp>
        <DerviedFrom xml:lang="nb">NACE Rev. 2., CPA 2007 og kobling mot KN (Kombinerte nomenklatur) 2009</DerviedFrom>
        <DerviedFrom xml:lang="en">NACE Rev. 2., CPA 2007 and the 2009 Combined Nomenclature (CN).</DerviedFrom>
      </DerivedFromGrp>
      <LegalBaseGrp>
        <LegalBase xml:lang="nb">Rådsforordning (EØF) nr. 3924/91 om opprettelsen av en fellesskapsundersøkelse om industriproduksjonen (PRODCOM-forordningen)</LegalBase>
        <LegalBase xml:lang="en">Council Regulation (EEC) No 3924/91 on the establishment of a Community survey of industrial production (PRODCOM Regulation).</LegalBase>
      </LegalBaseGrp>
      <Level levelNumber="1" id="urn:ssb:classlevel:stabas:8352004" codeStructure="99.99">
        <TitleGrp>
          <Title xml:lang="nb">Standard for PRODCOM koder 2011: SN 2007</Title>
          <Title xml:lang="en">Classification of codes for PRODCOM 2011: NACE (SN) 2007</Title>
        </TitleGrp>
        <CodelistReference>urn:ssb:codelist:stabas:8352004</CodelistReference>
        <Level levelNumber="2" id="urn:ssb:classlevel:stabas:8352006">
          <TitleGrp>
            <Title xml:lang="nb">Standard for PRODCOM koder 2011: PRODCOM 2011</Title>
            <Title xml:lang="en">Classification of codes for PRODCOM 2011: PRODCOM 2011</Title>
          </TitleGrp>
          <CodelistReference>urn:ssb:codelist:stabas:8352006</CodelistReference>
        </Level>
      </Level>
    </ClassificationVersion>
    <ClassificationVersion id="urn:ssb:classversion:stabas:7141301" isCurrentVersion="false" validFrom="2010-01-01" validTo="2010-12-31" isUnderConstruction="false" updatesPossible="false" disseminationAllowed="true" lastChangedDate="2012-02-06" showIntranet="true" showInternet="true">
      <TitleGrp>
        <Title xml:lang="nb">Standard for PRODCOM koder 2010</Title>
        <Title xml:lang="en">Classification of codes for PRODCOM 2010</Title>
      </TitleGrp>
      <DescriptionGrp>
        <Description xml:lang="nb">PRODCOM er betegnelsen på EUs system for produksjonsstatistikk innen områdene bergverksdrift og utvinning og industri. Produksjonen skal registreres på grunnlag av PRODCOM-listen.</Description>
        <Description xml:lang="en">PRODCOM is the title of the EU production statistics for Mining and Quarrying and Manufacturing. Production is to be recorded according to the product headings of the PRODCOM list.</Description>
      </DescriptionGrp>
      <IntroductionGrp>
        <Indtroduction xml:lang="nb">Ikke relevant</Indtroduction>
        <Indtroduction xml:lang="en">Not relevant</Indtroduction>
      </IntroductionGrp>
      <ContactInformation>
        <Person xmlns="http://www.ssb.no/ns/meta/common">gso</Person>
        <Division xmlns="http://www.ssb.no/ns/meta/common">470</Division>
      </ContactInformation>
      <ExternalDocumentGrp>
        <ExternalDocument xml:lang="nb">Ikke relevant</ExternalDocument>
        <ExternalDocument xml:lang="en">Not relevant</ExternalDocument>
      </ExternalDocumentGrp>
      <ChangesGrp>
        <Change xml:lang="nb">PRODCOM-listen justeres årlig</Change>
        <Change xml:lang="en">The PRODCOM list is yearly adjusted</Change>
      </ChangesGrp>
      <DerivedFromGrp>
        <DerviedFrom xml:lang="nb">NACE Rev. 2., CPA 2007 og kobling mot KN (Kombinerte nomenklatur) 2009</DerviedFrom>
        <DerviedFrom xml:lang="en">NACE Rev. 2., CPA 2007 and the 2009 Combined Nomenclature (CN).</DerviedFrom>
      </DerivedFromGrp>
      <LegalBaseGrp>
        <LegalBase xml:lang="nb">Rådsforordning (EØF) nr. 3924/91 om opprettelsen av en fellesskapsundersøkelse om industriproduksjonen (PRODCOM-forordningen)</LegalBase>
        <LegalBase xml:lang="en">Council Regulation (EEC) No 3924/91 on the establishment of a Community survey of industrial production (PRODCOM Regulation).</LegalBase>
      </LegalBaseGrp>
      <Level levelNumber="1" id="urn:ssb:classlevel:stabas:7141303" codeStructure="99.99">
        <TitleGrp>
          <Title xml:lang="nb">Standard for PRODCOM koder 2010: SN 2007</Title>
          <Title xml:lang="en">Classification of codes for PRODCOM 2010: NACE (SN) 2007</Title>
        </TitleGrp>
        <CodelistReference>urn:ssb:codelist:stabas:7141303</CodelistReference>
        <Level levelNumber="2" id="urn:ssb:classlevel:stabas:7141305">
          <TitleGrp>
            <Title xml:lang="nb">Standard for PRODCOM koder 2010: PRODCOM 2010</Title>
            <Title xml:lang="en">Classification of codes for PRODCOM 2010: PRODCOM 2010</Title>
          </TitleGrp>
          <CodelistReference>urn:ssb:codelist:stabas:7141305</CodelistReference>
        </Level>
      </Level>
    </ClassificationVersion>
    <ClassificationVersion id="urn:ssb:classversion:stabas:6872001" isCurrentVersion="false" validFrom="2009-01-01" validTo="2009-12-31" isUnderConstruction="false" updatesPossible="false" disseminationAllowed="true" lastChangedDate="2011-01-20" showIntranet="true" showInternet="true">
      <TitleGrp>
        <Title xml:lang="nb">Standard for PRODCOM koder 2009</Title>
        <Title xml:lang="en">Classification of codes for PRODCOM 2009</Title>
      </TitleGrp>
      <DescriptionGrp>
        <Description xml:lang="nb">PRODCOM er betegnelsen på EUs system for produksjonsstatistikk innen områdene bergverksdrift og utvinning og industri. Produksjonen skal registreres på grunnlag av PRODCOM-listen.</Description>
        <Description xml:lang="en">PRODCOM is the title of the EU production statistics for Mining and Quarrying and Manufacturing. Production is to be recorded according to the product headings of the PRODCOM list.</Description>
      </DescriptionGrp>
      <IntroductionGrp>
        <Indtroduction xml:lang="nb">Ikke relevant</Indtroduction>
        <Indtroduction xml:lang="en">Not relevant</Indtroduction>
      </IntroductionGrp>
      <ContactInformation>
        <Person xmlns="http://www.ssb.no/ns/meta/common">gso</Person>
        <Division xmlns="http://www.ssb.no/ns/meta/common">470</Division>
      </ContactInformation>
      <ExternalDocumentGrp>
        <ExternalDocument xml:lang="nb">Ikke relevant</ExternalDocument>
        <ExternalDocument xml:lang="en">Not relevant</ExternalDocument>
      </ExternalDocumentGrp>
      <ChangesGrp>
        <Change xml:lang="nb">PRODCOM-listen justeres årlig</Change>
        <Change xml:lang="en">The PRODCOM list is yearly adjusted</Change>
      </ChangesGrp>
      <DerivedFromGrp>
        <DerviedFrom xml:lang="nb">NACE Rev. 2., CPA 2007 og kobling mot KN (Kombinerte nomenklatur) 2009</DerviedFrom>
        <DerviedFrom xml:lang="en">NACE Rev. 2., CPA 2007 and the 2009 Combined Nomenclature (CN).</DerviedFrom>
      </DerivedFromGrp>
      <LegalBaseGrp>
        <LegalBase xml:lang="nb">Rådsforordning (EØF) nr. 3924/91 om opprettelsen av en fellesskapsundersøkelse om industriproduksjonen (PRODCOM-forordningen)</LegalBase>
        <LegalBase xml:lang="en">Council Regulation (EEC) No 3924/91 on the establishment of a Community survey of industrial production (PRODCOM Regulation).</LegalBase>
      </LegalBaseGrp>
      <Level levelNumber="1" id="urn:ssb:classlevel:stabas:6872004" codeStructure="99.99">
        <TitleGrp>
          <Title xml:lang="nb">Standard for PRODCOM koder 2009: SN 2007</Title>
          <Title xml:lang="en">Classification of codes for PRODCOM 2009: NACE (SN) 2007</Title>
        </TitleGrp>
        <CodelistReference>urn:ssb:codelist:stabas:6872004</CodelistReference>
        <Level levelNumber="2" id="urn:ssb:classlevel:stabas:6872006">
          <TitleGrp>
            <Title xml:lang="nb">Standard for PRODCOM koder 2009: PRODCOM 2008</Title>
            <Title xml:lang="en">Classification of codes for PRODCOM 2009: PRODCOM 2008</Title>
          </TitleGrp>
          <CodelistReference>urn:ssb:codelist:stabas:6872006</CodelistReference>
        </Level>
      </Level>
    </ClassificationVersion>
    <ClassificationVersion id="urn:ssb:classversion:stabas:5686401" isCurrentVersion="false" validFrom="2008-01-01" validTo="2008-12-31" isUnderConstruction="false" updatesPossible="false" disseminationAllowed="true" lastChangedDate="2012-02-07" showIntranet="true" showInternet="true">
      <TitleGrp>
        <Title xml:lang="nb">Standard for PRODCOM koder 2008</Title>
        <Title xml:lang="en">Classification of codes for PRODCOM 2008</Title>
      </TitleGrp>
      <DescriptionGrp />
      <IntroductionGrp>
        <Indtroduction xml:lang="nb">Ikke relevant</Indtroduction>
        <Indtroduction xml:lang="en">Not relevant</Indtroduction>
      </IntroductionGrp>
      <ContactInformation>
        <Person xmlns="http://www.ssb.no/ns/meta/common">gso</Person>
        <Division xmlns="http://www.ssb.no/ns/meta/common">470</Division>
      </ContactInformation>
      <ExternalDocumentGrp>
        <ExternalDocument xml:lang="nb">Ikke relevant</ExternalDocument>
        <ExternalDocument xml:lang="en">Not relevant</ExternalDocument>
      </ExternalDocumentGrp>
      <ChangesGrp>
        <Change xml:lang="nb">Ikke relevant</Change>
        <Change xml:lang="en">Not relevant</Change>
      </ChangesGrp>
      <DerivedFromGrp>
        <DerviedFrom xml:lang="nb">Ikke relevant</DerviedFrom>
        <DerviedFrom xml:lang="en">Not relevant</DerviedFrom>
      </DerivedFromGrp>
      <LegalBaseGrp>
        <LegalBase xml:lang="nb">Ikke relevant</LegalBase>
        <LegalBase xml:lang="en">Not relevant</LegalBase>
      </LegalBaseGrp>
      <Level levelNumber="1" id="urn:ssb:classlevel:stabas:5686403" codeStructure="99.99">
        <TitleGrp>
          <Title xml:lang="nb">Standard for PRODCOM koder 2008: SN 2007</Title>
          <Title xml:lang="en">Classification of codes for PRODCOM 2008: NACE (SN) 2007</Title>
        </TitleGrp>
        <CodelistReference>urn:ssb:codelist:stabas:5686403</CodelistReference>
        <Level levelNumber="2" id="urn:ssb:classlevel:stabas:5686405">
          <TitleGrp>
            <Title xml:lang="nb">Standard for PRODCOM koder 2008: PRODCOM 2008</Title>
            <Title xml:lang="en">Classification of codes for PRODCOM 2008: PRODCOM 2008</Title>
          </TitleGrp>
          <CodelistReference>urn:ssb:codelist:stabas:5686405</CodelistReference>
        </Level>
      </Level>
    </ClassificationVersion>
    <ClassificationVersion id="urn:ssb:classversion:stabas:4670001" isCurrentVersion="false" validFrom="2006-01-01" validTo="2007-12-31" isUnderConstruction="false" updatesPossible="false" disseminationAllowed="true" lastChangedDate="2009-01-29" showIntranet="true" showInternet="true">
      <TitleGrp>
        <Title xml:lang="nb">Standard for PRODCOM koder 2006</Title>
        <Title xml:lang="en">Classification of codes for PRODCOM 2006</Title>
      </TitleGrp>
      <DescriptionGrp>
        <Description xml:lang="nb">PRODCOM er betegnelsen på EUs system for produksjonsstatistikk innen områdene bergverksdrift og utvinning og industri. Produksjonen skal registreres i på grunnlag av PRODCOM-listen.</Description>
        <Description xml:lang="en">PRODCOM is the title of the EU production statistics for Mining and Quarrying and Manufacturing. Production is to be recorded according to the product headings of the PRODCOM list.</Description>
      </DescriptionGrp>
      <IntroductionGrp>
        <Indtroduction xml:lang="nb">Ikke relevant</Indtroduction>
        <Indtroduction xml:lang="en">Not relevant</Indtroduction>
      </IntroductionGrp>
      <ContactInformation>
        <Person xmlns="http://www.ssb.no/ns/meta/common">moa</Person>
        <Division xmlns="http://www.ssb.no/ns/meta/common">470</Division>
      </ContactInformation>
      <ExternalDocumentGrp>
        <ExternalDocument xml:lang="nb">Ikke relevant</ExternalDocument>
        <ExternalDocument xml:lang="en">Not relevant</ExternalDocument>
      </ExternalDocumentGrp>
      <ChangesGrp>
        <Change xml:lang="nb">PRODCOM-listen justeres årlig</Change>
        <Change xml:lang="en">The PRODCOM list is yearly adjusted</Change>
      </ChangesGrp>
      <DerivedFromGrp>
        <DerviedFrom xml:lang="nb">NACE Rev. 1.1, CPA 2002 og kobling mot KN (Kombinerte nomenklatur) 2006</DerviedFrom>
        <DerviedFrom xml:lang="en">NACE Rev. 1.1, CPA 2002 and the 2006 Combined Nomenclature (CN).</DerviedFrom>
      </DerivedFromGrp>
      <LegalBaseGrp>
        <LegalBase xml:lang="nb">Rådsforordning (EØF) nr. 3924/91 om opprettelsen av en fellesskapsundersøkelse om industriproduksjonen (PRODCOM-forordningen)</LegalBase>
        <LegalBase xml:lang="en">Council Regulation (EEC) No 3924/91 on the establishment of a Community survey of industrial production (PRODCOM Regulation).</LegalBase>
      </LegalBaseGrp>
      <Level levelNumber="1" id="urn:ssb:classlevel:stabas:4670004" codeStructure="99.99">
        <TitleGrp>
          <Title xml:lang="nb">Standard for PRODCOM koder 2006: SN 2002</Title>
          <Title xml:lang="en">Classification of codes for PRODCOM 2006: NACE (SN) 2002</Title>
        </TitleGrp>
        <CodelistReference>urn:ssb:codelist:stabas:4670004</CodelistReference>
        <Level levelNumber="2" id="urn:ssb:classlevel:stabas:4670006" codeStructure="99.99.99">
          <TitleGrp>
            <Title xml:lang="nb">Standard for PRODCOM koder 2006: CPA 2002</Title>
            <Title xml:lang="en">Classification of codes for PRODCOM 2006: CPA 2005</Title>
          </TitleGrp>
          <CodelistReference>urn:ssb:codelist:stabas:4670006</CodelistReference>
          <Level levelNumber="3" id="urn:ssb:classlevel:stabas:4670008" codeStructure="99.99.99.99.X">
            <TitleGrp>
              <Title xml:lang="nb">Standard for PRODCOM koder 2006: PRODCOM 2005</Title>
              <Title xml:lang="en">Classification of codes for PRODCOM 2006: PRODCOM 2005</Title>
            </TitleGrp>
            <CodelistReference>urn:ssb:codelist:stabas:4670008</CodelistReference>
          </Level>
        </Level>
      </Level>
    </ClassificationVersion>
    <ClassificationVersion id="urn:ssb:classversion:stabas:4388101" isCurrentVersion="false" validFrom="2005-01-01" validTo="2005-12-31" isUnderConstruction="false" updatesPossible="false" disseminationAllowed="true" lastChangedDate="2008-01-19" showIntranet="true" showInternet="true">
      <TitleGrp>
        <Title xml:lang="nb">Standard for PRODCOM koder 2005</Title>
        <Title xml:lang="en">Classification of codes for PRODCOM 2005</Title>
      </TitleGrp>
      <DescriptionGrp>
        <Description xml:lang="nb">PRODCOM er betegnelsen på EUs system for produksjonsstatistikk innen områdene bergverksdrift og utvinning og industri. Produksjonen skal registreres i på grunnlag av PRODCOM-listen.</Description>
        <Description xml:lang="en">PRODCOM is the title of the EU production statistics for Mining and Quarrying and Manufacturing. Production is to be recorded according to the product headings of the PRODCOM list.</Description>
      </DescriptionGrp>
      <IntroductionGrp>
        <Indtroduction xml:lang="nb">Ikke relevant</Indtroduction>
        <Indtroduction xml:lang="en">Not relevant</Indtroduction>
      </IntroductionGrp>
      <ContactInformation>
        <Person xmlns="http://www.ssb.no/ns/meta/common">moa</Person>
        <Division xmlns="http://www.ssb.no/ns/meta/common">470</Division>
      </ContactInformation>
      <ExternalDocumentGrp>
        <ExternalDocument xml:lang="nb">Ikke relevant</ExternalDocument>
        <ExternalDocument xml:lang="en">Not relevant</ExternalDocument>
      </ExternalDocumentGrp>
      <ChangesGrp>
        <Change xml:lang="nb">PRODCOM-listen justeres årlig</Change>
        <Change xml:lang="en">The PRODCOM list is yearly adjusted</Change>
      </ChangesGrp>
      <DerivedFromGrp>
        <DerviedFrom xml:lang="nb">NACE Rev. 1.1, CPA 2002 og kobling mot KN (Kombinerte nomenklatur) 2005</DerviedFrom>
        <DerviedFrom xml:lang="en">NACE Rev. 1.1, CPA 2002 and the 2005 Combined Nomenclature (CN).</DerviedFrom>
      </DerivedFromGrp>
      <LegalBaseGrp>
        <LegalBase xml:lang="nb">Rådsforordning (EØF) nr. 3924/91 om opprettelsen av en fellesskapsundersøkelse om industriproduksjonen (PRODCOM-forordningen)</LegalBase>
        <LegalBase xml:lang="en">Council Regulation (EEC) No 3924/91 on the establishment of a Community survey of industrial production (PRODCOM Regulation).</LegalBase>
      </LegalBaseGrp>
      <Level levelNumber="1" id="urn:ssb:classlevel:stabas:4388104" codeStructure="99.99">
        <TitleGrp>
          <Title xml:lang="nb">Standard for PRODCOM koder 2005: SN 2002</Title>
          <Title xml:lang="en">Classification of codes for PRODCOM 2005: NACE (SN) 2002</Title>
        </TitleGrp>
        <CodelistReference>urn:ssb:codelist:stabas:4388104</CodelistReference>
        <Level levelNumber="2" id="urn:ssb:classlevel:stabas:4388106" codeStructure="99.99.99">
          <TitleGrp>
            <Title xml:lang="nb">Standard for PRODCOM koder 2005: CPA 2002</Title>
            <Title xml:lang="en">Classification of codes for PRODCOM 2005: CPA 2005</Title>
          </TitleGrp>
          <CodelistReference>urn:ssb:codelist:stabas:4388106</CodelistReference>
          <Level levelNumber="3" id="urn:ssb:classlevel:stabas:4388108" codeStructure="99.99.99.99.X">
            <TitleGrp>
              <Title xml:lang="nb">Standard for PRODCOM koder 2005: PRODCOM 2005</Title>
              <Title xml:lang="en">Classification of codes for PRODCOM 2005: PRODCOM 2005</Title>
            </TitleGrp>
            <CodelistReference>urn:ssb:codelist:stabas:4388108</CodelistReference>
          </Level>
        </Level>
      </Level>
    </ClassificationVersion>
  </ClassificationVersions>
</Classification>