<?xml version="1.0" encoding="utf-8"?>
<Classification xmlns:xsi="http://www.w3.org/2001/XMLSchema-instance" xmlns:xsd="http://www.w3.org/2001/XMLSchema" id="urn:ssb:classification:stabas:342101" currentVersionId="urn:ssb:classversion:stabas:8118001" xmlns="http://www.ssb.no/ns/meta/classification">
  <TitleGrp>
    <Title xml:lang="nn">Standard for næringsgruppering</Title>
    <Title xml:lang="nb">Standard for næringsgruppering </Title>
    <Title xml:lang="en">Standard Industrial Classification</Title>
  </TitleGrp>
  <DescriptionGrp>
    <Description xml:lang="nb">ISIC (International Standard Industrial Classification of all Economic Activities) kom ut i revidert utgave i 1990. Innenfor EF ble det imidlertid bestemt at alle medlemslandene skulle ta i bruk NACE Rev.1. Siden de fleste EFTA-land tok i bruk NACE Rev. 1, bestemte SSB seg for å lage en ny standard for næringsgruppering med NACE Rev. 1 som grunnlag istedenfor å ta i bruk den reviderte versjonen av ISIC. Ned til det 4-sifrede nivået som er NACE Rev. 1s mest detaljerte nivå er den norske versjonen identisk med NACE Rev.1, mens 5.siffer (næringsundergruppe) er et nasjonalt norsk nivå.

De statistiske enheter:
Nedenfor følger en kort omtale av de statistiske enheter som klassifiseres i henhold til NACE Rev. 1. Enhetene er fastsatt i Rådsforordning (EØF) nr. 696/93.

Foretaket
Et foretak består av den minste kombinasjon av juridiske enheter som utgjør en organisatorisk enhet som produserer varer eller tjenester. Det har til en viss grad selvstendig beslutningsmyndighet, særlig med hensyn til anvendelsen av sine løpende ressurser. Et foretak kan utøve en eller flere aktiviteter. Aktivitetene kan foregå på ett eller flere steder. Et foretak kan imidlertid bestå av en enkelt juridisk enhet.

Den institusjonelle enheten
Enheten er en grunnleggende enhet for økonomiske beslutninger. Den har selvstendig beslutningsmyndighet med hensyn til utøvelsen av sin hovedfunksjon og kan dessuten føre et fullstendig regnskap.

Foretaksgruppen
En foretaksgruppe består av flere foretak. Disse er juridisk og/eller finansielt knyttet sammen. Den kan sentralisere visse aspekter av økonomistyring og skattemessige disposisjoner. Foretaksgruppen utgjør en økonomisk enhet som har myndighet til å treffe beslutninger. Dette gjelder spesielt for de enheter den består av.

Bransjeenheten
Bransjeenheten omfatter alle deler av et foretak som bidrar til utøvelsen av en aktivitet på næringsgruppenivå, dvs. 4-siffernivå i NACE Rev.1. Enheten er det vi kaller analyseenhet. Bransjeenheten kan bestå av en eller flere lokale bransjeenheter. For hver bransjeenhet må det kunne beregnes eller angis minst produksjonsverdi, vareinnsats, lønnskostnader, driftsresultat, samt sysselsetting og bruttoinvestering i fast realkapital.

Den homogene produksjonsenheten
Det som kjennetegner en homogen produksjonsenhete er at den består av en enkelt aktivitet. Denne aktiviteten identifiseres ved homogene innsatsprodukter, en produksjonsprosess og produkter. Enheten er analyseenhet og kan tilsvare en institusjonell enhet eller en del av en institusjonell enhet. Den kan derimot ikke tilhøre to ulike institusjonelle enheter.

Den lokale enhet
En lokal enhet kan være et foretak eller en del av et foretak. Den kan bestå av flere aktiviteter, men aktivitetene må foregå på ett sted som kan identifiseres geografisk.

Den lokale bransjeenhet
Enheten er den delen av en bransjeenhet som tilsvarer en lokal enhet. Hvert foretak må omfatte minst en lokal bransjeenhet.

Den lokale homogene produksjonsenheten
Enheten er den delen av en homogen produksjonsenhet som tilsvarer en lokal enhet. Enheten er det vi kaller for analyseenhet.</Description>
  </DescriptionGrp>
  <StatisticalUnitGrp>
    <StatisticalUnit xml:lang="nn">Økonomiske verksemder</StatisticalUnit>
    <StatisticalUnit xml:lang="nb">Økonomiske virksomheter</StatisticalUnit>
    <StatisticalUnit xml:lang="en">Economic activities</StatisticalUnit>
  </StatisticalUnitGrp>
  <OwnerGrp>
    <Owner xml:lang="nn">Statistisk sentralbyrå (SSB)</Owner>
    <Owner xml:lang="nb">Statistisk sentralbyrå (SSB)</Owner>
    <Owner xml:lang="en">Statistics Norway</Owner>
  </OwnerGrp>
  <SubjectArea>10</SubjectArea>
  <ClassificationVersions>
    <ClassificationVersion id="urn:ssb:classversion:stabas:8118001" isCurrentVersion="true" validFrom="2009-01-01" isUnderConstruction="false" updatesPossible="false" disseminationAllowed="true" lastChangedDate="2016-04-15" showIntranet="true" showInternet="true">
      <TitleGrp>
        <Title xml:lang="nn">Standard for næringsgruppering (SN2007)</Title>
        <Title xml:lang="nb">Standard for næringsgruppering (SN2007)</Title>
        <Title xml:lang="en">Standard Industrial Classification (SIC2007)</Title>
      </TitleGrp>
      <DescriptionGrp>
        <Description xml:lang="nn">Standarden er i første rekkje ein statistisk standard. Den danner grunnlaget for koding av einingar etter viktigste aktivitet i Statistisk sentralbyrå sitt bedrifts- og føretaksregister og for einingar i Enhetsregisteret. Den er ein av dei viktigste standardane i økonomisk statistikk og gjer det mogleg å samanlikne og analysere statistiske opplysningar både nasjonalt og internasjonalt og over tid.</Description>
        <Description xml:lang="nb">Standarden er i første rekke en statistisk standard. Den danner grunnlag for koding av enheter etter viktigste aktivitet i Statistisk sentralbyrås bedrifts- og foretaksregister og for enheter i Enhetsregisteret. Den er en av de viktigste standardene i økonomisk statistikk og gjør det mulig å sammenlikne og analysere statistiske opplysninger både nasjonalt og internasjonalt og over tid.</Description>
        <Description xml:lang="en">Standard Industrial Classification is primarily a statistical standard. In practice, this means the standard will be the basis for coding units according to the most important activities in Statistics Norway's Business register and in the Central Coordinating Register for Legal Entities. SIC2007 is one of the most important standards of economic statistics, and it makes it possible to compare and analyze statistical data at the national/international level and over time.  </Description>
      </DescriptionGrp>
      <IntroductionGrp>
        <Indtroduction xml:lang="nn">Ikkje relevant</Indtroduction>
        <Indtroduction xml:lang="nb">Ikke relevant</Indtroduction>
        <Indtroduction xml:lang="en">Not relevant</Indtroduction>
      </IntroductionGrp>
      <ContactInformation>
        <Person xmlns="http://www.ssb.no/ns/meta/common">krf</Person>
        <Division xmlns="http://www.ssb.no/ns/meta/common">830</Division>
      </ContactInformation>
      <ExternalDocumentGrp>
        <ExternalDocument xml:lang="nn">http://www.ssb.no/emner/10/01/nos_sn/</ExternalDocument>
        <ExternalDocument xml:lang="nb">http://www.ssb.no/a/publikasjoner/pdf/nos_d383/nos_d383.pdf</ExternalDocument>
        <ExternalDocument xml:lang="en">http://www.ssb.no/english/subjects/10/01/nos_d383_en/</ExternalDocument>
      </ExternalDocumentGrp>
      <ChangesGrp>
        <Change xml:lang="nn">Ikkje relevant</Change>
        <Change xml:lang="nb">Ikke relevant</Change>
        <Change xml:lang="en">Not relevant</Change>
      </ChangesGrp>
      <DerivedFromGrp>
        <DerviedFrom xml:lang="nn">NACE Rev.2</DerviedFrom>
        <DerviedFrom xml:lang="nb">NACE Rev.2</DerviedFrom>
        <DerviedFrom xml:lang="en">NACE Rev.2</DerviedFrom>
      </DerivedFromGrp>
      <LegalBaseGrp>
        <LegalBase xml:lang="nn">Rådsforordning (EF) nr. 1893/2006</LegalBase>
        <LegalBase xml:lang="nb">Rådsforordning (EF) nr. 1893/2006</LegalBase>
        <LegalBase xml:lang="en">Council Regulation (EEC) No. 1893/2006</LegalBase>
      </LegalBaseGrp>
      <Level levelNumber="1" id="urn:ssb:classlevel:stabas:8118005" codeStructure="A">
        <TitleGrp>
          <Title xml:lang="nn">Standard for næringsgruppering (SN2007): Næringshovudområde</Title>
          <Title xml:lang="nb">Standard for næringsgruppering (SN2007): Næringshovedområde</Title>
          <Title xml:lang="en">Standard Industrial Classification (SIC2007): Section</Title>
        </TitleGrp>
        <CodelistReference>urn:ssb:codelist:stabas:8118005</CodelistReference>
        <Level levelNumber="2" id="urn:ssb:classlevel:stabas:8118007" codeStructure="99">
          <TitleGrp>
            <Title xml:lang="nn">Standard for næringsgruppering (SN2007): Næring</Title>
            <Title xml:lang="nb">Standard for næringsgruppering (SN2007): Næring</Title>
            <Title xml:lang="en">Standard Industrial Classification (SIC2007): Divison</Title>
          </TitleGrp>
          <CodelistReference>urn:ssb:codelist:stabas:8118007</CodelistReference>
          <Level levelNumber="3" id="urn:ssb:classlevel:stabas:8118009" codeStructure="99.9">
            <TitleGrp>
              <Title xml:lang="nn">Standard for næringsgruppering (SN2007): Næringshovudgruppe</Title>
              <Title xml:lang="nb">Standard for næringsgruppering (SN2007): Næringshovedgruppe</Title>
              <Title xml:lang="en">Standard Industrial Classification (SIC2007): Group</Title>
            </TitleGrp>
            <CodelistReference>urn:ssb:codelist:stabas:8118009</CodelistReference>
            <Level levelNumber="4" id="urn:ssb:classlevel:stabas:8118011" codeStructure="99.99">
              <TitleGrp>
                <Title xml:lang="nn">Standard for næringsgruppering (SN2007): Næringsgruppe</Title>
                <Title xml:lang="nb">Standard for næringsgruppering (SN2007): Næringsgruppe</Title>
                <Title xml:lang="en">Standard Industrial Classification (SIC2007): Class</Title>
              </TitleGrp>
              <CodelistReference>urn:ssb:codelist:stabas:8118011</CodelistReference>
              <Level levelNumber="5" id="urn:ssb:classlevel:stabas:8118013" codeStructure="99.999">
                <TitleGrp>
                  <Title xml:lang="nn">Standard for næringsgruppering (SN2007): Næringundergruppe</Title>
                  <Title xml:lang="nb">Standard for næringsgruppering (SN2007): Næringsundergruppe</Title>
                  <Title xml:lang="en">Standard Industrial Classification (SIC2007): Subclass</Title>
                </TitleGrp>
                <CodelistReference>urn:ssb:codelist:stabas:8118013</CodelistReference>
              </Level>
            </Level>
          </Level>
        </Level>
      </Level>
    </ClassificationVersion>
    <ClassificationVersion id="urn:ssb:classversion:stabas:3152101" isCurrentVersion="false" isUnderConstruction="false" updatesPossible="false" disseminationAllowed="false" showIntranet="false" showInternet="false" />
    <ClassificationVersion id="urn:ssb:classversion:stabas:5556001" isCurrentVersion="false" validFrom="2002-01-01" validTo="2008-12-31" isUnderConstruction="false" updatesPossible="false" disseminationAllowed="true" lastChangedDate="2016-04-15" showIntranet="true" showInternet="true">
      <TitleGrp>
        <Title xml:lang="nn">Standard for næringsgruppering (SN2002)</Title>
        <Title xml:lang="nb">Standard for næringsgruppering (SN2002)</Title>
        <Title xml:lang="en">Standard Industrial Classification (SIC2002)</Title>
      </TitleGrp>
      <DescriptionGrp>
        <Description xml:lang="nn">Standarden er i første rekkje ein statistisk standard. Den danner grunnlaget for koding av einingar etter viktigste aktivitet i Statistisk sentralbyrå sitt bedrifts- og føretakregister og for einingar i Enhetsregisteret. Den er ein av dei viktigaste standardane innafor økonomisk statistikk og gjer det mogleg å samanlikne og analysere statistiske opplysningar både nasjonalt/internasjonalt og over tid. Næringsgruppering nyttast også i administrative rutinar.</Description>
        <Description xml:lang="nb">Standarden er i første rekke en statistisk standard. Den danner grunnlag for koding av enheter etter viktigste aktivitet i Statistisk sentralbyrås bedrifts- og foretakregister og for enheter i Enhetsregisteret. Den er en av de viktigste standardene i økonomisk statistikk og gjør det mulig a sammenlikne og analysere statistiske opplysninger både nasjonalt/internasjonalt og over tid. Næringsgruppering brukes også i administrative rutiner.</Description>
        <Description xml:lang="en">SIC is primarily a statistical standard. The standard will be the basis for coding units according to principal activity in Statistics Norway's Business register and units in the Central Coordinating Register of Legal Units. The SIC is one of the most important standards of economic statistics, and it will make it possible to compare and analyze statistical data both at the national/international level and over time. SIC is also used for administrative purposes.</Description>
      </DescriptionGrp>
      <IntroductionGrp>
        <Indtroduction xml:lang="nn">Ikkje relevant</Indtroduction>
        <Indtroduction xml:lang="nb">Ikke relevant</Indtroduction>
        <Indtroduction xml:lang="en">Not relevant</Indtroduction>
      </IntroductionGrp>
      <ContactInformation>
        <Person xmlns="http://www.ssb.no/ns/meta/common">krf</Person>
        <Division xmlns="http://www.ssb.no/ns/meta/common">830</Division>
      </ContactInformation>
      <ExternalDocumentGrp>
        <ExternalDocument xml:lang="nn">Ikkje relevant</ExternalDocument>
        <ExternalDocument xml:lang="nb">Ikke relevant</ExternalDocument>
        <ExternalDocument xml:lang="en">Not relevant</ExternalDocument>
      </ExternalDocumentGrp>
      <ChangesGrp>
        <Change xml:lang="nn">Ikkje relevant</Change>
        <Change xml:lang="nb">Ikke relevant</Change>
        <Change xml:lang="en">Not relevant</Change>
      </ChangesGrp>
      <DerivedFromGrp>
        <DerviedFrom xml:lang="nn">NACE Rev. 1.1</DerviedFrom>
        <DerviedFrom xml:lang="nb">NACE Rev. 1.1</DerviedFrom>
        <DerviedFrom xml:lang="en">Not relevant</DerviedFrom>
      </DerivedFromGrp>
      <LegalBaseGrp>
        <LegalBase xml:lang="nn">Kommisjonsforordning (EF) nr. 29/2002</LegalBase>
        <LegalBase xml:lang="nb">Kommisjonsforordning (EF) nr. 29/2002</LegalBase>
        <LegalBase xml:lang="en">EU Commission regulation no. 29/2002</LegalBase>
      </LegalBaseGrp>
      <Level levelNumber="1" id="urn:ssb:classlevel:stabas:5556005" codeStructure="A">
        <TitleGrp>
          <Title xml:lang="nn">Standard for næringsgruppering (SN2002): Næringshovudområde</Title>
          <Title xml:lang="nb">Standard for næringsgruppering (SN2002): Næringshovedområde</Title>
          <Title xml:lang="en">Standard Industrial Classification (SIC2002): Section</Title>
        </TitleGrp>
        <CodelistReference>urn:ssb:codelist:stabas:5556005</CodelistReference>
        <Level levelNumber="2" id="urn:ssb:classlevel:stabas:5556007" codeStructure="A">
          <TitleGrp>
            <Title xml:lang="nn">Standard for næringsgruppering (SN2002): Næringsområde</Title>
            <Title xml:lang="nb">Standard for næringsgruppering (SN2002): Næringsområde</Title>
            <Title xml:lang="en">Standard Industrial Classification (SIC2002): Subsection</Title>
          </TitleGrp>
          <CodelistReference>urn:ssb:codelist:stabas:5556007</CodelistReference>
          <Level levelNumber="3" id="urn:ssb:classlevel:stabas:5556009" codeStructure="99">
            <TitleGrp>
              <Title xml:lang="nn">Standard for næringsgruppering (SN2002): Næring</Title>
              <Title xml:lang="nb">Standard for næringsgruppering (SN2002): Næring</Title>
              <Title xml:lang="en">Standard Industrial Classification (SIC2002): Division</Title>
            </TitleGrp>
            <CodelistReference>urn:ssb:codelist:stabas:5556009</CodelistReference>
            <Level levelNumber="4" id="urn:ssb:classlevel:stabas:5556011" codeStructure="99.9">
              <TitleGrp>
                <Title xml:lang="nn">Standard for næringsgruppering (SN2002): Næringshovudgruppe</Title>
                <Title xml:lang="nb">Standard for næringsgruppering (SN2002): Næringshovedgruppe</Title>
                <Title xml:lang="en">Standard Industrial Classification (SIC2002): Group</Title>
              </TitleGrp>
              <CodelistReference>urn:ssb:codelist:stabas:5556011</CodelistReference>
              <Level levelNumber="5" id="urn:ssb:classlevel:stabas:5556013" codeStructure="99.99">
                <TitleGrp>
                  <Title xml:lang="nn">Standard for næringsgruppering (SN2002): Næringsgruppe</Title>
                  <Title xml:lang="nb">Standard for næringsgruppering (SN2002): Næringsgruppe</Title>
                  <Title xml:lang="en">Standard Industrial Classification (SIC2002): Class</Title>
                </TitleGrp>
                <CodelistReference>urn:ssb:codelist:stabas:5556013</CodelistReference>
                <Level levelNumber="6" id="urn:ssb:classlevel:stabas:5556015" codeStructure="99.999">
                  <TitleGrp>
                    <Title xml:lang="nn">Standard for næringsgruppering (SN2002): Næringsundergruppe</Title>
                    <Title xml:lang="nb">Standard for næringsgruppering (SN2002): Næringsundergruppe</Title>
                    <Title xml:lang="en">Standard Industrial Classification (SIC2002): Subclass</Title>
                  </TitleGrp>
                  <CodelistReference>urn:ssb:codelist:stabas:5556015</CodelistReference>
                </Level>
              </Level>
            </Level>
          </Level>
        </Level>
      </Level>
    </ClassificationVersion>
    <ClassificationVersion id="urn:ssb:classversion:stabas:5564836" isCurrentVersion="false" isUnderConstruction="false" updatesPossible="false" disseminationAllowed="false" showIntranet="false" showInternet="false" />
    <ClassificationVersion id="urn:ssb:classversion:stabas:4510001" isCurrentVersion="false" isUnderConstruction="false" updatesPossible="false" disseminationAllowed="false" showIntranet="false" showInternet="false" />
    <ClassificationVersion id="urn:ssb:classversion:stabas:3169729" isCurrentVersion="false" validFrom="1994-01-01" validTo="2001-12-31" isUnderConstruction="false" updatesPossible="false" disseminationAllowed="true" lastChangedDate="2016-04-15" showIntranet="true" showInternet="true">
      <TitleGrp>
        <Title xml:lang="nn">Standard for næringsgruppering (SN94)</Title>
        <Title xml:lang="nb">Standard for næringsgruppering (SN94)</Title>
        <Title xml:lang="en">Standard Industrial Classification (SIC94)</Title>
      </TitleGrp>
      <DescriptionGrp>
        <Description xml:lang="nn">Standarden er i første rekkje ein statistisk standard. Den danner grunnlag for koding av einingar etter viktigaste aktivitet i Statistisk sentralbyrå sitt bedrifts- og føretaksregister og for einingar i Enhetsregisteret. Den er ein av dei viktigaste standardane innafor økonomisk statistiikk og gjer det mogleg å samanlikna og analysera statistiske opplysningar både nasjonalt/internasjonalt og over tid. Næringsgruppering nyttast og i administrative rutinar.</Description>
        <Description xml:lang="nb">Standarden er i første rekke en statistisk standard. Den danner grunnlag for koding av enheter etter viktigste aktivitet i Statistisk sentralbyrås bedrifts- og foretaksregister og for enheter i Enhetsregisteret. Den er en av de viktigste standardene innenfor økonomisk statistiikk og gjør det mulig å sammenlikne og analysere statistiske opplysninger både nasjonalt/internasjonalt og over tid. Næringsgruppering brukes også i administrative rutinr.</Description>
        <Description xml:lang="en">SIC is primarily a statistical standard. The standard will be the basis for coding units according to principal activity in Statistics Norway's Business Register and units in the Central Coordinating Register of Legal Units. The SIC is one of the most important standards of economic statistics, and it will make it possible to compare and analyze statistical data both at the national/international level and over time. SIC is also used for administrative purposes.</Description>
      </DescriptionGrp>
      <IntroductionGrp>
        <Indtroduction xml:lang="nn">Ikkje relevant</Indtroduction>
        <Indtroduction xml:lang="nb">Ikke relevant</Indtroduction>
        <Indtroduction xml:lang="en">Not relevant</Indtroduction>
      </IntroductionGrp>
      <ContactInformation>
        <Person xmlns="http://www.ssb.no/ns/meta/common">krf</Person>
        <Division xmlns="http://www.ssb.no/ns/meta/common">830</Division>
      </ContactInformation>
      <ExternalDocumentGrp>
        <ExternalDocument xml:lang="nn">Standard for næringsgruppering, C182 (ISBN: 82-537-4063-8), C460 (forkortet nynorsk versjon. ISBN: 82-537-4543-5)</ExternalDocument>
        <ExternalDocument xml:lang="nb">Standard for næringsgruppering  - NOS C182</ExternalDocument>
        <ExternalDocument xml:lang="en">Standard Industrial Classification - NOS C182</ExternalDocument>
      </ExternalDocumentGrp>
      <DerivedFromGrp>
        <DerviedFrom xml:lang="nn">NACE Rev. 1</DerviedFrom>
        <DerviedFrom xml:lang="nb">NACE Rev. 1</DerviedFrom>
        <DerviedFrom xml:lang="en">NACE Rev. 1</DerviedFrom>
      </DerivedFromGrp>
      <LegalBaseGrp>
        <LegalBase xml:lang="nn">Rådsforordning (EØF) nr. 3037/90</LegalBase>
        <LegalBase xml:lang="nb">Rådsforordning (EØF) nr. 3037/90</LegalBase>
        <LegalBase xml:lang="en">EU Council Regulation of 9 October 1990</LegalBase>
      </LegalBaseGrp>
      <Level levelNumber="1" id="urn:ssb:classlevel:stabas:3169736" codeStructure="A">
        <TitleGrp>
          <Title xml:lang="nn">Standard for næringsgruppering (SN94): Næringshovedområde</Title>
          <Title xml:lang="nb">Standard for næringsgruppering (SN94): Næringshovedområde</Title>
          <Title xml:lang="en">Standard Industrial Classification (SIC94): Section</Title>
        </TitleGrp>
        <CodelistReference>urn:ssb:codelist:stabas:3169736</CodelistReference>
        <Level levelNumber="2" id="urn:ssb:classlevel:stabas:3169738" codeStructure="A&amp;">
          <TitleGrp>
            <Title xml:lang="nn">Standard for næringsgruppering (SN94): Næringsområde</Title>
            <Title xml:lang="nb">Standard for næringsgruppering (SN94): Næringsområde</Title>
            <Title xml:lang="en">Standard Industrial Classification (SIC94): Subsection</Title>
          </TitleGrp>
          <CodelistReference>urn:ssb:codelist:stabas:3169738</CodelistReference>
          <Level levelNumber="3" id="urn:ssb:classlevel:stabas:3169740" codeStructure="99">
            <TitleGrp>
              <Title xml:lang="nn">Standard for næringsgruppering (SN94): Næring</Title>
              <Title xml:lang="nb">Standard for næringsgruppering (SN94): Næring</Title>
              <Title xml:lang="en">Standard Industrial Classification (SIC94): Division</Title>
            </TitleGrp>
            <CodelistReference>urn:ssb:codelist:stabas:3169740</CodelistReference>
            <Level levelNumber="4" id="urn:ssb:classlevel:stabas:3169742" codeStructure="99.9">
              <TitleGrp>
                <Title xml:lang="nn">Standard for næringsgruppering (SN94): Næringshovedgruppe</Title>
                <Title xml:lang="nb">Standard for næringsgruppering (SN94): Næringshovedgruppe</Title>
                <Title xml:lang="en">Standard Industrial Classification (SIC94): Group</Title>
              </TitleGrp>
              <CodelistReference>urn:ssb:codelist:stabas:3169742</CodelistReference>
              <Level levelNumber="5" id="urn:ssb:classlevel:stabas:3169744" codeStructure="99.99">
                <TitleGrp>
                  <Title xml:lang="nn">Standard for næringsgruppering (SN94): Næringsgruppe</Title>
                  <Title xml:lang="nb">Standard for næringsgruppering (SN94): Næringsgruppe</Title>
                  <Title xml:lang="en">Standard Industrial Classification (SIC94): Class</Title>
                </TitleGrp>
                <CodelistReference>urn:ssb:codelist:stabas:3169744</CodelistReference>
                <Level levelNumber="6" id="urn:ssb:classlevel:stabas:3169746" codeStructure="99.999">
                  <TitleGrp>
                    <Title xml:lang="nn">Standard for næringsgruppering (SN94): Næringsundergruppe</Title>
                    <Title xml:lang="nb">Standard for næringsgruppering (SN94): Næringsundergruppe</Title>
                    <Title xml:lang="en">Standard Industrial Classification (SIC94): Subclass</Title>
                  </TitleGrp>
                  <CodelistReference>urn:ssb:codelist:stabas:3169746</CodelistReference>
                </Level>
              </Level>
            </Level>
          </Level>
        </Level>
      </Level>
    </ClassificationVersion>
  </ClassificationVersions>
</Classification>