<?xml version="1.0" encoding="utf-8"?>
<Classification xmlns:xsi="http://www.w3.org/2001/XMLSchema-instance" xmlns:xsd="http://www.w3.org/2001/XMLSchema" id="urn:ssb:classification:stabas:380702" currentVersionId="urn:ssb:classversion:stabas:8088501" xmlns="http://www.ssb.no/ns/meta/classification">
  <TitleGrp>
    <Title xml:lang="nn">Standard for yrkesklassifisering</Title>
    <Title xml:lang="nb">Standard for yrkesklassifisering</Title>
    <Title xml:lang="en">Standard classification of occupations</Title>
  </TitleGrp>
  <DescriptionGrp>
    <Description xml:lang="nn">Standarden er basert på den internasjonale standarden for yrkesklassifisering
som ILO har utarbeidd (International Standard Classification of Occupations -
ISCO 88). EU har utarbeidd versjonen (ISCO-88(COM)) som er
grunnlaget for den norske standarden. Standarden skal erstatte Nordisk
Yrkesklassifisering (NYK).Standard for yrkesklassifisering er laga for bruk i offisiell norsk statistikk og vil også vere eit viktig verktøy innan arbeidsformidling og yrkesrettleiing.
Under arbeidet med den norske standarden er begge
typar brukarbehov teke omnsyn til. Ettersom ISCO-88(COM) i utgangspunktet
er utvikla som ein statistisk standard, vil nok framleis dei statistiske behova vere dei som 
vert best teke vare på. Arbeidsmarknads-etaten vil arbeide vidare med ei
inndeling av yrke for å dekkje behova som er knytte til formidlingsarbeidet. Det
inneber at nokre yrke kan ha ei finare inndeling, på 5-6 siffernivå, andre yrke
grovare, på 2-3 siffernivå. Inndelinga vil likevel følgje ISCO-88(COM).</Description>
    <Description xml:lang="nb">Standarden er basert på den internasjonale standarden for yrkesklassifisering
som ILO har utarbeidet (International Standard Classification of Occupations -
ISCO 88). EU har utarbeidet en versjon av denne (ISCO-88(COM)) som danner
grunnlaget for den norske standarden. Standarden skal erstatte Nordisk
Yrkesklassifisering (NYK).Standard for yrkesklassifisering er beregnet for bruk i offisiell norsk statistikk og vil også være et viktig verktøy innen arbeidsformidling og yrkesrettledning.
Under arbeidet med den norske standarden er begge
typer brukerbehov tatt hensyn til. Ettersom ISCO-88(COM) i utgangspunktet
er utviklet som en statistisk standard, vil nok fortsatt de statistiske behovene
være best ivaretatt. Arbeidsmarkeds-etaten vil arbeide videre med en
inndeling av yrker for å dekke sine behov knyttet til formidlingsarbeidet. Det
betyr at noen yrker vil kunne deles inn finere, på 5-6 siffernivå, andre yrker
grovere, på 2-3 siffernivå. Inndelingen vil imidlertid følge ISCO-88(COM).</Description>
    <Description xml:lang="en">The standard is based on the International Standard Classification of
Occupations - ISCO-88, prepared by ILO. The EU has developed a version of this
standard (ISCO-88(COM)), which is the basis for the Norwegian standard. The
Norwegian standard will be replacing the Nordic Classification of Occupations
(NYK).The standard classification of occupations is designed for official statistics of
Norway, and will also be instrumental in labour exchange and vocational
guidance. When developing the Norwegian standard, both these needs are considered. Since
ISCO-88(COM) from the beginning was developed for statistical purposes, the
statistical needs probably are better met than the needs in the labour
exchange area. However, the Labour Market Administration will continue to
develop a classification of occupations, in order to satisfy the needs in the
field of labour exchange. This means that some occupations will be classified
by 5-6 digits, while others have 2-3 digits. This classification will comply with the
ISCO-88(COM) standards.</Description>
  </DescriptionGrp>
  <StatisticalUnitGrp>
    <StatisticalUnit xml:lang="nn">Arbeidsoppgåver</StatisticalUnit>
    <StatisticalUnit xml:lang="nb">Arbeidsoppgaver</StatisticalUnit>
    <StatisticalUnit xml:lang="en">Work tasks</StatisticalUnit>
  </StatisticalUnitGrp>
  <OwnerGrp>
    <Owner xml:lang="nn">Statistisk sentralbyrå (SSB)</Owner>
    <Owner xml:lang="nb">Statistisk sentralbyrå(SSB)</Owner>
    <Owner xml:lang="en">Statistics Norway</Owner>
  </OwnerGrp>
  <SubjectArea>06</SubjectArea>
  <ClassificationVersions>
    <ClassificationVersion id="urn:ssb:classversion:stabas:8088501" isCurrentVersion="true" validFrom="2011-01-01" isUnderConstruction="false" updatesPossible="false" disseminationAllowed="true" lastChangedDate="2015-10-02" showIntranet="true" showInternet="true">
      <TitleGrp>
        <Title xml:lang="nn">Standard for yrkesgrupperingar  (STYRK08)</Title>
        <Title xml:lang="nb">Standard for yrkesklassifisering  (STYRK08)</Title>
        <Title xml:lang="en">Standard classification of occupations  (STYRK08)</Title>
      </TitleGrp>
      <DescriptionGrp>
        <Description xml:lang="nn">Standarden er basert på den internasjonale standarden for yrkesklassifisering frå ILO i 2008 - International Standard Classification of Occupations 2008 - ISCO-08. Den norske standarden har fått namnet STYRK-08. Denne standarden erstattar den førre standarden som vart kalla STYRK, som igjen var basert på ISCO-88(COM). Eit yrke er karakterisert ved at det er einsarta i arbeidsoppgåver, kompetansenivå og spesialisering.
Standard for yrkesklassifisering er berekna for bruk i offisiell norsk statistikk og vil også vere eit viktig verkty innan arbeidsformidling og yrkesrettleiing. STYRK-08 vert teken i bruk i offisiell statistikk for 2011, samt i rutiner for arbeidsformidling. Men når det gjeld innrapportering av yrke til Arbeidstakarregisteret, skal denne framleis foregå med STYRK-koder (7 siffer).  SSB vil omkode til STYRK-08 ved publisering. 
</Description>
        <Description xml:lang="nb">Standarden er basert på den internasjonale standarden for yrkesklassifisering fra ILO i 2008 - International Standard Classification of Occupations 2008 - ISCO-08. Den norske standarden har fått navnet STYRK-08. Denne standarden erstatter tidligere standard kalt STYRK som igjen var basert på ISCO-88(COM). Et yrke er karakterisert ved ensartethet i arbeidsoppgaver, kompetansenivå og spesialisering.
Standard for yrkesklassifisering er beregnet for bruk i offisiell norsk statistikk og vil også være et viktig verktøy innen arbeidsformidling og yrkesrettledning. STYRK-08 vil bli tatt i bruk i offisiell statistikk for 2011, samt i rutiner for arbeidsformidling. Men når det gjelder innrapportering av yrker til Arbeidstakerregisteret, skal denne fortsatt foregå med STYRK-koder (7 siffer).  SSB vil foreta omkoding til STYRK-08 ved publisering. 
</Description>
        <Description xml:lang="en">The classification is based on ILO's International Standard for Classification of Occupations 2008 - ISCO-08. The Norwegian version of the classification is called STYRK-08. This classification replaces the former classification STYRK, which was based on ISCO-88(COM). Occupations are characterised by similarities in tasks, level of competence and specialisation.  
STYRK-08 is prepared for use in official statistics, and will also be a valuable tool within employment service and career guidance. STYRK-08 will be used in official statistics for 2011, and also in routines for employment service.  Respondents reporting occupations for the Register of employees will, however, still use codes from STYRK (7 digits), and these will be encoded by Statistics Norway before publishing.
</Description>
      </DescriptionGrp>
      <IntroductionGrp>
        <Indtroduction xml:lang="nn">Ikkje relevant</Indtroduction>
        <Indtroduction xml:lang="nb">Ikke relevant</Indtroduction>
        <Indtroduction xml:lang="en">Not relevant</Indtroduction>
      </IntroductionGrp>
      <ContactInformation>
        <Person xmlns="http://www.ssb.no/ns/meta/common">iha</Person>
        <Division xmlns="http://www.ssb.no/ns/meta/common">260</Division>
      </ContactInformation>
      <ExternalDocumentGrp>
        <ExternalDocument xml:lang="nn">http://www.ssb.no/emner/06/90/notat_201117/  </ExternalDocument>
        <ExternalDocument xml:lang="nb">http://www.ssb.no/emner/06/90/notat_201117/</ExternalDocument>
        <ExternalDocument xml:lang="en">http://www.ssb.no/emner/06/90/notat_201117/  </ExternalDocument>
      </ExternalDocumentGrp>
      <ChangesGrp>
        <Change xml:lang="nn">Klassifikasjonsprinsippa følgjer STYRK, men for å gjere det lettare å jamføre internasjonalt, har likskap i arbeidsoppgåver fått prioritet uavhengig av det enkelte land sine krav til utdanningsbakgrunn. Dette fører til at alle sjukepleiarar og lærarar no er samla i eit yrkesfelt (2 Akademiske yrke). Standarden er også utvida med flere yrke innan IKT, mens det er færre innan handverks- og industrioperatøryrke.</Change>
        <Change xml:lang="nb">Klassifikasjonsprinsippene følger STYRK, men for å få bedre internasjonal sammenliknbarhet har likhet i arbeidsoppgaver fått prioritet uavhengig av det enkelte lands krav til utdanningsbakgrunn. Dette medfører at nå er alle sykepleiere og lærere samlet i ett yrkesfelt (2 Akademiske yrker). Standarden er også utvidet med flere yrker innen IKT, mens det er færre innen håndverks- og industrioperatøryrker.</Change>
        <Change xml:lang="en">The principles of classification are based on STYRK, but to improve international comparability, similarity in tasks are given priority, independent of the educational claims defined by different countries. This e.g. means that all nurses and teachers are included in one category (2 Professionals).  The classification has also been extended with several occupations within the ICT sector, while there are fewer occupations within the crafts and operators sector.</Change>
      </ChangesGrp>
      <LegalBaseGrp>
        <LegalBase xml:lang="nn">Ikkje relevant</LegalBase>
        <LegalBase xml:lang="nb">Ikke relevant</LegalBase>
        <LegalBase xml:lang="en">Not relevant</LegalBase>
      </LegalBaseGrp>
      <Level levelNumber="1" id="urn:ssb:classlevel:stabas:8088503" codeStructure="9">
        <TitleGrp>
          <Title xml:lang="nn">Standard for yrkesgrupperingar  (STYRK08): Yrkeskoder 2008, hovedtitlar</Title>
          <Title xml:lang="nb">Standard for yrkesklassifisering  (STYRK08): Yrkeskoder 2008, hovedtitler</Title>
          <Title xml:lang="en">Standard classification of occupations  (STYRK08): Work Codes 2008, major titles</Title>
        </TitleGrp>
        <CodelistReference>urn:ssb:codelist:stabas:8088503</CodelistReference>
        <Level levelNumber="2" id="urn:ssb:classlevel:stabas:8088505" codeStructure="99">
          <TitleGrp>
            <Title xml:lang="nn">Standard for yrkesgrupperingar  (STYRK08): Yrkeskoder 2008, hovedundertitlar</Title>
            <Title xml:lang="nb">Standard for yrkesklassifisering  (STYRK08): Yrkeskoder 2008, hovedundertitler</Title>
            <Title xml:lang="en">Standard classification of occupations  (STYRK08): Work Codes 2008, sub-major titles</Title>
          </TitleGrp>
          <CodelistReference>urn:ssb:codelist:stabas:8088505</CodelistReference>
          <Level levelNumber="3" id="urn:ssb:classlevel:stabas:8088507" codeStructure="999">
            <TitleGrp>
              <Title xml:lang="nn">Standard for yrkesgrupperingar  (STYRK08): Yrkeskoder 2008, undertitlar</Title>
              <Title xml:lang="nb">Standard for yrkesklassifisering  (STYRK08): Yrkeskoder 2008, undertitler</Title>
              <Title xml:lang="en">Standard classification of occupations  (STYRK08): Work Codes 2008, minor titles</Title>
            </TitleGrp>
            <CodelistReference>urn:ssb:codelist:stabas:8088507</CodelistReference>
            <Level levelNumber="4" id="urn:ssb:classlevel:stabas:8088509" codeStructure="9999">
              <TitleGrp>
                <Title xml:lang="nn">Standard for yrkesgrupperingar  (STYRK08): Yrkeskoder 2008, enhetstitlar</Title>
                <Title xml:lang="nb">Standard for yrkesklassifisering  (STYRK08): Yrkeskoder 2008, enhetstitler</Title>
                <Title xml:lang="en">Standard classification of occupations  (STYRK08): Work Codes 2008, unit titles</Title>
              </TitleGrp>
              <CodelistReference>urn:ssb:codelist:stabas:8088509</CodelistReference>
            </Level>
          </Level>
        </Level>
      </Level>
    </ClassificationVersion>
    <ClassificationVersion id="urn:ssb:classversion:stabas:380703" isCurrentVersion="false" validFrom="1998-09-01" validTo="2010-12-31" isUnderConstruction="false" updatesPossible="false" disseminationAllowed="true" lastChangedDate="2011-08-09" showIntranet="true" showInternet="true">
      <TitleGrp>
        <Title xml:lang="nn">Standard for yrkesgrupperingar  (STYRK98)</Title>
        <Title xml:lang="nb">Standard for yrkesklassifisering  (STYRK98)</Title>
        <Title xml:lang="en">Standard classification of occupations  (STYRK98)</Title>
      </TitleGrp>
      <DescriptionGrp>
        <Description xml:lang="nn">Standarden er basert på den internasjonale standarden for yrkesklassifisering
som ILO har utarbeidd (International Standard Classification of Occupations -
ISCO 88). EU har utarbeidd versjonen (ISCO-88(COM)) som er
grunnlaget for den norske standarden. Standarden skal erstatte Nordisk
Yrkesklassifisering (NYK).Standard for yrkesklassifisering er laga for bruk i offisiell norsk statistikk og vil også vere eit viktig verktøy innan arbeidsformidling og yrkesrettleiing.
Under arbeidet med den norske standarden er begge
typar brukarbehov teke omnsyn til. Ettersom ISCO-88(COM) i utgangspunktet
er utvikla som ein statistisk standard, vil nok framleis dei statistiske behova vere dei som 
vert best teke vare på. Arbeidsmarknads-etaten vil arbeide vidare med ei
inndeling av yrke for å dekkje behova som er knytte til formidlingsarbeidet. Det
inneber at nokre yrke kan ha ei finare inndeling, på 5-6 siffernivå, andre yrke
grovare, på 2-3 siffernivå. Inndelinga vil likevel følgje ISCO-88(COM).</Description>
        <Description xml:lang="nb">Standarden er basert på den internasjonale standarden for yrkesklassifisering
som ILO har utarbeidet (International Standard Classification of Occupations -
ISCO 88). EU har utarbeidet en versjon av denne (ISCO-88(COM)) som danner
grunnlaget for den norske standarden. Standarden skal erstatte Nordisk
Yrkesklassifisering (NYK).Standard for yrkesklassifisering er beregnet for bruk i offisiell norsk statistikk og vil også være et viktig verktøy innen arbeidsformidling og yrkesrettledning.
Under arbeidet med den norske standarden er begge
typer brukerbehov tatt hensyn til. Ettersom ISCO-88(COM) i utgangspunktet
er utviklet som en statistisk standard, vil nok fortsatt de statistiske behovene
være best ivaretatt. Arbeidsmarkeds-etaten vil arbeide videre med en
inndeling av yrker for å dekke sine behov knyttet til formidlingsarbeidet. Det
betyr at noen yrker vil kunne deles inn finere, på 5-6 siffernivå, andre yrker
grovere, på 2-3 siffernivå. Inndelingen vil imidlertid følge ISCO-88(COM).</Description>
        <Description xml:lang="en">The standard is based on the International Standard Classification of
Occupations - ISCO-88, prepared by ILO. The EU has developed a version of this
standard (ISCO-88(COM)), which is the basis for the Norwegian standard. The
Norwegian standard will be replacing the Nordic Classification of Occupations
(NYK).The standard classification of occupations is designed for official statistics of
Norway, and will also be instrumental in labour exchange and vocational
guidance. When developing the Norwegian standard, both these needs are considered. Since
ISCO-88(COM) from the beginning was developed for statistical purposes, the
statistical needs probably are better met than the needs in the labour
exchange area. However, the Labour Market Administration will continue to
develop a classification of occupations, in order to satisfy the needs in the
field of labour exchange. This means that some occupations will be classified
by 5-6 digits, while others have 2-3 digits. This classification will comply with the
ISCO-88(COM) standards.</Description>
      </DescriptionGrp>
      <IntroductionGrp>
        <Indtroduction xml:lang="nn">Ikkje relevant
</Indtroduction>
        <Indtroduction xml:lang="nb">Ikke relevant</Indtroduction>
        <Indtroduction xml:lang="en">Not relevant</Indtroduction>
      </IntroductionGrp>
      <ContactInformation>
        <Person xmlns="http://www.ssb.no/ns/meta/common">iha</Person>
        <Division xmlns="http://www.ssb.no/ns/meta/common">260</Division>
      </ContactInformation>
      <ExternalDocumentGrp>
        <ExternalDocument xml:lang="nn">NOS C539. Standard for yrkesklassifisering: Forkorta nynorsk versjon . 
NOS C539 Standard for yrkesklassifisering. Forkorta nynorsk versjon</ExternalDocument>
        <ExternalDocument xml:lang="nb">http://www.ssb.no/emner/06/01/nos_c521/nos_c521.pdf</ExternalDocument>
        <ExternalDocument xml:lang="en">http://www.ssb.no/emner/06/01/nos_c521/nos_c521.pdf</ExternalDocument>
      </ExternalDocumentGrp>
      <ChangesGrp>
        <Change xml:lang="nn">Klassifikasjonsprinsippet i denne er heilt forskjellig frå den tidlegare versjonen, t.d. inngår kompetanse som ein viktig del av STYRK, mens den tidlegare versjonen var meir bransjeorientert.</Change>
        <Change xml:lang="nb">Klassifikasjonsprinsippet i denne er helt forskjellig fra den tidligere versjonen, f.eks. inngår kompetanse som en viktig del av STYRK, mens den tidligere versjonen var mer bransjeorientert.</Change>
        <Change xml:lang="en">The classification principle in this version is quite different from the previous one. In this version skill is the main classification principle, while the previous one was based on activity units.</Change>
      </ChangesGrp>
      <DerivedFromGrp>
        <DerviedFrom xml:lang="nn">ISCO-88 (COM)</DerviedFrom>
        <DerviedFrom xml:lang="nb">ISCO-88 (COM)</DerviedFrom>
        <DerviedFrom xml:lang="en">ISCO-88 (COM)</DerviedFrom>
      </DerivedFromGrp>
      <LegalBaseGrp>
        <LegalBase xml:lang="nn">Ikkje relevant</LegalBase>
        <LegalBase xml:lang="nb">Ikke relevant</LegalBase>
        <LegalBase xml:lang="en">Not relevant</LegalBase>
      </LegalBaseGrp>
      <Level levelNumber="1" id="urn:ssb:classlevel:stabas:380708" codeStructure="9">
        <TitleGrp>
          <Title xml:lang="nn">Standard for yrkesgrupperingar  (STYRK98): Yrkesfelter</Title>
          <Title xml:lang="nb">Standard for yrkesklassifisering  (STYRK98): Yrkesfelter</Title>
          <Title xml:lang="en">Standard classification of occupations  (STYRK98): Major</Title>
        </TitleGrp>
        <CodelistReference>urn:ssb:codelist:stabas:380708</CodelistReference>
        <Level levelNumber="2" id="urn:ssb:classlevel:stabas:380710" codeStructure="99">
          <TitleGrp>
            <Title xml:lang="nn">Standard for yrkesgrupperingar  (STYRK98): Yrkesområder</Title>
            <Title xml:lang="nb">Standard for yrkesklassifisering  (STYRK98): Yrkesområder</Title>
            <Title xml:lang="en">Standard classification of occupations  (STYRK98): Sub-Major</Title>
          </TitleGrp>
          <CodelistReference>urn:ssb:codelist:stabas:380710</CodelistReference>
          <Level levelNumber="3" id="urn:ssb:classlevel:stabas:380712" codeStructure="999">
            <TitleGrp>
              <Title xml:lang="nn">Standard for yrkesgrupperingar  (STYRK98): Yrkesgrupper</Title>
              <Title xml:lang="nb">Standard for yrkesklassifisering  (STYRK98): Yrkesgrupper</Title>
              <Title xml:lang="en">Standard classification of occupations  (STYRK98): Minor</Title>
            </TitleGrp>
            <CodelistReference>urn:ssb:codelist:stabas:380712</CodelistReference>
            <Level levelNumber="4" id="urn:ssb:classlevel:stabas:380714" codeStructure="9999">
              <TitleGrp>
                <Title xml:lang="nn">Standard for yrkesgrupperingar  (STYRK98): Yrker</Title>
                <Title xml:lang="nb">Standard for yrkesklassifisering  (STYRK98): Yrker</Title>
                <Title xml:lang="en">Standard classification of occupations  (STYRK98): Units</Title>
              </TitleGrp>
              <CodelistReference>urn:ssb:codelist:stabas:380714</CodelistReference>
            </Level>
          </Level>
        </Level>
      </Level>
    </ClassificationVersion>
  </ClassificationVersions>
</Classification>