<?xml version="1.0" encoding="utf-8"?>
<Classification xmlns:xsi="http://www.w3.org/2001/XMLSchema-instance" xmlns:xsd="http://www.w3.org/2001/XMLSchema" id="urn:ssb:classification:stabas:4090101" currentVersionId="urn:ssb:classversion:stabas:5626601" xmlns="http://www.ssb.no/ns/meta/classification">
  <TitleGrp>
    <Title xml:lang="nn">Standard for vareslag i transportstatistikken</Title>
    <Title xml:lang="nb">Standard for vareslag i transportstatistikken</Title>
    <Title xml:lang="en">Standard Goods Classification for Transport Statistics</Title>
  </TitleGrp>
  <DescriptionGrp>
    <Description xml:lang="nn">Transportstatistisk varenomenklatur</Description>
    <Description xml:lang="nb">Transportstatistisk varenomenklatur</Description>
    <Description xml:lang="en">Standard Goods Nomenclature for Transport Statistics</Description>
  </DescriptionGrp>
  <StatisticalUnitGrp>
    <StatisticalUnit xml:lang="nn">Vareslag</StatisticalUnit>
    <StatisticalUnit xml:lang="nb">Vareslag</StatisticalUnit>
    <StatisticalUnit xml:lang="en">Commodities</StatisticalUnit>
  </StatisticalUnitGrp>
  <OwnerGrp>
    <Owner xml:lang="nn">Statistisk sentralbyrå (SSB)</Owner>
    <Owner xml:lang="nb">Statistisk sentralbyrå (SSB)</Owner>
    <Owner xml:lang="en">Statistics Norway (SSB)</Owner>
  </OwnerGrp>
  <SubjectArea>10</SubjectArea>
  <ClassificationVersions>
    <ClassificationVersion id="urn:ssb:classversion:stabas:5626601" isCurrentVersion="true" validFrom="2007-01-01" isUnderConstruction="false" updatesPossible="false" disseminationAllowed="true" lastChangedDate="2012-11-13" showIntranet="true" showInternet="true">
      <TitleGrp>
        <Title xml:lang="nn">Standard for vareslag i transportstatistikken 2007</Title>
        <Title xml:lang="nb">Standard for vareslag i transportstatistikken 2007</Title>
        <Title xml:lang="en">Classification system for transport statistics 2007</Title>
      </TitleGrp>
      <DescriptionGrp>
        <Description xml:lang="nn">Standard for vareslag i transportstatistikken vert brukt for varer som vert transporterte på veg, sjø og jernbane.
</Description>
        <Description xml:lang="nb">Standard for vareslag i transportstatistikken brukes for varer som transporteres på vei, sjø og jernbane.

</Description>
        <Description xml:lang="en">Standard Goods Nomenclature for Transport Statistics
</Description>
      </DescriptionGrp>
      <IntroductionGrp>
        <Indtroduction xml:lang="nn">Ikkje relevant</Indtroduction>
        <Indtroduction xml:lang="nb">Ikke relevant</Indtroduction>
        <Indtroduction xml:lang="en">Not relevant</Indtroduction>
      </IntroductionGrp>
      <ContactInformation>
        <Person xmlns="http://www.ssb.no/ns/meta/common">aww</Person>
        <Division xmlns="http://www.ssb.no/ns/meta/common">440</Division>
      </ContactInformation>
      <ExternalDocumentGrp>
        <ExternalDocument xml:lang="nn">http://www.ssb.no/english/subjects/10/12/20/ </ExternalDocument>
        <ExternalDocument xml:lang="nb">http://www.ssb.no/english/subjects/10/12/20/ </ExternalDocument>
        <ExternalDocument xml:lang="en">http://www.ssb.no/english/subjects/10/12/20/</ExternalDocument>
      </ExternalDocumentGrp>
      <ChangesGrp>
        <Change xml:lang="nn">Ikkje relevant</Change>
        <Change xml:lang="nb">Ikke relevant</Change>
        <Change xml:lang="en">Not relevant</Change>
      </ChangesGrp>
      <DerivedFromGrp>
        <DerviedFrom xml:lang="nn">Standard Goods Classification for Transport Statistics (NST 2007)</DerviedFrom>
        <DerviedFrom xml:lang="nb">Standard Goods Classification for Transport Statistics (NST 2007)</DerviedFrom>
        <DerviedFrom xml:lang="en">Standard Goods Classification for Transport Statistics (NST 2007)</DerviedFrom>
      </DerivedFromGrp>
      <LegalBaseGrp>
        <LegalBase xml:lang="nn">REGULATION (EU) No 70/2012 OF THE EUROPEAN PARLIAMENT AND OF THE COUNCIL of 18 January 2012 on statistical returns in respect of the carriage of goods by road,

REGULATION (EU) No 1090/2010 OF THE EUROPEAN PARLIAMENT AND OF THE COUNCIL 
of 24 November 2010 amending Directive 2009/42/EC on statistical returns in respect of carriage of goods and passengers by sea </LegalBase>
        <LegalBase xml:lang="nb">REGULATION (EU) No 70/2012 OF THE EUROPEAN PARLIAMENT AND OF THE COUNCIL of 18 January 2012 on statistical returns in respect of the carriage of goods by road,

REGULATION (EU) No 1090/2010 OF THE EUROPEAN PARLIAMENT AND OF THE COUNCIL 
of 24 November 2010 amending Directive 2009/42/EC on statistical returns in respect of carriage of goods and passengers by sea</LegalBase>
        <LegalBase xml:lang="en">REGULATION (EU) No 70/2012 OF THE EUROPEAN PARLIAMENT AND OF THE COUNCIL of 18 January 2012 on statistical returns in respect of the carriage of goods by road,

REGULATION (EU) No 1090/2010 OF THE EUROPEAN PARLIAMENT AND OF THE COUNCIL 
of 24 November 2010 amending Directive 2009/42/EC on statistical returns in respect of carriage of goods and passengers by sea</LegalBase>
      </LegalBaseGrp>
      <Level levelNumber="1" id="urn:ssb:classlevel:stabas:5626604" codeStructure="99">
        <TitleGrp>
          <Title xml:lang="nn">Standard for vareslag i transportstatistikken 2007</Title>
          <Title xml:lang="nb">Standard for vareslag i transportstatistikken 2007: Divisjon </Title>
          <Title xml:lang="en">Classification system for transport statistics 2007: Divisjon</Title>
        </TitleGrp>
        <CodelistReference>urn:ssb:codelist:stabas:5626604</CodelistReference>
        <Level levelNumber="2" id="urn:ssb:classlevel:stabas:5626606" codeStructure="99.X">
          <TitleGrp>
            <Title xml:lang="nn">Standard for vareslag i transportstatistikken 2007</Title>
            <Title xml:lang="nb">Standard for vareslag i transportstatistikken 2007</Title>
            <Title xml:lang="en">Classification system for transport statistics 2007: Group</Title>
          </TitleGrp>
          <CodelistReference>urn:ssb:codelist:stabas:5626606</CodelistReference>
        </Level>
      </Level>
    </ClassificationVersion>
    <ClassificationVersion id="urn:ssb:classversion:stabas:4090102" isCurrentVersion="false" validFrom="1993-01-01" validTo="2006-12-31" isUnderConstruction="false" updatesPossible="false" disseminationAllowed="true" lastChangedDate="2012-10-29" showIntranet="true" showInternet="true">
      <TitleGrp>
        <Title xml:lang="nn">Standard for vareslag i transportstatistikken 1993</Title>
        <Title xml:lang="nb">Standard for vareslag i transportstatistikken 1993</Title>
        <Title xml:lang="en">Standard Goods Nomenclature for Transport Statistics 1993</Title>
      </TitleGrp>
      <DescriptionGrp>
        <Description xml:lang="nn">Standard for vareslag i transportstatistikken vert brukt for varer som blir transporterte på veg, sjø og jarnbane.</Description>
        <Description xml:lang="nb">Standard for vareslag i transportstatistikken  brukes for varer som transporteres på vei, sjø og jernbane.</Description>
        <Description xml:lang="en">Standard Goods Nomenclature for Transport Statistics</Description>
      </DescriptionGrp>
      <IntroductionGrp>
        <Indtroduction xml:lang="nn">Ikkje relevant</Indtroduction>
        <Indtroduction xml:lang="nb">Ikke relevant</Indtroduction>
        <Indtroduction xml:lang="en">Not relevant</Indtroduction>
      </IntroductionGrp>
      <ContactInformation>
        <Person xmlns="http://www.ssb.no/ns/meta/common">krn</Person>
        <Division xmlns="http://www.ssb.no/ns/meta/common">440</Division>
      </ContactInformation>
      <ExternalDocumentGrp>
        <ExternalDocument xml:lang="nn">http://www.ssb.no/emner/10/12/20</ExternalDocument>
        <ExternalDocument xml:lang="nb">http://www.ssb.no/emner/10/12/20</ExternalDocument>
        <ExternalDocument xml:lang="en">http://www.ssb.no/english/subjects/10/12/20/</ExternalDocument>
      </ExternalDocumentGrp>
      <ChangesGrp>
        <Change xml:lang="nn">Ikkje relevant</Change>
        <Change xml:lang="nb">Ikke relevant</Change>
        <Change xml:lang="en">Not relevant</Change>
      </ChangesGrp>
      <DerivedFromGrp>
        <DerviedFrom xml:lang="nn">NST/R 1993 (klassifikasjon for sjø/lastebiltransport)</DerviedFrom>
        <DerviedFrom xml:lang="nb">NST/R 1993 (klassifikasjon for sjø/lastebiltransport)</DerviedFrom>
        <DerviedFrom xml:lang="en">NST/R </DerviedFrom>
      </DerivedFromGrp>
      <LegalBaseGrp>
        <LegalBase xml:lang="nn">Rådsforordning 1172/98/EC.</LegalBase>
        <LegalBase xml:lang="nb">Rådsforordning 1172/98/EC.</LegalBase>
        <LegalBase xml:lang="en">Council Regulation No 1172/98/EC</LegalBase>
      </LegalBaseGrp>
      <Level levelNumber="1" id="urn:ssb:classlevel:stabas:4090106" codeStructure="9">
        <TitleGrp>
          <Title xml:lang="nn">Standard for vareslag i transportstatistikken 1993: Kapittel</Title>
          <Title xml:lang="nb">Standard for vareslag i transportstatistikken 1993: Kapittel</Title>
          <Title xml:lang="en">Standard Goods Nomenclature for Transport Statistics 1993: Chapter</Title>
        </TitleGrp>
        <CodelistReference>urn:ssb:codelist:stabas:4090106</CodelistReference>
        <Level levelNumber="2" id="urn:ssb:classlevel:stabas:4090108" codeStructure="99">
          <TitleGrp>
            <Title xml:lang="nn">Standard for vareslag i transportstatistikken 1993: Gruppe</Title>
            <Title xml:lang="nb">Standard for vareslag i transportstatistikken 1993: Gruppe</Title>
            <Title xml:lang="en">Standard Goods Nomenclature for Transport Statistics 1993: Group</Title>
          </TitleGrp>
          <CodelistReference>urn:ssb:codelist:stabas:4090108</CodelistReference>
          <Level levelNumber="3" id="urn:ssb:classlevel:stabas:4090110" codeStructure="999">
            <TitleGrp>
              <Title xml:lang="nn">Standard for vareslag i transportstatistikken 1993: Rubrikk</Title>
              <Title xml:lang="nb">Standard for vareslag i transportstatistikken 1993: Rubrikk</Title>
              <Title xml:lang="en">Standard Goods Nomenclature for Transport Statistics 1993: Column</Title>
            </TitleGrp>
            <CodelistReference>urn:ssb:codelist:stabas:4090110</CodelistReference>
          </Level>
        </Level>
      </Level>
    </ClassificationVersion>
  </ClassificationVersions>
</Classification>