<?xml version="1.0" encoding="utf-8"?>
<Classification xmlns:xsi="http://www.w3.org/2001/XMLSchema-instance" xmlns:xsd="http://www.w3.org/2001/XMLSchema" id="urn:ssb:classification:stabas:4096141" currentVersionId="urn:ssb:classversion:stabas:4096142" xmlns="http://www.ssb.no/ns/meta/classification">
  <TitleGrp>
    <Title xml:lang="nn">Standard for vegtrafikkulukke</Title>
    <Title xml:lang="nb">Standard for veitrafikkulykke</Title>
    <Title xml:lang="en">Classification of road traffic accident</Title>
  </TitleGrp>
  <DescriptionGrp>
    <Description xml:lang="nn">Inndeling av veitrafikkulykker i ulike grupper for forløp av hendingar som involverer minst eitt kjørety i rørsle på offentleg veg eller på veg ope for allmenn ferdsel, og som resulterer i minst ein skadd eller drept person.</Description>
    <Description xml:lang="nb">Inndeling av veitrafikkulykker i ulike grupper for hendelsesforløp som involverer minst ett kjøretøy i bevegelse på offentlig vei eller på vei åpen for alminnelig ferdsel, og som resulterer i minst en skadd eller drept person.</Description>
    <Description xml:lang="en">Road accidents divided into groups of manoevre, involving at least one moving vehicle on public or access road, and resulting in at least one person injured or killed.</Description>
  </DescriptionGrp>
  <StatisticalUnitGrp>
    <StatisticalUnit xml:lang="nn">Personar</StatisticalUnit>
    <StatisticalUnit xml:lang="nb">Personer</StatisticalUnit>
    <StatisticalUnit xml:lang="en">Persons</StatisticalUnit>
  </StatisticalUnitGrp>
  <OwnerGrp>
    <Owner xml:lang="nn">Statistisk sentralbyrå (SSB)</Owner>
    <Owner xml:lang="nb">Statistisk sentralbyrå (SSB)</Owner>
    <Owner xml:lang="en">Statistics Norway (SSB)</Owner>
  </OwnerGrp>
  <SubjectArea>10</SubjectArea>
  <ClassificationVersions>
    <ClassificationVersion id="urn:ssb:classversion:stabas:4096142" isCurrentVersion="true" validFrom="1964-01-01" isUnderConstruction="false" updatesPossible="false" disseminationAllowed="true" lastChangedDate="2012-10-24" showIntranet="true" showInternet="true">
      <TitleGrp>
        <Title xml:lang="nn">Vegtrafikkulukke 1964</Title>
        <Title xml:lang="nb">Veitrafikkulykke 1964</Title>
        <Title xml:lang="en">Road traffic accident 1964</Title>
      </TitleGrp>
      <DescriptionGrp>
        <Description xml:lang="nn">Inndeling av veitrafikkulykker i ulike grupper for forløp av hendingar som involverer minst eitt kjørety i rørsle på offentleg veg eller på veg ope for allmenn ferdsel, og som resulterer i minst ein skadd eller drept person.</Description>
        <Description xml:lang="nb">Inndeling av veitrafikkulykker i ulike grupper for hendelsesforløp som involverer minst ett kjøretøy i bevegelse på offentlig vei eller på vei åpen for alminnelig ferdsel, og som resulterer i minst en skadd eller drept person.</Description>
        <Description xml:lang="en">Road accidents divided into groups of manoevre, involving at least one moving vehicle on public or access road, and resulting in at least one person injured or killed.</Description>
      </DescriptionGrp>
      <IntroductionGrp>
        <Indtroduction xml:lang="nn">Ikkje relevant</Indtroduction>
        <Indtroduction xml:lang="nb">Ikke relevant</Indtroduction>
        <Indtroduction xml:lang="en">Not relevant</Indtroduction>
      </IntroductionGrp>
      <ContactInformation>
        <Person xmlns="http://www.ssb.no/ns/meta/common">hel</Person>
        <Division xmlns="http://www.ssb.no/ns/meta/common">440</Division>
      </ContactInformation>
      <ExternalDocumentGrp>
        <ExternalDocument xml:lang="nn">http://www.ssb.no/emner/10/12/20/</ExternalDocument>
        <ExternalDocument xml:lang="nb">http://www.ssb.no/emner/10/12/20/</ExternalDocument>
        <ExternalDocument xml:lang="en">http://www.ssb.no/english/subjects/10/12/20/</ExternalDocument>
      </ExternalDocumentGrp>
      <ChangesGrp>
        <Change xml:lang="nn">Ikkje relevant</Change>
        <Change xml:lang="nb">Ikke relevant</Change>
        <Change xml:lang="en">Not relevant</Change>
      </ChangesGrp>
      <DerivedFromGrp>
        <DerviedFrom xml:lang="nn">Ikkje relevant</DerviedFrom>
        <DerviedFrom xml:lang="nb">Ikke relevant</DerviedFrom>
        <DerviedFrom xml:lang="en">Not relevant</DerviedFrom>
      </DerivedFromGrp>
      <LegalBaseGrp>
        <LegalBase xml:lang="nn">Ikkje relevant</LegalBase>
        <LegalBase xml:lang="nb">Ikke relevant</LegalBase>
        <LegalBase xml:lang="en">Not relevant</LegalBase>
      </LegalBaseGrp>
      <Level levelNumber="1" id="urn:ssb:classlevel:stabas:4096146" codeStructure="A">
        <TitleGrp>
          <Title xml:lang="nn">Vegtrafikkulukke 1964: Ulukkesgruppe</Title>
          <Title xml:lang="nb">Veitrafikkulykke 1964: Ulykkesgruppe</Title>
          <Title xml:lang="en">Road traffic accident 1964: Type of accident</Title>
        </TitleGrp>
        <CodelistReference>urn:ssb:codelist:stabas:4096146</CodelistReference>
      </Level>
    </ClassificationVersion>
  </ClassificationVersions>
</Classification>