<?xml version="1.0" encoding="utf-8"?>
<Classification xmlns:xsi="http://www.w3.org/2001/XMLSchema-instance" xmlns:xsd="http://www.w3.org/2001/XMLSchema" id="urn:ssb:classification:stabas:4096101" currentVersionId="urn:ssb:classversion:stabas:4096102" xmlns="http://www.ssb.no/ns/meta/classification">
  <TitleGrp>
    <Title xml:lang="nn">Standard for skadegrad</Title>
    <Title xml:lang="nb">Standard for skadegrad</Title>
    <Title xml:lang="en">Classification of injury</Title>
  </TitleGrp>
  <DescriptionGrp>
    <Description xml:lang="nn">Inndeling av drepte og skadde personar som eit resultat av ei vegtrafikkulykke i ulike grupper for kor alvorleg skaden er.</Description>
    <Description xml:lang="nb">Inndeling av drepte og skadde personer som et resultat av en veitrafikkulykke, i ulike grupper for hvor alvorlig skaden er.</Description>
    <Description xml:lang="en">Persons killed or injured in road accidents, divided into groups of severity.</Description>
  </DescriptionGrp>
  <StatisticalUnitGrp>
    <StatisticalUnit xml:lang="nn">Personar</StatisticalUnit>
    <StatisticalUnit xml:lang="nb">Personer</StatisticalUnit>
    <StatisticalUnit xml:lang="en">Persons</StatisticalUnit>
  </StatisticalUnitGrp>
  <OwnerGrp>
    <Owner xml:lang="nn">Statistisk sentralbyrå (SSB)</Owner>
    <Owner xml:lang="nb">Statistisk sentralbyrå (SSB)</Owner>
    <Owner xml:lang="en">Statistics Norway (SSB)</Owner>
  </OwnerGrp>
  <SubjectArea>10</SubjectArea>
  <ClassificationVersions>
    <ClassificationVersion id="urn:ssb:classversion:stabas:4096102" isCurrentVersion="true" validFrom="1964-01-01" isUnderConstruction="false" updatesPossible="false" disseminationAllowed="true" lastChangedDate="2012-10-25" showIntranet="true" showInternet="true">
      <TitleGrp>
        <Title xml:lang="nn">Skadegrad 1964</Title>
        <Title xml:lang="nb">Skadegrad 1964</Title>
        <Title xml:lang="en">Injury 1964</Title>
      </TitleGrp>
      <DescriptionGrp>
        <Description xml:lang="nn">Inndeling av drepte og skadde personar som eit resultat av ei vegtrafikkulykke i ulike grupper for kor alvorleg skaden er.</Description>
        <Description xml:lang="nb">Inndeling av drepte og skadde personer som et resultat av en veitrafikkulykke, i ulike grupper for hvor alvorlig skaden er.</Description>
        <Description xml:lang="en">Persons killed or injured in road accidents, divided into groups of severity.</Description>
      </DescriptionGrp>
      <IntroductionGrp>
        <Indtroduction xml:lang="nn">Ikkje relevant</Indtroduction>
        <Indtroduction xml:lang="nb">Ikke relevant</Indtroduction>
        <Indtroduction xml:lang="en">Not relevant</Indtroduction>
      </IntroductionGrp>
      <ContactInformation>
        <Person xmlns="http://www.ssb.no/ns/meta/common">hel</Person>
        <Division xmlns="http://www.ssb.no/ns/meta/common">440</Division>
      </ContactInformation>
      <ExternalDocumentGrp>
        <ExternalDocument xml:lang="nn">http://www.ssb.no/emner/10/12/20/</ExternalDocument>
        <ExternalDocument xml:lang="nb">http://www.ssb.no/emner/10/12/20/</ExternalDocument>
        <ExternalDocument xml:lang="en">http://www.ssb.no/english/subjects/10/12/20</ExternalDocument>
      </ExternalDocumentGrp>
      <ChangesGrp>
        <Change xml:lang="nn">Ikkje relevant</Change>
        <Change xml:lang="nb">Ikke relevant</Change>
        <Change xml:lang="en">Not relevant</Change>
      </ChangesGrp>
      <DerivedFromGrp>
        <DerviedFrom xml:lang="nn">Ikkje relevant</DerviedFrom>
        <DerviedFrom xml:lang="nb">Ikke relevant</DerviedFrom>
        <DerviedFrom xml:lang="en">Not relevant</DerviedFrom>
      </DerivedFromGrp>
      <LegalBaseGrp>
        <LegalBase xml:lang="nn">Ikkje relevant</LegalBase>
        <LegalBase xml:lang="nb">Ikke relevant</LegalBase>
        <LegalBase xml:lang="en">Not relevant</LegalBase>
      </LegalBaseGrp>
      <Level levelNumber="1" id="urn:ssb:classlevel:stabas:4096106" codeStructure="9">
        <TitleGrp>
          <Title xml:lang="nn">Skadegrad 1964: Skadegrad</Title>
          <Title xml:lang="nb">Skadegrad 1964: Skadegrad</Title>
          <Title xml:lang="en">Injury 1964: Degree of injury</Title>
        </TitleGrp>
        <CodelistReference>urn:ssb:codelist:stabas:4096106</CodelistReference>
      </Level>
    </ClassificationVersion>
  </ClassificationVersions>
</Classification>