<?xml version="1.0" encoding="utf-8"?>
<Classification xmlns:xsi="http://www.w3.org/2001/XMLSchema-instance" xmlns:xsd="http://www.w3.org/2001/XMLSchema" id="urn:ssb:classification:stabas:4112101" currentVersionId="urn:ssb:classversion:stabas:4516001" xmlns="http://www.ssb.no/ns/meta/classification">
  <TitleGrp>
    <Title xml:lang="nn">Standard for SSBs emneinndeling </Title>
    <Title xml:lang="nb">Standard for SSBs emneinndeling</Title>
    <Title xml:lang="en">Classification of Statistics Norways topic codes</Title>
  </TitleGrp>
  <DescriptionGrp>
    <Description xml:lang="nn">Statistikk og analyser skal delast i emne etter kva område av samfunnet eller type samfunnssektorar som blir beskrive, og vere mest mogleg tenleg og informativ for eksterne miljø. Den skal så langt råd er byggje på NACE. Det gjeld spesielt næringane, men også andre samfunnsområde.

</Description>
    <Description xml:lang="nb">Statistikk og analyser skal deles i emner etter hvilket område av samfunnet eller type samfunnssektorer som beskrives, og være mest mulig tjenlig og informativ for eksterne miljøer. Den skal så vidt mulig bygge på NACE. Det gjelder spesielt næringene, men også andre samfunnsområder.</Description>
    <Description xml:lang="en">Statistics organized by subjects</Description>
  </DescriptionGrp>
  <StatisticalUnitGrp>
    <StatisticalUnit xml:lang="nn">Produkt etter kva samfunnsforhold dei tek opp</StatisticalUnit>
    <StatisticalUnit xml:lang="nb">Produkter etter hvilke samfunnsforhold de belyser</StatisticalUnit>
    <StatisticalUnit xml:lang="en">Statistics</StatisticalUnit>
  </StatisticalUnitGrp>
  <OwnerGrp>
    <Owner xml:lang="nn">Statistisk sentralbyrå (SSB) </Owner>
    <Owner xml:lang="nb">Statistisk sentralbyrå (SSB)</Owner>
    <Owner xml:lang="en">Statistics Norway</Owner>
  </OwnerGrp>
  <SubjectArea>00</SubjectArea>
  <ClassificationVersions>
    <ClassificationVersion id="urn:ssb:classversion:stabas:4516001" isCurrentVersion="true" validFrom="2006-01-01" isUnderConstruction="false" updatesPossible="false" disseminationAllowed="true" lastChangedDate="2011-01-25" showIntranet="true" showInternet="true">
      <TitleGrp>
        <Title xml:lang="nn">Standard for SSBs emneinndeling 2006 </Title>
        <Title xml:lang="nb">Standard for SSBs emneinndeling 2006</Title>
        <Title xml:lang="en">Classification of Statistics Norways topic codes 2006</Title>
      </TitleGrp>
      <DescriptionGrp>
        <Description xml:lang="nn">Emneinndelinga er utarbeidd ut frå desse vilkåra: Statistikk og analyser skal delast i emne etter kva område av samfunnet eller type samfunnssektorar som blir beskrive, og vere mest mogleg tenleg og informativ for eksterne miljø. Den skal så langt råd er byggje på NACE. Det gjeld spesielt næringane, men også andre samfunnsområde.
</Description>
        <Description xml:lang="nb">Emneinndelingen er utarbeidet ut fra disse forutsetningene: Statistikk og analyser skal deles i emner etter hvilket område av samfunnet eller type samfunnssektorer som beskrives, og være mest mulig tjenlig og informativ for eksterne miljøer. Den skal så vidt mulig bygge på NACE. Det gjelder spesielt næringene, men også andre samfunnsområder.</Description>
        <Description xml:lang="en">Statistics organized by subjects</Description>
      </DescriptionGrp>
      <IntroductionGrp>
        <Indtroduction xml:lang="nn">Ikkje relevant</Indtroduction>
        <Indtroduction xml:lang="nb">Ikke relevant</Indtroduction>
        <Indtroduction xml:lang="en">Not relevant</Indtroduction>
      </IntroductionGrp>
      <ContactInformation>
        <Person xmlns="http://www.ssb.no/ns/meta/common">jbr</Person>
        <Division xmlns="http://www.ssb.no/ns/meta/common">610</Division>
      </ContactInformation>
      <ExternalDocumentGrp>
        <ExternalDocument xml:lang="nn">Ikkje relevant</ExternalDocument>
        <ExternalDocument xml:lang="nb">Ikke relevant</ExternalDocument>
        <ExternalDocument xml:lang="en">Not relevant</ExternalDocument>
      </ExternalDocumentGrp>
      <ChangesGrp>
        <Change xml:lang="nn">Endringar i emnegruppa 08 Prisar, prisindeksar og konjunkturindikatorar. Under nivå 2 er 08.04 Produksjonsindeksar slått saman med 08.03 Verdi- og volumindeksar. Lite tidsriktig med skilje mellom ulike typar volumindikatorar - to produksjonsindikatorar og mange implisitte volumindikatorar. Emnekode 08.04 er teken ut av bruk. I tillegg er det gjort justeringar i nemninga for undergrupper (nivå 3), oppretting av enkelte nye undergrupper og fjerning av nokre slike undergrupper. Undergruppene under 08.05 Konjunkturoversikter, konjunkturbarometer, er fjerna.
</Change>
        <Change xml:lang="nb">Endringer i emnegruppen 08 Priser, prisindekser og konjunkturindikatorer. Under nivå 2 er 08.04 Produksjonsindekser slått sammen med 08.03 Verdi- og volumindekser. Lite tidsriktig med skille mellom ulike typer volumindikatorer - to produksjonsindikator og mange implisitte volumindikator. Emnekode 08.04 er tatt ut av bruk. I tillegg er det foretatt justeringer i betegnelser for undergrupper (nivå 3), oppretting av enkelte nye undergrupper og fjerning av noen slike undergrupper. Undergruppene under 08.05 Konjunkturoversikter, konjunkturbarometer, er fjernet.</Change>
        <Change xml:lang="en">Changes in subject group 08 Price indices and economic indicators. Under level 2, 08.04 Production indices have been merged with 08.03 Value and volume indices. It is no longer relevant to distinguish between different type of volume indices - two production indices and several implied volume indices. Subject code 08.04 is no longer in use. In addition, sub-groups (level 3) have been adjusted, some new sub-groups have been created and some have been removed. The sub-groups under 08.05 Economic surveys, general business tendency survey have been removed.
</Change>
      </ChangesGrp>
      <DerivedFromGrp>
        <DerviedFrom xml:lang="nn">Ikkje relevant</DerviedFrom>
        <DerviedFrom xml:lang="nb">Ikke relevant</DerviedFrom>
        <DerviedFrom xml:lang="en">Not relevant</DerviedFrom>
      </DerivedFromGrp>
      <LegalBaseGrp>
        <LegalBase xml:lang="nn">Ikkje relevant</LegalBase>
        <LegalBase xml:lang="nb">Ikke relevant</LegalBase>
        <LegalBase xml:lang="en">Not relevant</LegalBase>
      </LegalBaseGrp>
      <Level levelNumber="1" id="urn:ssb:classlevel:stabas:4516004" codeStructure="99">
        <TitleGrp>
          <Title xml:lang="nn">Standard for SSBs emneinndeling 2006 : Nivå 1 </Title>
          <Title xml:lang="nb">Standard for SSBs emneinndeling 2006: Nivå 1</Title>
          <Title xml:lang="en">Classification of Statistics Norways topic codes 2006: Level 1</Title>
        </TitleGrp>
        <CodelistReference>urn:ssb:codelist:stabas:4516004</CodelistReference>
        <Level levelNumber="2" id="urn:ssb:classlevel:stabas:4516006" codeStructure="99.99">
          <TitleGrp>
            <Title xml:lang="nn">Standard for SSBs emneinndeling 2006 : Nivå 2 </Title>
            <Title xml:lang="nb">Standard for SSBs emneinndeling 2006: Nivå 2</Title>
            <Title xml:lang="en">Classification of Statistics Norways topic codes 2006: Level 2</Title>
          </TitleGrp>
          <CodelistReference>urn:ssb:codelist:stabas:4516006</CodelistReference>
          <Level levelNumber="3" id="urn:ssb:classlevel:stabas:4516008" codeStructure="99.99.99">
            <TitleGrp>
              <Title xml:lang="nn">Standard for SSBs emneinndeling 2006 : Nivå 3 </Title>
              <Title xml:lang="nb">Standard for SSBs emneinndeling 2006: Nivå 3</Title>
              <Title xml:lang="en">Classification of Statistics Norways topic codes 2006: Level 3</Title>
            </TitleGrp>
            <CodelistReference>urn:ssb:codelist:stabas:4516008</CodelistReference>
          </Level>
        </Level>
      </Level>
    </ClassificationVersion>
    <ClassificationVersion id="urn:ssb:classversion:stabas:4112901" isCurrentVersion="false" validFrom="2005-01-01" validTo="2005-12-31" isUnderConstruction="false" updatesPossible="false" disseminationAllowed="true" lastChangedDate="2011-01-25" showIntranet="true" showInternet="false">
      <TitleGrp>
        <Title xml:lang="nb">Standard for SSBs emneinndeling 2005</Title>
        <Title xml:lang="en">Classification of Statistics Norways topic codes 2005</Title>
      </TitleGrp>
      <DescriptionGrp>
        <Description xml:lang="nb">Emneinndelingen er utarbeidet ut fra disse forutsetningene: Statistikk og analyser skal deles i emner etter hvilket område av samfunnet eller type samfunnssektorer som beskrives, og være mest mulig tjenlig og informativ for eksterne miljøer. Den skal så vidt mulig bygge på NACE. Det gjelder spesielt næringene, men også andre samfunnsområder.</Description>
        <Description xml:lang="en">Statistics organized by subjects</Description>
      </DescriptionGrp>
      <IntroductionGrp>
        <Indtroduction xml:lang="nb">Ikke relevant</Indtroduction>
        <Indtroduction xml:lang="en">Not relevant</Indtroduction>
      </IntroductionGrp>
      <ContactInformation>
        <Person xmlns="http://www.ssb.no/ns/meta/common">jbr</Person>
        <Division xmlns="http://www.ssb.no/ns/meta/common">610</Division>
      </ContactInformation>
      <ExternalDocumentGrp>
        <ExternalDocument xml:lang="nb">Ikke relevant</ExternalDocument>
        <ExternalDocument xml:lang="en">Not relevant</ExternalDocument>
      </ExternalDocumentGrp>
      <DerivedFromGrp>
        <DerviedFrom xml:lang="nb">Ikke relevant</DerviedFrom>
        <DerviedFrom xml:lang="en">Not relevant</DerviedFrom>
      </DerivedFromGrp>
      <LegalBaseGrp>
        <LegalBase xml:lang="nb">Ikke relevant</LegalBase>
        <LegalBase xml:lang="en">Not relevant</LegalBase>
      </LegalBaseGrp>
      <Level levelNumber="1" id="urn:ssb:classlevel:stabas:4112904" codeStructure="99">
        <TitleGrp>
          <Title xml:lang="nb">Standard for SSBs emneinndeling 2005: Nivå 1</Title>
          <Title xml:lang="en">Classification of Statistics Norways topic codes 2005: Level 1</Title>
        </TitleGrp>
        <CodelistReference>urn:ssb:codelist:stabas:4112904</CodelistReference>
        <Level levelNumber="2" id="urn:ssb:classlevel:stabas:4112906" codeStructure="99.99">
          <TitleGrp>
            <Title xml:lang="nb">Standard for SSBs emneinndeling 2005: Nivå 2</Title>
            <Title xml:lang="en">Classification of Statistics Norways topic codes 2005: Level 2</Title>
          </TitleGrp>
          <CodelistReference>urn:ssb:codelist:stabas:4112906</CodelistReference>
          <Level levelNumber="3" id="urn:ssb:classlevel:stabas:4112908" codeStructure="99.99.99">
            <TitleGrp>
              <Title xml:lang="nb">Standard for SSBs emneinndeling 2005: Nivå 3</Title>
              <Title xml:lang="en">Classification of Statistics Norways topic codes 2005: Level 3</Title>
            </TitleGrp>
            <CodelistReference>urn:ssb:codelist:stabas:4112908</CodelistReference>
          </Level>
        </Level>
      </Level>
    </ClassificationVersion>
    <ClassificationVersion id="urn:ssb:classversion:stabas:4112102" isCurrentVersion="false" validFrom="1995-01-01" validTo="2004-12-31" isUnderConstruction="false" updatesPossible="false" disseminationAllowed="true" lastChangedDate="2011-01-25" showIntranet="true" showInternet="false">
      <TitleGrp>
        <Title xml:lang="nb">Standard for SSBs emneinndeling 1995</Title>
        <Title xml:lang="en">Classification of Statistics Norways topic codes 1995</Title>
      </TitleGrp>
      <DescriptionGrp>
        <Description xml:lang="nb">Emneinndelingen er utarbeidet ut fra disse forutsetningene: Statistikk og analyser skal deles i emner etter hvilket område av samfunnet eller type samfunnssektorer som beskrives, og være mest mulig tjenlig og informativ for eksterne miljøer. Den skal så vidt mulig bygge på NACE. Det gjelder spesielt næringene, men også andre samfunnsområder.</Description>
        <Description xml:lang="en">Statistics organized by subjects</Description>
      </DescriptionGrp>
      <IntroductionGrp>
        <Indtroduction xml:lang="nb">Ikke relevant</Indtroduction>
        <Indtroduction xml:lang="en">Not relevant</Indtroduction>
      </IntroductionGrp>
      <ContactInformation>
        <Person xmlns="http://www.ssb.no/ns/meta/common">jbr</Person>
        <Division xmlns="http://www.ssb.no/ns/meta/common">610</Division>
      </ContactInformation>
      <ExternalDocumentGrp>
        <ExternalDocument xml:lang="nb">Statistisk sentralbyrås håndbøker 50</ExternalDocument>
      </ExternalDocumentGrp>
      <DerivedFromGrp>
        <DerviedFrom xml:lang="nb">Ikke relevant</DerviedFrom>
        <DerviedFrom xml:lang="en">Not relevant</DerviedFrom>
      </DerivedFromGrp>
      <LegalBaseGrp>
        <LegalBase xml:lang="nb">Ikke relevant</LegalBase>
        <LegalBase xml:lang="en">Not relevant</LegalBase>
      </LegalBaseGrp>
      <Level levelNumber="1" id="urn:ssb:classlevel:stabas:4112105" codeStructure="99">
        <TitleGrp>
          <Title xml:lang="nb">Standard for SSBs emneinndeling 1995: Nivå 1</Title>
          <Title xml:lang="en">Classification of Statistics Norways topic codes 1995: Level 1</Title>
        </TitleGrp>
        <CodelistReference>urn:ssb:codelist:stabas:4112105</CodelistReference>
        <Level levelNumber="2" id="urn:ssb:classlevel:stabas:4112107" codeStructure="99.99">
          <TitleGrp>
            <Title xml:lang="nb">Standard for SSBs emneinndeling 1995: Nivå 2</Title>
            <Title xml:lang="en">Classification of Statistics Norways topic codes 1995: Level 2</Title>
          </TitleGrp>
          <CodelistReference>urn:ssb:codelist:stabas:4112107</CodelistReference>
          <Level levelNumber="3" id="urn:ssb:classlevel:stabas:4112109" codeStructure="99.99.99">
            <TitleGrp>
              <Title xml:lang="nb">Standard for SSBs emneinndeling 1995: Nivå 3</Title>
              <Title xml:lang="en">Classification of Statistics Norways topic codes 1995: Level 3</Title>
            </TitleGrp>
            <CodelistReference>urn:ssb:codelist:stabas:4112109</CodelistReference>
          </Level>
        </Level>
      </Level>
    </ClassificationVersion>
  </ClassificationVersions>
</Classification>