<?xml version="1.0" encoding="utf-8"?>
<Classification xmlns:xsi="http://www.w3.org/2001/XMLSchema-instance" xmlns:xsd="http://www.w3.org/2001/XMLSchema" id="urn:ssb:classification:stabas:4136101" currentVersionId="urn:ssb:classversion:stabas:4136102" xmlns="http://www.ssb.no/ns/meta/classification">
  <TitleGrp>
    <Title xml:lang="nn">Standard for distriktsinndeling av ordrereserve i bygg og anlegg</Title>
    <Title xml:lang="nb">Standard for distriktsinndeling av ordrereserve i bygg og anlegg</Title>
    <Title xml:lang="en">Classification of unfilled orders, construction, by district</Title>
  </TitleGrp>
  <DescriptionGrp>
    <Description xml:lang="nn">Inndeling av ordrereserven fordelt på fylke, som er slått sammen til åtte distrikter. Ordrestatistikken er en konjunkturindikator som varsler om endringer i produksjonen framover i tid. Ordrereserve er verdien av den ordremassen bedriften har igjen å utføre ved kvartalets utløp.</Description>
    <Description xml:lang="nb">Inndeling av ordrereserven fordelt på fylker, som er slått sammen til åtte distrikter. Ordrestatistikken er en konjunkturindikator som varsler om endringer i produksjonen framover i tid. Ordrereserve er verdien av den ordremassen bedriften har igjen å utføre ved kvartalets utløp.</Description>
    <Description xml:lang="en">Indices for unfilled orders are broken down into eight districts by counties. The indices measure the growth of new orders and unfilled orders for large establishments (local kind-of-activity unit) in the building and construction services. Unfilled orders is the value of the orders in hand that the establishment has left to fill by the end of the quarter.</Description>
  </DescriptionGrp>
  <StatisticalUnitGrp>
    <StatisticalUnit xml:lang="nn">Ordrereserve</StatisticalUnit>
    <StatisticalUnit xml:lang="nb">Ordrereserve</StatisticalUnit>
    <StatisticalUnit xml:lang="en">Unfilled orders</StatisticalUnit>
  </StatisticalUnitGrp>
  <OwnerGrp>
    <Owner xml:lang="nn">Statistisk sentralbyrå (SSB)</Owner>
    <Owner xml:lang="nb">Statistisk sentralbyrå (SSB)</Owner>
    <Owner xml:lang="en">Statistics Norway (SSB)</Owner>
  </OwnerGrp>
  <SubjectArea>08</SubjectArea>
  <ClassificationVersions>
    <ClassificationVersion id="urn:ssb:classversion:stabas:4136102" isCurrentVersion="true" validFrom="1977-01-01" isUnderConstruction="false" updatesPossible="false" disseminationAllowed="true" lastChangedDate="2006-11-29" showIntranet="true" showInternet="true">
      <TitleGrp>
        <Title xml:lang="nn">Distriktsinndeling av ordrereserve i bygg og anlegg 1977</Title>
        <Title xml:lang="nb">Distriktsinndeling av ordrereserve i bygg og anlegg 1977</Title>
        <Title xml:lang="en">Unfilled orders, construction, by district 1977</Title>
      </TitleGrp>
      <DescriptionGrp>
        <Description xml:lang="nn">Inndeling av ordrereserven fordelt på fylke, som er slått saman til åtte distrikt. Ordrestatistikken er ein konjunkturindikator som varslar om endringar i produksjonen framover i tid. Ordrereserve er verdien av ordremassen som bedrifta har igjen ved utgongen av kvartalet.</Description>
        <Description xml:lang="nb">Inndeling av ordrereserven fordelt på fylker, som er slått sammen til åtte distrikter. Ordrestatistikken er en konjunkturindikator som varsler om endringer i produksjonen framover i tid. Ordrereserve er verdien av den ordremassen bedriften har igjen å utføre ved kvartalets utløp.</Description>
        <Description xml:lang="en">Indices for unfilled orders are broken down into eight districts by counties. The indices measure the growth of new orders and unfilled orders for large establishments (local kind-of-activity unit) in the building and construction services. Unfilled orders is the value of the orders in hand that the establishment has left to fill by the end of the quarter.</Description>
      </DescriptionGrp>
      <IntroductionGrp>
        <Indtroduction xml:lang="nn">Ikkje relevant</Indtroduction>
        <Indtroduction xml:lang="nb">Ikke relevant</Indtroduction>
        <Indtroduction xml:lang="en">Not relevant</Indtroduction>
      </IntroductionGrp>
      <ContactInformation>
        <Person xmlns="http://www.ssb.no/ns/meta/common">hcj</Person>
        <Division xmlns="http://www.ssb.no/ns/meta/common">460</Division>
      </ContactInformation>
      <ExternalDocumentGrp>
        <ExternalDocument xml:lang="nn">http://www.ssb.no/emner/08/03/10</ExternalDocument>
        <ExternalDocument xml:lang="nb">http://www.ssb.no/emner/08/03/10</ExternalDocument>
        <ExternalDocument xml:lang="en">http://www.ssb.no/english/subjects/08/03/10/</ExternalDocument>
      </ExternalDocumentGrp>
      <ChangesGrp>
        <Change xml:lang="nn">Ikkje relevant</Change>
        <Change xml:lang="nb">Ikke relevant</Change>
        <Change xml:lang="en">Not relevant</Change>
      </ChangesGrp>
      <DerivedFromGrp>
        <DerviedFrom xml:lang="nn">Ikkje relevant</DerviedFrom>
        <DerviedFrom xml:lang="nb">Ikke relevant</DerviedFrom>
        <DerviedFrom xml:lang="en">Not relevant</DerviedFrom>
      </DerivedFromGrp>
      <LegalBaseGrp>
        <LegalBase xml:lang="nn">Ikkje relevant</LegalBase>
        <LegalBase xml:lang="nb">Ikke relevant</LegalBase>
        <LegalBase xml:lang="en">Not relevant</LegalBase>
      </LegalBaseGrp>
      <Level levelNumber="1" id="urn:ssb:classlevel:stabas:4136106" codeStructure="9">
        <TitleGrp>
          <Title xml:lang="nn">Distriktsinndeling av ordrereserve i bygg og anlegg 1977: Nivå 1</Title>
          <Title xml:lang="nb">Distriktsinndeling av ordrereserve i bygg og anlegg 1977: Nivå 1</Title>
          <Title xml:lang="en">Unfilled orders, construction, by district 1977: Level 1</Title>
        </TitleGrp>
        <CodelistReference>urn:ssb:codelist:stabas:4136106</CodelistReference>
      </Level>
    </ClassificationVersion>
  </ClassificationVersions>
</Classification>