<?xml version="1.0" encoding="utf-8"?>
<Classification xmlns:xsi="http://www.w3.org/2001/XMLSchema-instance" xmlns:xsd="http://www.w3.org/2001/XMLSchema" id="urn:ssb:classification:stabas:417347" currentVersionId="urn:ssb:classversion:stabas:4360101" xmlns="http://www.ssb.no/ns/meta/classification">
  <TitleGrp>
    <Title xml:lang="nn">Standard for gruppering av familiar</Title>
    <Title xml:lang="nb">Standard for gruppering av familier</Title>
    <Title xml:lang="en">Classification of families </Title>
  </TitleGrp>
  <DescriptionGrp>
    <Description xml:lang="nn">Standarden gjer greie for dei ulike familietypane som i dag vert nytta i SSB sin familiestatistikk</Description>
    <Description xml:lang="nb">Standarden beskriver de ulike familitypene som i dag brukes i SSBs familistatistikk</Description>
    <Description xml:lang="en">The classification describes the different types of families used in family statistics in Statistics Norway today.</Description>
  </DescriptionGrp>
  <StatisticalUnitGrp>
    <StatisticalUnit xml:lang="nn">Familiar</StatisticalUnit>
    <StatisticalUnit xml:lang="nb">Familier</StatisticalUnit>
    <StatisticalUnit xml:lang="en">Families</StatisticalUnit>
  </StatisticalUnitGrp>
  <OwnerGrp>
    <Owner xml:lang="nn">Statistisk sentralbyrå (SSB)</Owner>
    <Owner xml:lang="nb">Statistisk sentralbyrå (SSB)</Owner>
    <Owner xml:lang="en">Statistics Norway (SSB)</Owner>
  </OwnerGrp>
  <SubjectArea>02</SubjectArea>
  <ClassificationVersions>
    <ClassificationVersion id="urn:ssb:classversion:stabas:4360185" isCurrentVersion="true" validFrom="2006-01-01" isUnderConstruction="false" updatesPossible="false" disseminationAllowed="true" lastChangedDate="2009-11-11" showIntranet="true" showInternet="true">
      <TitleGrp>
        <Title xml:lang="nn">Variant - Tilleggsinndeling for familiar</Title>
        <Title xml:lang="nb">Variant - Tilleggsinndeling for familier</Title>
        <Title xml:lang="en">Variant - Supplementary classification of families</Title>
      </TitleGrp>
      <DescriptionGrp>
        <Description xml:lang="nn">I hovudstandarden grupperer vi familiar med og utan barn på det grovaste nivået for deretter å grupper etter samlivsform. Tilleggsinndelinga gjer ei alternativ gruppering der ein skil mellom samlivsform på det grovaste nivået for så å skilje mellom familiar med og utan barn.</Description>
        <Description xml:lang="nb">I hovedstandarden grupperer vi i familier med og uten barn på det mest aggregerte nivået for deretter å grupper etter samlivsform. Tilleggsinndelingen gir en alternativ gruppering der en grupperer etter samlivsform på det groveste nivået for deretter å skille mellom familier med og uten barn.</Description>
        <Description xml:lang="en">The standard classification of families classifies in families with or without children at the most aggregated level, and by cohabitation arrangements at the more detailed level. The supplementary classification gives an alternative which classifies by cohabitation arrangements at the most aggregated level and by children/no children at the more detailed level.</Description>
      </DescriptionGrp>
      <IntroductionGrp>
        <Indtroduction xml:lang="nn">Ikkje relevant</Indtroduction>
        <Indtroduction xml:lang="nb">Ikke relevant</Indtroduction>
        <Indtroduction xml:lang="en">Not relevant</Indtroduction>
      </IntroductionGrp>
      <ContactInformation>
        <Person xmlns="http://www.ssb.no/ns/meta/common">hen</Person>
        <Division xmlns="http://www.ssb.no/ns/meta/common">810</Division>
      </ContactInformation>
      <ExternalDocumentGrp>
        <ExternalDocument xml:lang="nn">Ikkje relevant</ExternalDocument>
        <ExternalDocument xml:lang="nb">Ikke relevant</ExternalDocument>
        <ExternalDocument xml:lang="en">Not relevant</ExternalDocument>
      </ExternalDocumentGrp>
      <ChangesGrp>
        <Change xml:lang="nn">Ikkje relevant</Change>
        <Change xml:lang="nb">Ikke relevant</Change>
        <Change xml:lang="en">Not relevant</Change>
      </ChangesGrp>
      <DerivedFromGrp>
        <DerviedFrom xml:lang="nn">Gruppering av familiar 2006</DerviedFrom>
        <DerviedFrom xml:lang="nb">Gruppering av familier 2006</DerviedFrom>
        <DerviedFrom xml:lang="en">Classification of family type 2006</DerviedFrom>
      </DerivedFromGrp>
      <LegalBaseGrp>
        <LegalBase xml:lang="nn">Ikkje relevant</LegalBase>
        <LegalBase xml:lang="nb">Ikke relevant</LegalBase>
        <LegalBase xml:lang="en">Not relevant</LegalBase>
      </LegalBaseGrp>
      <Level levelNumber="1" id="urn:ssb:classlevel:stabas:4360189" codeStructure="A">
        <TitleGrp>
          <Title xml:lang="nn">Variant - Tilleggsinndeling for familiar: Nivå 1</Title>
          <Title xml:lang="nb">Variant - Tilleggsinndeling for familier: Nivå 1</Title>
          <Title xml:lang="en">Variant - Supplementary classification of families: Level 1</Title>
        </TitleGrp>
        <CodelistReference>urn:ssb:codelist:stabas:4360189</CodelistReference>
        <Level levelNumber="2" id="urn:ssb:classlevel:stabas:4360191" codeStructure="AA">
          <TitleGrp>
            <Title xml:lang="nn">Variant - Tilleggsinndeling for familiar: Nivå 2</Title>
            <Title xml:lang="nb">Variant - Tilleggsinndeling for familier: Nivå 2</Title>
            <Title xml:lang="en">Variant - Supplementary classification of families: Level 2</Title>
          </TitleGrp>
          <CodelistReference>urn:ssb:codelist:stabas:4360191</CodelistReference>
        </Level>
      </Level>
    </ClassificationVersion>
    <ClassificationVersion id="urn:ssb:classversion:stabas:4360101" isCurrentVersion="true" validFrom="2006-01-01" isUnderConstruction="false" updatesPossible="false" disseminationAllowed="true" lastChangedDate="2011-03-04" showIntranet="true" showInternet="true">
      <TitleGrp>
        <Title xml:lang="nn">Gruppering av familiar 2006</Title>
        <Title xml:lang="nb">Gruppering av familier 2006</Title>
        <Title xml:lang="en">Classification of family type 2006</Title>
      </TitleGrp>
      <DescriptionGrp>
        <Description xml:lang="nn">Standarden gjer greie for dei ulike familietypane som i dag vert nytta i SSB sin familiestatistikk</Description>
        <Description xml:lang="nb">Standarden beskriver de ulike familitypene som i dag brukes i SSBs familistatistikk</Description>
        <Description xml:lang="en">The classification describes the different types of families used in family statistics in Statistics Norway today.</Description>
      </DescriptionGrp>
      <IntroductionGrp>
        <Indtroduction xml:lang="nn">Ikkje  relevant</Indtroduction>
        <Indtroduction xml:lang="nb">Ikke relevant</Indtroduction>
        <Indtroduction xml:lang="en">Not relevant</Indtroduction>
      </IntroductionGrp>
      <ContactInformation>
        <Person xmlns="http://www.ssb.no/ns/meta/common">hen</Person>
        <Division xmlns="http://www.ssb.no/ns/meta/common">810</Division>
      </ContactInformation>
      <ExternalDocumentGrp>
        <ExternalDocument xml:lang="nn">Standard for gruppering av familiar og hushald NOS C681</ExternalDocument>
        <ExternalDocument xml:lang="nb">Standard for gruppering av familier og husholdninger NOS C677
http://www.ssb.no/emner/02/90/nos_c677/</ExternalDocument>
        <ExternalDocument xml:lang="en">Standard classification of families and households NOS C677</ExternalDocument>
      </ExternalDocumentGrp>
      <ChangesGrp>
        <Change xml:lang="nn">Nytt kodesystem f.o.m 2006</Change>
        <Change xml:lang="nb">Nytt kodesystem f.o.m 2006</Change>
        <Change xml:lang="en">Change in coding system as from 2006</Change>
      </ChangesGrp>
      <DerivedFromGrp>
        <DerviedFrom xml:lang="nn">Standard for gruppering  av familiar og UN/ECE anbefalingar for Folke- og bustadteljingar</DerviedFrom>
        <DerviedFrom xml:lang="nb">Standard for gruppering av familier og UN/ECE anbefalinger for Folke- og boligtellingen</DerviedFrom>
        <DerviedFrom xml:lang="en">Standard classification of family type and UN/ECE recommendations for Population and Housing censuses</DerviedFrom>
      </DerivedFromGrp>
      <LegalBaseGrp>
        <LegalBase xml:lang="nn">Ikkje  relevant</LegalBase>
        <LegalBase xml:lang="nb">Ikke relevant</LegalBase>
        <LegalBase xml:lang="en">Not relevant</LegalBase>
      </LegalBaseGrp>
      <Level levelNumber="1" id="urn:ssb:classlevel:stabas:4360105" codeStructure="9">
        <TitleGrp>
          <Title xml:lang="nn">Gruppering av familiar 2006: Nivå 1</Title>
          <Title xml:lang="nb">Gruppering av familier 2006: Nivå 1</Title>
          <Title xml:lang="en">Classification of family type 2006: Level 1</Title>
        </TitleGrp>
        <CodelistReference>urn:ssb:codelist:stabas:4360105</CodelistReference>
        <Level levelNumber="2" id="urn:ssb:classlevel:stabas:4360107" codeStructure="9.9">
          <TitleGrp>
            <Title xml:lang="nn">Gruppering av familiar 2006: Nivå 2</Title>
            <Title xml:lang="nb">Gruppering av familier 2006: Nivå 2</Title>
            <Title xml:lang="en">Classification of family type 2006: Level 2</Title>
          </TitleGrp>
          <CodelistReference>urn:ssb:codelist:stabas:4360107</CodelistReference>
          <Level levelNumber="3" id="urn:ssb:classlevel:stabas:4360109" codeStructure="9.9.9">
            <TitleGrp>
              <Title xml:lang="nn">Gruppering av familiar 2006: Nivå 3</Title>
              <Title xml:lang="nb">Gruppering av familier 2006: Nivå 3</Title>
              <Title xml:lang="en">Classification of family type 2006: Level 3</Title>
            </TitleGrp>
            <CodelistReference>urn:ssb:codelist:stabas:4360109</CodelistReference>
          </Level>
        </Level>
      </Level>
    </ClassificationVersion>
    <ClassificationVersion id="urn:ssb:classversion:stabas:417389" isCurrentVersion="false" validFrom="1999-01-01" validTo="2005-12-31" isUnderConstruction="false" updatesPossible="false" disseminationAllowed="true" lastChangedDate="2011-03-04" showIntranet="true" showInternet="true">
      <TitleGrp>
        <Title xml:lang="nn">Familietype</Title>
        <Title xml:lang="nb">Familietype</Title>
        <Title xml:lang="en">Family type</Title>
      </TitleGrp>
      <DescriptionGrp>
        <Description xml:lang="nn">Standarden gjer greie for dei ulike familietypane som vert nytta i SSB sin familiestatistikk til og med 2005.
</Description>
        <Description xml:lang="nb">Standarden beskriver de ulike familietypene som ble brukt i SSBs familiestatistikk til og med 2005.
</Description>
        <Description xml:lang="en">The standard describes the different types of families which were in use  in family statistics in Statistics Norway until 2005.
</Description>
      </DescriptionGrp>
      <IntroductionGrp>
        <Indtroduction xml:lang="nn">Ikkje relevant</Indtroduction>
        <Indtroduction xml:lang="nb">Ikke relevant</Indtroduction>
        <Indtroduction xml:lang="en">not relevant</Indtroduction>
      </IntroductionGrp>
      <ContactInformation>
        <Person xmlns="http://www.ssb.no/ns/meta/common">hen</Person>
        <Division xmlns="http://www.ssb.no/ns/meta/common">810</Division>
      </ContactInformation>
      <ExternalDocumentGrp>
        <ExternalDocument xml:lang="nn">NOS C681: Standard for gruppering av familiar og hushald
http://www.ssb.no/emner/02/90/nos_c681/</ExternalDocument>
        <ExternalDocument xml:lang="nb">NOS C677: Standard for gruppering av familier og husholdninger
http://www.ssb.no/emner/02/90/nos_c677/</ExternalDocument>
        <ExternalDocument xml:lang="en">Nothing available in English.</ExternalDocument>
      </ExternalDocumentGrp>
      <ChangesGrp>
        <Change xml:lang="nn">I 1999 endra familietype "einsleg" seg til familietype "einpersonfamilie".</Change>
        <Change xml:lang="nb">I 1999 endret familietype "enslig" seg til familietype "enpersonsfamilie".</Change>
        <Change xml:lang="en">In 1999 the family type "single"  was changed to "one-person-family".</Change>
      </ChangesGrp>
      <DerivedFromGrp>
        <DerviedFrom xml:lang="nn">Kjennemerker for familier og husholdn. Interne notate 85/31 og UN/ECE anbefalinger om FoB</DerviedFrom>
        <DerviedFrom xml:lang="nb">Kjennemerker for familier og husholdn. Interne notate 85/31 og UN/ECE anbefalinger om FoB</DerviedFrom>
        <DerviedFrom xml:lang="en">Characteristics for families and households. Interne notater 85/31 and the UN's and the ECE's recommendations for Population and Housing Censuses</DerviedFrom>
      </DerivedFromGrp>
      <LegalBaseGrp>
        <LegalBase xml:lang="nn">ikkje relevant</LegalBase>
        <LegalBase xml:lang="nb">ikke relevant</LegalBase>
        <LegalBase xml:lang="en">not relevant</LegalBase>
      </LegalBaseGrp>
      <Level levelNumber="1" id="urn:ssb:classlevel:stabas:417394" codeStructure="9">
        <TitleGrp>
          <Title xml:lang="nn">Familietype: Familietype</Title>
          <Title xml:lang="nb">Familietype: Familietype</Title>
          <Title xml:lang="en">Family type: Family type</Title>
        </TitleGrp>
        <CodelistReference>urn:ssb:codelist:stabas:417394</CodelistReference>
      </Level>
    </ClassificationVersion>
  </ClassificationVersions>
</Classification>