<?xml version="1.0" encoding="utf-8"?>
<Classification xmlns:xsi="http://www.w3.org/2001/XMLSchema-instance" xmlns:xsd="http://www.w3.org/2001/XMLSchema" id="urn:ssb:classification:stabas:4176101" currentVersionId="urn:ssb:classversion:stabas:4176102" xmlns="http://www.ssb.no/ns/meta/classification">
  <TitleGrp>
    <Title xml:lang="nn">Standard for oppvarmingkjelde</Title>
    <Title xml:lang="nb">Standard for oppvarmingskilde</Title>
    <Title xml:lang="en">Classification of source of heating</Title>
  </TitleGrp>
  <DescriptionGrp>
    <Description xml:lang="nn">Standarden syner kva som er hovudoppvarminga i bygningar. Dette kan og vere ein kombinasjon av oppvarmingskjelder, slik som til dømes elektrisitet/ved.</Description>
    <Description xml:lang="nb">Standarden viser hva som er hovedoppvarmingen i bygninger. Dette kan også være en kombinasjon av oppvarmingskilder, slik som f.eks. elektrisitet/ved.</Description>
    <Description xml:lang="en">The standard shows what main source of heating that is used in buildings. This can also be a combination of sources, for instance electricity/wood.</Description>
  </DescriptionGrp>
  <StatisticalUnitGrp>
    <StatisticalUnit xml:lang="nn">Oppvarmingskjelder</StatisticalUnit>
    <StatisticalUnit xml:lang="nb">Oppvarmingskilder</StatisticalUnit>
    <StatisticalUnit xml:lang="en">Source of heatings</StatisticalUnit>
  </StatisticalUnitGrp>
  <OwnerGrp>
    <Owner xml:lang="nn">Statens kartverk</Owner>
    <Owner xml:lang="nb">Statens kartverk</Owner>
    <Owner xml:lang="en">Norwegian Mapping Authority</Owner>
  </OwnerGrp>
  <SubjectArea>10</SubjectArea>
  <ClassificationVersions>
    <ClassificationVersion id="urn:ssb:classversion:stabas:4176102" isCurrentVersion="true" validFrom="1983-01-01" isUnderConstruction="false" updatesPossible="false" disseminationAllowed="true" lastChangedDate="2006-11-25" showIntranet="true" showInternet="true">
      <TitleGrp>
        <Title xml:lang="nn">Oppvarmingskjelde 1983</Title>
        <Title xml:lang="nb">Oppvarmingskilde 1983</Title>
        <Title xml:lang="en">Source of heating 1983</Title>
      </TitleGrp>
      <DescriptionGrp>
        <Description xml:lang="nn">Standarden syner kva som er hovudoppvarminga i bygningar. Dette kan og vere ein kombinasjon av oppvarmingskjelder, slik som til dømes elektrisitet/ved.</Description>
        <Description xml:lang="nb">Standarden viser hva som er hovedoppvarmingen i bygninger. Dette kan også være en kombinasjon av oppvarmingskilder, slik som f.eks. elektrisitet/ved.</Description>
        <Description xml:lang="en">The standard shows what main source of heating that is used in buildings. This can also be a combination of sources, for instance electricity/wood.</Description>
      </DescriptionGrp>
      <IntroductionGrp>
        <Indtroduction xml:lang="nn">Ikkje relevant</Indtroduction>
        <Indtroduction xml:lang="nb">Ikke relevant</Indtroduction>
        <Indtroduction xml:lang="en">Not relevant</Indtroduction>
      </IntroductionGrp>
      <ContactInformation>
        <Person xmlns="http://www.ssb.no/ns/meta/common">job</Person>
        <Division xmlns="http://www.ssb.no/ns/meta/common">460</Division>
      </ContactInformation>
      <ExternalDocumentGrp>
        <ExternalDocument xml:lang="nn">NOS Byggjearealstatistikk</ExternalDocument>
        <ExternalDocument xml:lang="nb">NOS Byggearealstatistikk</ExternalDocument>
        <ExternalDocument xml:lang="en">Official Statictics of Norway</ExternalDocument>
      </ExternalDocumentGrp>
      <DerivedFromGrp>
        <DerviedFrom xml:lang="nn">Ikkje relevant</DerviedFrom>
        <DerviedFrom xml:lang="nb">Ikke relevant</DerviedFrom>
        <DerviedFrom xml:lang="en">Not relevant</DerviedFrom>
      </DerivedFromGrp>
      <LegalBaseGrp>
        <LegalBase xml:lang="nn">Ikkje relevant</LegalBase>
        <LegalBase xml:lang="nb">Ikke relevant</LegalBase>
        <LegalBase xml:lang="en">Not relevant</LegalBase>
      </LegalBaseGrp>
      <Level levelNumber="1" id="urn:ssb:classlevel:stabas:4176106" codeStructure="9">
        <TitleGrp>
          <Title xml:lang="nn">Oppvarmingskjelde 1983: Nivå 1</Title>
          <Title xml:lang="nb">Oppvarmingskilde 1983: Nivå 1</Title>
          <Title xml:lang="en">Source of heating 1983: Level 1</Title>
        </TitleGrp>
        <CodelistReference>urn:ssb:codelist:stabas:4176106</CodelistReference>
      </Level>
    </ClassificationVersion>
  </ClassificationVersions>
</Classification>