<?xml version="1.0" encoding="utf-8"?>
<Classification xmlns:xsi="http://www.w3.org/2001/XMLSchema-instance" xmlns:xsd="http://www.w3.org/2001/XMLSchema" id="urn:ssb:classification:stabas:417702" currentVersionId="urn:ssb:classversion:stabas:417740" xmlns="http://www.ssb.no/ns/meta/classification">
  <TitleGrp>
    <Title xml:lang="nn">Standard for sivilstand</Title>
    <Title xml:lang="nb">Standard for sivilstand</Title>
    <Title xml:lang="en">Classification of marital status</Title>
  </TitleGrp>
  <DescriptionGrp>
    <Description xml:lang="nn">Sivilstand nytta i befolkningsstatistikken.</Description>
    <Description xml:lang="nb">Sivilstand brukt i befolkningsstatistikken.</Description>
    <Description xml:lang="en">Marital status used in population statistics.</Description>
  </DescriptionGrp>
  <StatisticalUnitGrp>
    <StatisticalUnit xml:lang="nn">Personar</StatisticalUnit>
    <StatisticalUnit xml:lang="nb">Personer</StatisticalUnit>
    <StatisticalUnit xml:lang="en">Persons</StatisticalUnit>
  </StatisticalUnitGrp>
  <OwnerGrp>
    <Owner xml:lang="nn">Statistisk sentralbyrå (SSB)</Owner>
    <Owner xml:lang="nb">Statistisk sentralbyrå (SSB)</Owner>
    <Owner xml:lang="en">Statistics Norway (SSB)</Owner>
  </OwnerGrp>
  <SubjectArea>02</SubjectArea>
  <ClassificationVersions>
    <ClassificationVersion id="urn:ssb:classversion:stabas:417740" isCurrentVersion="true" validFrom="1993-01-01" isUnderConstruction="false" updatesPossible="false" disseminationAllowed="true" lastChangedDate="2013-03-14" showIntranet="true" showInternet="true">
      <TitleGrp>
        <Title xml:lang="nn">Sivilstand 1993</Title>
        <Title xml:lang="nb">Sivilstand 1993</Title>
        <Title xml:lang="en">Marital status 1993</Title>
      </TitleGrp>
      <DescriptionGrp>
        <Description xml:lang="nn">Denne klassifiseringa av sivilstand vert nytta i befolkningsstatistikken frå 1993. Fra 1. januar 2009 blei ekteskapslova endra slik at to personar med same kjønn kan inngå ekteskap. Samtidig vart det ikkje lenger mogleg å inngå registrert partnarskap. Dei som allereie var registrerte partnarar, kan anten halde fram som det , eller  be om å få partnarskapan konvertert til ekteskap. Derfor gjeld framleis alle sivilstandskodene.</Description>
        <Description xml:lang="nb">Denne klassifiserngen av sivilstand er brukt i befolkningsstatistikken fra 1993. Fra 1. januar 2009 ble imidlertid ekteskapsloven endret slik at to personer med samme kjønn kan inngå ekteskap. Samtidig ble det ikke lenger mulig å inngå registrert partnerskap. De som allerede var registrerte partnere, kan enten fortsette som det , eller  be om å få partnerskapet sitt konvertert til ekteskap. Derfor gjelder fortsatt alle sivilstandskodene. </Description>
        <Description xml:lang="en">This classification of marital status has been used in the population statistics from 1993.  1. januar 2009 the Marriage Act was changed to allow same-sex marriages. At the same time the possibility to enter into registred partnership was cancelled. Those who already are registred as partners, may continue as registred partners or have their partnership converted into marriage. Because of this all marital status codes will still be valid.   </Description>
      </DescriptionGrp>
      <IntroductionGrp>
        <Indtroduction xml:lang="nn">Ikkje relvant</Indtroduction>
        <Indtroduction xml:lang="nb">Ikke relevant</Indtroduction>
        <Indtroduction xml:lang="en">Not relevant</Indtroduction>
      </IntroductionGrp>
      <ContactInformation>
        <Person xmlns="http://www.ssb.no/ns/meta/common">hen</Person>
        <Division xmlns="http://www.ssb.no/ns/meta/common">810</Division>
      </ContactInformation>
      <ExternalDocumentGrp>
        <ExternalDocument xml:lang="nn">NOS Befolkningsstatistikk</ExternalDocument>
        <ExternalDocument xml:lang="nb">Om statistikken http://www.ssb.no/vis/folkemengde/om.html</ExternalDocument>
        <ExternalDocument xml:lang="en">About the Statistics http://www.ssb.no/english/subjects/02/01/10/folkemengde_en/about.html</ExternalDocument>
      </ExternalDocumentGrp>
      <ChangesGrp>
        <Change xml:lang="nn">Partnarar er tekne med.</Change>
        <Change xml:lang="nb">Partnere er inkludert.</Change>
        <Change xml:lang="en">Partners included.</Change>
      </ChangesGrp>
      <DerivedFromGrp>
        <DerviedFrom xml:lang="nn">Ikkje relvant</DerviedFrom>
        <DerviedFrom xml:lang="nb">Ikke relevant</DerviedFrom>
        <DerviedFrom xml:lang="en">Not relevant</DerviedFrom>
      </DerivedFromGrp>
      <LegalBaseGrp>
        <LegalBase xml:lang="nn">Ikkje relvant</LegalBase>
        <LegalBase xml:lang="nb">Ikke relevant</LegalBase>
        <LegalBase xml:lang="en">Not relevant</LegalBase>
      </LegalBaseGrp>
      <Level levelNumber="1" id="urn:ssb:classlevel:stabas:417747" codeStructure="9">
        <TitleGrp>
          <Title xml:lang="nn">Sivilstand 1993: Sivilstandsgruppering</Title>
          <Title xml:lang="nb">Sivilstand 1993: Sivilstand</Title>
          <Title xml:lang="en">Marital status 1993: Marital status </Title>
        </TitleGrp>
        <CodelistReference>urn:ssb:codelist:stabas:417747</CodelistReference>
      </Level>
    </ClassificationVersion>
    <ClassificationVersion id="urn:ssb:classversion:stabas:417703" isCurrentVersion="false" validFrom="1964-01-01" validTo="1992-12-31" isUnderConstruction="false" updatesPossible="false" disseminationAllowed="true" lastChangedDate="2009-11-11" showIntranet="true" showInternet="true">
      <TitleGrp>
        <Title xml:lang="nn">Sivilstand 1964</Title>
        <Title xml:lang="nb">Sivilstand 1964</Title>
        <Title xml:lang="en">Marital status 1964</Title>
      </TitleGrp>
      <DescriptionGrp>
        <Description xml:lang="nn">Sivilstand nytta i befolkningsstatistikken frå 1964 til  1993.</Description>
        <Description xml:lang="nb">Sivilstand brukt i befolkningsstatistikken fra 1964 til  1993.</Description>
        <Description xml:lang="en">Marital status used in population statistics from 1964 to 1993.</Description>
      </DescriptionGrp>
      <IntroductionGrp>
        <Indtroduction xml:lang="nn">Ikkje relevant</Indtroduction>
        <Indtroduction xml:lang="nb">Ikke relevant</Indtroduction>
        <Indtroduction xml:lang="en">Not relevant</Indtroduction>
      </IntroductionGrp>
      <ContactInformation>
        <Person xmlns="http://www.ssb.no/ns/meta/common">hen</Person>
        <Division xmlns="http://www.ssb.no/ns/meta/common">810</Division>
      </ContactInformation>
      <ExternalDocumentGrp>
        <ExternalDocument xml:lang="nn">NOS Befolkningsstatistikk</ExternalDocument>
        <ExternalDocument xml:lang="nb">NOS Befolkningsstatistikk</ExternalDocument>
        <ExternalDocument xml:lang="en">NOS Population Statistics</ExternalDocument>
      </ExternalDocumentGrp>
      <ChangesGrp>
        <Change xml:lang="nn">Ikkje relevant</Change>
        <Change xml:lang="nb">Ikke relevant</Change>
        <Change xml:lang="en">Not relevant</Change>
      </ChangesGrp>
      <DerivedFromGrp>
        <DerviedFrom xml:lang="nn">Ikkje relevant</DerviedFrom>
        <DerviedFrom xml:lang="nb">Ikke relevant</DerviedFrom>
        <DerviedFrom xml:lang="en">Not relevant</DerviedFrom>
      </DerivedFromGrp>
      <LegalBaseGrp>
        <LegalBase xml:lang="nn">Ikkje relevant</LegalBase>
        <LegalBase xml:lang="nb">Ikke relevant</LegalBase>
        <LegalBase xml:lang="en">Not relevant</LegalBase>
      </LegalBaseGrp>
      <Level levelNumber="1" id="urn:ssb:classlevel:stabas:417710" codeStructure="9">
        <TitleGrp>
          <Title xml:lang="nn">Sivilstand 1964: Sivilstand</Title>
          <Title xml:lang="nb">Sivilstand 1964: Sivilstand</Title>
          <Title xml:lang="en">Marital status 1964: Marital status grouping</Title>
        </TitleGrp>
        <CodelistReference>urn:ssb:codelist:stabas:417710</CodelistReference>
      </Level>
    </ClassificationVersion>
  </ClassificationVersions>
</Classification>