<?xml version="1.0" encoding="utf-8"?>
<Classification xmlns:xsi="http://www.w3.org/2001/XMLSchema-instance" xmlns:xsd="http://www.w3.org/2001/XMLSchema" id="urn:ssb:classification:stabas:4210101" currentVersionId="urn:ssb:classversion:stabas:4210102" xmlns="http://www.ssb.no/ns/meta/classification">
  <TitleGrp>
    <Title xml:lang="nn">Grunnbeløpet i folketrygda</Title>
    <Title xml:lang="nb">Grunnbeløpet i folketrygden (beløp pr. 1.5 )</Title>
    <Title xml:lang="en">Basic amount of the National Insurance Scheme (B.a) </Title>
  </TitleGrp>
  <DescriptionGrp>
    <Description xml:lang="nn">Mange av folketrygda sine ytingar er knytte til grunnbeløpet (G) som Stortinget regulerer kvart år pr 1.5. Grunnbeløpet er grunnlaget  både for berekning av grunnpensjon, særtillegg, tilleggspensjon og forsørgingstillegg. 

Det er lagt inn grunnbeløp f.o.m. 1991 då reguleringstidspunktet vart flytta til 1.5</Description>
    <Description xml:lang="nb">Mange av folketrygdens ytelser er knyttet til grunnbeløpet (G) som Stortinget regulerer hvert år pr 1.5. Grunnbeløpet legges til grunn både for beregning av grunnpensjon, særtillegg, tilleggspensjon og forsørgingstillegg. 

Det er lagt inn grunnbeløp f.o.m. 1991 da reguleringstidspunktet ble flyttet til 1.5</Description>
    <Description xml:lang="en">Most of the benefits from the National Insurance Scheme are related to the basic amount (B.a) adjusted by the Parliament 1 May each year. The basic amount is used as a basis for calculation of basic benefit, supplementary pension and supplement for Spouse and Children. The basic amount listed is the annual amount. The starting point is 1991 when the date of adjustment where moved to the 1 of May.</Description>
  </DescriptionGrp>
  <StatisticalUnitGrp>
    <StatisticalUnit xml:lang="nn">Ikkje relevant</StatisticalUnit>
    <StatisticalUnit xml:lang="nb">Ikke relevant</StatisticalUnit>
    <StatisticalUnit xml:lang="en">Not relevant</StatisticalUnit>
  </StatisticalUnitGrp>
  <OwnerGrp>
    <Owner xml:lang="nn">Arbeids- og velferdsetaten </Owner>
    <Owner xml:lang="nb">Arbeids- og velferdsetaten </Owner>
    <Owner xml:lang="en">The Norwegian Labour and Welfare Administration</Owner>
  </OwnerGrp>
  <SubjectArea>03</SubjectArea>
  <ClassificationVersions>
    <ClassificationVersion id="urn:ssb:classversion:stabas:4210102" isCurrentVersion="true" validFrom="1991-01-01" isUnderConstruction="false" updatesPossible="true" disseminationAllowed="true" lastChangedDate="2015-12-03" showIntranet="true" showInternet="true">
      <TitleGrp>
        <Title xml:lang="nn">Grunnbeløpet i folketrygdea 1991</Title>
        <Title xml:lang="nb">Grunnbeløpet i folketrygden 1991 (beløp pr.1.5)</Title>
        <Title xml:lang="en">Basic amount of the National Insurance Scheme (B.a) 1991</Title>
      </TitleGrp>
      <DescriptionGrp>
        <Description xml:lang="nn">Mange av folketrygda sine ytingar er knytte til grunnbeløpet (G) som Stortinget regulerer kvart år pr 1.5. Grunnbeløpet er grunnlaget  både for berekning av grunnpensjon, særtillegg, tilleggspensjon og forsørgingstillegg. Grunnbeløpet gjeld frå 1.5 år X til 
1.5 år ( X+1).  Det er ikkje gjennomsnittet for år X.

Det er lagt inn grunnbeløp f.o.m. 1991 då reguleringstidspunktet vart flytta til 1.5</Description>
        <Description xml:lang="nb">Mange av folketrygdens ytelser er knyttet til grunnbeløpet (G) som Stortinget regulerer hvert år pr 1.5. Grunnbeløpet legges til grunn både for beregning av grunnpensjon, særtillegg, tilleggspensjon og forsørgingstillegg.  Grunnbeløpet som oppgis her, gjelder fra 1.5 år X til 
1.5 år ( X+1).  Det er ikke gjennomsnittet for år X.

Det er lagt inn grunnbeløp f.o.m. 1991 da reguleringstidspunktet ble flyttet til 1.5</Description>
        <Description xml:lang="en">Most of the benefits from the National Insurance Scheme are related to the basic amount (B.a) adjusted by the Parliament 1 May each year. The basic amount is used as a basis for calculation of basic benefit, supplementary pension and supplement for Spouse and Children. The basic amount listed is valid from 1 May year X to 1 May  year (X+1). It is not the mean basic amount for year X.

The starting point is 1991 when the date of adjustment where moved to the 1 of May.
</Description>
      </DescriptionGrp>
      <IntroductionGrp>
        <Indtroduction xml:lang="nn">Ikkje relevant</Indtroduction>
        <Indtroduction xml:lang="nb">Ikke relevant</Indtroduction>
        <Indtroduction xml:lang="en">Not relevant</Indtroduction>
      </IntroductionGrp>
      <ContactInformation>
        <Person xmlns="http://www.ssb.no/ns/meta/common">ugr</Person>
        <Division xmlns="http://www.ssb.no/ns/meta/common">350</Division>
      </ContactInformation>
      <ExternalDocumentGrp>
        <ExternalDocument xml:lang="nn">Ikkje relevant</ExternalDocument>
        <ExternalDocument xml:lang="nb">Ikke relevant</ExternalDocument>
        <ExternalDocument xml:lang="en">Not relevant</ExternalDocument>
      </ExternalDocumentGrp>
      <ChangesGrp>
        <Change xml:lang="nn">Ikkje relevant</Change>
        <Change xml:lang="nb">Ikke relevant</Change>
        <Change xml:lang="en">Not relevant</Change>
      </ChangesGrp>
      <DerivedFromGrp>
        <DerviedFrom xml:lang="nn">Ikkje relevant</DerviedFrom>
        <DerviedFrom xml:lang="nb">Ikke relevant</DerviedFrom>
        <DerviedFrom xml:lang="en">Not relevant</DerviedFrom>
      </DerivedFromGrp>
      <LegalBaseGrp>
        <LegalBase xml:lang="nn">Ikkje relevant</LegalBase>
        <LegalBase xml:lang="nb">Ikke relevant</LegalBase>
        <LegalBase xml:lang="en">Most of the benefits from the National Insurance Scheme are related to the basic amount (B.a) adjusted by the Parliament 1 May each year. The basic amount is used as basis for calculation of basic benefit, supplementary pension and supplement for Spouse and Children. The basic amount listed is the annual amount. The starting point is 1991 when the date of adjustment where moved to the 1 May.
Not relevant</LegalBase>
      </LegalBaseGrp>
      <Level levelNumber="1" id="urn:ssb:classlevel:stabas:4210104">
        <TitleGrp>
          <Title xml:lang="nn">Grunnbeløpet i folketrygdea 1991: Grunnbeløp </Title>
          <Title xml:lang="nb">Grunnbeløpet i folketrygden 1991 (beløp pr.1.5): Grunnbeløp</Title>
          <Title xml:lang="en">Basic amount of the National Insurance Scheme (B.a) 1991: Basic amount of the National Insurance Schem</Title>
        </TitleGrp>
        <CodelistReference>urn:ssb:codelist:stabas:4210104</CodelistReference>
      </Level>
    </ClassificationVersion>
  </ClassificationVersions>
</Classification>