<?xml version="1.0" encoding="utf-8"?>
<Classification xmlns:xsi="http://www.w3.org/2001/XMLSchema-instance" xmlns:xsd="http://www.w3.org/2001/XMLSchema" id="urn:ssb:classification:stabas:4218169" currentVersionId="urn:ssb:classversion:stabas:4218170" xmlns="http://www.ssb.no/ns/meta/classification">
  <TitleGrp>
    <Title xml:lang="nn">Standard for klassifisering av skogeigarar med minst 25 dekar produktivt skogareal i eigargrupper</Title>
    <Title xml:lang="nb">Standard for klassifisering av skogeiere med minst 25 dekar produktivt skogareal i eiergrupper</Title>
    <Title xml:lang="en">Classification of forest owners with at last 25 decares productive forest area by owner group</Title>
  </TitleGrp>
  <DescriptionGrp>
    <Description xml:lang="nn">Klassifiseringa gjeld eigarar av landbrukseigedom med minst 25 dekar produktivt skogareal. Grupperinga er gjort for statistiske føremål.</Description>
    <Description xml:lang="nb">Klassifiseringen gjelder eiere av landbrukseiendom med minst 25 dekar produktivt skogareal. Grupperingen er gjort for statistiske formål.</Description>
    <Description xml:lang="en">The classification comprises forest owners with at least 25 decares productive forest area. The classification is established for statistical purposes.</Description>
  </DescriptionGrp>
  <StatisticalUnitGrp>
    <StatisticalUnit xml:lang="nn">Skogeigarar</StatisticalUnit>
    <StatisticalUnit xml:lang="nb">Skogeiere</StatisticalUnit>
    <StatisticalUnit xml:lang="en">Forest owners</StatisticalUnit>
  </StatisticalUnitGrp>
  <OwnerGrp>
    <Owner xml:lang="nn">Statistisk sentralbyrå (SSB)</Owner>
    <Owner xml:lang="nb">Statistisk sentralbyrå (SSB)</Owner>
    <Owner xml:lang="en">Statistics Norway (SSB)</Owner>
  </OwnerGrp>
  <SubjectArea>10</SubjectArea>
  <ClassificationVersions>
    <ClassificationVersion id="urn:ssb:classversion:stabas:4218170" isCurrentVersion="true" validFrom="1991-01-01" isUnderConstruction="false" updatesPossible="false" disseminationAllowed="true" lastChangedDate="2006-11-28" showIntranet="true" showInternet="true">
      <TitleGrp>
        <Title xml:lang="nn">Klassifisering av skogeigarar med minst 25 dekar produktivt skogareal i eigargrupper 1991</Title>
        <Title xml:lang="nb">Klassifisering av skogeiere med minst 25 dekar produktivt skogareal i eiergrupper 1991</Title>
        <Title xml:lang="en">Classification of forest owners with at last 25 decares productive forest area by owner group 1991</Title>
      </TitleGrp>
      <DescriptionGrp>
        <Description xml:lang="nn">Klassifiseringa gjeld eigarar av landbrukseigedom med minst 25 dekar produktivt skogareal. Grupperinga er gjort for statistiske føremål.</Description>
        <Description xml:lang="nb">Klassifiseringen gjelder eiere av landbrukseiendom med minst 25 dekar produktivt skogareal. Grupperingen er gjort for statistiske formål.</Description>
        <Description xml:lang="en">The classification comprises forest owners with at least 25 decares productive forest area. The classification is established for statistical purposes.</Description>
      </DescriptionGrp>
      <IntroductionGrp>
        <Indtroduction xml:lang="nn">Skogbrukstellinga 1927</Indtroduction>
        <Indtroduction xml:lang="nb">Skogbrukstellingen 1927</Indtroduction>
        <Indtroduction xml:lang="en">The Census of Forestry 1927</Indtroduction>
      </IntroductionGrp>
      <ContactInformation>
        <Person xmlns="http://www.ssb.no/ns/meta/common">tra</Person>
        <Division xmlns="http://www.ssb.no/ns/meta/common">430</Division>
      </ContactInformation>
      <ExternalDocumentGrp>
        <ExternalDocument xml:lang="nn">Skogbrukstellingen i Norge. 1. september 1957. Annet hefte.</ExternalDocument>
        <ExternalDocument xml:lang="nb">Skogbrukstellingen i Norge. 1. september 1957. Annet hefte.</ExternalDocument>
        <ExternalDocument xml:lang="en">Census of Forestry 1 September 1957. Volume II .</ExternalDocument>
      </ExternalDocumentGrp>
      <ChangesGrp>
        <Change xml:lang="nn">Ikkje relevant</Change>
        <Change xml:lang="nb">Ikke relevant</Change>
        <Change xml:lang="en">Not relevant</Change>
      </ChangesGrp>
      <DerivedFromGrp>
        <DerviedFrom xml:lang="nn">Inndelinga laga i samband med dei tiårige Skogbruksteljingane.</DerviedFrom>
        <DerviedFrom xml:lang="nb">Inndeling laget i forbindelse med de tiårige Skogbrukstellingene.</DerviedFrom>
        <DerviedFrom xml:lang="en">The classification was established in connection with the censuses of forestry.</DerviedFrom>
      </DerivedFromGrp>
      <LegalBaseGrp>
        <LegalBase xml:lang="nn">Ikkje relevant</LegalBase>
        <LegalBase xml:lang="nb">Ikke relevant</LegalBase>
        <LegalBase xml:lang="en">Not relevant</LegalBase>
      </LegalBaseGrp>
      <Level levelNumber="1" id="urn:ssb:classlevel:stabas:4218174" codeStructure="99">
        <TitleGrp>
          <Title xml:lang="nn">Klassifisering av skogeigarar med minst 25 dekar produktivt skogareal i eigargrupper 1991: Nivå 1</Title>
          <Title xml:lang="nb">Klassifisering av skogeiere med minst 25 dekar produktivt skogareal i eiergrupper 1991: Nivå 1</Title>
          <Title xml:lang="en">Classification of forest owners with at last 25 decares productive forest area by owner group 1991: Level 1</Title>
        </TitleGrp>
        <CodelistReference>urn:ssb:codelist:stabas:4218174</CodelistReference>
      </Level>
    </ClassificationVersion>
  </ClassificationVersions>
</Classification>