<?xml version="1.0" encoding="utf-8"?>
<Classification xmlns:xsi="http://www.w3.org/2001/XMLSchema-instance" xmlns:xsd="http://www.w3.org/2001/XMLSchema" id="urn:ssb:classification:stabas:4218325" currentVersionId="urn:ssb:classversion:stabas:4218326" xmlns="http://www.ssb.no/ns/meta/classification">
  <TitleGrp>
    <Title xml:lang="nn">Standard for treslag- og sortimentsinndeling ved sal av tømmer</Title>
    <Title xml:lang="nb">Standard for treslag- og sortimentsinndeling ved tømmersalg</Title>
    <Title xml:lang="en">Classification of tree species and assortment used by commercial roundwood removals</Title>
  </TitleGrp>
  <DescriptionGrp>
    <Description xml:lang="nn">Klassifiseringa omfattar tømmer seld til industrivirke og til ved til brensel. Inndelinga er basert på målereglementet for skogsvirke. Data for kvar enkelt innmåling av tømmer på skogeigarnivå blir overført til Landbruksdepartementets virkesdatabase for skogavgift og måleopplysningar. Databasen blir drive av SKOG-DATA AS. I tillegg blir opplysningane om ved til brensel henta inn frå kommunane via landbruksavdelinga hjå fylkesmannen.  Desse opplysningane er basert på overslag.</Description>
    <Description xml:lang="nb">Klassifiseringen omfatter tømmer solgt til industrivirke og til ved til brensel. Inndelingen er basert på målereglementet for skogsvirke. Data for hver enkelt innmåling av tømmer på skogeiernivå blir overført til Landbruksdepartementets virkesdatabase for skogavgift og måleopplysninger. Databasen drives av SKOG-DATA AS. I tillegg blir opplysningene om ved til brensel hentet inn fra kommunene via fylkesmannens landbruksavdeling. Disse opplysningen er basert på anslag.</Description>
    <Description xml:lang="en">The classification comprises commercial roundwood removals and includes wood fuel. Data from scaling of timber sold are transferred to the Register of Timber Trade and Diverted Forest Trust Fund owned by the Ministry of Agriculture and Food. The firm SKOG-DATA AS runs the register. The figures of wood fuel are estimates given by the forest administration at municipality level.</Description>
  </DescriptionGrp>
  <StatisticalUnitGrp>
    <StatisticalUnit xml:lang="nn">Treslag og sortiment</StatisticalUnit>
    <StatisticalUnit xml:lang="nb">Treslag og sortiment</StatisticalUnit>
    <StatisticalUnit xml:lang="en">Tree species and assortment</StatisticalUnit>
  </StatisticalUnitGrp>
  <OwnerGrp>
    <Owner xml:lang="nn">Statistisk sentralbyrå (SSB)</Owner>
    <Owner xml:lang="nb">Statistisk sentralbyrå (SSB)</Owner>
    <Owner xml:lang="en">Statistics Norway (SSB)</Owner>
  </OwnerGrp>
  <SubjectArea>10</SubjectArea>
  <ClassificationVersions>
    <ClassificationVersion id="urn:ssb:classversion:stabas:4218326" isCurrentVersion="true" validFrom="1971-01-01" isUnderConstruction="false" updatesPossible="false" disseminationAllowed="true" lastChangedDate="2011-01-25" showIntranet="true" showInternet="true">
      <TitleGrp>
        <Title xml:lang="nn">Treslag- og sortimentsinndeling ved sal av tømmer 1971</Title>
        <Title xml:lang="nb">Treslag- og sortimentsinndeling ved tømmersalg 1971</Title>
        <Title xml:lang="en">Tree species and assortment used by commercial roundwood removals 1971</Title>
      </TitleGrp>
      <DescriptionGrp>
        <Description xml:lang="nn">Klassifiseringa omfattar tømmer seld til industrivirke og til ved til brensel. Inndelinga er basert på målereglementet for skogsvirke. Data for kvar enkelt innmåling av tømmer på skogeigarnivå blir overført til Landbruksdepartementets virkesdatabase for skogfond og måleopplysningar. Databasen blir drive av SKOG-DATA AS. </Description>
        <Description xml:lang="nb">Klassifiseringen omfatter tømmer solgt til industrivirke og til ved til brensel. Inndelingen er basert på målereglementet for skogsvirke. Data for hver enkelt innmåling av tømmer på skogeiernivå blir overført til Landbruksdepartementets virkesdatabase for skogfond og måleopplysninger. Databasen drives av SKOG-DATA AS. </Description>
        <Description xml:lang="en">The classification comprises commercial roundwood removals and includes wood fuel. Data from scaling of timber sold are transferred to the Register of Timber Trade and Diverted Forest Trust Fund owned by the Ministry of Agriculture and Food. The firm SKOG-DATA AS runs the register. The figures of wood fuel are estimates given by the forest administration at municipality level.</Description>
      </DescriptionGrp>
      <IntroductionGrp>
        <Indtroduction xml:lang="nn">Ikkje relevant</Indtroduction>
        <Indtroduction xml:lang="nb">Ikke relevant</Indtroduction>
        <Indtroduction xml:lang="en">Not relevant</Indtroduction>
      </IntroductionGrp>
      <ContactInformation>
        <Person xmlns="http://www.ssb.no/ns/meta/common">tra</Person>
        <Division xmlns="http://www.ssb.no/ns/meta/common">430</Division>
      </ContactInformation>
      <ExternalDocumentGrp>
        <ExternalDocument xml:lang="nn">Ikkje relevant</ExternalDocument>
        <ExternalDocument xml:lang="nb">Ikke relevant</ExternalDocument>
        <ExternalDocument xml:lang="en">Not relevant</ExternalDocument>
      </ExternalDocumentGrp>
      <ChangesGrp>
        <Change xml:lang="nn">Ikkje relevant</Change>
        <Change xml:lang="nb">Ikke relevant</Change>
        <Change xml:lang="en">Not relevant</Change>
      </ChangesGrp>
      <DerivedFromGrp>
        <DerviedFrom xml:lang="nn">Sortimentsinndelinga i målereglement for skogsvirke (fastsett av Fellesutvalet for norsk tømmermåling ( FUNT), 1998).</DerviedFrom>
        <DerviedFrom xml:lang="nb">Sortimentsinndelingen i målereglement for skogsvirke (fastsatt av Fellesutvalget for norsk tømmermåling (FUNT), 1998).</DerviedFrom>
        <DerviedFrom xml:lang="en">The classification of assortment for commercial roundwood removals (The Comittee for measurement of logs (FUNT), 1998).</DerviedFrom>
      </DerivedFromGrp>
      <LegalBaseGrp>
        <LegalBase xml:lang="nn">Ikkje relevant</LegalBase>
        <LegalBase xml:lang="nb">Ikke relevant</LegalBase>
        <LegalBase xml:lang="en">Not relevant</LegalBase>
      </LegalBaseGrp>
      <Level levelNumber="1" id="urn:ssb:classlevel:stabas:4218330" codeStructure="9">
        <TitleGrp>
          <Title xml:lang="nn">Treslag- og sortimentsinndeling ved sal av tømmer 1971: Nivå 1</Title>
          <Title xml:lang="nb">Treslag- og sortimentsinndeling ved tømmersalg 1971: Nivå 1</Title>
          <Title xml:lang="en">Tree species and assortment used by commercial roundwood removals 1971: Level 1</Title>
        </TitleGrp>
        <CodelistReference>urn:ssb:codelist:stabas:4218330</CodelistReference>
        <Level levelNumber="2" id="urn:ssb:classlevel:stabas:4218332" codeStructure="9.9">
          <TitleGrp>
            <Title xml:lang="nn">Treslag- og sortimentsinndeling ved sal av tømmer 1971: Nivå 2</Title>
            <Title xml:lang="nb">Treslag- og sortimentsinndeling ved tømmersalg 1971: Nivå 2</Title>
            <Title xml:lang="en">Tree species and assortment used by commercial roundwood removals 1971: Level 2</Title>
          </TitleGrp>
          <CodelistReference>urn:ssb:codelist:stabas:4218332</CodelistReference>
        </Level>
      </Level>
    </ClassificationVersion>
  </ClassificationVersions>
</Classification>