<?xml version="1.0" encoding="utf-8"?>
<Classification xmlns:xsi="http://www.w3.org/2001/XMLSchema-instance" xmlns:xsd="http://www.w3.org/2001/XMLSchema" id="urn:ssb:classification:stabas:4218136" currentVersionId="urn:ssb:classversion:stabas:4218137" xmlns="http://www.ssb.no/ns/meta/classification">
  <TitleGrp>
    <Title xml:lang="nn">Standard for klassifisering av omsetjingstype ved tinglyst omsetjing av fast eigedom</Title>
    <Title xml:lang="nb">Standard for klassifisering av omsetningstype ved tinglyst omsetning av fast eiendom</Title>
    <Title xml:lang="en">Classification of type of transfer by registered transfer of real property</Title>
  </TitleGrp>
  <DescriptionGrp>
    <Description xml:lang="nn">Klassifiseringa omfattar omsetjingstypar som er registrert ved omsetjing av fast eigedom, og er basert på GAB-registeret.</Description>
    <Description xml:lang="nb">Klassifiseringen omfatter omsetningstyper som er registrert ved omsetning av fast eiendom, og er basert på GAB-registeret.</Description>
    <Description xml:lang="en">The classification includes types of transfers included in the statistics on transfer of real property. The basis is the GAB-register (General register of real properties addresses and buildings).</Description>
  </DescriptionGrp>
  <StatisticalUnitGrp>
    <StatisticalUnit xml:lang="nn">Omsetjingstypar</StatisticalUnit>
    <StatisticalUnit xml:lang="nb">Omsetningstyper</StatisticalUnit>
    <StatisticalUnit xml:lang="en">Types of transfer</StatisticalUnit>
  </StatisticalUnitGrp>
  <OwnerGrp>
    <Owner xml:lang="nn">Statistisk sentralbyrå (SSB)</Owner>
    <Owner xml:lang="nb">Statistisk sentralbyrå (SSB)</Owner>
    <Owner xml:lang="en">Statistics Norway (SSB)</Owner>
  </OwnerGrp>
  <SubjectArea>10</SubjectArea>
  <ClassificationVersions>
    <ClassificationVersion id="urn:ssb:classversion:stabas:4218137" isCurrentVersion="true" validFrom="1991-01-01" isUnderConstruction="false" updatesPossible="false" disseminationAllowed="true" lastChangedDate="2006-11-29" showIntranet="true" showInternet="true">
      <TitleGrp>
        <Title xml:lang="nn">Klassifisering av omsetjingstype ved tinglyst omsetjing av fast eigedom 1991</Title>
        <Title xml:lang="nb">Klassifisering av omsetningstype ved tinglyst omsetning av fast eiendom 1991</Title>
        <Title xml:lang="en">Classification of type of transfer by registered transfer of real property 1991</Title>
      </TitleGrp>
      <DescriptionGrp>
        <Description xml:lang="nn">Klassifiseringa omfattar omsetjingstypar som er registrert ved omsetjing av fast eigedom, og er basert på GAB-registeret.</Description>
        <Description xml:lang="nb">Klassifiseringen omfatter omsetningstyper som er registrert ved omsetning av fast eiendom, og er basert på GAB-registeret.</Description>
        <Description xml:lang="en">The classification includes types of transfers included in the statistics on transfer of real property. The basis is the GAB-register (General register of real properties addresses and buildings).</Description>
      </DescriptionGrp>
      <IntroductionGrp>
        <Indtroduction xml:lang="nn">Klassifiseringa vart etablert ved innføringa av GAB-registeret ca. 1980.</Indtroduction>
        <Indtroduction xml:lang="nb">Klassifiseringen ble etablert ved innføring av GAB-registeret ca. 1980.</Indtroduction>
        <Indtroduction xml:lang="en">The classification was introduced when the GAB-register was established about 1980.</Indtroduction>
      </IntroductionGrp>
      <ContactInformation>
        <Person xmlns="http://www.ssb.no/ns/meta/common">tra</Person>
        <Division xmlns="http://www.ssb.no/ns/meta/common">430</Division>
      </ContactInformation>
      <ExternalDocumentGrp>
        <ExternalDocument xml:lang="nn">Ikkje relevant</ExternalDocument>
        <ExternalDocument xml:lang="nb">Ikke relevant</ExternalDocument>
        <ExternalDocument xml:lang="en">Not relevant</ExternalDocument>
      </ExternalDocumentGrp>
      <ChangesGrp>
        <Change xml:lang="nn">Ikkje relevant</Change>
        <Change xml:lang="nb">Ikke relevant</Change>
        <Change xml:lang="en">Not relevant</Change>
      </ChangesGrp>
      <DerivedFromGrp>
        <DerviedFrom xml:lang="nn">GAB-registeret</DerviedFrom>
        <DerviedFrom xml:lang="nb">GAB-registeret</DerviedFrom>
        <DerviedFrom xml:lang="en">The GAB-register</DerviedFrom>
      </DerivedFromGrp>
      <LegalBaseGrp>
        <LegalBase xml:lang="nn">Ikkje relevant</LegalBase>
        <LegalBase xml:lang="nb">Ikke relevant</LegalBase>
        <LegalBase xml:lang="en">Not relevant</LegalBase>
      </LegalBaseGrp>
      <Level levelNumber="1" id="urn:ssb:classlevel:stabas:4218141" codeStructure="9">
        <TitleGrp>
          <Title xml:lang="nn">Klassifisering av omsetjingstype ved tinglyst omsetjing av fast eigedom 1991: Nivå 1</Title>
          <Title xml:lang="nb">Klassifisering av omsetningstype ved tinglyst omsetning av fast eiendom 1991: Nivå 1</Title>
          <Title xml:lang="en">Classification of type of transfer by registered transfer of real property 1991: Level 1</Title>
        </TitleGrp>
        <CodelistReference>urn:ssb:codelist:stabas:4218141</CodelistReference>
        <Level levelNumber="2" id="urn:ssb:classlevel:stabas:4218143" codeStructure="9.9">
          <TitleGrp>
            <Title xml:lang="nn">Klassifisering av omsetjingstype ved tinglyst omsetjing av fast eigedom 1991: Nivå 2</Title>
            <Title xml:lang="nb">Klassifisering av omsetningstype ved tinglyst omsetning av fast eiendom 1991: Nivå 2</Title>
            <Title xml:lang="en">Classification of type of transfer by registered transfer of real property 1991: Level 2</Title>
          </TitleGrp>
          <CodelistReference>urn:ssb:codelist:stabas:4218143</CodelistReference>
          <Level levelNumber="3" id="urn:ssb:classlevel:stabas:4218145" codeStructure="9.9.9">
            <TitleGrp>
              <Title xml:lang="nn">Klassifisering av omsetjingstype ved tinglyst omsetjing av fast eigedom 1991: Nivå 3</Title>
              <Title xml:lang="nb">Klassifisering av omsetningstype ved tinglyst omsetning av fast eiendom 1991: Nivå 3</Title>
              <Title xml:lang="en">Classification of type of transfer by registered transfer of real property 1991: Level 3</Title>
            </TitleGrp>
            <CodelistReference>urn:ssb:codelist:stabas:4218145</CodelistReference>
          </Level>
        </Level>
      </Level>
    </ClassificationVersion>
  </ClassificationVersions>
</Classification>