<?xml version="1.0" encoding="utf-8"?>
<Classification xmlns:xsi="http://www.w3.org/2001/XMLSchema-instance" xmlns:xsd="http://www.w3.org/2001/XMLSchema" id="urn:ssb:classification:stabas:4218196" currentVersionId="urn:ssb:classversion:stabas:4218197" xmlns="http://www.ssb.no/ns/meta/classification">
  <TitleGrp>
    <Title xml:lang="nn">Standard for klassifisering av kjøparar og seljarar av tømmer til industriføremål</Title>
    <Title xml:lang="nb">Standard for klassifisering av kjøpere og selgere av tømmer til industriformål</Title>
    <Title xml:lang="en">Classification of buyers and sellers of industrial roundwood</Title>
  </TitleGrp>
  <DescriptionGrp>
    <Description xml:lang="nn">Klassifiseringa omfattar kjøparar og seljarar av virke for industriføremål. Ved til brensel inngår ikkje. Klassifiseringa er laga for statistikkføremål.</Description>
    <Description xml:lang="nb">Klassifiseringen omfatter kjøpere og selgere av virke for industriformål. Ved til brensel inngår ikke. Klassifiseringen er laget for statistikkformål.</Description>
    <Description xml:lang="en">The classification comprises buyers and sellers of industrial roundwood. Wood fuel is not included. The classification is established for statistical purposes.</Description>
  </DescriptionGrp>
  <StatisticalUnitGrp>
    <StatisticalUnit xml:lang="nn">Kjøparar og seljarar</StatisticalUnit>
    <StatisticalUnit xml:lang="nb">Kjøpere og selgere</StatisticalUnit>
    <StatisticalUnit xml:lang="en">Buyers and sellers</StatisticalUnit>
  </StatisticalUnitGrp>
  <OwnerGrp>
    <Owner xml:lang="nn">Statistisk sentralbyrå (SSB)</Owner>
    <Owner xml:lang="nb">Statistisk sentralbyrå (SSB)</Owner>
    <Owner xml:lang="en">Statistics Norway (SSB)</Owner>
  </OwnerGrp>
  <SubjectArea>10</SubjectArea>
  <ClassificationVersions>
    <ClassificationVersion id="urn:ssb:classversion:stabas:4218197" isCurrentVersion="true" validFrom="1971-01-01" isUnderConstruction="false" updatesPossible="false" disseminationAllowed="true" lastChangedDate="2011-01-21" showIntranet="true" showInternet="true">
      <TitleGrp>
        <Title xml:lang="nn">Klassifisering av kjøparar og seljarar av tømmer til industriføremål 1971</Title>
        <Title xml:lang="nb">Klassifisering av kjøpere og selgere av tømmer til industriformål 1971</Title>
        <Title xml:lang="en">Classification of buyers and sellers of industrial roundwood 1971</Title>
      </TitleGrp>
      <DescriptionGrp>
        <Description xml:lang="nn">Klassifiseringa omfattar kjøparar og seljarar av virke for industriføremål. Ved til brensel inngår ikkje. Klassifiseringa er laga for statistikkføremål.</Description>
        <Description xml:lang="nb">Klassifiseringen omfatter kjøpere og selgere av virke for industriformål. Ved til brensel inngår ikke. Klassifiseringen er laget for statistikkformål.</Description>
        <Description xml:lang="en">The classification comprises buyers and sellers of industrial roundwood. Wood fuel is not included. The classification is established for statistical purposes.</Description>
      </DescriptionGrp>
      <IntroductionGrp>
        <Indtroduction xml:lang="nn">Ikkje relevant</Indtroduction>
        <Indtroduction xml:lang="nb">Ikke relevant</Indtroduction>
        <Indtroduction xml:lang="en">Not relevant</Indtroduction>
      </IntroductionGrp>
      <ContactInformation>
        <Person xmlns="http://www.ssb.no/ns/meta/common">tra</Person>
        <Division xmlns="http://www.ssb.no/ns/meta/common">430</Division>
      </ContactInformation>
      <ExternalDocumentGrp>
        <ExternalDocument xml:lang="nn">Ikkje relevant</ExternalDocument>
        <ExternalDocument xml:lang="nb">Ikke relevant</ExternalDocument>
        <ExternalDocument xml:lang="en">Not relevant</ExternalDocument>
      </ExternalDocumentGrp>
      <ChangesGrp>
        <Change xml:lang="nn">Ikkje relevant</Change>
        <Change xml:lang="nb">Ikke relevant</Change>
        <Change xml:lang="en">Not relevant</Change>
      </ChangesGrp>
      <DerivedFromGrp>
        <DerviedFrom xml:lang="nn">Data frå kvar enkelt innmåling av tømmer på skogeigarnivå blir overført til Landbruksdepartementets virkesdatabase for skogfond og måleopplysningar. Databasa driftast av SKOG-DATA AS.


</DerviedFrom>
        <DerviedFrom xml:lang="nb">Data fra hver enkelt innmåling av tømmer på skogeiernivå blir overført til Landbruksdepartementets virkesdatabase for skogfond og måleopplysninger. Databasen drives av SKOG-DATA AS.</DerviedFrom>
        <DerviedFrom xml:lang="en">Data from scaling of timber sold are transferred to the Register of Timber Trade and Diverted Forest Trust Fund owned by the Ministry of Agriculture and Food. The firm SKOG-DATA AS runs the register.</DerviedFrom>
      </DerivedFromGrp>
      <LegalBaseGrp>
        <LegalBase xml:lang="nn">Ikkje relevant</LegalBase>
        <LegalBase xml:lang="nb">Ikke relevant</LegalBase>
        <LegalBase xml:lang="en">Not relevant</LegalBase>
      </LegalBaseGrp>
      <Level levelNumber="1" id="urn:ssb:classlevel:stabas:4218301" codeStructure="9">
        <TitleGrp>
          <Title xml:lang="nn">Klassifisering av kjøparar og seljarar av tømmer til industriføremål 1971: Nivå 1</Title>
          <Title xml:lang="nb">Klassifisering av kjøpere og selgere av tømmer til industriformål 1971: Nivå 1</Title>
          <Title xml:lang="en">Classification of buyers and sellers of industrial roundwood 1971: Level 1</Title>
        </TitleGrp>
        <CodelistReference>urn:ssb:codelist:stabas:4218301</CodelistReference>
        <Level levelNumber="2" id="urn:ssb:classlevel:stabas:4218303" codeStructure="9.9">
          <TitleGrp>
            <Title xml:lang="nn">Klassifisering av kjøparar og seljarar av tømmer til industriføremål 1971: Nivå 2</Title>
            <Title xml:lang="nb">Klassifisering av kjøpere og selgere av tømmer til industriformål 1971: Nivå 2</Title>
            <Title xml:lang="en">Classification of buyers and sellers of industrial roundwood 1971: Level 2</Title>
          </TitleGrp>
          <CodelistReference>urn:ssb:codelist:stabas:4218303</CodelistReference>
        </Level>
      </Level>
    </ClassificationVersion>
  </ClassificationVersions>
</Classification>