<?xml version="1.0" encoding="utf-8"?>
<Classification xmlns:xsi="http://www.w3.org/2001/XMLSchema-instance" xmlns:xsd="http://www.w3.org/2001/XMLSchema" id="urn:ssb:classification:stabas:4220739" currentVersionId="urn:ssb:classversion:stabas:4220792" xmlns="http://www.ssb.no/ns/meta/classification">
  <TitleGrp>
    <Title xml:lang="nn">Standard for klassifisering av jordbruksareal etter bruken</Title>
    <Title xml:lang="nb">Standard for klassifisering av jordbruksareal etter bruken</Title>
    <Title xml:lang="en">Classification of agricultural area by use</Title>
  </TitleGrp>
  <DescriptionGrp>
    <Description xml:lang="nn">Standarden klassifiserer markslaget jordbruksareal (jf. Markslagsklassifikasjon i Økonomisk kartverk) etter faktisk bruk det enkelte år. Det blir først skilt mellom jordbruksareal i drift og jordbruksareal ute av drift. Jordbruksareal i drift er jordbruksareal som blir hausta minst ein gong i løpet av eit år, medrekna planta areal av fleirårige vekstar som ennå ikkje gir avling og areal av eittårig brakk. I jordbruksstatistikken blir ofte berre jordbruksarealet i drift klassifisert.</Description>
    <Description xml:lang="nb">Standarden klassifiserer markslaget jordbruksareal (jf. Markslagsklassifikasjon i Økonomisk kartverk) etter faktisk bruk det enkelte år. Det skilles først mellom jordbruksareal i drift og jordbruksareal ute av drift. Jordbruksareal i drift er jordbruksareal som blir høstet minst en gang i løpet av et år, medregnet plantet areal av flerårige vekster som ennå ikke gir avling og areal av ettårig brakk. I jordbruksstatistikken klassifiseres ofte bare jordbruksarealet i drift.</Description>
    <Description xml:lang="en">The standard classifies agricultural area (cf. the land classification system in the Norwegian general map series) by actual use. Firstly, agricultural area is divided into agricultural area in use and agricultural area not in use. Agricultural area in use is area that is harvested at least once within a year, included area of permanent crops from the year they are planted and fallow land. Usually, only agricultural area in use is further classified.</Description>
  </DescriptionGrp>
  <StatisticalUnitGrp>
    <StatisticalUnit xml:lang="nn">Jordbruksareal</StatisticalUnit>
    <StatisticalUnit xml:lang="nb">Jordbruksareal</StatisticalUnit>
    <StatisticalUnit xml:lang="en">Agricultural areas</StatisticalUnit>
  </StatisticalUnitGrp>
  <OwnerGrp>
    <Owner xml:lang="nn">Statistisk sentralbyrå (SSB)</Owner>
    <Owner xml:lang="nb">Statistisk sentralbyrå (SSB)</Owner>
    <Owner xml:lang="en">Statistics Norway (SSB)</Owner>
  </OwnerGrp>
  <SubjectArea>10</SubjectArea>
  <ClassificationVersions>
    <ClassificationVersion id="urn:ssb:classversion:stabas:4220740" isCurrentVersion="false" validFrom="1999-01-01" isUnderConstruction="false" updatesPossible="false" disseminationAllowed="true" lastChangedDate="2011-01-26" showIntranet="true" showInternet="false">
      <TitleGrp>
        <Title xml:lang="nn">Variant I - Jordbruksareal i drift 1999</Title>
        <Title xml:lang="nb">Variant I - Jordbruksareal i drift 1999</Title>
        <Title xml:lang="en">Variant I - Agricultural area in use 1999</Title>
      </TitleGrp>
      <DescriptionGrp>
        <Description xml:lang="nn">Versjonen blir nytta ved publisering av statistikk.</Description>
        <Description xml:lang="nb">Versjonen brukes ved publisering av statistikk.</Description>
        <Description xml:lang="en">This version is applied for presenting statistics.</Description>
      </DescriptionGrp>
      <IntroductionGrp />
      <ContactInformation>
        <Person xmlns="http://www.ssb.no/ns/meta/common">oro</Person>
        <Division xmlns="http://www.ssb.no/ns/meta/common">430</Division>
      </ContactInformation>
      <Level levelNumber="1" id="urn:ssb:classlevel:stabas:4220744" codeStructure="9.9.">
        <TitleGrp>
          <Title xml:lang="nn">Variant I - Jordbruksareal i drift 1999: Nivå 1</Title>
          <Title xml:lang="nb">Variant I - Jordbruksareal i drift 1999: Nivå 1</Title>
          <Title xml:lang="en">Variant I - Agricultural area in use 1999: Level 1</Title>
        </TitleGrp>
        <CodelistReference>urn:ssb:codelist:stabas:4220744</CodelistReference>
        <Level levelNumber="2" id="urn:ssb:classlevel:stabas:4220746" codeStructure="9.9.9.">
          <TitleGrp>
            <Title xml:lang="nn">Variant I - Jordbruksareal i drift 1999: Nivå 2</Title>
            <Title xml:lang="nb">Variant I - Jordbruksareal i drift 1999: Nivå 2</Title>
            <Title xml:lang="en">Variant I - Agricultural area in use 1999: Level 2</Title>
          </TitleGrp>
          <CodelistReference>urn:ssb:codelist:stabas:4220746</CodelistReference>
          <Level levelNumber="3" id="urn:ssb:classlevel:stabas:4220748" codeStructure="9.9.9.9.">
            <TitleGrp>
              <Title xml:lang="nn">Variant I - Jordbruksareal i drift 1999: Nivå 3</Title>
              <Title xml:lang="nb">Variant I - Jordbruksareal i drift 1999: Nivå 3</Title>
              <Title xml:lang="en">Variant I - Agricultural area in use 1999: Level 3</Title>
            </TitleGrp>
            <CodelistReference>urn:ssb:codelist:stabas:4220748</CodelistReference>
            <Level levelNumber="4" id="urn:ssb:classlevel:stabas:4220750" codeStructure="9.9.9.9.9.">
              <TitleGrp>
                <Title xml:lang="nn">Variant I - Jordbruksareal i drift 1999: Nivå 4</Title>
                <Title xml:lang="nb">Variant I - Jordbruksareal i drift 1999: Nivå 4</Title>
                <Title xml:lang="en">Variant I - Agricultural area in use 1999: Level 4</Title>
              </TitleGrp>
              <CodelistReference>urn:ssb:codelist:stabas:4220750</CodelistReference>
            </Level>
          </Level>
        </Level>
      </Level>
    </ClassificationVersion>
    <ClassificationVersion id="urn:ssb:classversion:stabas:4221106" isCurrentVersion="false" validFrom="1999-01-01" isUnderConstruction="false" updatesPossible="false" disseminationAllowed="true" lastChangedDate="2011-01-26" showIntranet="true" showInternet="false">
      <TitleGrp>
        <Title xml:lang="nn">Variant II - Jordbruksareal i drift 1999</Title>
        <Title xml:lang="nb">Variant II - Jordbruksareal i drift 1999</Title>
        <Title xml:lang="en">Variant II - Agricultural area in use 1999</Title>
      </TitleGrp>
      <DescriptionGrp>
        <Description xml:lang="nn">Versjonen blir nytta ved publisering av statistikk.</Description>
        <Description xml:lang="nb">Versjonen brukes ved publisering av statistikk.</Description>
        <Description xml:lang="en">This version is applied for presenting statistics.</Description>
      </DescriptionGrp>
      <IntroductionGrp />
      <ContactInformation>
        <Person xmlns="http://www.ssb.no/ns/meta/common">oro</Person>
        <Division xmlns="http://www.ssb.no/ns/meta/common">430</Division>
      </ContactInformation>
      <Level levelNumber="1" id="urn:ssb:classlevel:stabas:4221110" codeStructure="9.9.">
        <TitleGrp>
          <Title xml:lang="nn">Variant II - Jordbruksareal i drift 1999: Nivå 1</Title>
          <Title xml:lang="nb">Variant II - Jordbruksareal i drift 1999: Nivå 1</Title>
          <Title xml:lang="en">Variant II - Agricultural area in use 1999: Level 1</Title>
        </TitleGrp>
        <CodelistReference>urn:ssb:codelist:stabas:4221110</CodelistReference>
        <Level levelNumber="2" id="urn:ssb:classlevel:stabas:4221112" codeStructure="9.9.9.">
          <TitleGrp>
            <Title xml:lang="nn">Variant II - Jordbruksareal i drift 1999: Nivå 2</Title>
            <Title xml:lang="nb">Variant II - Jordbruksareal i drift 1999: Nivå 2</Title>
            <Title xml:lang="en">Variant II - Agricultural area in use 1999: Level 2</Title>
          </TitleGrp>
          <CodelistReference>urn:ssb:codelist:stabas:4221112</CodelistReference>
          <Level levelNumber="3" id="urn:ssb:classlevel:stabas:4221114" codeStructure="9.9.9.9.">
            <TitleGrp>
              <Title xml:lang="nn">Variant II - Jordbruksareal i drift 1999: Nivå 3</Title>
              <Title xml:lang="nb">Variant II - Jordbruksareal i drift 1999: Nivå 3</Title>
              <Title xml:lang="en">Variant II - Agricultural area in use 1999: Level 3</Title>
            </TitleGrp>
            <CodelistReference>urn:ssb:codelist:stabas:4221114</CodelistReference>
            <Level levelNumber="4" id="urn:ssb:classlevel:stabas:4221116" codeStructure="9.9.9.9.9.">
              <TitleGrp>
                <Title xml:lang="nn">Variant II - Jordbruksareal i drift 1999: Nivå 4</Title>
                <Title xml:lang="nb">Variant II - Jordbruksareal i drift 1999: Nivå 4</Title>
                <Title xml:lang="en">Variant II - Agricultural area in use 1999: Level 4</Title>
              </TitleGrp>
              <CodelistReference>urn:ssb:codelist:stabas:4221116</CodelistReference>
            </Level>
          </Level>
        </Level>
      </Level>
    </ClassificationVersion>
    <ClassificationVersion id="urn:ssb:classversion:stabas:4220792" isCurrentVersion="true" validFrom="1999-01-01" isUnderConstruction="false" updatesPossible="false" disseminationAllowed="true" lastChangedDate="2006-11-28" showIntranet="true" showInternet="true">
      <TitleGrp>
        <Title xml:lang="nn">Klassifisering av jordbruksareal etter bruken 1999</Title>
        <Title xml:lang="nb">Klassifisering av jordbruksareal etter bruken 1999</Title>
        <Title xml:lang="en">Classification of agricultural area by use 1999</Title>
      </TitleGrp>
      <DescriptionGrp>
        <Description xml:lang="nn">Standarden klassifiserer markslaget jordbruksareal (jf. Markslagsklassifikasjon i Økonomisk kartverk) etter faktisk bruk det enkelte år. Det blir først skilt mellom jordbruksareal i drift og jordbruksareal ute av drift. Jordbruksareal i drift er jordbruksareal som blir hausta minst ein gong i løpet av eit år, medrekna planta areal av fleirårige vekstar som ennå ikkje gir avling og areal av eittårig brakk. I jordbruksstatistikken blir ofte berre jordbruksarealet i drift klassifisert.</Description>
        <Description xml:lang="nb">Standarden klassifiserer markslaget jordbruksareal (jf. Markslagsklassifikasjon i Økonomisk kartverk) etter faktisk bruk det enkelte år. Det skilles først mellom jordbruksareal i drift og jordbruksareal ute av drift. Jordbruksareal i drift er jordbruksareal som blir høstet minst en gang i løpet av et år, medregnet plantet areal av flerårige vekster som ennå ikke gir avling og areal av ettårig brakk. I jordbruksstatistikken klassifiseres ofte bare jordbruksarealet i drift.</Description>
        <Description xml:lang="en">The standard classifies agricultural area (cf. the land classification system in the Norwegian general map series) by actual use. Firstly, agricultural area is divided into agricultural area in use and agricultural area not in use. Agricultural area in use is area that is harvested at least once within a year, included area of permanent crops from the year they are planted and fallow land. Usually, only agricultural area in use is further classified.</Description>
      </DescriptionGrp>
      <IntroductionGrp>
        <Indtroduction xml:lang="nn">Jordbruksteljinga 1907</Indtroduction>
        <Indtroduction xml:lang="nb">Jordbrukstellinga 1907</Indtroduction>
        <Indtroduction xml:lang="en">The Census of Agriculture 1907</Indtroduction>
      </IntroductionGrp>
      <ContactInformation>
        <Person xmlns="http://www.ssb.no/ns/meta/common">oro</Person>
        <Division xmlns="http://www.ssb.no/ns/meta/common">430</Division>
      </ContactInformation>
      <ExternalDocumentGrp>
        <ExternalDocument xml:lang="nn">Det finnast inga publisert dokumentasjon utanom STABAS</ExternalDocument>
        <ExternalDocument xml:lang="nb">Det finnes ingen publisert dokumentasjon utenom STABAS</ExternalDocument>
        <ExternalDocument xml:lang="en">No documentation is published, except in STABAS</ExternalDocument>
      </ExternalDocumentGrp>
      <ChangesGrp>
        <Change xml:lang="nn">Hovudtrekka i klassifiseringa har lege fast sidan 1907, men mindre endringar har blitt gjort, helst i samband med dei 10-årlege fullstendige teljingane. F.o.m. 1984 har søknadsskjema for produksjonstilskot i jordbruket vore hovuddatakjelde for den årlege statistikken over bruken av jordbruksarealet i drift, og inndelinga i skjemaet har i praksis vore avgjerande. I 1999 blei søknadsskjemaet betre tilpassa EU si klassifisering. Ei mindre forenkling blei gjort i 2002.</Change>
        <Change xml:lang="nb">Hovedtrekkene i klassifiseringen har ligget fast siden 1907, men mindre endringer har vært foretatt, fortrinnsvis i forbindelse med de 10-årlige fullstendige tellingene. F.o.m. 1984 har søknadsskjema for produksjonstilskudd i jordbruket vært hoveddatakilde for den årlige statistikken over bruken av jordbruksarealet i drift, og inndelingen i skjemaet har i praksis vært bestemmende. I 1999 ble søknadsskjemaet bedre tilpasset EUs klassifisering. En mindre forenkling ble gjort i 2002.</Change>
        <Change xml:lang="en">The main feature of the classification has been stable since 1907. However, minor changes have occurred, preferably in connection with the complete censuses with 10 years interval. As from 1984, the application form for governmental subsidies in agriculture has been the main source for yearly data on agricultural area by use. In 1999, the application form was somewhat changed to better correspond with the EU classification. A minor simplification was done in 2002.</Change>
      </ChangesGrp>
      <DerivedFromGrp>
        <DerviedFrom xml:lang="nn">Klassifiseringa av bruken av jordbruksarealet nytta i Jordbruksteljinga 1999. Denne byggjer på søknadsskjema for produksjonstilskot i jordbruket per 31. juli 1999 (ansvarleg; Statens landbruksforvaltning) og eit tilleggsskjema med identiske opplysningar om areal og husdyr for oppgåvepliktige til teljinga som ikkje søkte tilskot.</DerviedFrom>
        <DerviedFrom xml:lang="nb">Klassifiseringen av bruken av jordbruksarealet anvendt i Jordbrukstellinga 1999. Denne bygger på søknadsskjema for produksjonstilskudd i jordbruket per 31. juli 1999 (ansvarlig; Statens landbruksforvaltning) og et tilleggsskjema med identiske opplysninger om areal og husdyr for oppgavepliktige til tellinga som ikke søkte tilskudd.</DerviedFrom>
        <DerviedFrom xml:lang="en">The present classification was established in connection with the Census of Agriculture 1999. It is based on the division of agricultural area used in the form for application of governmental subsidies in agriculture (responsible authority: the Norwegian Agricultural Authority). A supplementary questionnaire with identical division of agricultural area and livestock was completed by holdings that did not apply for subsidies.</DerviedFrom>
      </DerivedFromGrp>
      <LegalBaseGrp>
        <LegalBase xml:lang="nn">Rådsforordning (EØF) nr. 571/88 av 29. februar 1988 om organisering av Fellesskapet sine undersøkingar av gardsbruksstrukturen, med seinare endringar. Ved rapportering til Eurostat gjer SSB visse omgrupperingar og berekningar i datagrunnlaget for å tilpasse seg EU sin klassifisering.</LegalBase>
        <LegalBase xml:lang="nb">Rådsforordning (EØF) nr. 571/88 av 29. februar 1988 om organisering av Fellesskapets undersøkelser av gårdsbruksstrukturen, med senere endringer. Ved rapportering til Eurostat gjør SSB visse omgrupperinger og beregninger i datagrunnlaget for å tilpasse seg EUs klassifisering</LegalBase>
        <LegalBase xml:lang="en">Council Regulation (EEC) No 571/88 of 29 February 1988 on the organisation of Community surveys on the structure of agricultural holdings, with later amendments. When transmitting data to Eurostat, Statistics Norway does some regrouping and calculations to adapt to the EU classification.</LegalBase>
      </LegalBaseGrp>
      <Level levelNumber="1" id="urn:ssb:classlevel:stabas:4220796" codeStructure="9.">
        <TitleGrp>
          <Title xml:lang="nn">Klassifisering av jordbruksareal etter bruken 1999: Nivå 1</Title>
          <Title xml:lang="nb">Klassifisering av jordbruksareal etter bruken 1999: Nivå 1</Title>
          <Title xml:lang="en">Classification of agricultural area by use 1999: Level 1</Title>
        </TitleGrp>
        <CodelistReference>urn:ssb:codelist:stabas:4220796</CodelistReference>
        <Level levelNumber="2" id="urn:ssb:classlevel:stabas:4220798" codeStructure="9.9.">
          <TitleGrp>
            <Title xml:lang="nn">Klassifisering av jordbruksareal etter bruken 1999: Nivå 2</Title>
            <Title xml:lang="nb">Klassifisering av jordbruksareal etter bruken 1999: Nivå 2</Title>
            <Title xml:lang="en">Classification of agricultural area by use 1999: Level 2</Title>
          </TitleGrp>
          <CodelistReference>urn:ssb:codelist:stabas:4220798</CodelistReference>
          <Level levelNumber="3" id="urn:ssb:classlevel:stabas:4220800" codeStructure="9.9.9.">
            <TitleGrp>
              <Title xml:lang="nn">Klassifisering av jordbruksareal etter bruken 1999: Nivå 3</Title>
              <Title xml:lang="nb">Klassifisering av jordbruksareal etter bruken 1999: Nivå 3</Title>
              <Title xml:lang="en">Classification of agricultural area by use 1999: Level 3</Title>
            </TitleGrp>
            <CodelistReference>urn:ssb:codelist:stabas:4220800</CodelistReference>
            <Level levelNumber="4" id="urn:ssb:classlevel:stabas:4220902" codeStructure="9.9.9.9.">
              <TitleGrp>
                <Title xml:lang="nn">Klassifisering av jordbruksareal etter bruken 1999: Nivå 4</Title>
                <Title xml:lang="nb">Klassifisering av jordbruksareal etter bruken 1999: Nivå 4</Title>
                <Title xml:lang="en">Classification of agricultural area by use 1999: Level 4</Title>
              </TitleGrp>
              <CodelistReference>urn:ssb:codelist:stabas:4220902</CodelistReference>
              <Level levelNumber="5" id="urn:ssb:classlevel:stabas:4220904" codeStructure="9.9.9.9.9.">
                <TitleGrp>
                  <Title xml:lang="nn">Klassifisering av jordbruksareal etter bruken 1999: Nivå 5</Title>
                  <Title xml:lang="nb">Klassifisering av jordbruksareal etter bruken 1999: Nivå 5</Title>
                  <Title xml:lang="en">Classification of agricultural area by use 1999: Level 5</Title>
                </TitleGrp>
                <CodelistReference>urn:ssb:codelist:stabas:4220904</CodelistReference>
                <Level levelNumber="6" id="urn:ssb:classlevel:stabas:4220906" codeStructure="9.9.9.9.9.9.">
                  <TitleGrp>
                    <Title xml:lang="nn">Klassifisering av jordbruksareal etter bruken 1999: Nivå 6</Title>
                    <Title xml:lang="nb">Klassifisering av jordbruksareal etter bruken 1999: Nivå 6</Title>
                    <Title xml:lang="en">Classification of agricultural area by use 1999: Level 6</Title>
                  </TitleGrp>
                  <CodelistReference>urn:ssb:codelist:stabas:4220906</CodelistReference>
                  <Level levelNumber="7" id="urn:ssb:classlevel:stabas:4220908" codeStructure="9.9.9.9.9.9.9.">
                    <TitleGrp>
                      <Title xml:lang="nn">Klassifisering av jordbruksareal etter bruken 1999: Nivå 7</Title>
                      <Title xml:lang="nb">Klassifisering av jordbruksareal etter bruken 1999: Nivå 7</Title>
                      <Title xml:lang="en">Classification of agricultural area by use 1999: Level 7</Title>
                    </TitleGrp>
                    <CodelistReference>urn:ssb:codelist:stabas:4220908</CodelistReference>
                  </Level>
                </Level>
              </Level>
            </Level>
          </Level>
        </Level>
      </Level>
    </ClassificationVersion>
  </ClassificationVersions>
</Classification>