<?xml version="1.0" encoding="utf-8"?>
<Classification xmlns:xsi="http://www.w3.org/2001/XMLSchema-instance" xmlns:xsd="http://www.w3.org/2001/XMLSchema" id="urn:ssb:classification:stabas:4220150" currentVersionId="urn:ssb:classversion:stabas:4220151" xmlns="http://www.ssb.no/ns/meta/classification">
  <TitleGrp>
    <Title xml:lang="nn">Standard for Typologi:Klassifisering av jordbruksbedrifter etter driftsform</Title>
    <Title xml:lang="nb">Standard for klassifisering av jordbruksbedrifter etter driftsform</Title>
    <Title xml:lang="en">Classification of agricultural holdings by type of farming</Title>
  </TitleGrp>
  <DescriptionGrp>
    <Description xml:lang="nn">Klassifiseringa byggjer på standard dekningsbidrag (SDB) som felles storleiksmål for dei ulike produksjonane i jordbruket. SDB for ein produksjon er differansen mellom standardverdien av produksjonen og standardverdien av visse spesifiserte kostnadar. SDB blir fastsett som gjennomsnittstal på regionnivå. Driftsforma til ei jordbruksbedrift blir fastsett ut frå delen dei ulike produksjonane i bedrifta utgjer av den totale SDB til bedrifta.</Description>
    <Description xml:lang="nb">Klassifiseringen bygger på standard dekningsbidrag (SDB) som felles størrelsesmål for de ulike produksjonene i jordbruket. SDB for en produksjon er differansen mellom standardverdien av produksjonen og standardverdien av visse spesifiserte kostnader. SDB fastsettes som gjennomsnittstall på regionnivå. Driftsformen til en jordbruksbedrift fastsettes ut fra andelen de ulike produksjonene i bedriften utgjør av bedriftens totale SDB.</Description>
    <Description xml:lang="en">The classification is based on standard gross margin (SGM) as common measurement of the various outputs (crop and livestock products) from an agricultural holding. The SGM for a crop or livestock product (enterprise) is the balance between the standard value of output and the standard value of certain direct costs easily allocated to this output. SGM is calculated as an average figure at regional level. The type of farming of a holding is determined by the relative contribution of the different enterprises to its total SGM.</Description>
  </DescriptionGrp>
  <StatisticalUnitGrp>
    <StatisticalUnit xml:lang="nn">Jordbruksbedrifter</StatisticalUnit>
    <StatisticalUnit xml:lang="nb">Jordbruksbedrifter</StatisticalUnit>
    <StatisticalUnit xml:lang="en">Agricultural holdings</StatisticalUnit>
  </StatisticalUnitGrp>
  <OwnerGrp>
    <Owner xml:lang="nn">Statistisk sentralbyrå (SSB)</Owner>
    <Owner xml:lang="nb">Statistisk sentralbyrå (SSB)</Owner>
    <Owner xml:lang="en">Statistics Norway (SSB)</Owner>
  </OwnerGrp>
  <SubjectArea>10</SubjectArea>
  <ClassificationVersions>
    <ClassificationVersion id="urn:ssb:classversion:stabas:4220727" isCurrentVersion="false" validFrom="1999-01-01" isUnderConstruction="false" updatesPossible="false" disseminationAllowed="true" lastChangedDate="2011-01-25" showIntranet="true" showInternet="false">
      <TitleGrp>
        <Title xml:lang="nn">Variant III - 1999</Title>
        <Title xml:lang="nb">Variant III - 1999</Title>
        <Title xml:lang="en">Variant III - 1999</Title>
      </TitleGrp>
      <DescriptionGrp>
        <Description xml:lang="nn">Versjonen blir nytta ved publisering av statistikk.</Description>
        <Description xml:lang="nb">Versjonen brukes ved publisering av statistikk.</Description>
        <Description xml:lang="en">This version is applied for presenting statistics.</Description>
      </DescriptionGrp>
      <IntroductionGrp />
      <ContactInformation>
        <Person xmlns="http://www.ssb.no/ns/meta/common">oro</Person>
        <Division xmlns="http://www.ssb.no/ns/meta/common">430</Division>
      </ContactInformation>
      <ExternalDocumentGrp>
        <ExternalDocument xml:lang="nn">SSB Rapportar 2003/23 Klassifisering av driftsenhetene i jordbruket etter driftsform og størrelse</ExternalDocument>
        <ExternalDocument xml:lang="nb">SSB Rapporter 2003/23 Klassifisering av driftsenhetene i jordbruket etter driftsform og størrelse</ExternalDocument>
        <ExternalDocument xml:lang="en">Statistics Norway Reports 2003/23 Klassifisering av driftsenhetene i jordbruket etter driftsform og størrelse (only summary in English)</ExternalDocument>
      </ExternalDocumentGrp>
      <ChangesGrp>
        <Change xml:lang="nn">I samband med strukturundersøkingane kvart 2. eller 3. år blir det gjort mindre endringar og oppdateringar.</Change>
        <Change xml:lang="nb">I forbindelse med strukturundersøkelsene hvert 2. eller 3. år blir det gjort mindre endringer og oppdateringer.</Change>
        <Change xml:lang="en">Minor changes and updates take place in connection with the structure surveys every second or third year.</Change>
      </ChangesGrp>
      <LegalBaseGrp>
        <LegalBase xml:lang="nn">Ikkje relevant</LegalBase>
        <LegalBase xml:lang="nb">Ikke relevant</LegalBase>
        <LegalBase xml:lang="en">Not relevant</LegalBase>
      </LegalBaseGrp>
      <Level levelNumber="1" id="urn:ssb:classlevel:stabas:4220731">
        <TitleGrp>
          <Title xml:lang="nn">Variant III - 1999: Variant 3</Title>
          <Title xml:lang="nb">Variant III - 1999: Variant 3</Title>
          <Title xml:lang="en">Variant III - 1999: Variant </Title>
        </TitleGrp>
        <CodelistReference>urn:ssb:codelist:stabas:4220731</CodelistReference>
      </Level>
    </ClassificationVersion>
    <ClassificationVersion id="urn:ssb:classversion:stabas:4220707" isCurrentVersion="false" validFrom="1999-01-01" isUnderConstruction="false" updatesPossible="false" disseminationAllowed="true" lastChangedDate="2011-01-25" showIntranet="true" showInternet="false">
      <TitleGrp>
        <Title xml:lang="nn">Variant II - 1999</Title>
        <Title xml:lang="nb">Variant II - 1999</Title>
        <Title xml:lang="en">Variant II - 1999</Title>
      </TitleGrp>
      <DescriptionGrp>
        <Description xml:lang="nn">Versjonen blir nytta ved publisering av statistikk.</Description>
        <Description xml:lang="nb">Versjonen brukes ved publisering av statistikk.</Description>
        <Description xml:lang="en">This version is applied for presenting statistics.</Description>
      </DescriptionGrp>
      <IntroductionGrp />
      <ContactInformation>
        <Person xmlns="http://www.ssb.no/ns/meta/common">oro</Person>
        <Division xmlns="http://www.ssb.no/ns/meta/common">430</Division>
      </ContactInformation>
      <ExternalDocumentGrp>
        <ExternalDocument xml:lang="nn">SSB Rapportar 2003/23 Klassifisering av driftsenhetene i jordbruket etter driftsform og størrelse</ExternalDocument>
        <ExternalDocument xml:lang="nb">SSB Rapporter 2003/23 Klassifisering av driftsenhetene i jordbruket etter driftsform og størrelse</ExternalDocument>
        <ExternalDocument xml:lang="en">Statistics Norway Reports 2003/23 Klassifisering av driftsenhetene i jordbruket etter driftsform og størrelse (only summary in English)</ExternalDocument>
      </ExternalDocumentGrp>
      <ChangesGrp>
        <Change xml:lang="nn">I samband med strukturundersøkingane kvart 2. eller 3. år blir det gjort mindre endringar og oppdateringar.</Change>
        <Change xml:lang="nb">I forbindelse med strukturundersøkelsene hvert 2. eller 3. år blir det gjort mindre endringer og oppdateringer.</Change>
        <Change xml:lang="en">Minor changes and updates take place in connection with the structure surveys every second or third year.</Change>
      </ChangesGrp>
      <LegalBaseGrp>
        <LegalBase xml:lang="nn">Ikkje relevant</LegalBase>
        <LegalBase xml:lang="nb">Ikke relevant</LegalBase>
        <LegalBase xml:lang="en">Not relevant</LegalBase>
      </LegalBaseGrp>
      <Level levelNumber="1" id="urn:ssb:classlevel:stabas:4220711">
        <TitleGrp>
          <Title xml:lang="nn">Variant II - 1999: Variant 2</Title>
          <Title xml:lang="nb">Variant II - 1999: Variant 2</Title>
          <Title xml:lang="en">Variant II - 1999: Variant 2</Title>
        </TitleGrp>
        <CodelistReference>urn:ssb:codelist:stabas:4220711</CodelistReference>
      </Level>
    </ClassificationVersion>
    <ClassificationVersion id="urn:ssb:classversion:stabas:4220577" isCurrentVersion="false" validFrom="1999-01-01" isUnderConstruction="false" updatesPossible="false" disseminationAllowed="true" lastChangedDate="2011-01-25" showIntranet="true" showInternet="false">
      <TitleGrp>
        <Title xml:lang="nn">Variant I - 1999</Title>
        <Title xml:lang="nb">Variant I - 1999</Title>
        <Title xml:lang="en">Variant I - 1999</Title>
      </TitleGrp>
      <DescriptionGrp>
        <Description xml:lang="nn">Versjonen blir nytta ved publisering av statistikk. Markeringa * på ein kode inneber at nokre av underkategoriane i driftsforma er fjerna. For å finne underkategoriane, klikk på Korrespondansetabell i venstre meny.</Description>
        <Description xml:lang="nb">Versjonen brukes ved publisering av statistikk. Markeringen * på en kode betyr at noen av underkategoriene i vedkommende driftsform er fjernet. For å finne underkategoriene, klikk på Korrespondansetabell i venstre meny</Description>
        <Description xml:lang="en">This version is applied for presenting statistics. The symbol * means that some of the sub-categories in the related farm type are removed. The sub-categories are shown under Correspodance table in the left menu.</Description>
      </DescriptionGrp>
      <IntroductionGrp />
      <ContactInformation>
        <Person xmlns="http://www.ssb.no/ns/meta/common">oro</Person>
        <Division xmlns="http://www.ssb.no/ns/meta/common">430</Division>
      </ContactInformation>
      <ExternalDocumentGrp>
        <ExternalDocument xml:lang="nn">SSB Rapportar 2003/23 Klassifisering av driftsenhetene i jordbruket etter driftsform og størrelse</ExternalDocument>
        <ExternalDocument xml:lang="nb">SSB Rapporter 2003/23 Klassifisering av driftsenhetene i jordbruket etter driftsform og størrelse</ExternalDocument>
        <ExternalDocument xml:lang="en">Statistics Norway Reports 2003/23 Klassifisering av driftsenhetene i jordbruket etter driftsform og størrelse (only summary in English)</ExternalDocument>
      </ExternalDocumentGrp>
      <ChangesGrp>
        <Change xml:lang="nn">I samband med strukturundersøkingane kvart 2. eller 3. år blir det gjort mindre endringar og oppdateringar.</Change>
        <Change xml:lang="nb">I forbindelse med strukturundersøkelsene hvert 2. eller 3. år blir det gjort mindre endringer og oppdateringer.</Change>
        <Change xml:lang="en">Minor changes and updates take place in connection with the structure surveys every second or third year.</Change>
      </ChangesGrp>
      <LegalBaseGrp>
        <LegalBase xml:lang="nn">Ikkje relevant</LegalBase>
        <LegalBase xml:lang="nb">Ikke relevant</LegalBase>
        <LegalBase xml:lang="en">Not relevant</LegalBase>
      </LegalBaseGrp>
      <Level levelNumber="1" id="urn:ssb:classlevel:stabas:4220581">
        <TitleGrp>
          <Title xml:lang="nn">Variant I - 1999: Variant 1</Title>
          <Title xml:lang="nb">Variant I - 1999: Variant 1</Title>
          <Title xml:lang="en">Variant I - 1999: Variant 1</Title>
        </TitleGrp>
        <CodelistReference>urn:ssb:codelist:stabas:4220581</CodelistReference>
      </Level>
    </ClassificationVersion>
    <ClassificationVersion id="urn:ssb:classversion:stabas:4220151" isCurrentVersion="true" validFrom="1999-01-01" isUnderConstruction="false" updatesPossible="false" disseminationAllowed="true" lastChangedDate="2006-11-29" showIntranet="true" showInternet="true">
      <TitleGrp>
        <Title xml:lang="nn">Klassifisering av jordbruksbedrifter etter driftsform 1999</Title>
        <Title xml:lang="nb">Klassifisering av jordbruksbedrifter etter driftsform 1999</Title>
        <Title xml:lang="en">Classification of agricultural holdings by type of farming 1999</Title>
      </TitleGrp>
      <DescriptionGrp>
        <Description xml:lang="nn">Klassifiseringa byggjer på standard dekningsbidrag (SDB) som felles storleiksmål for dei ulike produksjonane i jordbruket. SDB for ein produksjon er differansen mellom standardverdien av produksjonen og standardverdien av visse spesifiserte kostnadar. SDB blir fastsett som gjennomsnittstal på regionnivå. Driftsforma til ei jordbruksbedrift blir fastsett ut frå delen dei ulike produksjonane i bedrifta utgjer av den totale SDB til bedrifta.</Description>
        <Description xml:lang="nb">Klassifiseringen bygger på standard dekningsbidrag (SDB) som felles størrelsesmål for de ulike produksjonene i jordbruket. SDB for en produksjon er differansen mellom standardverdien av produksjonen og standardverdien av visse spesifiserte kostnader. SDB fastsettes som gjennomsnittstall på regionnivå. Driftsformen til en jordbruksbedrift fastsettes ut fra andelen de ulike produksjonene i bedriften utgjør av bedriftens totale SDB. </Description>
        <Description xml:lang="en">The classification is based on standard gross margin (SGM) as common measurement of the various outputs (crop and livestock products) from an agricultural holding. The SGM for a crop or livestock product (enterprise) is the balance between the standard value of output and the standard value of certain direct costs easily allocated to this output. SGM is calculated as an average figure at regional level. The type of farming of a holding is determined by the relative contribution of the different enterprises to its total SGM.</Description>
      </DescriptionGrp>
      <IntroductionGrp>
        <Indtroduction xml:lang="nn">Klassifiseringa er nytta i jordbruksstatistikken frå og med Jordbruksteljinga 1999.</Indtroduction>
        <Indtroduction xml:lang="nb">Klassifiseringen er benyttet i jordbruksstatistikken fra og med Jordbrukstellinga 1999.</Indtroduction>
        <Indtroduction xml:lang="en">The classification is applied in Norwegian agricultural statistics as from the Census of Agriculture 1999.</Indtroduction>
      </IntroductionGrp>
      <ContactInformation>
        <Person xmlns="http://www.ssb.no/ns/meta/common">oro</Person>
        <Division xmlns="http://www.ssb.no/ns/meta/common">430</Division>
      </ContactInformation>
      <ExternalDocumentGrp>
        <ExternalDocument xml:lang="nn">http://www.ssb.no/emner/10/04/10/rapp_200323/rapp_200323.pdf</ExternalDocument>
        <ExternalDocument xml:lang="nb">http://www.ssb.no/emner/10/04/10/rapp_200323/rapp_200323.pdf</ExternalDocument>
        <ExternalDocument xml:lang="en">Statistics Norway Reports 2003/23 Klassifisering av driftsenhetene i jordbruket etter driftsform og størrelse (only summary in English)</ExternalDocument>
      </ExternalDocumentGrp>
      <ChangesGrp>
        <Change xml:lang="nn">I samband med strukturundersøkingane kvart 2. eller 3. år blir det gjort mindre endringar og oppdateringar.</Change>
        <Change xml:lang="nb">I forbindelse med strukturundersøkelsene hvert 2. eller 3. år blir det gjort mindre endringer og oppdateringer.</Change>
        <Change xml:lang="en">Minor changes and updates take place in connection with the structure surveys every second or third year.</Change>
      </ChangesGrp>
      <DerivedFromGrp>
        <DerviedFrom xml:lang="nn">Eurostat: Kommisjonsvedtak av 7. juni 1985 gjeldane etablering av ein fellesskapstypologi for jordbruksbedrifter, med seinare endringar. Kommisjonsvedtaket er ikkje ein del av EØS-avtala.</DerviedFrom>
        <DerviedFrom xml:lang="nb">Eurostat: Kommisjonsvedtak av 7. juni 1985 angående etablering av en fellesskapstypologi for jordbruksbedrifter, med senere endringer. Kommisjonsbeslutningen er ikke en del av EØS-avtalen.</DerviedFrom>
        <DerviedFrom xml:lang="en">Eurostat: Commission Decision of 7 June 1985 establishing a Community typology for agricultural holdings (85/377/EEC). The Commission Decision is not included in the EEA agreement.</DerviedFrom>
      </DerivedFromGrp>
      <LegalBaseGrp>
        <LegalBase xml:lang="nn">Ikkje relevant</LegalBase>
        <LegalBase xml:lang="nb">Ikke relevant</LegalBase>
        <LegalBase xml:lang="en">Not relevant</LegalBase>
      </LegalBaseGrp>
      <Level levelNumber="1" id="urn:ssb:classlevel:stabas:4220155" codeStructure="9">
        <TitleGrp>
          <Title xml:lang="nn">Klassifisering av jordbruksbedrifter etter driftsform 1999: Nivå 1</Title>
          <Title xml:lang="nb">Klassifisering av jordbruksbedrifter etter driftsform 1999: Nivå 1</Title>
          <Title xml:lang="en">Classification of agricultural holdings by type of farming 1999: Level 1</Title>
        </TitleGrp>
        <CodelistReference>urn:ssb:codelist:stabas:4220155</CodelistReference>
        <Level levelNumber="2" id="urn:ssb:classlevel:stabas:4220157" codeStructure="99">
          <TitleGrp>
            <Title xml:lang="nn">Klassifisering av jordbruksbedrifter etter driftsform 1999: Nivå 2</Title>
            <Title xml:lang="nb">Klassifisering av jordbruksbedrifter etter driftsform 1999: Nivå 2</Title>
            <Title xml:lang="en">Classification of agricultural holdings by type of farming 1999: Level 2</Title>
          </TitleGrp>
          <CodelistReference>urn:ssb:codelist:stabas:4220157</CodelistReference>
          <Level levelNumber="3" id="urn:ssb:classlevel:stabas:4220159" codeStructure="999">
            <TitleGrp>
              <Title xml:lang="nn">Klassifisering av jordbruksbedrifter etter driftsform 1999: Nivå 3</Title>
              <Title xml:lang="nb">Klassifisering av jordbruksbedrifter etter driftsform 1999: Nivå 3</Title>
              <Title xml:lang="en">Classification of agricultural holdings by type of farming 1999: Level 3</Title>
            </TitleGrp>
            <CodelistReference>urn:ssb:codelist:stabas:4220159</CodelistReference>
            <Level levelNumber="4" id="urn:ssb:classlevel:stabas:4220161" codeStructure="9999">
              <TitleGrp>
                <Title xml:lang="nn">Klassifisering av jordbruksbedrifter etter driftsform 1999: Nivå 4</Title>
                <Title xml:lang="nb">Klassifisering av jordbruksbedrifter etter driftsform 1999: Nivå 4</Title>
                <Title xml:lang="en">Classification of agricultural holdings by type of farming 1999: Level 4</Title>
              </TitleGrp>
              <CodelistReference>urn:ssb:codelist:stabas:4220161</CodelistReference>
            </Level>
          </Level>
        </Level>
      </Level>
    </ClassificationVersion>
  </ClassificationVersions>
</Classification>