<?xml version="1.0" encoding="utf-8"?>
<Classification xmlns:xsi="http://www.w3.org/2001/XMLSchema-instance" xmlns:xsd="http://www.w3.org/2001/XMLSchema" id="urn:ssb:classification:stabas:4221197" currentVersionId="urn:ssb:classversion:stabas:4221198" xmlns="http://www.ssb.no/ns/meta/classification">
  <TitleGrp>
    <Title xml:lang="nn">Standard for klassifisering av husdyr</Title>
    <Title xml:lang="nb">Standard for klassifisering av husdyr</Title>
    <Title xml:lang="en">Classification of livestock</Title>
  </TitleGrp>
  <DescriptionGrp>
    <Description xml:lang="nn">Standarden klassifiserer husdyra etter kjennemerke som slekt, art/slag, alder, kjønn og bruk. Tal husdyr av ulike kategoriar refererer til vanleg til ein gitt dato (teljings-/registreringsdato).</Description>
    <Description xml:lang="nb">Standarden klassifiserer husdyrene etter kriterier som slekt, art/slag, alder, kjønn og bruk. Antall husdyr av ulike kategorier refererer vanligvis til en gitt dato (tellings-/registreringsdato).</Description>
    <Description xml:lang="en">The standard classifies livestock according to criteria as genera, species, sex, age and use. Usually, the number of livestock refers to an enumeration/reference date.</Description>
  </DescriptionGrp>
  <StatisticalUnitGrp>
    <StatisticalUnit xml:lang="nn">Husdyr</StatisticalUnit>
    <StatisticalUnit xml:lang="nb">Husdyr</StatisticalUnit>
    <StatisticalUnit xml:lang="en">Livestock</StatisticalUnit>
  </StatisticalUnitGrp>
  <OwnerGrp>
    <Owner xml:lang="nn">Statistisk sentralbyrå (SSB)</Owner>
    <Owner xml:lang="nb">Statistisk sentralbyrå (SSB)</Owner>
    <Owner xml:lang="en">Statistics Norway (SSB)</Owner>
  </OwnerGrp>
  <SubjectArea>10</SubjectArea>
  <ClassificationVersions>
    <ClassificationVersion id="urn:ssb:classversion:stabas:4221198" isCurrentVersion="true" validFrom="1999-01-01" isUnderConstruction="false" updatesPossible="false" disseminationAllowed="true" lastChangedDate="2006-11-29" showIntranet="true" showInternet="true">
      <TitleGrp>
        <Title xml:lang="nn">Klassifisering av husdyr 1999</Title>
        <Title xml:lang="nb">Klassifisering av husdyr 1999</Title>
        <Title xml:lang="en">Classification of livestock 1999</Title>
      </TitleGrp>
      <DescriptionGrp>
        <Description xml:lang="nn">Standarden klassifiserer husdyra etter kjennemerke som slekt, art/slag, alder, kjønn og bruk. Tal husdyr av ulike kategoriar refererer til vanleg til ein gitt dato (teljings-/registreringsdato).</Description>
        <Description xml:lang="nb">Standarden klassifiserer husdyrene etter kriterier som slekt, art/slag, alder, kjønn og bruk. Antall husdyr av ulike kategorier refererer vanligvis til en gitt dato (tellings-/registreringsdato).</Description>
        <Description xml:lang="en">The standard classifies livestock according to criteria as genera, species, sex, age and use. Usually, the number of livestock refers to an enumeration/reference date.</Description>
      </DescriptionGrp>
      <IntroductionGrp>
        <Indtroduction xml:lang="nn">Jordbruksteljinga 1907</Indtroduction>
        <Indtroduction xml:lang="nb">Jordbrukstellinga 1907</Indtroduction>
        <Indtroduction xml:lang="en">The Census of Agriculture 1907</Indtroduction>
      </IntroductionGrp>
      <ContactInformation>
        <Person xmlns="http://www.ssb.no/ns/meta/common">oro</Person>
        <Division xmlns="http://www.ssb.no/ns/meta/common">430</Division>
      </ContactInformation>
      <ExternalDocumentGrp>
        <ExternalDocument xml:lang="nn">Det finnast inga publisert dokumentasjon utanom STABAS</ExternalDocument>
        <ExternalDocument xml:lang="nb">Det finnes ingen publisert dokumentasjon utenom STABAS</ExternalDocument>
        <ExternalDocument xml:lang="en">No documentation is published, except in STABAS</ExternalDocument>
      </ExternalDocumentGrp>
      <ChangesGrp>
        <Change xml:lang="nn">Hovudtrekka i klassifiseringa har lege fast sidan 1907, men ein del endringar har blitt gjort, helst i samband med dei 10-årlege fullstendige teljingane. F.o.m. 1984 har søknadsskjema for produksjonstilskot i jordbruket vore hovuddatakjelde for den årlege statistikken over tal husdyr, og inndelinga i skjemaet har i praksis vore avgjerande. I 1999 blei søknadsskjemaet betre tilpassa EU si klassifisering. Ei forenkling av søknadsskjemaet blei gjort i 2002.</Change>
        <Change xml:lang="nb">Hovedtrekkene i klassifiseringen har ligget fast siden 1907, men en del endringer har vært foretatt, fortrinnsvis i forbindelse med de 10-årlige fullstendige tellingene. F.o.m. 1984 har søknadsskjema for produksjonstilskudd i jordbruket vært hoveddatakilde for den årlige statistikken over husdyrholdet, og inndelingen i skjemaet har i praksis vært bestemmende. I 1999 ble søknadsskjemaet bedre tilpasset EUs klassifisering. En forenkling av søknadsskjemaet ble gjort i 2002.</Change>
        <Change xml:lang="en">The main feature of the classification has been stable since 1907. However, some changes have occurred, preferably in connection with the complete censuses with 10 years interval. As from 1984, the application form for governmental subsidies in agriculture has been the main source for yearly data on livestock. In 1999, the application form was somewhat changed to better correspond with the EU classification. A simplification of the form was done in 2002.</Change>
      </ChangesGrp>
      <DerivedFromGrp>
        <DerviedFrom xml:lang="nn">Klassifiseringa av husdyr nytta i Jordbruksteljinga 1999. Denne byggjer på søknadsskjema for produksjonstilskot i jordbruket per 31. juli 1999 (ansvarleg; Statens landbruksforvaltning) og eit tilleggsskjema med identiske opplysningar om jordbruksareal og husdyr for oppgåvepliktige til teljinga som ikkje søkte tilskot.</DerviedFrom>
        <DerviedFrom xml:lang="nb">Klassifiseringen av husdyr anvendt i Jordbrukstellinga 1999. Denne bygger på søknadsskjema for produksjonstilskudd i jordbruket per 31. juli 1999 (ansvarlig; Statens landbruksforvaltning) og et tilleggsskjema med identiske opplysninger om jordbruksareal og husdyr for oppgavepliktige til tellinga som ikke søkte tilskudd.</DerviedFrom>
        <DerviedFrom xml:lang="en">The present classification was established in connection with the Census of Agriculture 1999. It is based on the division of livestock used in the form for application of governmental subsidies in agriculture (responsible authority: the Norwegian Agricultural Authority). A supplementary questionnaire with identical division of agricultural area and livestock was completed by holdings that did not apply for subsidies.</DerviedFrom>
      </DerivedFromGrp>
      <LegalBaseGrp>
        <LegalBase xml:lang="nn">Rådsforordning (EØF) nr. 571/88 av 29. februar 1988 om organisering av Fellesskapet sine undersøkingar av gardsbruksstrukturen, med seinare endringar. Ved rapportering til Eurostat gjer SSB visse omgrupperingar og berekningar i datagrunnlaget for å tilpasse seg EU sin klassifisering.</LegalBase>
        <LegalBase xml:lang="nb">Rådsforordning (EØF) nr. 571/88 av 29. februar 1988 om organisering av Fellesskapets undersøkelser av gårdsbruksstrukturen, med senere endringer. Ved rapportering til Eurostat gjør SSB visse omgrupperinger og beregninger i datagrunnlaget for å tilpasse seg EUs klassifisering.</LegalBase>
        <LegalBase xml:lang="en">Council Regulation (EEC) No 571/88 of 29 February 1988 on the organisation of Community surveys on the structure of agricultural holdings, with later amendments. When transmitting data to Eurostat, Statistics Norway does some regrouping and calculations to adapt to the EU classification.</LegalBase>
      </LegalBaseGrp>
      <Level levelNumber="1" id="urn:ssb:classlevel:stabas:4221302" codeStructure="9.">
        <TitleGrp>
          <Title xml:lang="nn">Klassifisering av husdyr 1999: Nivå 1</Title>
          <Title xml:lang="nb">Klassifisering av husdyr 1999: Nivå 1</Title>
          <Title xml:lang="en">Classification of livestock 1999: Level 1</Title>
        </TitleGrp>
        <CodelistReference>urn:ssb:codelist:stabas:4221302</CodelistReference>
        <Level levelNumber="2" id="urn:ssb:classlevel:stabas:4221304" codeStructure="9.9.">
          <TitleGrp>
            <Title xml:lang="nn">Klassifisering av husdyr 1999: Nivå 2</Title>
            <Title xml:lang="nb">Klassifisering av husdyr 1999: Nivå 2</Title>
            <Title xml:lang="en">Classification of livestock 1999: Level 2</Title>
          </TitleGrp>
          <CodelistReference>urn:ssb:codelist:stabas:4221304</CodelistReference>
          <Level levelNumber="3" id="urn:ssb:classlevel:stabas:4221306" codeStructure="9.9.9.">
            <TitleGrp>
              <Title xml:lang="nn">Klassifisering av husdyr 1999: Nivå 3</Title>
              <Title xml:lang="nb">Klassifisering av husdyr 1999: Nivå 3</Title>
              <Title xml:lang="en">Classification of livestock 1999: Level 3</Title>
            </TitleGrp>
            <CodelistReference>urn:ssb:codelist:stabas:4221306</CodelistReference>
            <Level levelNumber="4" id="urn:ssb:classlevel:stabas:4221308" codeStructure="9.9.9.9.">
              <TitleGrp>
                <Title xml:lang="nn">Klassifisering av husdyr 1999: Nivå 4</Title>
                <Title xml:lang="nb">Klassifisering av husdyr 1999: Nivå 4</Title>
                <Title xml:lang="en">Classification of livestock 1999: Level 4</Title>
              </TitleGrp>
              <CodelistReference>urn:ssb:codelist:stabas:4221308</CodelistReference>
              <Level levelNumber="5" id="urn:ssb:classlevel:stabas:4221310" codeStructure="9.9.9.9.9.">
                <TitleGrp>
                  <Title xml:lang="nn">Klassifisering av husdyr 1999: Nivå 5</Title>
                  <Title xml:lang="nb">Klassifisering av husdyr 1999: Nivå 5</Title>
                  <Title xml:lang="en">Classification of livestock 1999: Level 5</Title>
                </TitleGrp>
                <CodelistReference>urn:ssb:codelist:stabas:4221310</CodelistReference>
              </Level>
            </Level>
          </Level>
        </Level>
      </Level>
    </ClassificationVersion>
    <ClassificationVersion id="urn:ssb:classversion:stabas:4221584" isCurrentVersion="false" validFrom="1999-01-01" isUnderConstruction="false" updatesPossible="false" disseminationAllowed="true" lastChangedDate="2006-11-29" showIntranet="true" showInternet="false">
      <TitleGrp>
        <Title xml:lang="nn">Variant II - 1999</Title>
        <Title xml:lang="nb">Variant II - 1999</Title>
        <Title xml:lang="en">Variant II - 1999</Title>
      </TitleGrp>
      <DescriptionGrp>
        <Description xml:lang="nn">Versjonen blir nytta ved publisering av statistikk.</Description>
        <Description xml:lang="nb">Versjonen brukes ved publisering av statistikk.</Description>
        <Description xml:lang="en">This version is applied for presenting statistics.</Description>
      </DescriptionGrp>
      <IntroductionGrp />
      <ContactInformation>
        <Person xmlns="http://www.ssb.no/ns/meta/common">oro</Person>
        <Division xmlns="http://www.ssb.no/ns/meta/common">430</Division>
      </ContactInformation>
      <Level levelNumber="1" id="urn:ssb:classlevel:stabas:4221588" codeStructure="9.">
        <TitleGrp>
          <Title xml:lang="nn">Variant II - 1999: Nivå 1</Title>
          <Title xml:lang="nb">Variant II - 1999: Nivå 1</Title>
          <Title xml:lang="en">Variant II - 1999: Level 1</Title>
        </TitleGrp>
        <CodelistReference>urn:ssb:codelist:stabas:4221588</CodelistReference>
        <Level levelNumber="2" id="urn:ssb:classlevel:stabas:4221590" codeStructure="9.9.">
          <TitleGrp>
            <Title xml:lang="nn">Variant II - 1999: Nivå 2</Title>
            <Title xml:lang="nb">Variant II - 1999: Nivå 2</Title>
            <Title xml:lang="en">Variant II - 1999: Level 2</Title>
          </TitleGrp>
          <CodelistReference>urn:ssb:codelist:stabas:4221590</CodelistReference>
          <Level levelNumber="3" id="urn:ssb:classlevel:stabas:4221592" codeStructure="9.9.9.">
            <TitleGrp>
              <Title xml:lang="nn">Variant II - 1999: Nivå 3</Title>
              <Title xml:lang="nb">Variant II - 1999: Nivå 3</Title>
              <Title xml:lang="en">Variant II - 1999: Level 3</Title>
            </TitleGrp>
            <CodelistReference>urn:ssb:codelist:stabas:4221592</CodelistReference>
          </Level>
        </Level>
      </Level>
    </ClassificationVersion>
    <ClassificationVersion id="urn:ssb:classversion:stabas:4221514" isCurrentVersion="false" validFrom="1999-01-01" isUnderConstruction="false" updatesPossible="false" disseminationAllowed="true" lastChangedDate="2006-11-29" showIntranet="true" showInternet="false">
      <TitleGrp>
        <Title xml:lang="nn">Variant I - 1999</Title>
        <Title xml:lang="nb">Variant I - 1999</Title>
        <Title xml:lang="en">Variant I - 1999</Title>
      </TitleGrp>
      <DescriptionGrp>
        <Description xml:lang="nn">Versjonen blir nytta ved publisering av statistikk.</Description>
        <Description xml:lang="nb">Versjonen brukes ved publisering av statistikk.</Description>
        <Description xml:lang="en">This version is applied for presenting statistics.</Description>
      </DescriptionGrp>
      <IntroductionGrp />
      <ContactInformation>
        <Person xmlns="http://www.ssb.no/ns/meta/common">oro</Person>
        <Division xmlns="http://www.ssb.no/ns/meta/common">430</Division>
      </ContactInformation>
      <Level levelNumber="1" id="urn:ssb:classlevel:stabas:4221518" codeStructure="9.">
        <TitleGrp>
          <Title xml:lang="nn">Variant I - 1999: Nivå 1</Title>
          <Title xml:lang="nb">Variant I - 1999: Nivå 1</Title>
          <Title xml:lang="en">Variant I - 1999: Level 1</Title>
        </TitleGrp>
        <CodelistReference>urn:ssb:codelist:stabas:4221518</CodelistReference>
        <Level levelNumber="2" id="urn:ssb:classlevel:stabas:4221520" codeStructure="9.9.">
          <TitleGrp>
            <Title xml:lang="nn">Variant I - 1999: Nivå 2</Title>
            <Title xml:lang="nb">Variant I - 1999: Nivå 2</Title>
            <Title xml:lang="en">Variant I - 1999: Level 2</Title>
          </TitleGrp>
          <CodelistReference>urn:ssb:codelist:stabas:4221520</CodelistReference>
          <Level levelNumber="3" id="urn:ssb:classlevel:stabas:4221522" codeStructure="9.9.9.">
            <TitleGrp>
              <Title xml:lang="nn">Variant I - 1999: Nivå 3</Title>
              <Title xml:lang="nb">Variant I - 1999: Nivå 3</Title>
              <Title xml:lang="en">Variant I - 1999: Level 3</Title>
            </TitleGrp>
            <CodelistReference>urn:ssb:codelist:stabas:4221522</CodelistReference>
            <Level levelNumber="4" id="urn:ssb:classlevel:stabas:4221524" codeStructure="9.9.9.9.">
              <TitleGrp>
                <Title xml:lang="nn">Variant I - 1999: Nivå 4</Title>
                <Title xml:lang="nb">Variant I - 1999: Nivå 4</Title>
                <Title xml:lang="en">Variant I - 1999: Level 4</Title>
              </TitleGrp>
              <CodelistReference>urn:ssb:codelist:stabas:4221524</CodelistReference>
            </Level>
          </Level>
        </Level>
      </Level>
    </ClassificationVersion>
  </ClassificationVersions>
</Classification>