<?xml version="1.0" encoding="utf-8"?>
<Classification xmlns:xsi="http://www.w3.org/2001/XMLSchema-instance" xmlns:xsd="http://www.w3.org/2001/XMLSchema" id="urn:ssb:classification:stabas:4221152" currentVersionId="urn:ssb:classversion:stabas:4221153" xmlns="http://www.ssb.no/ns/meta/classification">
  <TitleGrp>
    <Title xml:lang="nn">Standard for markslagsklassifikasjon i Økonomisk kartverk</Title>
    <Title xml:lang="nb">Standard for markslagsklassifikasjon i Økonomisk kartverk</Title>
    <Title xml:lang="en">Classification of Land classification system in the Norwegian general map series at scale 1:5 000 - 1:10 000</Title>
  </TitleGrp>
  <DescriptionGrp>
    <Description xml:lang="nn">Markslagsklassifikasjonen i Økonomisk kartverk klassifiserer vel halve landarealet med formål å få betre kjennskap til ressursane for plantedyrking og naturleg planteproduksjon, særleg med tanke på jordbruk og skogbruk. Areala klassifiserast på grunnlag av arealtilstand og ikkje faktisk bruk. Klassifikasjonen omfattar kriterium for jordeigenskapar, topografi, skogbonitet, treslag, naturleg vegetasjon osv. Utmark blir bonitert med tanke på skogproduksjon og kvalitet for oppdyrking.</Description>
    <Description xml:lang="nb">Markslagsklassifikasjonen i Økonomisk kartverk klassifiserer vel halvparten av landarealet med hovedvekt på egenskaper for plantedyrking og naturlig planteproduksjon, med tanke på jordbruk og skogbruk. Arealene klassifiseres på grunnlag av arealtilstand og ikke faktisk bruk. Klassifikasjonen omfatter kriterier for jordegenskaper, topografi, skogbonitet, treslag, naturlig vegetasjon m.m. Utmark blir bonitert med tanke på skogproduksjon og kvalitet for oppdyrking.</Description>
    <Description xml:lang="en">The Norwegian general map series at scale 1:5 000 - 1: 10 000 cover some more than 50 per cent of the land area. Areas covered by this map system are classified with focus on suitability for cultivating crops and natural plant production capacity, intended for agricultural or forestry use. The areas are classified according to area status and not actual use. The classification comprises criteria regarding soil parameters, topography, production capacity of forestland, forest tree species, natural vegetation etc. Outfield areas area assessed regarding capacity for forest production and suitability for land reclamation.</Description>
  </DescriptionGrp>
  <StatisticalUnitGrp>
    <StatisticalUnit xml:lang="nn">Areal (markslagsfigur)</StatisticalUnit>
    <StatisticalUnit xml:lang="nb">Areal (markslagsfigur)</StatisticalUnit>
    <StatisticalUnit xml:lang="en">Area</StatisticalUnit>
  </StatisticalUnitGrp>
  <OwnerGrp>
    <Owner xml:lang="nn">Norsk institutt for jord- og skogkartlegging (NIJOS)</Owner>
    <Owner xml:lang="nb">Norsk institutt for jord- og skogkartlegging (NIJOS)</Owner>
    <Owner xml:lang="en">Norwegian Institute of Land Inventory (NIJOS)</Owner>
  </OwnerGrp>
  <SubjectArea>10</SubjectArea>
  <ClassificationVersions>
    <ClassificationVersion id="urn:ssb:classversion:stabas:4221153" isCurrentVersion="true" validFrom="1985-01-01" isUnderConstruction="false" updatesPossible="false" disseminationAllowed="true" lastChangedDate="2007-03-01" showIntranet="true" showInternet="true">
      <TitleGrp>
        <Title xml:lang="nn">Markslagsklassifikasjon i Økonomisk kartverk 1985</Title>
        <Title xml:lang="nb">Markslagsklassifikasjon i Økonomisk kartverk 1985</Title>
        <Title xml:lang="en">Land classification system in the Norwegian general map series at scale 1:5 000 - 1:10 000 1985</Title>
      </TitleGrp>
      <DescriptionGrp>
        <Description xml:lang="nn">Markslagsklassifikasjonen i Økonomisk kartverk klassifiserer vel halve landarealet med formål å få betre kjennskap til ressursane for plantedyrking og naturleg planteproduksjon, særleg med tanke på jordbruk og skogbruk. Areala klassifiserast på grunnlag av arealtilstand og ikkje faktisk bruk. Klassifikasjonen omfattar kriterium for jordeigenskapar, topografi, skogbonitet, treslag, naturleg vegetasjon osv. Utmark blir bonitert med tanke på skogproduksjon og kvalitet for oppdyrking.</Description>
        <Description xml:lang="nb">Markslagsklassifikasjonen i Økonomisk kartverk klassifiserer vel halvparten av landarealet med hovedvekt på egenskaper for plantedyrking og naturlig planteproduksjon, med tanke på jordbruk og skogbruk. Arealene klassifiseres på grunnlag av arealtilstand og ikke faktisk bruk. Klassifikasjonen omfatter kriterier for jordegenskaper, topografi, skogbonitet, treslag, naturlig vegetasjon m.m. Utmark blir bonitert med tanke på skogproduksjon og kvalitet for oppdyrking.</Description>
        <Description xml:lang="en">The Norwegian general map series at scale 1:5 000 - 1: 10 000 cover some more than 50 per cent of the land area. Areas covered by this map system are classified with focus on suitability for cultivating crops and natural plant production capacity, intended for agricultural or forestry use. The areas are classified according to area status and not actual use. The classification comprises criteria regarding soil parameters, topography, production capacity of forestland, forest tree species, natural vegetation etc. Outfield areas area assessed regarding capacity for forest production and suitability for land reclamation.</Description>
      </DescriptionGrp>
      <IntroductionGrp>
        <Indtroduction xml:lang="nn">Ikkje relevant</Indtroduction>
        <Indtroduction xml:lang="nb">Ikke relevant</Indtroduction>
        <Indtroduction xml:lang="en">Not relevant</Indtroduction>
      </IntroductionGrp>
      <ContactInformation>
        <Person xmlns="http://www.ssb.no/ns/meta/common">oro</Person>
        <Division xmlns="http://www.ssb.no/ns/meta/common">430</Division>
      </ContactInformation>
      <ExternalDocumentGrp>
        <ExternalDocument xml:lang="nn">NIJOS-dokument 16/01: Markslagsklassifikasjon i Økonomisk kartverk</ExternalDocument>
        <ExternalDocument xml:lang="nb">NIJOS-dokument:16/01: Markslagsklassifikasjon i økonomisk kartverk</ExternalDocument>
        <ExternalDocument xml:lang="en">Norwegian Institute of Land Inventory:  Document 16/01 Markslagsklassifikasjon i økonomisk kartverk (in Norwegian only)</ExternalDocument>
      </ExternalDocumentGrp>
      <ChangesGrp>
        <Change xml:lang="nn">Ca. 1985 ble nytt boniteringssystem for skog innført; H40-systemet.</Change>
        <Change xml:lang="nb">Ca. 1985 ble nytt boniteringssystem for skog innført; H40-systemet.</Change>
        <Change xml:lang="en">A new system for measuring production capacity of forest areas was introduced in 1985</Change>
      </ChangesGrp>
      <DerivedFromGrp>
        <DerviedFrom xml:lang="nn">Norsk institutt for jord- og skogkartlegging (NIJOS): Markslagsklassifikasjon i Økonomisk kartverk</DerviedFrom>
        <DerviedFrom xml:lang="nb">Norsk institutt for jord- og skogkartlegging (NIJOS): Markslagsklassifikasjon i økonomisk kartverk</DerviedFrom>
        <DerviedFrom xml:lang="en">Land classification system in the Norwegian general map series at scale 1:5 000 - 1: 10 000 carried out by the Norwegian Institute of Land Inventory.</DerviedFrom>
      </DerivedFromGrp>
      <LegalBaseGrp>
        <LegalBase xml:lang="nn">Ikkje relevant</LegalBase>
        <LegalBase xml:lang="nb">Ikke relevant</LegalBase>
        <LegalBase xml:lang="en">Not relevant</LegalBase>
      </LegalBaseGrp>
      <Level levelNumber="1" id="urn:ssb:classlevel:stabas:4221157" codeStructure="9">
        <TitleGrp>
          <Title xml:lang="nn">Markslagsklassifikasjon i Økonomisk kartverk 1985: Nivå 1</Title>
          <Title xml:lang="nb">Markslagsklassifikasjon i Økonomisk kartverk 1985: Nivå 1</Title>
          <Title xml:lang="en">Land classification system in the Norwegian general map series at scale 1:5 000 - 1:10 000 1985: Level 1</Title>
        </TitleGrp>
        <CodelistReference>urn:ssb:codelist:stabas:4221157</CodelistReference>
        <Level levelNumber="2" id="urn:ssb:classlevel:stabas:4221159" codeStructure="99">
          <TitleGrp>
            <Title xml:lang="nn">Markslagsklassifikasjon i Økonomisk kartverk 1985: Nivå 2</Title>
            <Title xml:lang="nb">Markslagsklassifikasjon i Økonomisk kartverk 1985: Nivå 2</Title>
            <Title xml:lang="en">Land classification system in the Norwegian general map series at scale 1:5 000 - 1:10 000 1985: Level 2</Title>
          </TitleGrp>
          <CodelistReference>urn:ssb:codelist:stabas:4221159</CodelistReference>
          <Level levelNumber="3" id="urn:ssb:classlevel:stabas:4221161" codeStructure="999">
            <TitleGrp>
              <Title xml:lang="nn">Markslagsklassifikasjon i Økonomisk kartverk 1985: Nivå 3</Title>
              <Title xml:lang="nb">Markslagsklassifikasjon i Økonomisk kartverk 1985: Nivå 3</Title>
              <Title xml:lang="en">Land classification system in the Norwegian general map series at scale 1:5 000 - 1:10 000 1985: Level 3</Title>
            </TitleGrp>
            <CodelistReference>urn:ssb:codelist:stabas:4221161</CodelistReference>
          </Level>
        </Level>
      </Level>
    </ClassificationVersion>
  </ClassificationVersions>
</Classification>