<?xml version="1.0" encoding="utf-8"?>
<Classification xmlns:xsi="http://www.w3.org/2001/XMLSchema-instance" xmlns:xsd="http://www.w3.org/2001/XMLSchema" id="urn:ssb:classification:stabas:4222101" currentVersionId="urn:ssb:classversion:stabas:9102701" xmlns="http://www.ssb.no/ns/meta/classification">
  <TitleGrp>
    <Title xml:lang="nn">Standard for regional inndeling av bustadprisar - Bustadprisindeks</Title>
    <Title xml:lang="nb">Standard for regional inndeling av bruktboligpriser - Boligprisindeks</Title>
    <Title xml:lang="en">Classification of regional breakdown of house prices - House price index</Title>
  </TitleGrp>
  <DescriptionGrp>
    <Description xml:lang="nn">Bustadprisindeksen nyttar fire ulike prissoner. Det bereknas indekstal for tre ulike bustadtypar i kvar av disse sonene og for sjølveigar- og burettslagsbustader. Dei 20 delindeksane vektas saman til ulike totalindeksar. I statistikken for gjennomsnittlege kvadratmeterprisar nyttar vi fylka og tre av dei største kommunane: Stavanger, Bergen og Trondheim.</Description>
    <Description xml:lang="nb">Boligprisindeksen benytter fire ulike prissoner. Det beregnes separate indekser for tre ulike boligtyper i hver av disse sonene. I tillegg beregnes det delindekser for henholdsvis borettslags- og selveierboliger. Dette gir 20 delindekser  som vektes sammen til ulike totalindekser. I statistikken for gjennomsnittlige kvadratmeterpriser benytter vi fylkene og tre av de største kommunene: Stavanger, Bergen og Trondheim.</Description>
    <Description xml:lang="en">The House price index uses four different price zones. Subindices for 20 different combinations of house type, geographical zone and type of ownership is calculated and weighted together to the different total indices. Average square metre prices are calculated per county and three of the largest municipalities: Stavanger, Bergen and Trondheim.</Description>
  </DescriptionGrp>
  <StatisticalUnitGrp>
    <StatisticalUnit xml:lang="nn">Bustader omsett til marknadspris</StatisticalUnit>
    <StatisticalUnit xml:lang="nb">Boliger omsatt til markedspris</StatisticalUnit>
    <StatisticalUnit xml:lang="en">Houses sold on the open market</StatisticalUnit>
  </StatisticalUnitGrp>
  <OwnerGrp>
    <Owner xml:lang="nn">Statistisk sentralbyrå (SSB)</Owner>
    <Owner xml:lang="nb">Statistisk sentralbyrå (SSB)</Owner>
    <Owner xml:lang="en">Statistics Norway (SSB)</Owner>
  </OwnerGrp>
  <SubjectArea>08</SubjectArea>
  <ClassificationVersions>
    <ClassificationVersion id="urn:ssb:classversion:stabas:9102701" isCurrentVersion="true" validFrom="2005-01-01" isUnderConstruction="false" updatesPossible="false" disseminationAllowed="true" lastChangedDate="2014-08-12" showIntranet="true" showInternet="true">
      <TitleGrp>
        <Title xml:lang="nn">Regional inndeling av bruktboligprisar - Boligprisindeks 2005</Title>
        <Title xml:lang="nb">Regional inndeling av bruktboligpriser - Boligprisindeks 2005</Title>
        <Title xml:lang="en">Regional breakdown of house prices - House price index 2005</Title>
      </TitleGrp>
      <DescriptionGrp>
        <Description xml:lang="nn">Boligprisindeksen nyttar 11 ulike prissoner. Ein reknar ut separate indeksar for tre ulike boligtypar i kvar av desse sonene. Dette gjev 33 delindeksar som vert vekta saman til ein totalindeks.</Description>
        <Description xml:lang="nb">Boligprisindeksen benytter 11 ulike prissoner. Det beregnes separate indekser for tre ulike boligtyper i hver av disse sonene. Dette gir 33 delindekser som vektes sammen til en totalindeks. </Description>
        <Description xml:lang="en">Sub-indices for three housing classes and eleven regions are calculated by using the hedonic method. These 33 sub-indices are weighted into total indices for each region and for the country as a whole.</Description>
      </DescriptionGrp>
      <IntroductionGrp />
      <ContactInformation>
        <Person xmlns="http://www.ssb.no/ns/meta/common">mta </Person>
        <Division xmlns="http://www.ssb.no/ns/meta/common">460</Division>
      </ContactInformation>
      <DerivedFromGrp>
        <DerviedFrom xml:lang="nn">Ikkje relevant</DerviedFrom>
        <DerviedFrom xml:lang="nb">Ikke relevant</DerviedFrom>
        <DerviedFrom xml:lang="en">Not relevant</DerviedFrom>
      </DerivedFromGrp>
      <LegalBaseGrp>
        <LegalBase xml:lang="nn">Ikkje relevant</LegalBase>
        <LegalBase xml:lang="nb">Ikke relevant</LegalBase>
        <LegalBase xml:lang="en">Not relevant</LegalBase>
      </LegalBaseGrp>
      <Level levelNumber="1" id="urn:ssb:classlevel:stabas:9102703">
        <TitleGrp>
          <Title xml:lang="nn">Regional inndeling av bruktboligprisar - Boligprisindeks 2005</Title>
          <Title xml:lang="nb">Regional inndeling av bruktboligpriser - Boligprisindeks 2005: Nivå 1</Title>
          <Title xml:lang="en">Regional breakdown of house prices - House price index 2005</Title>
        </TitleGrp>
        <CodelistReference>urn:ssb:codelist:stabas:9102703</CodelistReference>
      </Level>
    </ClassificationVersion>
    <ClassificationVersion id="urn:ssb:classversion:stabas:4222102" isCurrentVersion="false" validFrom="1991-01-01" validTo="2004-12-31" isUnderConstruction="false" updatesPossible="false" disseminationAllowed="true" lastChangedDate="2014-07-03" showIntranet="true" showInternet="true">
      <TitleGrp>
        <Title xml:lang="nn">Regional inndeling av bustadprisar - Bustadprisindeks 1991</Title>
        <Title xml:lang="nb">Regional inndeling av bruktboligpriser - Boligprisindeks 1991</Title>
        <Title xml:lang="en">Regional breakdown of house prices - House price index 1991</Title>
      </TitleGrp>
      <DescriptionGrp>
        <Description xml:lang="nn">Bustadprisindeksen nyttar fire ulike prissoner. Det bereknas indekstal for tre ulike bustadtypar i kvar av disse sonene og for sjølveigar- og burettslagsbustader. Dei 20 delindeksane vektas saman til ulike totalindeksar. I statistikken for gjennomsnittlege kvadratmeterprisar nyttar vi fylka og tre av dei største kommunane: Stavanger, Bergen og Trondheim.</Description>
        <Description xml:lang="nb">Boligprisindeksen benytter fire ulike prissoner. Det beregnes separate indekser for tre ulike boligtyper i hver av disse sonene. I tillegg beregnes det delindekser for henholdsvis borettslags- og selveierboliger. Dette gir 20 delindekser  som vektes sammen til ulike totalindekser. I statistikken for gjennomsnittlige kvadratmeterpriser benytter vi fylkene og tre av de største kommunene: Stavanger, Bergen og Trondheim.</Description>
        <Description xml:lang="en">The House price index uses four different price zones. Subindices for 20 different combinations of house type, geographical zone and type of ownership is calculated and weighted together to the different total indices. Average square metre prices are calculated per county and three of the largest municipalities: Stavanger, Bergen and Trondheim.</Description>
      </DescriptionGrp>
      <IntroductionGrp>
        <Indtroduction xml:lang="nn">Ikkje relevant</Indtroduction>
        <Indtroduction xml:lang="nb">Ikke relevant</Indtroduction>
        <Indtroduction xml:lang="en">Not relevant</Indtroduction>
      </IntroductionGrp>
      <ContactInformation>
        <Person xmlns="http://www.ssb.no/ns/meta/common">mta</Person>
        <Division xmlns="http://www.ssb.no/ns/meta/common">460</Division>
      </ContactInformation>
      <ExternalDocumentGrp>
        <ExternalDocument xml:lang="nn">http://www.ssb.no/emner/08/02/30/</ExternalDocument>
        <ExternalDocument xml:lang="nb">http://www.ssb.no/emner/08/02/30/</ExternalDocument>
        <ExternalDocument xml:lang="en">http://www.ssb.no/english/subjects/08/02/30/</ExternalDocument>
      </ExternalDocumentGrp>
      <ChangesGrp>
        <Change xml:lang="nn">Ikkje relevant</Change>
        <Change xml:lang="nb">Ikke relevant</Change>
        <Change xml:lang="en">Not relevant</Change>
      </ChangesGrp>
      <DerivedFromGrp>
        <DerviedFrom xml:lang="nn">Ikkje relevant</DerviedFrom>
        <DerviedFrom xml:lang="nb">Ikke relevant</DerviedFrom>
        <DerviedFrom xml:lang="en">Not relevant</DerviedFrom>
      </DerivedFromGrp>
      <LegalBaseGrp>
        <LegalBase xml:lang="nn">Ikkje relevant</LegalBase>
        <LegalBase xml:lang="nb">Ikke relevant</LegalBase>
        <LegalBase xml:lang="en">Not relevant</LegalBase>
      </LegalBaseGrp>
      <Level levelNumber="1" id="urn:ssb:classlevel:stabas:4222106" codeStructure="9">
        <TitleGrp>
          <Title xml:lang="nn">Regional inndeling av bustadprisar - Bustadprisindeks 1991: Prissoner</Title>
          <Title xml:lang="nb">Regional inndeling av bruktboligpriser - Boligprisindeks 1991: Prissoner</Title>
          <Title xml:lang="en">Regional breakdown of house prices - House price index 1991: Price zones</Title>
        </TitleGrp>
        <CodelistReference>urn:ssb:codelist:stabas:4222106</CodelistReference>
      </Level>
    </ClassificationVersion>
  </ClassificationVersions>
</Classification>