<?xml version="1.0" encoding="utf-8"?>
<Classification xmlns:xsi="http://www.w3.org/2001/XMLSchema-instance" xmlns:xsd="http://www.w3.org/2001/XMLSchema" id="urn:ssb:classification:stabas:4226186" currentVersionId="urn:ssb:classversion:stabas:4226187" xmlns="http://www.ssb.no/ns/meta/classification">
  <TitleGrp>
    <Title xml:lang="nn">Standard for viktige norske fangstregionar</Title>
    <Title xml:lang="nb">Standard for viktige norske fangstregioner</Title>
    <Title xml:lang="en">Classification of important Norwegian fishing areas</Title>
  </TitleGrp>
  <DescriptionGrp>
    <Description xml:lang="nn">Standarden er ei nøyare inndeling i viktige norske fangsregionar og er basert på standarden over alle dei store fangstområda i verda  - FNs matvareorganisasjon (FAO). I hovudsak gjeld det det nordaustlege Atlanterhavet og det nordvestlege Atlanterhavet.</Description>
    <Description xml:lang="nb">Standarden er en nøyere inndeling i viktige norske fangstregioner og er basert på standarden over alle de store fangstområdene i verden  - FNs matvareorganisasjon (FAO). Hovedsaklig gjelder dette det Nordøstlige Atlanterhav og det Nordvestlige Atlanterhav.</Description>
    <Description xml:lang="en">The standard outlines a more detailed divison of the most important Norwegian fishing-regions, based upon The Food and Agriculture Organization of the United Nations' (FAO's ) major fishing-areas. This is mainly in the North-East Atlantic and the North-West Atlantic.</Description>
  </DescriptionGrp>
  <StatisticalUnitGrp>
    <StatisticalUnit xml:lang="nn">Viktige norske fangstregionar</StatisticalUnit>
    <StatisticalUnit xml:lang="nb">Viktige norske fangstregioner</StatisticalUnit>
    <StatisticalUnit xml:lang="en">Important Norwegian fishing areas</StatisticalUnit>
  </StatisticalUnitGrp>
  <OwnerGrp>
    <Owner xml:lang="nn">Statistisk sentralbyrå (SSB)</Owner>
    <Owner xml:lang="nb">Statistisk sentralbyrå (SSB)</Owner>
    <Owner xml:lang="en">Statistics Norway (SSB)</Owner>
  </OwnerGrp>
  <SubjectArea>10</SubjectArea>
  <ClassificationVersions>
    <ClassificationVersion id="urn:ssb:classversion:stabas:4226187" isCurrentVersion="true" validFrom="1977-01-01" isUnderConstruction="false" updatesPossible="false" disseminationAllowed="true" lastChangedDate="2011-11-28" showIntranet="true" showInternet="true">
      <TitleGrp>
        <Title xml:lang="nn">Viktige norske fangstregionar 1977</Title>
        <Title xml:lang="nb">Viktige norske fangstregioner 1977</Title>
        <Title xml:lang="en">Important Norwegian fishing areas1977</Title>
      </TitleGrp>
      <DescriptionGrp>
        <Description xml:lang="nn">Standarden er ei nøyare inndeling i viktige norske fangsregionar og er basert på standarden over alle dei store fangstområda i verda  - FNs matvareorganisasjon (FAO). I hovudsak gjeld det det nordaustlege Atlanterhavet og det nordvestlege Atlanterhavet.</Description>
        <Description xml:lang="nb">Standarden er en nøyere inndeling i viktige norske fangstregioner og er basert på standarden over alle de store fangstområdene i verden  - FNs matvareorganisasjon (FAO). Hovedsaklig gjelder dette det Nordøstlige Atlanterhav og det Nordvestlige Atlanterhav.</Description>
        <Description xml:lang="en">The standard outlines a more detailed divison of the most important Norwegian fishing-regions, based upon The Food and Agriculture Organization of the United Nations' (FAO's ) major fishing-areas. This is mainly in the North-East Atlantic and the North-West Atlantic.</Description>
      </DescriptionGrp>
      <IntroductionGrp>
        <Indtroduction xml:lang="nn">Ikkje relevant</Indtroduction>
        <Indtroduction xml:lang="nb">Ikke relevant</Indtroduction>
        <Indtroduction xml:lang="en">Not relevant</Indtroduction>
      </IntroductionGrp>
      <ContactInformation>
        <Person xmlns="http://www.ssb.no/ns/meta/common">atf</Person>
        <Division xmlns="http://www.ssb.no/ns/meta/common">430</Division>
      </ContactInformation>
      <ExternalDocumentGrp>
        <ExternalDocument xml:lang="nn">Norsk Offisiell Statistikk NOS, Fiskeristatistikk</ExternalDocument>
        <ExternalDocument xml:lang="nb">Norsk Offisiell Statistikk NOS, Fiskeristatistikk</ExternalDocument>
        <ExternalDocument xml:lang="en">Official Statistics of Norway, Fishery Statistics</ExternalDocument>
      </ExternalDocumentGrp>
      <ChangesGrp>
        <Change xml:lang="nn">Ikkje relevant</Change>
        <Change xml:lang="nb">Ikke relevant</Change>
        <Change xml:lang="en">Not relevant</Change>
      </ChangesGrp>
      <DerivedFromGrp>
        <DerviedFrom xml:lang="nn">NS9400 versjon 2</DerviedFrom>
        <DerviedFrom xml:lang="nb">NS9400 versjon 2</DerviedFrom>
        <DerviedFrom xml:lang="en">NS9400 version 2</DerviedFrom>
      </DerivedFromGrp>
      <LegalBaseGrp>
        <LegalBase xml:lang="nn">Rådsforordning (EØF) nr. 3880/91, Rådsforordning (EØF) nr. 2018/93, Rådsforordning (EØF) nr. 2104/93, Rådsforordning (EF) nr. 2597/95</LegalBase>
        <LegalBase xml:lang="nb">Rådsforordning (EØF) nr. 3880/91, Rådsforordning (EØF) nr. 2018/93, Rådsforordning (EØF) nr. 2104/93, Rådsforordning (EF) nr. 2597/95</LegalBase>
        <LegalBase xml:lang="en">Council regulation no. 3880/91 on the submission of nominal catch statistics by Member States fishing in the North-East Atlantic, Council regulation no. 2018/93 on the submission of catch and activity statistics by Member States fishing in the North-West Atlantic, Council regulation no. 2104/93 amending Regulation no 1382/91 on the submission of data on the landings of fishery products in Member States, Council regulation no. 2597/95 on the submission of nominal catch statistics by Member States fishing in certain areas other than those of the North Atlantic</LegalBase>
      </LegalBaseGrp>
      <Level levelNumber="1" id="urn:ssb:classlevel:stabas:4226191" codeStructure="A">
        <TitleGrp>
          <Title xml:lang="nn">Viktige norske fangstregionar 1977: FAO- område</Title>
          <Title xml:lang="nb">Viktige norske fangstregioner 1977: FAO- område</Title>
          <Title xml:lang="en">Important Norwegian fishing areas1977: FAO- area</Title>
        </TitleGrp>
        <CodelistReference>urn:ssb:codelist:stabas:4226191</CodelistReference>
        <Level levelNumber="2" id="urn:ssb:classlevel:stabas:4226193" codeStructure="99">
          <TitleGrp>
            <Title xml:lang="nn">Viktige norske fangstregionar 1977: Norsk område</Title>
            <Title xml:lang="nb">Viktige norske fangstregioner 1977: Norsk område</Title>
            <Title xml:lang="en">Important Norwegian fishing areas1977: Norwegian area</Title>
          </TitleGrp>
          <CodelistReference>urn:ssb:codelist:stabas:4226193</CodelistReference>
        </Level>
      </Level>
    </ClassificationVersion>
  </ClassificationVersions>
</Classification>