<?xml version="1.0" encoding="utf-8"?>
<Classification xmlns:xsi="http://www.w3.org/2001/XMLSchema-instance" xmlns:xsd="http://www.w3.org/2001/XMLSchema" id="urn:ssb:classification:stabas:4226599" currentVersionId="urn:ssb:classversion:stabas:4356101" xmlns="http://www.ssb.no/ns/meta/classification">
  <TitleGrp>
    <Title xml:lang="nn">Standard for fangstartar i sjø</Title>
    <Title xml:lang="nb">Standard for fangstarter i sjø</Title>
    <Title xml:lang="en">Classification of target species in the sea</Title>
  </TitleGrp>
  <DescriptionGrp>
    <Description xml:lang="nn">Standarden er ei kodeliste for fiskeslag, skaldyr, blautdyr, pigghudar, sjøplanter og sjøpattedyr som blir fangsta i havet. Arter og sortar er grupperte etter biologisk inndeling.</Description>
    <Description xml:lang="nb">Standarden er en kodeliste for fiskeslag, skalldyr, bløtdyr, pigghuder, sjøplanter og sjøpattedyr som fangstes i havet. Arter og sorter er gruppert etter biologisk inndeling.</Description>
    <Description xml:lang="en">The standard is a set of codes for fishspecies, shellfish, molluscs, echinoderms, seaplants and seamammals that are catched in the sea. Species and varieties are classified by biological division.</Description>
  </DescriptionGrp>
  <StatisticalUnitGrp>
    <StatisticalUnit xml:lang="nn">Fangstartar (sjø)</StatisticalUnit>
    <StatisticalUnit xml:lang="nb">Fangstarter (sjø)</StatisticalUnit>
    <StatisticalUnit xml:lang="en">Target species (sea)</StatisticalUnit>
  </StatisticalUnitGrp>
  <OwnerGrp>
    <Owner xml:lang="nn">Statistisk sentralbyrå (SSB)</Owner>
    <Owner xml:lang="nb">Statistisk sentralbyrå (SSB)</Owner>
    <Owner xml:lang="en">Statistics Norway (SSB)</Owner>
  </OwnerGrp>
  <SubjectArea>10</SubjectArea>
  <ClassificationVersions>
    <ClassificationVersion id="urn:ssb:classversion:stabas:4356101" isCurrentVersion="true" validFrom="1977-01-01" isUnderConstruction="false" updatesPossible="false" disseminationAllowed="true" lastChangedDate="2011-11-28" showIntranet="true" showInternet="true">
      <TitleGrp>
        <Title xml:lang="nn">Fangstartar i sjø 1977</Title>
        <Title xml:lang="nb">Fangstarter i sjø 1977</Title>
        <Title xml:lang="en">Target species in the sea 1977</Title>
      </TitleGrp>
      <DescriptionGrp>
        <Description xml:lang="nn">Standarden er ei kodeliste for fiskeslag, skaldyr, blautdyr, pigghudar, sjøplanter og sjøpattedyr som blir fangsta i havet. Arter og sortar er grupperte etter biologisk inndeling. 
Under blå tekst kan ein finne latinske namn.</Description>
        <Description xml:lang="nb">Standarden er en kodeliste for fiskeslag, skalldyr, bløtdyr, pigghuder, sjøplanter og sjøpattedyr som fangstes i havet. Arter og sorter er gruppert etter biologisk inndeling.
Under blå tekst finnes latinske navn.</Description>
        <Description xml:lang="en">The standard is a set of codes for fishspecies, shellfish, molluscs, echinoderms, seaplants and seamammals that are catched in the sea. Species and varieties are classified by biological division.
The blue text indicates that there is a latin name.</Description>
      </DescriptionGrp>
      <IntroductionGrp>
        <Indtroduction xml:lang="nn">Ikkje relevant</Indtroduction>
        <Indtroduction xml:lang="nb">Ikke relevant</Indtroduction>
        <Indtroduction xml:lang="en">Not relevant</Indtroduction>
      </IntroductionGrp>
      <ContactInformation>
        <Person xmlns="http://www.ssb.no/ns/meta/common">atf</Person>
        <Division xmlns="http://www.ssb.no/ns/meta/common">430</Division>
      </ContactInformation>
      <ExternalDocumentGrp>
        <ExternalDocument xml:lang="nn">Norsk Offisiell Statistikk NOS, Fiskeristatistikk</ExternalDocument>
        <ExternalDocument xml:lang="nb">Norsk Offisiell Statistikk NOS, Fiskeristatistikk</ExternalDocument>
        <ExternalDocument xml:lang="en">Official Statistics of Norway, Fishery Statistics</ExternalDocument>
      </ExternalDocumentGrp>
      <ChangesGrp>
        <Change xml:lang="nn">Ikkje relevant</Change>
        <Change xml:lang="nb">Ikke relevant</Change>
        <Change xml:lang="en">Not relevant</Change>
      </ChangesGrp>
      <DerivedFromGrp>
        <DerviedFrom xml:lang="nn">NS9400 versjon 2</DerviedFrom>
        <DerviedFrom xml:lang="nb">NS9400 versjon 2</DerviedFrom>
        <DerviedFrom xml:lang="en">NS9400 version 2</DerviedFrom>
      </DerivedFromGrp>
      <LegalBaseGrp>
        <LegalBase xml:lang="nn">Ikkje relevant</LegalBase>
        <LegalBase xml:lang="nb">Ikke relevant</LegalBase>
        <LegalBase xml:lang="en">Not relevant</LegalBase>
      </LegalBaseGrp>
      <Level levelNumber="1" id="urn:ssb:classlevel:stabas:4356105" codeStructure="9">
        <TitleGrp>
          <Title xml:lang="nn">Fangstartar i sjø 1977: Nivå 1</Title>
          <Title xml:lang="nb">Fangstarter i sjø 1977: Nivå 1</Title>
          <Title xml:lang="en">Target species in the sea 1977: Level 1</Title>
        </TitleGrp>
        <CodelistReference>urn:ssb:codelist:stabas:4356105</CodelistReference>
        <Level levelNumber="2" id="urn:ssb:classlevel:stabas:4356107" codeStructure="9.99">
          <TitleGrp>
            <Title xml:lang="nn">Fangstartar i sjø 1977: Nivå 2</Title>
            <Title xml:lang="nb">Fangstarter i sjø 1977: Nivå 2</Title>
            <Title xml:lang="en">Target species in the sea 1977: Level 2</Title>
          </TitleGrp>
          <CodelistReference>urn:ssb:codelist:stabas:4356107</CodelistReference>
          <Level levelNumber="3" id="urn:ssb:classlevel:stabas:4356109" codeStructure="9.99.99">
            <TitleGrp>
              <Title xml:lang="nn">Fangstartar i sjø 1977: Nivå 3</Title>
              <Title xml:lang="nb">Fangstarter i sjø 1977: Nivå 3</Title>
              <Title xml:lang="en">Target species in the sea 1977: Level 3</Title>
            </TitleGrp>
            <CodelistReference>urn:ssb:codelist:stabas:4356109</CodelistReference>
          </Level>
        </Level>
      </Level>
    </ClassificationVersion>
  </ClassificationVersions>
</Classification>