<?xml version="1.0" encoding="utf-8"?>
<Classification xmlns:xsi="http://www.w3.org/2001/XMLSchema-instance" xmlns:xsd="http://www.w3.org/2001/XMLSchema" id="urn:ssb:classification:stabas:4227501" currentVersionId="urn:ssb:classversion:stabas:7094001" xmlns="http://www.ssb.no/ns/meta/classification">
  <TitleGrp>
    <Title xml:lang="nn">Standard for organisasjonsform</Title>
    <Title xml:lang="nb">Standard for organisasjonsform</Title>
    <Title xml:lang="en">Classification of Organization form</Title>
  </TitleGrp>
  <DescriptionGrp>
    <Description xml:lang="nn">Brønnøysundregisteret sine standardkoder for organisasjonsform.</Description>
    <Description xml:lang="nb">Brønnøysundregisterets standardkoder for organisasjonsform.</Description>
    <Description xml:lang="en">Standard codes for organization forms in The Central Coordinating Register for Legal Entities.</Description>
  </DescriptionGrp>
  <StatisticalUnitGrp>
    <StatisticalUnit xml:lang="nn">Juridiske verksemder</StatisticalUnit>
    <StatisticalUnit xml:lang="nb">Juridiske virksomheter</StatisticalUnit>
    <StatisticalUnit xml:lang="en">Legal activities</StatisticalUnit>
  </StatisticalUnitGrp>
  <OwnerGrp>
    <Owner xml:lang="nn">Brønnøysundregistra</Owner>
    <Owner xml:lang="nb">Brønnøysundregistrene</Owner>
    <Owner xml:lang="en">The Central Coordinating Register for Legal Entities</Owner>
  </OwnerGrp>
  <SubjectArea>10</SubjectArea>
  <ClassificationVersions>
    <ClassificationVersion id="urn:ssb:classversion:stabas:7094001" isCurrentVersion="true" validFrom="2010-01-01" isUnderConstruction="false" updatesPossible="false" disseminationAllowed="true" lastChangedDate="2013-09-03" showIntranet="true" showInternet="true">
      <TitleGrp>
        <Title xml:lang="nn">Organisasjonsform  2010</Title>
        <Title xml:lang="nb">Organisasjonsform 2010</Title>
        <Title xml:lang="en">Legal form 2010</Title>
      </TitleGrp>
      <DescriptionGrp>
        <Description xml:lang="nn">Brønnøysundregistra sine offisielle koder for organisasjonsform i forkorta versjon.</Description>
        <Description xml:lang="nb">Brønnøysundregistrenes offisielle koder for organisasjonsform i forkortet versjon.</Description>
        <Description xml:lang="en">A short term of the official codes for legal form in The Central Coordinating Register for Legal Entities.</Description>
      </DescriptionGrp>
      <IntroductionGrp>
        <Indtroduction xml:lang="nn">Ikkje relevant</Indtroduction>
        <Indtroduction xml:lang="nb">Ikke relevant</Indtroduction>
        <Indtroduction xml:lang="en">Not relevant</Indtroduction>
      </IntroductionGrp>
      <ContactInformation>
        <Person xmlns="http://www.ssb.no/ns/meta/common">krf</Person>
        <Division xmlns="http://www.ssb.no/ns/meta/common">810</Division>
      </ContactInformation>
      <ExternalDocumentGrp>
        <ExternalDocument xml:lang="nn">Ikkje relevant</ExternalDocument>
        <ExternalDocument xml:lang="nb">Ikke relevant</ExternalDocument>
        <ExternalDocument xml:lang="en">Not relevant</ExternalDocument>
      </ExternalDocumentGrp>
      <ChangesGrp>
        <Change xml:lang="nn">Løpande</Change>
        <Change xml:lang="nb">Løpende</Change>
        <Change xml:lang="en">Current</Change>
      </ChangesGrp>
      <DerivedFromGrp>
        <DerviedFrom xml:lang="nn">Ikkje relevant</DerviedFrom>
        <DerviedFrom xml:lang="nb">Ikke relevant</DerviedFrom>
        <DerviedFrom xml:lang="en">Not relevant</DerviedFrom>
      </DerivedFromGrp>
      <LegalBaseGrp>
        <LegalBase xml:lang="nn">Ikkje relevant</LegalBase>
        <LegalBase xml:lang="nb">Ikke relevant</LegalBase>
        <LegalBase xml:lang="en">Not relevant</LegalBase>
      </LegalBaseGrp>
      <Level levelNumber="1" id="urn:ssb:classlevel:stabas:7094003" codeStructure="99">
        <TitleGrp>
          <Title xml:lang="nn">Organisasjonsform  2010: Organisasjonsformer</Title>
          <Title xml:lang="nb">Organisasjonsform 2010: Organisasjonsformer</Title>
          <Title xml:lang="en">Legal form 2010: Organization forms</Title>
        </TitleGrp>
        <CodelistReference>urn:ssb:codelist:stabas:7094003</CodelistReference>
      </Level>
    </ClassificationVersion>
    <ClassificationVersion id="urn:ssb:classversion:stabas:4227502" isCurrentVersion="false" validFrom="2005-01-01" validTo="2009-12-31" isUnderConstruction="false" updatesPossible="false" disseminationAllowed="true" lastChangedDate="2013-04-23" showIntranet="true" showInternet="true">
      <TitleGrp>
        <Title xml:lang="nn">Organisasjonsform  2005</Title>
        <Title xml:lang="nb">Organisasjonsform 2005</Title>
        <Title xml:lang="en">Legal form 2005</Title>
      </TitleGrp>
      <DescriptionGrp>
        <Description xml:lang="nn">Brønnøysundregistra sine offisielle koder for organisasjonsform i forkorta versjon.</Description>
        <Description xml:lang="nb">Brønnøysundregistrenes offisielle koder for organisasjonsform i forkortet versjon.</Description>
        <Description xml:lang="en">A short term of the official codes for legal form in The Central Coordinating Register for Legal Entities.</Description>
      </DescriptionGrp>
      <IntroductionGrp>
        <Indtroduction xml:lang="nn">Ikkje relevant</Indtroduction>
        <Indtroduction xml:lang="nb">Ikke relevant</Indtroduction>
        <Indtroduction xml:lang="en">Not relevant</Indtroduction>
      </IntroductionGrp>
      <ContactInformation>
        <Person xmlns="http://www.ssb.no/ns/meta/common">krf</Person>
        <Division xmlns="http://www.ssb.no/ns/meta/common">810</Division>
      </ContactInformation>
      <ExternalDocumentGrp>
        <ExternalDocument xml:lang="nn">Ikkje relevant</ExternalDocument>
        <ExternalDocument xml:lang="nb">Ikke relevant</ExternalDocument>
        <ExternalDocument xml:lang="en">Not relevant</ExternalDocument>
      </ExternalDocumentGrp>
      <ChangesGrp>
        <Change xml:lang="nn">Løpande</Change>
        <Change xml:lang="nb">Løpende</Change>
        <Change xml:lang="en">Current</Change>
      </ChangesGrp>
      <DerivedFromGrp>
        <DerviedFrom xml:lang="nn">Ikkje relevant</DerviedFrom>
        <DerviedFrom xml:lang="nb">Ikke relevant</DerviedFrom>
        <DerviedFrom xml:lang="en">Not relevant</DerviedFrom>
      </DerivedFromGrp>
      <LegalBaseGrp>
        <LegalBase xml:lang="nn">Ikkje relevant</LegalBase>
        <LegalBase xml:lang="nb">Ikke relevant</LegalBase>
        <LegalBase xml:lang="en">Not relevant</LegalBase>
      </LegalBaseGrp>
      <Level levelNumber="1" id="urn:ssb:classlevel:stabas:4227506" codeStructure="99">
        <TitleGrp>
          <Title xml:lang="nn">Organisasjonsform  2005: Organisasjonsformer</Title>
          <Title xml:lang="nb">Organisasjonsform 2005: Organisasjonsformer</Title>
          <Title xml:lang="en">Legal form 2005: Organization forms</Title>
        </TitleGrp>
        <CodelistReference>urn:ssb:codelist:stabas:4227506</CodelistReference>
      </Level>
    </ClassificationVersion>
  </ClassificationVersions>
</Classification>