<?xml version="1.0" encoding="utf-8"?>
<Classification xmlns:xsi="http://www.w3.org/2001/XMLSchema-instance" xmlns:xsd="http://www.w3.org/2001/XMLSchema" id="urn:ssb:classification:stabas:4360340" currentVersionId="urn:ssb:classversion:stabas:4360341" xmlns="http://www.ssb.no/ns/meta/classification">
  <TitleGrp>
    <Title xml:lang="nn">Standard for gruppering av hushald</Title>
    <Title xml:lang="nb">Standard for gruppering av husholdninger</Title>
    <Title xml:lang="en">Classification of households</Title>
  </TitleGrp>
  <DescriptionGrp>
    <Description xml:lang="nn">Standarden gjer greie for dei ulike typar av hushald som i dag vært nytta i SSB sin hushaldstatistikk</Description>
    <Description xml:lang="nb">Standarden beskriver de ulike husholdningstypene som i dag brukes i SSBs husholdningsstatistikk.</Description>
    <Description xml:lang="en">The classification describes the different types of households used in household statistics in Statistics Norway today</Description>
  </DescriptionGrp>
  <StatisticalUnitGrp>
    <StatisticalUnit xml:lang="nn">Hushald</StatisticalUnit>
    <StatisticalUnit xml:lang="nb">Husholdninger</StatisticalUnit>
    <StatisticalUnit xml:lang="en">Households</StatisticalUnit>
  </StatisticalUnitGrp>
  <OwnerGrp>
    <Owner xml:lang="nn">Statistisk sentralbyrå (SSB)</Owner>
    <Owner xml:lang="nb">Statistisk sentralbyrå (SSB)</Owner>
    <Owner xml:lang="en">Statistics Norway</Owner>
  </OwnerGrp>
  <SubjectArea>02</SubjectArea>
  <ClassificationVersions>
    <ClassificationVersion id="urn:ssb:classversion:stabas:4360519" isCurrentVersion="true" validFrom="2006-01-01" isUnderConstruction="false" updatesPossible="false" disseminationAllowed="true" lastChangedDate="2009-11-11" showIntranet="true" showInternet="true">
      <TitleGrp>
        <Title xml:lang="nn">Variant - Tilleggsinndeling for hushald</Title>
        <Title xml:lang="nb">Variant - Tilleggsinndeling for husholdninger</Title>
        <Title xml:lang="en">Variant - Supplementary classification of households</Title>
      </TitleGrp>
      <DescriptionGrp>
        <Description xml:lang="nn">I hovudstandarden grupperer vi i einfamilie- og fleirfamiliehushald på det grovaste nivået for deretter å grupper i hushald med og utan barn. Tilleggsinndelinga gjer ei alternativ gruppering der ein skil mellom hushald med og utan barn på det grovaste nivået.</Description>
        <Description xml:lang="nb">I hovedstandarden grupperer vi i enfamilie- og flerfamiliehusholdninger på det mest aggregerte nivået for deretter å grupper i husholdninger med og uten barn. Tilleggsinndelingen gir en alternativ gruppering der en skiller mellom husholdninger med og uten barn på det groveste nivået.</Description>
        <Description xml:lang="en">The standard classification of households classifies in one-family and two or more-family households at the most aggregated level, and in households with or without children at the more detailed level. The supplementary classification gives an alternative which classifies in households with or without children at the most aggregated level.</Description>
      </DescriptionGrp>
      <IntroductionGrp>
        <Indtroduction xml:lang="nn">Ikkje relevant</Indtroduction>
        <Indtroduction xml:lang="nb">Not relevant</Indtroduction>
        <Indtroduction xml:lang="en">Not relevant</Indtroduction>
      </IntroductionGrp>
      <ContactInformation>
        <Person xmlns="http://www.ssb.no/ns/meta/common">hen</Person>
        <Division xmlns="http://www.ssb.no/ns/meta/common">810</Division>
      </ContactInformation>
      <ChangesGrp>
        <Change xml:lang="nn">Ikkje relevant</Change>
        <Change xml:lang="nb">Not relevant</Change>
        <Change xml:lang="en">Not relevant</Change>
      </ChangesGrp>
      <DerivedFromGrp>
        <DerviedFrom xml:lang="nn">Gruppering av hushaldningar 2001</DerviedFrom>
        <DerviedFrom xml:lang="nb">Gruppering av husholdninger 2001</DerviedFrom>
        <DerviedFrom xml:lang="en">Classification of households 2001</DerviedFrom>
      </DerivedFromGrp>
      <LegalBaseGrp>
        <LegalBase xml:lang="nn">Ikkje relevant</LegalBase>
        <LegalBase xml:lang="nb">Ikke relevant</LegalBase>
        <LegalBase xml:lang="en">Not relevant</LegalBase>
      </LegalBaseGrp>
      <Level levelNumber="1" id="urn:ssb:classlevel:stabas:4360523" codeStructure="A">
        <TitleGrp>
          <Title xml:lang="nn">Variant - Tilleggsinndeling for hushald: Nivå 0</Title>
          <Title xml:lang="nb">Variant - Tilleggsinndeling for husholdninger: Nivå 1</Title>
          <Title xml:lang="en">Variant - Supplementary classification of households: Level 0</Title>
        </TitleGrp>
        <CodelistReference>urn:ssb:codelist:stabas:4360523</CodelistReference>
        <Level levelNumber="2" id="urn:ssb:classlevel:stabas:4360525" codeStructure="AA">
          <TitleGrp>
            <Title xml:lang="nn">Variant - Tilleggsinndeling for hushald: Nivå 1</Title>
            <Title xml:lang="nb">Variant - Tilleggsinndeling for husholdninger: Nivå 2</Title>
            <Title xml:lang="en">Variant - Supplementary classification of households: Level 1</Title>
          </TitleGrp>
          <CodelistReference>urn:ssb:codelist:stabas:4360525</CodelistReference>
        </Level>
      </Level>
    </ClassificationVersion>
    <ClassificationVersion id="urn:ssb:classversion:stabas:4360341" isCurrentVersion="true" validFrom="2006-01-01" isUnderConstruction="false" updatesPossible="false" disseminationAllowed="true" lastChangedDate="2009-11-11" showIntranet="true" showInternet="true">
      <TitleGrp>
        <Title xml:lang="nn">Gruppering av hushald 2006</Title>
        <Title xml:lang="nb">Gruppering av husholdninger 2006</Title>
        <Title xml:lang="en">Classification of households 2006</Title>
      </TitleGrp>
      <DescriptionGrp>
        <Description xml:lang="nn">Standarden gjer greie for dei ulike typar av hushald som i dag vært nytta i SSB sin hushaldstatistikk.</Description>
        <Description xml:lang="nb">Standarden beskriver de ulike husholdningstypene som i dag brukes i SSBs husholdningsstatistikk</Description>
        <Description xml:lang="en">The classification describes the different types of families used in family statistics in Statistics Norway today.</Description>
      </DescriptionGrp>
      <IntroductionGrp>
        <Indtroduction xml:lang="nn">Ikkje relevant</Indtroduction>
        <Indtroduction xml:lang="nb">Ikke relevant</Indtroduction>
        <Indtroduction xml:lang="en">Not relevant</Indtroduction>
      </IntroductionGrp>
      <ContactInformation>
        <Person xmlns="http://www.ssb.no/ns/meta/common">hen</Person>
        <Division xmlns="http://www.ssb.no/ns/meta/common">810</Division>
      </ContactInformation>
      <ExternalDocumentGrp>
        <ExternalDocument xml:lang="nn">Standard for gruppering av familiar og hushald NOS C681</ExternalDocument>
        <ExternalDocument xml:lang="nb">Standard for gruppering av familier og husholdninger NOS C677
http://www.ssb.no/emner/02/90/nos_c677/</ExternalDocument>
        <ExternalDocument xml:lang="en">Standard classification of familytype and household NOS C681</ExternalDocument>
      </ExternalDocumentGrp>
      <ChangesGrp>
        <Change xml:lang="nn">Nytt kodesystem f.o.m 2006</Change>
        <Change xml:lang="nb">Nytt kodesystem f.o.m 2006</Change>
        <Change xml:lang="en">Change in coding systen as from 2006</Change>
      </ChangesGrp>
      <DerivedFromGrp>
        <DerviedFrom xml:lang="nn">Standard for gruppering av familiar og UN/ECE anbefalingar om Folke- og bustadteljingar</DerviedFrom>
        <DerviedFrom xml:lang="nb">Standard for gruppering av familier og UN/ECE anbefalinger for Folke- og boligtellingen</DerviedFrom>
        <DerviedFrom xml:lang="en">Standard classification of familytype and household and UN/ECE recommendations for Population and Housing Censuses</DerviedFrom>
      </DerivedFromGrp>
      <LegalBaseGrp>
        <LegalBase xml:lang="nn">Ikkje relevant</LegalBase>
        <LegalBase xml:lang="nb">Ikke relevant</LegalBase>
        <LegalBase xml:lang="en">Not relevant</LegalBase>
      </LegalBaseGrp>
      <Level levelNumber="1" id="urn:ssb:classlevel:stabas:4360345" codeStructure="9">
        <TitleGrp>
          <Title xml:lang="nn">Gruppering av hushald 2006: Nivå 1</Title>
          <Title xml:lang="nb">Gruppering av husholdninger 2006: Nivå 1</Title>
          <Title xml:lang="en">Classification of households 2006: Level 1</Title>
        </TitleGrp>
        <CodelistReference>urn:ssb:codelist:stabas:4360345</CodelistReference>
        <Level levelNumber="2" id="urn:ssb:classlevel:stabas:4360347" codeStructure="9.9">
          <TitleGrp>
            <Title xml:lang="nn">Gruppering av hushald 2006: Nivå 2</Title>
            <Title xml:lang="nb">Gruppering av husholdninger 2006: Nivå 2</Title>
            <Title xml:lang="en">Classification of households 2006: Level 2</Title>
          </TitleGrp>
          <CodelistReference>urn:ssb:codelist:stabas:4360347</CodelistReference>
          <Level levelNumber="3" id="urn:ssb:classlevel:stabas:4360349" codeStructure="9.9.9">
            <TitleGrp>
              <Title xml:lang="nn">Gruppering av hushald 2006: Nivå 3</Title>
              <Title xml:lang="nb">Gruppering av husholdninger 2006: Nivå 3</Title>
              <Title xml:lang="en">Classification of households 2006: Level 3</Title>
            </TitleGrp>
            <CodelistReference>urn:ssb:codelist:stabas:4360349</CodelistReference>
          </Level>
        </Level>
      </Level>
    </ClassificationVersion>
  </ClassificationVersions>
</Classification>