<?xml version="1.0" encoding="utf-8"?>
<Classification xmlns:xsi="http://www.w3.org/2001/XMLSchema-instance" xmlns:xsd="http://www.w3.org/2001/XMLSchema" id="urn:ssb:classification:stabas:4426001" currentVersionId="urn:ssb:classversion:stabas:4426002" xmlns="http://www.ssb.no/ns/meta/classification">
  <TitleGrp>
    <Title xml:lang="nn">Standard for bustadtypar - Bustadprisindeks</Title>
    <Title xml:lang="nb">Standard for boligtyper - Boligprisindeks</Title>
    <Title xml:lang="en">Classification of types of dwellings  - House price index</Title>
  </TitleGrp>
  <DescriptionGrp>
    <Description xml:lang="nn">Klassifiseringa omfattar bustadtypar som inngår i Boligprisindeksen</Description>
    <Description xml:lang="nb">Klassifiseringen omfatter boligtyper som inngår i Boligprisindeksen</Description>
    <Description xml:lang="en">The classification includes types of dwellings used in the house price index</Description>
  </DescriptionGrp>
  <StatisticalUnitGrp>
    <StatisticalUnit xml:lang="nn">Bustader omsatt i fritt sal.</StatisticalUnit>
    <StatisticalUnit xml:lang="nb">Boliger omsatt i fritt salg.</StatisticalUnit>
    <StatisticalUnit xml:lang="en">Dwellings sold on the open market.</StatisticalUnit>
  </StatisticalUnitGrp>
  <OwnerGrp>
    <Owner xml:lang="nn">Statistisk sentralbyrå (SSB)</Owner>
    <Owner xml:lang="nb">Statistisk sentralbyrå (SSB)</Owner>
    <Owner xml:lang="en">Statistics Norway (SSB)</Owner>
  </OwnerGrp>
  <SubjectArea>08</SubjectArea>
  <ClassificationVersions>
    <ClassificationVersion id="urn:ssb:classversion:stabas:4426002" isCurrentVersion="true" validFrom="1991-01-01" isUnderConstruction="false" updatesPossible="false" disseminationAllowed="true" lastChangedDate="2015-11-10" showIntranet="true" showInternet="true">
      <TitleGrp>
        <Title xml:lang="nn">Bustadtypar -  Bustadprisindeks 1991</Title>
        <Title xml:lang="nb">Boligtyper -  Boligprisindeks 1991</Title>
        <Title xml:lang="en">Types of dwellings  - House price index 1991</Title>
      </TitleGrp>
      <DescriptionGrp>
        <Description xml:lang="nn">Klassifiseringa omfattar bustadtypar som inngår i Boligprisindeksen</Description>
        <Description xml:lang="nb">Klassifiseringen omfatter boligtyper som inngår i Boligprisindeksen</Description>
        <Description xml:lang="en">The classification includes types of dwellings used in the house price index</Description>
      </DescriptionGrp>
      <IntroductionGrp>
        <Indtroduction xml:lang="nn">Ikkje relevant</Indtroduction>
        <Indtroduction xml:lang="nb">Ikke relevant</Indtroduction>
        <Indtroduction xml:lang="en">Not relevant</Indtroduction>
      </IntroductionGrp>
      <ContactInformation>
        <Person xmlns="http://www.ssb.no/ns/meta/common">mta</Person>
        <Division xmlns="http://www.ssb.no/ns/meta/common">460</Division>
      </ContactInformation>
      <ExternalDocumentGrp>
        <ExternalDocument xml:lang="nn">http://www.ssb.no/emner/08/02/30/</ExternalDocument>
        <ExternalDocument xml:lang="nb">http://www.ssb.no/emner/08/02/30/</ExternalDocument>
        <ExternalDocument xml:lang="en">http://www.ssb.no/english/subjects/08/02/30/</ExternalDocument>
      </ExternalDocumentGrp>
      <ChangesGrp>
        <Change xml:lang="nn">Ikkje relevant</Change>
        <Change xml:lang="nb">Ikke relevant</Change>
        <Change xml:lang="en">Not relevant</Change>
      </ChangesGrp>
      <LegalBaseGrp>
        <LegalBase xml:lang="nn">Ikkje relevant</LegalBase>
        <LegalBase xml:lang="nb">Ikke relevant</LegalBase>
        <LegalBase xml:lang="en">Not relevant</LegalBase>
      </LegalBaseGrp>
      <Level levelNumber="1" id="urn:ssb:classlevel:stabas:4426006" codeStructure="9">
        <TitleGrp>
          <Title xml:lang="nn">Bustadtypar -  Bustadprisindeks 1991: Bustadtypar</Title>
          <Title xml:lang="nb">Boligtyper -  Boligprisindeks 1991: Boligtyper</Title>
          <Title xml:lang="en">Types of dwellings  - House price index 1991: Types of dwellings</Title>
        </TitleGrp>
        <CodelistReference>urn:ssb:codelist:stabas:4426006</CodelistReference>
      </Level>
    </ClassificationVersion>
  </ClassificationVersions>
</Classification>