<?xml version="1.0" encoding="utf-8"?>
<Classification xmlns:xsi="http://www.w3.org/2001/XMLSchema-instance" xmlns:xsd="http://www.w3.org/2001/XMLSchema" id="urn:ssb:classification:stabas:4452001" currentVersionId="urn:ssb:classversion:stabas:4452002" xmlns="http://www.ssb.no/ns/meta/classification">
  <TitleGrp>
    <Title xml:lang="nn">Standard for klassifisering av byggje- og anleggsprosjekt</Title>
    <Title xml:lang="nb">Standard for klassifisering av bygge- og anleggsprosjekter</Title>
    <Title xml:lang="en">Classification of construction projects</Title>
  </TitleGrp>
  <DescriptionGrp>
    <Description xml:lang="nn">Klassifiseringa omfattar inndelinga av prosjekt i byggje- og anleggsnæringa som blir brukt i ordrestatistikk og i produksjonsindeksen for byggje- og anleggsverksemd. I produksjonsindeksen blir det ikkje skilt mellom bustadbygg og andre bygg.</Description>
    <Description xml:lang="nb">Klassifiseringen omfatter inndelingen av prosjekter i bygge- og anleggsnæringen som brukes i ordrestatistikk og i produksjonsindeks for bygge- og anleggsvirksomhet. I produksjonsindeksen blir det ikke skilt mellom boligbygg og andre bygg.</Description>
    <Description xml:lang="en">The classifications purpose is to divide the construction activity into projects groups. The classification is used in the order statistics and in the production index for construction. In the production index it is not distinguished between residential buildings and other buildings.</Description>
  </DescriptionGrp>
  <StatisticalUnitGrp>
    <StatisticalUnit xml:lang="nn">Ordretilgang, ordrereserve og produksjon</StatisticalUnit>
    <StatisticalUnit xml:lang="nb">Ordretilgang, ordrereserve og produksjon</StatisticalUnit>
    <StatisticalUnit xml:lang="en">New orders, unfilled orders and production</StatisticalUnit>
  </StatisticalUnitGrp>
  <OwnerGrp>
    <Owner xml:lang="nn">Statistisk sentralbyrå (SSB)</Owner>
    <Owner xml:lang="nb">Statistisk sentralbyrå (SSB)</Owner>
    <Owner xml:lang="en">Statistics Norway (SSB)</Owner>
  </OwnerGrp>
  <SubjectArea>08</SubjectArea>
  <ClassificationVersions>
    <ClassificationVersion id="urn:ssb:classversion:stabas:4452002" isCurrentVersion="true" validFrom="1992-01-01" isUnderConstruction="false" updatesPossible="false" disseminationAllowed="true" lastChangedDate="2006-11-29" showIntranet="true" showInternet="true">
      <TitleGrp>
        <Title xml:lang="nn">Klassifisering av byggje- og anleggsprosjekt 1992</Title>
        <Title xml:lang="nb">Klassifisering av bygge- og anleggsprosjekter 1992</Title>
        <Title xml:lang="en">Classification of construction projects 1992</Title>
      </TitleGrp>
      <DescriptionGrp>
        <Description xml:lang="nn">Klassifiseringa omfattar inndelinga av prosjekt i byggje- og anleggsnæringa som blir brukt i ordrestatistikk og i produksjonsindeksen for byggje- og anleggsverksemd. I produksjonsindeksen blir det ikkje skilt mellom bustadbygg og andre bygg.</Description>
        <Description xml:lang="nb">Klassifiseringen omfatter inndelingen av prosjekter i bygge- og anleggsnæringen som brukes i ordrestatistikk og i produksjonsindeks for bygge- og anleggsvirksomhet. I produksjonsindeksen blir det ikke skilt mellom boligbygg og andre bygg.</Description>
        <Description xml:lang="en">The classifications purpose is to divide the construction activity into projects groups. The classification is used in the order statistics and in the production index for construction. In the production index it is not distinguished between residential buildings and other buildings.</Description>
      </DescriptionGrp>
      <IntroductionGrp>
        <Indtroduction xml:lang="nn">Ikkje relevant</Indtroduction>
        <Indtroduction xml:lang="nb">Ikke relevant</Indtroduction>
        <Indtroduction xml:lang="en">Not relevant</Indtroduction>
      </IntroductionGrp>
      <ContactInformation>
        <Person xmlns="http://www.ssb.no/ns/meta/common">hcj</Person>
        <Division xmlns="http://www.ssb.no/ns/meta/common">460</Division>
      </ContactInformation>
      <ExternalDocumentGrp>
        <ExternalDocument xml:lang="nn">http://www.ssb.no/emner/08/03/10/   http://www.ssb.no/emner/08/04/</ExternalDocument>
        <ExternalDocument xml:lang="nb">http://www.ssb.no/emner/08/03/10/   http://www.ssb.no/emner/08/04/</ExternalDocument>
        <ExternalDocument xml:lang="en">http://www.ssb.no/english/subjects/08/03/10/  http://www.ssb.no/english/subjects/08/04/</ExternalDocument>
      </ExternalDocumentGrp>
      <ChangesGrp>
        <Change xml:lang="nn">Ikkje relevant</Change>
        <Change xml:lang="nb">Ikke relevant</Change>
        <Change xml:lang="en">Not relevant</Change>
      </ChangesGrp>
      <DerivedFromGrp>
        <DerviedFrom xml:lang="nn">Ikkje relevant</DerviedFrom>
        <DerviedFrom xml:lang="nb">Ikke relevant</DerviedFrom>
        <DerviedFrom xml:lang="en">Not relevant</DerviedFrom>
      </DerivedFromGrp>
      <LegalBaseGrp>
        <LegalBase xml:lang="nn">Ikkje relevant</LegalBase>
        <LegalBase xml:lang="nb">Ikke relevant</LegalBase>
        <LegalBase xml:lang="en">Not relevant</LegalBase>
      </LegalBaseGrp>
      <Level levelNumber="1" id="urn:ssb:classlevel:stabas:4452006" codeStructure="9">
        <TitleGrp>
          <Title xml:lang="nn">Klassifisering av byggje- og anleggsprosjekt 1992: Nivå 1</Title>
          <Title xml:lang="nb">Klassifisering av bygge- og anleggsprosjekter 1992: Nivå 1</Title>
          <Title xml:lang="en">Classification of construction projects 1992: Level 1</Title>
        </TitleGrp>
        <CodelistReference>urn:ssb:codelist:stabas:4452006</CodelistReference>
        <Level levelNumber="2" id="urn:ssb:classlevel:stabas:4452008" codeStructure="9.9">
          <TitleGrp>
            <Title xml:lang="nn">Klassifisering av byggje- og anleggsprosjekt 1992: Nivå 2</Title>
            <Title xml:lang="nb">Klassifisering av bygge- og anleggsprosjekter 1992: Nivå 2</Title>
            <Title xml:lang="en">Classification of construction projects 1992: Level 2</Title>
          </TitleGrp>
          <CodelistReference>urn:ssb:codelist:stabas:4452008</CodelistReference>
          <Level levelNumber="3" id="urn:ssb:classlevel:stabas:4452010" codeStructure="9.9.9">
            <TitleGrp>
              <Title xml:lang="nn">Klassifisering av byggje- og anleggsprosjekt 1992: Nivå 3</Title>
              <Title xml:lang="nb">Klassifisering av bygge- og anleggsprosjekter 1992: Nivå 3</Title>
              <Title xml:lang="en">Classification of construction projects 1992: Level 3</Title>
            </TitleGrp>
            <CodelistReference>urn:ssb:codelist:stabas:4452010</CodelistReference>
          </Level>
        </Level>
      </Level>
    </ClassificationVersion>
  </ClassificationVersions>
</Classification>