<?xml version="1.0" encoding="utf-8"?>
<Classification xmlns:xsi="http://www.w3.org/2001/XMLSchema-instance" xmlns:xsd="http://www.w3.org/2001/XMLSchema" id="urn:ssb:classification:stabas:4456001" currentVersionId="urn:ssb:classversion:stabas:4456002" xmlns="http://www.ssb.no/ns/meta/classification">
  <TitleGrp>
    <Title xml:lang="nn">Standard for trafikkeiningar innblanda i vegtrafikkulukker</Title>
    <Title xml:lang="nb">Standard for trafikkenheter innblandet i veitrafikkulykker</Title>
    <Title xml:lang="en">Classification of traffic units involved in road traffic accidents</Title>
  </TitleGrp>
  <DescriptionGrp>
    <Description xml:lang="nn">Kjøretøy, som omfattar både sivile og militære motorkjøretøy, skinnegåande kjøretøy og ikkje-motordrevne kjøretøy, som er innblanda i eit veitrafikkuhell.</Description>
    <Description xml:lang="nb">Kjøretøy, som omfatter både sivile og militære motorkjøretøyer, skinnegående kjøretøyer og ikke-motordrevne kjøretøyer, som er innblandet i et veitrafikkuhell.</Description>
    <Description xml:lang="en">Vehicles, which comprise both cvilian and military vehicles, vehicles on rail and non-motorized vehicles, involved in a road traffic accident.</Description>
  </DescriptionGrp>
  <StatisticalUnitGrp>
    <StatisticalUnit xml:lang="nn">Trafikkeiningar</StatisticalUnit>
    <StatisticalUnit xml:lang="nb">Trafikkenheter</StatisticalUnit>
    <StatisticalUnit xml:lang="en">Traffic units</StatisticalUnit>
  </StatisticalUnitGrp>
  <OwnerGrp>
    <Owner xml:lang="nn">Statistisk sentralbyrå (SSB)</Owner>
    <Owner xml:lang="nb">Statistisk sentralbyrå (SSB)</Owner>
    <Owner xml:lang="en">Statistics Norway (SSB)</Owner>
  </OwnerGrp>
  <SubjectArea>10</SubjectArea>
  <ClassificationVersions>
    <ClassificationVersion id="urn:ssb:classversion:stabas:4456002" isCurrentVersion="true" validFrom="1939-01-01" isUnderConstruction="false" updatesPossible="false" disseminationAllowed="true" lastChangedDate="2012-10-25" showIntranet="true" showInternet="true">
      <TitleGrp>
        <Title xml:lang="nn">Trafikkeiningar innblanda i vegtrafikkulukker 1939</Title>
        <Title xml:lang="nb">Trafikkenheter innblandet i veitrafikkulykker 1939</Title>
        <Title xml:lang="en">Traffic units involved in road traffic accidents 1939</Title>
      </TitleGrp>
      <DescriptionGrp>
        <Description xml:lang="nn">Kjøretøy, som omfattar både sivile og militære motorkjøretøy, skinnegåande kjøretøy og ikkje-motordrevne kjøretøy, som er innblanda i eit veitrafikkuhell.</Description>
        <Description xml:lang="nb">Kjøretøy, som omfatter både sivile og militære motorkjøretøyer, skinnegående kjøretøyer og ikke-motordrevne kjøretøyer, som er innblandet i et veitrafikkuhell.</Description>
        <Description xml:lang="en">Vehicles, which comprise both cvilian and military vehicles, vehicles on rail and non-motorized vehicles, involved in a road traffic accident.</Description>
      </DescriptionGrp>
      <IntroductionGrp>
        <Indtroduction xml:lang="nn">Ikkje relevant</Indtroduction>
        <Indtroduction xml:lang="nb">Ikke relevant</Indtroduction>
        <Indtroduction xml:lang="en">Not relevant</Indtroduction>
      </IntroductionGrp>
      <ContactInformation>
        <Person xmlns="http://www.ssb.no/ns/meta/common">hel</Person>
        <Division xmlns="http://www.ssb.no/ns/meta/common">440</Division>
      </ContactInformation>
      <ExternalDocumentGrp>
        <ExternalDocument xml:lang="nn">http://www.ssb.no/emner/10/12/20/</ExternalDocument>
        <ExternalDocument xml:lang="nb">http://www.ssb.no/emner/10/12/20/</ExternalDocument>
        <ExternalDocument xml:lang="en">http://www.ssb.no/english/subjects/10/12/20/</ExternalDocument>
      </ExternalDocumentGrp>
      <ChangesGrp>
        <Change xml:lang="nn">Ikkje relevant</Change>
        <Change xml:lang="nb">Ikke relevant</Change>
        <Change xml:lang="en">Not relevant</Change>
      </ChangesGrp>
      <DerivedFromGrp>
        <DerviedFrom xml:lang="nn">Ikkje relevant</DerviedFrom>
        <DerviedFrom xml:lang="nb">Ikke relevant</DerviedFrom>
        <DerviedFrom xml:lang="en">Not relevant</DerviedFrom>
      </DerivedFromGrp>
      <LegalBaseGrp>
        <LegalBase xml:lang="nn">Ikkje relevant</LegalBase>
        <LegalBase xml:lang="nb">Ikke relevant</LegalBase>
        <LegalBase xml:lang="en">Not relevant</LegalBase>
      </LegalBaseGrp>
      <Level levelNumber="1" id="urn:ssb:classlevel:stabas:4456006" codeStructure="99">
        <TitleGrp>
          <Title xml:lang="nn">Trafikkeiningar innblanda i vegtrafikkulukker 1939: Trafikkeiningar</Title>
          <Title xml:lang="nb">Trafikkenheter innblandet i veitrafikkulykker 1939: Trafikkenheter</Title>
          <Title xml:lang="en">Traffic units involved in road traffic accidents 1939: Traffic units</Title>
        </TitleGrp>
        <CodelistReference>urn:ssb:codelist:stabas:4456006</CodelistReference>
      </Level>
    </ClassificationVersion>
  </ClassificationVersions>
</Classification>