<?xml version="1.0" encoding="utf-8"?>
<Classification xmlns:xsi="http://www.w3.org/2001/XMLSchema-instance" xmlns:xsd="http://www.w3.org/2001/XMLSchema" id="urn:ssb:classification:stabas:4512101" currentVersionId="urn:ssb:classversion:stabas:8793493" xmlns="http://www.ssb.no/ns/meta/classification">
  <TitleGrp>
    <Title xml:lang="nn">Standardkodar for diagnosegrupper</Title>
    <Title xml:lang="nb">Standardkoder for diagnosegrupper (ICPC2)</Title>
    <Title xml:lang="en">Classification of Diagnosis Groups</Title>
  </TitleGrp>
  <DescriptionGrp>
    <Description xml:lang="nn">Diagnosegruppane er utarbeidt i samarbeid med NOMESKO og dr.med. Anders Grimsmo.</Description>
    <Description xml:lang="nb">Diagnosegruppene er utarbeidet i samarbeid med NOMESKO og dr.med. Anders Grimsmo.</Description>
    <Description xml:lang="en">The diagnosis groups are made in cooperation with NOMESCO and Doctor A. Grimsmo.</Description>
  </DescriptionGrp>
  <StatisticalUnitGrp>
    <StatisticalUnit xml:lang="nn">Diagnosar</StatisticalUnit>
    <StatisticalUnit xml:lang="nb">Diagnoser</StatisticalUnit>
    <StatisticalUnit xml:lang="en">Diagnosis</StatisticalUnit>
  </StatisticalUnitGrp>
  <OwnerGrp>
    <Owner xml:lang="nn">Wonka International Classification Committee</Owner>
    <Owner xml:lang="nb">Wonka International Classification Committee</Owner>
    <Owner xml:lang="en">Wonka International Classification Committee</Owner>
  </OwnerGrp>
  <SubjectArea>03</SubjectArea>
  <ClassificationVersions>
    <ClassificationVersion id="urn:ssb:classversion:stabas:8793493" isCurrentVersion="true" validFrom="2013-01-01" isUnderConstruction="false" updatesPossible="false" disseminationAllowed="true" lastChangedDate="2013-08-22" showIntranet="true" showInternet="true">
      <TitleGrp>
        <Title xml:lang="nn">Standard for diagnosegrupper 2013</Title>
        <Title xml:lang="nb">Standard for diagnosegrupper 2013</Title>
        <Title xml:lang="en">Classification of Diagnosis Groups 2013</Title>
      </TitleGrp>
      <DescriptionGrp>
        <Description xml:lang="nn">Diagnosegruppene er utarbeidde i samarbeid med NOMESKO og dr.med. Anders Grimsmo.</Description>
        <Description xml:lang="nb">Diagnosegruppene er utarbeidet i samarbeid med NOMESKO og dr.med. Anders Grimsmo.</Description>
        <Description xml:lang="en">The diagnosis groups are made in cooperation with NOMESCO and Doctor A. Grimsmo.</Description>
      </DescriptionGrp>
      <IntroductionGrp>
        <Indtroduction xml:lang="nn">Ikkje relevant</Indtroduction>
        <Indtroduction xml:lang="nb">Ikke relevant</Indtroduction>
        <Indtroduction xml:lang="en">Not relevant</Indtroduction>
      </IntroductionGrp>
      <ContactInformation>
        <Person xmlns="http://www.ssb.no/ns/meta/common">esl</Person>
        <Division xmlns="http://www.ssb.no/ns/meta/common">330</Division>
      </ContactInformation>
      <ExternalDocumentGrp>
        <ExternalDocument xml:lang="nn">"Den internasjonale klassifikasjonen for primærhelsetjenesta ICPC-2. Andre utgåve (WONCA)."</ExternalDocument>
        <ExternalDocument xml:lang="nb">"Den internasjonale klassifikasjonen for primærhelsetjenesten ICPC-2. Andre utgave (Wonca)."</ExternalDocument>
        <ExternalDocument xml:lang="en">"The International Classification of Primary Care. ICPC-2 (WONCA)."</ExternalDocument>
      </ExternalDocumentGrp>
      <ChangesGrp>
        <Change xml:lang="nn">Ikkje relevant</Change>
        <Change xml:lang="nb">Ikke relevant</Change>
        <Change xml:lang="en">Not relevant</Change>
      </ChangesGrp>
      <DerivedFromGrp>
        <DerviedFrom xml:lang="nn">Diagnosegruppene bygg på kodesystemet ICPC-2 som er allmennlegane sitt klassifikasjonssystem over symptom, lidingar og helseproblem.</DerviedFrom>
        <DerviedFrom xml:lang="nb">Diagnosegruppene bygger på kodesystemet ICPC-2 som er allmennlegenes klassifikasjonssystem over symptomer, lidelser og helseproblemer.</DerviedFrom>
        <DerviedFrom xml:lang="en">The Diagnosis Groups are based on the classification of ICPC-2.</DerviedFrom>
      </DerivedFromGrp>
      <LegalBaseGrp>
        <LegalBase xml:lang="nn">Ikkje relevant</LegalBase>
        <LegalBase xml:lang="nb">Ikke relevant</LegalBase>
        <LegalBase xml:lang="en">Not relevant</LegalBase>
      </LegalBaseGrp>
      <Level levelNumber="1" id="urn:ssb:classlevel:stabas:8793497" codeStructure="99">
        <TitleGrp>
          <Title xml:lang="nn">Standard for diagnosegrupper 2013</Title>
          <Title xml:lang="nb">Standard for diagnosegrupper 2013: Diagnosegrupper</Title>
          <Title xml:lang="en">Classification of Diagnosis Groups 2013</Title>
        </TitleGrp>
        <CodelistReference>urn:ssb:codelist:stabas:8793497</CodelistReference>
      </Level>
    </ClassificationVersion>
    <ClassificationVersion id="urn:ssb:classversion:stabas:4512102" isCurrentVersion="false" validFrom="2006-01-01" validTo="2012-12-31" isUnderConstruction="false" updatesPossible="false" disseminationAllowed="true" lastChangedDate="2013-06-24" showIntranet="true" showInternet="true">
      <TitleGrp>
        <Title xml:lang="nn">Standard for diagnosegrupper 2006</Title>
        <Title xml:lang="nb">Standard for diagnosegrupper 2006</Title>
        <Title xml:lang="en">Classification of Diagnosis Groups 2006</Title>
      </TitleGrp>
      <DescriptionGrp>
        <Description xml:lang="nn">Diagnosegruppene er utarbeidde i samarbeid med NOMESKO og dr.med. Anders Grimsmo.</Description>
        <Description xml:lang="nb">Diagnosegruppene er utarbeidet i samarbeid med NOMESKO og dr.med. Anders Grimsmo.</Description>
        <Description xml:lang="en">The diagnosis groups are made in cooperation with NOMESCO and Doctor A. Grimsmo.</Description>
      </DescriptionGrp>
      <IntroductionGrp>
        <Indtroduction xml:lang="nn">Ikkje relevant</Indtroduction>
        <Indtroduction xml:lang="nb">Ikke relevant</Indtroduction>
        <Indtroduction xml:lang="en">Not relevant</Indtroduction>
      </IntroductionGrp>
      <ContactInformation>
        <Person xmlns="http://www.ssb.no/ns/meta/common">esl</Person>
        <Division xmlns="http://www.ssb.no/ns/meta/common">330</Division>
      </ContactInformation>
      <ExternalDocumentGrp>
        <ExternalDocument xml:lang="nn">"Den internasjonale klassifikasjonen for primærhelsetjenesta ICPC-2. Andre utgåve (WONCA)."</ExternalDocument>
        <ExternalDocument xml:lang="nb">"Den internasjonale klassifikasjonen for primærhelsetjenesten ICPC-2. Andre utgave (Wonca)."</ExternalDocument>
        <ExternalDocument xml:lang="en">"The International Classification of Primary Care. ICPC-2 (WONCA)."</ExternalDocument>
      </ExternalDocumentGrp>
      <ChangesGrp>
        <Change xml:lang="nn">Ikkje relevant</Change>
        <Change xml:lang="nb">Ikke relevant</Change>
        <Change xml:lang="en">Not relevant</Change>
      </ChangesGrp>
      <DerivedFromGrp>
        <DerviedFrom xml:lang="nn">Diagnosegruppene bygg på kodesystemet ICPC-2 som er allmennlegane sitt klassifikasjonssystem over symptom, lidingar og helseproblem.</DerviedFrom>
        <DerviedFrom xml:lang="nb">Diagnosegruppene bygger på kodesystemet ICPC-2 som er allmennlegenes klassifikasjonssystem over symptomer, lidelser og helseproblemer.</DerviedFrom>
        <DerviedFrom xml:lang="en">The Diagnosis Groups are based on the classification of ICPC-2.</DerviedFrom>
      </DerivedFromGrp>
      <LegalBaseGrp>
        <LegalBase xml:lang="nn">Ikkje relevant</LegalBase>
        <LegalBase xml:lang="nb">Ikke relevant</LegalBase>
        <LegalBase xml:lang="en">Not relevant</LegalBase>
      </LegalBaseGrp>
      <Level levelNumber="1" id="urn:ssb:classlevel:stabas:4512106" codeStructure="99">
        <TitleGrp>
          <Title xml:lang="nn">Standard for diagnosegrupper 2006</Title>
          <Title xml:lang="nb">Standard for diagnosegrupper 2006: Diagnosegrupper</Title>
          <Title xml:lang="en">Classification of Diagnosis Groups 2006</Title>
        </TitleGrp>
        <CodelistReference>urn:ssb:codelist:stabas:4512106</CodelistReference>
      </Level>
    </ClassificationVersion>
  </ClassificationVersions>
</Classification>