<?xml version="1.0" encoding="utf-8"?>
<Classification xmlns:xsi="http://www.w3.org/2001/XMLSchema-instance" xmlns:xsd="http://www.w3.org/2001/XMLSchema" id="urn:ssb:classification:stabas:4530001" currentVersionId="urn:ssb:classversion:stabas:6240601" xmlns="http://www.ssb.no/ns/meta/classification">
  <TitleGrp>
    <Title xml:lang="nb">Standard for CPA koder</Title>
    <Title xml:lang="en">Classification of CPA codes</Title>
  </TitleGrp>
  <DescriptionGrp>
    <Description xml:lang="nb">CPA er en produktgruppering som er nært knyttet til næring, dvs. karakteristiske produkter innen hver næring knyttes til standarden for næringsgruppering NACE Rev.1.</Description>
    <Description xml:lang="en">The CPA groups products by activities, i.e. it defines characteristic products within each activity and connects them to the activity classification NACE Rev.2.</Description>
  </DescriptionGrp>
  <StatisticalUnitGrp>
    <StatisticalUnit xml:lang="nb">Produkter</StatisticalUnit>
    <StatisticalUnit xml:lang="en">Products</StatisticalUnit>
  </StatisticalUnitGrp>
  <OwnerGrp>
    <Owner xml:lang="nb">Statistisk sentralbyrå (SSB)</Owner>
    <Owner xml:lang="en">Statistics Norway</Owner>
  </OwnerGrp>
  <SubjectArea>10</SubjectArea>
  <ClassificationVersions>
    <ClassificationVersion id="urn:ssb:classversion:stabas:6240601" isCurrentVersion="true" validFrom="2008-01-01" isUnderConstruction="false" updatesPossible="false" disseminationAllowed="true" lastChangedDate="2013-08-19" showIntranet="true" showInternet="true">
      <TitleGrp>
        <Title xml:lang="nb">Standard for CPA koder 2008</Title>
        <Title xml:lang="en">Classifications of CPA codes 2008</Title>
      </TitleGrp>
      <DescriptionGrp>
        <Description xml:lang="nb">CPA er en produktgruppering som er nært knyttet til næring, dvs. karakteristiske produkter innen hver næring knyttes til standarden for næringsgruppering NACE Rev.2.</Description>
        <Description xml:lang="en">The CPA groups products by activities, i.e. it defines characteristic products within each activity and connects them to the activity classification NACE Rev.2.</Description>
      </DescriptionGrp>
      <IntroductionGrp>
        <Indtroduction xml:lang="nb">Ikke relevant</Indtroduction>
        <Indtroduction xml:lang="en">Not relevant</Indtroduction>
      </IntroductionGrp>
      <ContactInformation>
        <Person xmlns="http://www.ssb.no/ns/meta/common">isa</Person>
        <Division xmlns="http://www.ssb.no/ns/meta/common">930</Division>
      </ContactInformation>
      <ExternalDocumentGrp>
        <ExternalDocument xml:lang="nb">Ikke relevant</ExternalDocument>
        <ExternalDocument xml:lang="en">Not relevant</ExternalDocument>
      </ExternalDocumentGrp>
      <ChangesGrp>
        <Change xml:lang="nb">Ikke relevant</Change>
        <Change xml:lang="en">Not relevant</Change>
      </ChangesGrp>
      <DerivedFromGrp>
        <DerviedFrom xml:lang="nb">Oversettelse av Statistical Classification of Poducts by Activity (CPA) utarbeidet av Utenriksdepartementet.</DerviedFrom>
        <DerviedFrom xml:lang="en">Statistical Classification of Poducts by Activity (CPA) in the European Economic Community.
</DerviedFrom>
      </DerivedFromGrp>
      <LegalBaseGrp>
        <LegalBase xml:lang="nb">Kommisjonsforordning nr.451/2008 av 23.april 2008</LegalBase>
        <LegalBase xml:lang="en">Commision Regulation No. 451/2008 of 23 April 2008</LegalBase>
      </LegalBaseGrp>
      <Level levelNumber="1" id="urn:ssb:classlevel:stabas:6240603" codeStructure="X">
        <TitleGrp>
          <Title xml:lang="nb">Standard for CPA koder 2008: CPA 2008, næringshovedområde</Title>
          <Title xml:lang="en">Classifications of CPA codes 2008: CPA 2008, main trade area</Title>
        </TitleGrp>
        <CodelistReference>urn:ssb:codelist:stabas:6240603</CodelistReference>
        <Level levelNumber="2" id="urn:ssb:classlevel:stabas:6240605" codeStructure="99">
          <TitleGrp>
            <Title xml:lang="nb">Standard for CPA koder 2008: CPA 2008, næringer</Title>
            <Title xml:lang="en">Classifications of CPA codes 2008: CPA 2008, industries</Title>
          </TitleGrp>
          <CodelistReference>urn:ssb:codelist:stabas:6240605</CodelistReference>
          <Level levelNumber="3" id="urn:ssb:classlevel:stabas:6240607" codeStructure="99.9">
            <TitleGrp>
              <Title xml:lang="nb">Standard for CPA koder 2008: CPA 2008, næringshovedgrupper</Title>
              <Title xml:lang="en">Classifications of CPA codes 2008: CPA 2008, main trade groups</Title>
            </TitleGrp>
            <CodelistReference>urn:ssb:codelist:stabas:6240607</CodelistReference>
            <Level levelNumber="4" id="urn:ssb:classlevel:stabas:6240609" codeStructure="99.99">
              <TitleGrp>
                <Title xml:lang="nb">Standard for CPA koder 2008: CPA 2008,næringsgrupper</Title>
                <Title xml:lang="en">Classifications of CPA codes 2008: CPA 2008, trade groups</Title>
              </TitleGrp>
              <CodelistReference>urn:ssb:codelist:stabas:6240609</CodelistReference>
              <Level levelNumber="5" id="urn:ssb:classlevel:stabas:6240611" codeStructure="99.99.9">
                <TitleGrp>
                  <Title xml:lang="nb">Standard for CPA koder 2008: CPA 2008, grupper</Title>
                  <Title xml:lang="en">Classifications of CPA codes 2008: CPA 2008, groups</Title>
                </TitleGrp>
                <CodelistReference>urn:ssb:codelist:stabas:6240611</CodelistReference>
                <Level levelNumber="6" id="urn:ssb:classlevel:stabas:6240613" codeStructure="99.99.99">
                  <TitleGrp>
                    <Title xml:lang="nb">Standard for CPA koder 2008: CPA 2008, undergrupper</Title>
                    <Title xml:lang="en">Classifications of CPA codes 2008: CPA 2008, subgroups</Title>
                  </TitleGrp>
                  <CodelistReference>urn:ssb:codelist:stabas:6240613</CodelistReference>
                </Level>
              </Level>
            </Level>
          </Level>
        </Level>
      </Level>
    </ClassificationVersion>
    <ClassificationVersion id="urn:ssb:classversion:stabas:4530002" isCurrentVersion="false" validFrom="2002-01-01" validTo="2007-12-31" isUnderConstruction="false" updatesPossible="false" disseminationAllowed="true" lastChangedDate="2011-01-20" showIntranet="true" showInternet="true">
      <TitleGrp>
        <Title xml:lang="nb">Standard for CPA koder 2002</Title>
        <Title xml:lang="en">Classifications of CPA codes 2002</Title>
      </TitleGrp>
      <DescriptionGrp>
        <Description xml:lang="nb">CPA er en produktgruppering som er nært knyttet til næring, dvs. karakteristiske produkter innen hver næring knyttes til standarden for næringsgruppering NACE Rev.1.</Description>
        <Description xml:lang="en">The CPA groups products by activities, i.e. it defines characteristic products within each activity and connects them to the activity classification NACE Rev.1.</Description>
      </DescriptionGrp>
      <IntroductionGrp>
        <Indtroduction xml:lang="nb">Ikke relevant</Indtroduction>
        <Indtroduction xml:lang="en">Not relevant</Indtroduction>
      </IntroductionGrp>
      <ContactInformation>
        <Person xmlns="http://www.ssb.no/ns/meta/common">ejf</Person>
        <Division xmlns="http://www.ssb.no/ns/meta/common">930</Division>
      </ContactInformation>
      <ExternalDocumentGrp>
        <ExternalDocument xml:lang="nb">Ikke relevant</ExternalDocument>
        <ExternalDocument xml:lang="en">Not relevant</ExternalDocument>
      </ExternalDocumentGrp>
      <ChangesGrp>
        <Change xml:lang="nb">Ikke relevant</Change>
        <Change xml:lang="en">Not relevant</Change>
      </ChangesGrp>
      <DerivedFromGrp>
        <DerviedFrom xml:lang="nb">Oversettelse av Statistical Classification of Poducts by Activity (CPA) utarbeidet av Utenriksdepartementet.</DerviedFrom>
        <DerviedFrom xml:lang="en">Statistical Classification of Poducts by Activity (CPA) in the European Economic Community, 2002 version</DerviedFrom>
      </DerivedFromGrp>
      <LegalBaseGrp>
        <LegalBase xml:lang="nb">Kommisjonsforordning nr. 204/2002 av 19. desember 2001</LegalBase>
        <LegalBase xml:lang="en">Commision Regulation No. 204/2002 of 19 December 2001</LegalBase>
      </LegalBaseGrp>
      <Level levelNumber="1" id="urn:ssb:classlevel:stabas:4530005" codeStructure="99.99.99">
        <TitleGrp>
          <Title xml:lang="nb">Standard for CPA koder 2002: CPA 2002</Title>
          <Title xml:lang="en">Classifications of CPA codes 2002: CPA 2002</Title>
        </TitleGrp>
        <CodelistReference>urn:ssb:codelist:stabas:4530005</CodelistReference>
      </Level>
    </ClassificationVersion>
  </ClassificationVersions>
</Classification>