<?xml version="1.0" encoding="utf-8"?>
<Classification xmlns:xsi="http://www.w3.org/2001/XMLSchema-instance" xmlns:xsd="http://www.w3.org/2001/XMLSchema" id="urn:ssb:classification:stabas:4536001" currentVersionId="urn:ssb:classversion:stabas:0" xmlns="http://www.ssb.no/ns/meta/classification">
  <TitleGrp>
    <Title xml:lang="nn">Standard for inndeling av føretak etter storleiksgruppe</Title>
    <Title xml:lang="nb">Standard for inndeling av foretak etter størrelsesgruppe</Title>
    <Title xml:lang="en">Classification of enterprises by size group</Title>
  </TitleGrp>
  <DescriptionGrp>
    <Description xml:lang="nn">Standarden viser inndelinga av føretak etter storleiksgrupper (tilsette). Gruppene kan aggregerast opp til EU sin offisielle inndeling.</Description>
    <Description xml:lang="nb">Standarden viser inndelingen av foretak etter størrelsesgrupper (ansatte). Gruppene kan aggregeres opp til EU's offisielle inndeling.</Description>
    <Description xml:lang="en">The standard classifies enterprises by employee groups. These groups can be aggregated to EU's official classification.</Description>
  </DescriptionGrp>
  <StatisticalUnitGrp>
    <StatisticalUnit xml:lang="nn">Føretak</StatisticalUnit>
    <StatisticalUnit xml:lang="nb">Foretak</StatisticalUnit>
    <StatisticalUnit xml:lang="en">Enterprises</StatisticalUnit>
  </StatisticalUnitGrp>
  <OwnerGrp>
    <Owner xml:lang="nn">Statistisk sentralbyrå (SSB)</Owner>
    <Owner xml:lang="nb">Statistisk sentralbyrå (SSB)</Owner>
    <Owner xml:lang="en">Statistics Norway (SSB)</Owner>
  </OwnerGrp>
  <SubjectArea>10</SubjectArea>
  <ClassificationVersions>
    <ClassificationVersion id="urn:ssb:classversion:stabas:4536002" isCurrentVersion="true" validFrom="2007-01-01" isUnderConstruction="false" updatesPossible="false" disseminationAllowed="true" lastChangedDate="2012-11-02" showIntranet="true" showInternet="true">
      <TitleGrp>
        <Title xml:lang="nn">Inndeling av føretak etter storleiksgruppe 2007</Title>
        <Title xml:lang="nb">Inndeling av foretak etter størrelsesgruppe 2007</Title>
        <Title xml:lang="en">Enterprises by size group 2007</Title>
      </TitleGrp>
      <DescriptionGrp>
        <Description xml:lang="nn">Standarden viser inndelinga av føretak etter storleiksgrupper (tilsette). Gruppene kan aggregerast opp til EU sin offisielle inndeling.</Description>
        <Description xml:lang="nb">Standarden viser inndelingen av foretak etter størrelsesgrupper (ansatte). Gruppene kan aggregeres opp til EU's offisielle inndeling.</Description>
        <Description xml:lang="en">The standard classifies enterprises by employee groups. These groups can be aggregated to EU's official classification.</Description>
      </DescriptionGrp>
      <IntroductionGrp>
        <Indtroduction xml:lang="nn">Ikkje relevant</Indtroduction>
        <Indtroduction xml:lang="nb">Ikke relevant</Indtroduction>
        <Indtroduction xml:lang="en">Not relevant</Indtroduction>
      </IntroductionGrp>
      <ContactInformation>
        <Person xmlns="http://www.ssb.no/ns/meta/common">bba</Person>
        <Division xmlns="http://www.ssb.no/ns/meta/common">410</Division>
      </ContactInformation>
      <ExternalDocumentGrp>
        <ExternalDocument xml:lang="nn">Ikkje relevant</ExternalDocument>
        <ExternalDocument xml:lang="nb">Ikke relevant</ExternalDocument>
        <ExternalDocument xml:lang="en">Not relevant</ExternalDocument>
      </ExternalDocumentGrp>
      <ChangesGrp>
        <Change xml:lang="nn">Ikkje relevant</Change>
        <Change xml:lang="nb">Ikke relevant</Change>
        <Change xml:lang="en">Not relevant</Change>
      </ChangesGrp>
      <DerivedFromGrp>
        <DerviedFrom xml:lang="nn">Ikkje relevant</DerviedFrom>
        <DerviedFrom xml:lang="nb">Ikke relevant</DerviedFrom>
        <DerviedFrom xml:lang="en">Not relevant</DerviedFrom>
      </DerivedFromGrp>
      <LegalBaseGrp>
        <LegalBase xml:lang="nn">Ikkje relevant</LegalBase>
        <LegalBase xml:lang="nb">Ikke relevant</LegalBase>
        <LegalBase xml:lang="en">Not relevant</LegalBase>
      </LegalBaseGrp>
      <Level levelNumber="1" id="urn:ssb:classlevel:stabas:4536006" codeStructure="9">
        <TitleGrp>
          <Title xml:lang="nn">Inndeling av føretak etter storleiksgruppe 2007: Storleiksgrupper</Title>
          <Title xml:lang="nb">Inndeling av foretak etter størrelsesgruppe 2007: Størrelsesgrupper</Title>
          <Title xml:lang="en">Enterprises by size group 2007: Sizegroups</Title>
        </TitleGrp>
        <CodelistReference>urn:ssb:codelist:stabas:4536006</CodelistReference>
      </Level>
    </ClassificationVersion>
  </ClassificationVersions>
</Classification>