<?xml version="1.0" encoding="utf-8"?>
<Classification xmlns:xsi="http://www.w3.org/2001/XMLSchema-instance" xmlns:xsd="http://www.w3.org/2001/XMLSchema" id="urn:ssb:classification:stabas:4538101" currentVersionId="urn:ssb:classversion:stabas:4538102" xmlns="http://www.ssb.no/ns/meta/classification">
  <TitleGrp>
    <Title xml:lang="nn">Standard for drikkevarer som inneheld alkohol</Title>
    <Title xml:lang="nb">Standard for alkoholholdige drikkevarer</Title>
    <Title xml:lang="en">Classification of beverages containing alcohol</Title>
  </TitleGrp>
  <DescriptionGrp>
    <Description xml:lang="nn">Klassifiseringa er gjort etter ulike avgiftsgrupper innanfor same avgiftstype. Avgiftstype for øl og avgiftstype for vin og brennevin.</Description>
    <Description xml:lang="nb">Klassifiseringen er gjort etter ulike avgiftsgrupper innenfor samme avgiftstype. Avgiftstype for øl og avgiftstype for vin og brennevin.</Description>
    <Description xml:lang="en">The classification is done according to different tax groups within the same tax type. Tax type is either beer or wine and spirits.</Description>
  </DescriptionGrp>
  <StatisticalUnitGrp>
    <StatisticalUnit xml:lang="nn">Drikkevarer som inneheld alkohol</StatisticalUnit>
    <StatisticalUnit xml:lang="nb">Alkoholholdige drikkevarer</StatisticalUnit>
    <StatisticalUnit xml:lang="en">Beverages containing alcohol</StatisticalUnit>
  </StatisticalUnitGrp>
  <OwnerGrp>
    <Owner xml:lang="nn">Statistisk sentralbyrå (SSB)</Owner>
    <Owner xml:lang="nb">Statistisk sentralbyrå (SSB)</Owner>
    <Owner xml:lang="en">Statistics Norway (SSB)</Owner>
  </OwnerGrp>
  <SubjectArea>10</SubjectArea>
  <ClassificationVersions>
    <ClassificationVersion id="urn:ssb:classversion:stabas:4538102" isCurrentVersion="true" validFrom="2002-01-01" isUnderConstruction="false" updatesPossible="false" disseminationAllowed="true" lastChangedDate="2006-11-22" showIntranet="true" showInternet="true">
      <TitleGrp>
        <Title xml:lang="nn">Drikkevarer som inneheld alkohol 2002</Title>
        <Title xml:lang="nb">Alkoholholdige drikkevarer 2002</Title>
        <Title xml:lang="en">Beverages containing alcohol 2002</Title>
      </TitleGrp>
      <DescriptionGrp>
        <Description xml:lang="nn">Klassifiseringa er gjort etter ulike avgiftsgrupper innanfor same avgiftstype. Avgiftstype for øl og avgiftstype for vin og brennevin.</Description>
        <Description xml:lang="nb">Klassifiseringen er gjort etter ulike avgiftsgrupper innenfor samme avgiftstype. Avgiftstype for øl og avgiftstype for vin og brennevin.</Description>
        <Description xml:lang="en">The classification is done according to different tax groups within the same tax type. Tax type is either beer or wine and spirits.</Description>
      </DescriptionGrp>
      <IntroductionGrp>
        <Indtroduction xml:lang="nn">Ikkje relevant</Indtroduction>
        <Indtroduction xml:lang="nb">Ikke relevant</Indtroduction>
        <Indtroduction xml:lang="en">Not relevant</Indtroduction>
      </IntroductionGrp>
      <ContactInformation>
        <Person xmlns="http://www.ssb.no/ns/meta/common">snl</Person>
        <Division xmlns="http://www.ssb.no/ns/meta/common">460</Division>
      </ContactInformation>
      <ExternalDocumentGrp>
        <ExternalDocument xml:lang="nn">Ikkje relevant</ExternalDocument>
        <ExternalDocument xml:lang="nb">Ikke relevant</ExternalDocument>
        <ExternalDocument xml:lang="en">Not relevant</ExternalDocument>
      </ExternalDocumentGrp>
      <ChangesGrp>
        <Change xml:lang="nn">Ikkje relevant</Change>
        <Change xml:lang="nb">Ikke relevant</Change>
        <Change xml:lang="en">Not relevant</Change>
      </ChangesGrp>
      <DerivedFromGrp>
        <DerviedFrom xml:lang="nn">Ikkje relevant</DerviedFrom>
        <DerviedFrom xml:lang="nb">Ikke relevant</DerviedFrom>
        <DerviedFrom xml:lang="en">Not relevant</DerviedFrom>
      </DerivedFromGrp>
      <LegalBaseGrp>
        <LegalBase xml:lang="nn">Ikkje relevant</LegalBase>
        <LegalBase xml:lang="nb">Ikke relevant</LegalBase>
        <LegalBase xml:lang="en">Not relevant</LegalBase>
      </LegalBaseGrp>
      <Level levelNumber="1" id="urn:ssb:classlevel:stabas:4538106" codeStructure="9.">
        <TitleGrp>
          <Title xml:lang="nn">Drikkevarer som inneheld alkohol 2002: Drikkevarer som inneheld alkohol</Title>
          <Title xml:lang="nb">Alkoholholdige drikkevarer 2002: Alkoholholdige drikkevarer</Title>
          <Title xml:lang="en">Beverages containing alcohol 2002: Beverages containing alcohol</Title>
        </TitleGrp>
        <CodelistReference>urn:ssb:codelist:stabas:4538106</CodelistReference>
      </Level>
    </ClassificationVersion>
  </ClassificationVersions>
</Classification>