<?xml version="1.0" encoding="utf-8"?>
<Classification xmlns:xsi="http://www.w3.org/2001/XMLSchema-instance" xmlns:xsd="http://www.w3.org/2001/XMLSchema" id="urn:ssb:classification:stabas:4538116" currentVersionId="urn:ssb:classversion:stabas:0" xmlns="http://www.ssb.no/ns/meta/classification">
  <TitleGrp>
    <Title xml:lang="nn">Standard for varegupper - Bensinstasjonar</Title>
    <Title xml:lang="nb">Standard for varegrupper - Bensinstasjoner</Title>
    <Title xml:lang="en">Classification of product groups - Petrol stations</Title>
  </TitleGrp>
  <DescriptionGrp>
    <Description xml:lang="nn">Formålet er å talfeste bensinstasjonanes omsetning av ulike varer og tenester. Inndelinga i varegrupper er gjort i samråd med bransjen.</Description>
    <Description xml:lang="nb">Formålet er å tallfeste bensinstasjonenes omsetning av ulike varer og tjenester. Inndelingen i varegrupper er foretatt i samråd med bransjen.</Description>
    <Description xml:lang="en">The purpose of the statistics is to quantify the turnover of the petrol stations by various goods and services. The classification is done after consultation by the industry.</Description>
  </DescriptionGrp>
  <StatisticalUnitGrp>
    <StatisticalUnit xml:lang="nn">Varegrupper</StatisticalUnit>
    <StatisticalUnit xml:lang="nb">Varegrupper</StatisticalUnit>
    <StatisticalUnit xml:lang="en">Product groups</StatisticalUnit>
  </StatisticalUnitGrp>
  <OwnerGrp>
    <Owner xml:lang="nn">Statistisk sentralbyrå (SSB)</Owner>
    <Owner xml:lang="nb">Statistisk sentralbyrå (SSB)</Owner>
    <Owner xml:lang="en">Statistics Norway (SSB)</Owner>
  </OwnerGrp>
  <SubjectArea>08</SubjectArea>
  <ClassificationVersions>
    <ClassificationVersion id="urn:ssb:classversion:stabas:4538117" isCurrentVersion="true" validFrom="2006-01-01" isUnderConstruction="false" updatesPossible="false" disseminationAllowed="true" lastChangedDate="2008-01-18" showIntranet="true" showInternet="true">
      <TitleGrp>
        <Title xml:lang="nn">Varegupper - Bensinstasjonar 2006</Title>
        <Title xml:lang="nb">Varegrupper - Bensinstasjoner 2006</Title>
        <Title xml:lang="en">Product groups - Petrol stations 2006</Title>
      </TitleGrp>
      <DescriptionGrp>
        <Description xml:lang="nn">Formålet er å talfeste bensinstasjonanes omsetning av ulike varer og tenester. Inndelinga i varegrupper er gjort i samråd med bransjen.</Description>
        <Description xml:lang="nb">Formålet er å tallfeste bensinstasjonenes omsetning av ulike varer og tjenester. Inndelingen i varegrupper er foretatt i samråd med bransjen.</Description>
        <Description xml:lang="en">The purpose of the statistics is to quantify the turnover of the petrol stations by various goods and services. The classification is done after consultation by the industry.</Description>
      </DescriptionGrp>
      <IntroductionGrp>
        <Indtroduction xml:lang="nn">Ikkje relevant</Indtroduction>
        <Indtroduction xml:lang="nb">Ikke relevant</Indtroduction>
        <Indtroduction xml:lang="en">Not relevant</Indtroduction>
      </IntroductionGrp>
      <ContactInformation>
        <Person xmlns="http://www.ssb.no/ns/meta/common">snl</Person>
        <Division xmlns="http://www.ssb.no/ns/meta/common">460</Division>
      </ContactInformation>
      <ExternalDocumentGrp>
        <ExternalDocument xml:lang="nn">Ikkje relevant</ExternalDocument>
        <ExternalDocument xml:lang="nb">Ikke relevant</ExternalDocument>
        <ExternalDocument xml:lang="en">Not relevant</ExternalDocument>
      </ExternalDocumentGrp>
      <ChangesGrp>
        <Change xml:lang="nn">Ikkje relevant</Change>
        <Change xml:lang="nb">Ikke relevant</Change>
        <Change xml:lang="en">Not relevant</Change>
      </ChangesGrp>
      <DerivedFromGrp>
        <DerviedFrom xml:lang="nn">Ikkje relevant</DerviedFrom>
        <DerviedFrom xml:lang="nb">Ikke relevant</DerviedFrom>
        <DerviedFrom xml:lang="en">Not relevant</DerviedFrom>
      </DerivedFromGrp>
      <LegalBaseGrp>
        <LegalBase xml:lang="nn">Ikkje relevant</LegalBase>
        <LegalBase xml:lang="nb">Ikke relevant</LegalBase>
        <LegalBase xml:lang="en">Not relevant</LegalBase>
      </LegalBaseGrp>
      <Level levelNumber="1" id="urn:ssb:classlevel:stabas:4538121" codeStructure="9.">
        <TitleGrp>
          <Title xml:lang="nn">Varegupper - Bensinstasjonar 2006: Varegruppe</Title>
          <Title xml:lang="nb">Varegrupper - Bensinstasjoner 2006: Varegruppe</Title>
          <Title xml:lang="en">Product groups - Petrol stations 2006: Product group</Title>
        </TitleGrp>
        <CodelistReference>urn:ssb:codelist:stabas:4538121</CodelistReference>
      </Level>
    </ClassificationVersion>
  </ClassificationVersions>
</Classification>