<?xml version="1.0" encoding="utf-8"?>
<Classification xmlns:xsi="http://www.w3.org/2001/XMLSchema-instance" xmlns:xsd="http://www.w3.org/2001/XMLSchema" id="urn:ssb:classification:stabas:4548001" currentVersionId="urn:ssb:classversion:stabas:4548002" xmlns="http://www.ssb.no/ns/meta/classification">
  <TitleGrp>
    <Title xml:lang="nn">Standard for klassifisering av plantevernmiddel etter bruksområde</Title>
    <Title xml:lang="nb">Standard for klassifisering av plantevernmiddel etter bruksområde</Title>
    <Title xml:lang="en">Classification of pesticides by function</Title>
  </TitleGrp>
  <DescriptionGrp>
    <Description xml:lang="nn">Standarden klassifiserer plantevernmiddel etter bruksområde, t.d. type skadegjerar midlet skal halde nede.</Description>
    <Description xml:lang="nb">Standarden klassifiserer plantevernmidler etter bruksområde, f.eks. type skadegjører middelet skal bekjempe.</Description>
    <Description xml:lang="en">The standard classifies pesticides by function, e.g. type of harmful organisms to combat.</Description>
  </DescriptionGrp>
  <StatisticalUnitGrp>
    <StatisticalUnit xml:lang="nn">Produkt</StatisticalUnit>
    <StatisticalUnit xml:lang="nb">Produkt</StatisticalUnit>
    <StatisticalUnit xml:lang="en">Product</StatisticalUnit>
  </StatisticalUnitGrp>
  <OwnerGrp>
    <Owner xml:lang="nn">Statistisk sentralbyrå (SSB)</Owner>
    <Owner xml:lang="nb">Statistisk sentralbyrå (SSB)</Owner>
    <Owner xml:lang="en">Statistics Norway (SSB)</Owner>
  </OwnerGrp>
  <SubjectArea>10</SubjectArea>
  <ClassificationVersions>
    <ClassificationVersion id="urn:ssb:classversion:stabas:4548002" isCurrentVersion="true" validFrom="1972-01-01" isUnderConstruction="false" updatesPossible="false" disseminationAllowed="true" lastChangedDate="2006-12-20" showIntranet="true" showInternet="true">
      <TitleGrp>
        <Title xml:lang="nn">Klassifisering av plantevernmiddel etter bruksområde 1972</Title>
        <Title xml:lang="nb">Klassifisering av plantevernmiddel etter bruksområde 1972</Title>
        <Title xml:lang="en">Classification of pesticides by function 1972</Title>
      </TitleGrp>
      <DescriptionGrp>
        <Description xml:lang="nn">Standarden klassifiserer plantevernmiddel etter bruksområde, t.d. type skadegjerar midlet skal halde nede.</Description>
        <Description xml:lang="nb">Standarden klassifiserer plantevernmidler etter bruksområde, f.eks. type skadegjører middelet skal bekjempe.</Description>
        <Description xml:lang="en">The standard classifies pesticides by function, e.g. type of harmful organisms to combat.</Description>
      </DescriptionGrp>
      <IntroductionGrp>
        <Indtroduction xml:lang="nn">Ca. 2000</Indtroduction>
        <Indtroduction xml:lang="nb">Ca. 2000</Indtroduction>
        <Indtroduction xml:lang="en">About 2000</Indtroduction>
      </IntroductionGrp>
      <ContactInformation>
        <Person xmlns="http://www.ssb.no/ns/meta/common">oro</Person>
        <Division xmlns="http://www.ssb.no/ns/meta/common">430</Division>
      </ContactInformation>
      <ExternalDocumentGrp>
        <ExternalDocument xml:lang="nn">Ikkje relevant</ExternalDocument>
        <ExternalDocument xml:lang="nb">Ikke relevant</ExternalDocument>
        <ExternalDocument xml:lang="en">Not relevant</ExternalDocument>
      </ExternalDocumentGrp>
      <ChangesGrp>
        <Change xml:lang="nn">Ikkje relevant</Change>
        <Change xml:lang="nb">Ikke relevant</Change>
        <Change xml:lang="en">Not relevant</Change>
      </ChangesGrp>
      <DerivedFromGrp>
        <DerviedFrom xml:lang="nn">Klassifiseringa byggjer på klassifisering nytta av OECD/FAO/EU, bl.a. dokumentert i "Guidelines for the Collection of Pesticide Usage Statistics within Agriculture and Horticulture" (Eurostat).</DerviedFrom>
        <DerviedFrom xml:lang="nb">Klassifiseringen bygger på klassifisering brukt av OECD/FAO/EU, bl.a. dokumentert i "Guidelines for the Collection of Pesticide Usage Statistics within Agriculture and Horticulture" (Eurostat).</DerviedFrom>
        <DerviedFrom xml:lang="en">The classification is based on classification applied by OECD/FAO/EU, among others presented in "Guidelines for the Collection of Pesticide Usage Statistics within Agriculture and Horticulture" (Eurostat).</DerviedFrom>
      </DerivedFromGrp>
      <LegalBaseGrp>
        <LegalBase xml:lang="nn">Ikkje relevant</LegalBase>
        <LegalBase xml:lang="nb">Ikke relevant</LegalBase>
        <LegalBase xml:lang="en">Not relevant</LegalBase>
      </LegalBaseGrp>
      <Level levelNumber="1" id="urn:ssb:classlevel:stabas:4548006" codeStructure="9.">
        <TitleGrp>
          <Title xml:lang="nn">Klassifisering av plantevernmiddel etter bruksområde 1972: Nivå 1</Title>
          <Title xml:lang="nb">Klassifisering av plantevernmiddel etter bruksområde 1972: Nivå 1</Title>
          <Title xml:lang="en">Classification of pesticides by function 1972: Level 1</Title>
        </TitleGrp>
        <CodelistReference>urn:ssb:codelist:stabas:4548006</CodelistReference>
        <Level levelNumber="2" id="urn:ssb:classlevel:stabas:4548008" codeStructure="9.9.">
          <TitleGrp>
            <Title xml:lang="nn">Klassifisering av plantevernmiddel etter bruksområde 1972: Nivå 2</Title>
            <Title xml:lang="nb">Klassifisering av plantevernmiddel etter bruksområde 1972: Nivå 2</Title>
            <Title xml:lang="en">Classification of pesticides by function 1972: Level 2</Title>
          </TitleGrp>
          <CodelistReference>urn:ssb:codelist:stabas:4548008</CodelistReference>
        </Level>
      </Level>
    </ClassificationVersion>
  </ClassificationVersions>
</Classification>