<?xml version="1.0" encoding="utf-8"?>
<Classification xmlns:xsi="http://www.w3.org/2001/XMLSchema-instance" xmlns:xsd="http://www.w3.org/2001/XMLSchema" id="urn:ssb:classification:stabas:4548026" currentVersionId="urn:ssb:classversion:stabas:4548027" xmlns="http://www.ssb.no/ns/meta/classification">
  <TitleGrp>
    <Title xml:lang="nn">Standard for klassifisering av dyrka og dyrkbar jord tillate omdisponert til andre formål enn jordbruk, etter hovudformål</Title>
    <Title xml:lang="nb">Standard for klassifisering av dyrka og dyrkbar jord tillatt omdisponert til andre formål enn jordbruk, etter hovedformål</Title>
    <Title xml:lang="en">Classification of agricultural land and cultivable land approved transferred to non-agricultural uses, by main purpose</Title>
  </TitleGrp>
  <DescriptionGrp>
    <Description xml:lang="nn">Standarden klassifiserer dyrka og dyrkbar jord tillate omdisponert til andre formål enn jordbruk etter jordlova og etter plan- og bygningslova, etter hovudformålet med omdisponeringa. Dyrka jord er synonymt med jordbruksareal, og dyrka og dyrkbar jord blir definert i samsvar med jordbruksareal og dyrkingsjord i Økonomisk kartverk. Inndelinga etter hovudformål følgjer i hovudsak inndelinga gitt i § 25 i plan- og bygningslova.</Description>
    <Description xml:lang="nb">Standarden klassifiserer dyrka og dyrkbar jord tillatt omdisponert til andre formål enn jordbruk etter jordloven og etter plan- og bygningsloven, etter hovedformålet med omdisponeringa. Dyrka jord er synonymt med jordbruksareal, og dyrka og dyrkbar jord defineres i henhold til jordbruksareal og dyrkningsjord i Økonomisk kartverk. Inndelingen etter hovedformål følger i hovedsak inndelingen gitt i § 25 i plan- og bygningsloven.</Description>
    <Description xml:lang="en">The standard classifies agricultural land and cultivable land approved transferred to non-agricultural uses pursuant to the Agricultural Land's Act and the Plan and Building Act, by main purpose of the transfer. Agricultural land and cultivable land are defined according to the land classification system in the Norwegian general map series. The division by main purpose mainly follows the division stated in § 25 in the Plan and Building Act.</Description>
  </DescriptionGrp>
  <StatisticalUnitGrp>
    <StatisticalUnit xml:lang="nn">Areal</StatisticalUnit>
    <StatisticalUnit xml:lang="nb">Areal</StatisticalUnit>
    <StatisticalUnit xml:lang="en">Area</StatisticalUnit>
  </StatisticalUnitGrp>
  <OwnerGrp>
    <Owner xml:lang="nn">Statisktisk sentralbyrå (SSB)</Owner>
    <Owner xml:lang="nb">Statisktisk sentralbyrå (SSB)</Owner>
    <Owner xml:lang="en">Statistics Norway (SSB)</Owner>
  </OwnerGrp>
  <SubjectArea>10</SubjectArea>
  <ClassificationVersions>
    <ClassificationVersion id="urn:ssb:classversion:stabas:4548027" isCurrentVersion="true" validFrom="2006-01-01" isUnderConstruction="false" updatesPossible="false" disseminationAllowed="true" lastChangedDate="2006-12-20" showIntranet="true" showInternet="true">
      <TitleGrp>
        <Title xml:lang="nn">Klassifisering av dyrka og dyrkbar jord tillate omdisponert til andre formål enn jordbruk, etter hovudformål  2006</Title>
        <Title xml:lang="nb">Klassifisering av dyrka og dyrkbar jord tillatt omdisponert til andre formål enn jordbruk, etter hovedformål  2006</Title>
        <Title xml:lang="en">Classification of agricultural land and cultivable land approved transferred to non-agricultural uses, by main purpose  2006</Title>
      </TitleGrp>
      <DescriptionGrp>
        <Description xml:lang="nn">Standarden klassifiserer dyrka og dyrkbar jord tillate omdisponert til andre formål enn jordbruk etter jordlova og etter plan- og bygningslova, etter hovudformålet med omdisponeringa. Dyrka jord er synonymt med jordbruksareal, og dyrka og dyrkbar jord blir definert i samsvar med jordbruksareal og dyrkingsjord i Økonomisk kartverk. Inndelinga etter hovudformål følgjer i hovudsak inndelinga gitt i § 25 i plan- og bygningslova.</Description>
        <Description xml:lang="nb">Standarden klassifiserer dyrka og dyrkbar jord tillatt omdisponert til andre formål enn jordbruk etter jordloven og etter plan- og bygningsloven, etter hovedformålet med omdisponeringa. Dyrka jord er synonymt med jordbruksareal, og dyrka og dyrkbar jord defineres i henhold til jordbruksareal og dyrkningsjord i Økonomisk kartverk. Inndelingen etter hovedformål følger i hovedsak inndelingen gitt i § 25 i plan- og bygningsloven.</Description>
        <Description xml:lang="en">The standard classifies agricultural land and cultivable land approved transferred to non-agricultural uses pursuant to the Agricultural Land's Act and the Plan and Building Act, by main purpose of the transfer. Agricultural land and cultivable land are defined according to the land classification system in the Norwegian general map series.The division by main purpose mainly follows the division stated in § 25 in the Plan and Building Act.</Description>
      </DescriptionGrp>
      <IntroductionGrp>
        <Indtroduction xml:lang="nn">2005</Indtroduction>
        <Indtroduction xml:lang="nb">2005</Indtroduction>
        <Indtroduction xml:lang="en">2005</Indtroduction>
      </IntroductionGrp>
      <ContactInformation>
        <Person xmlns="http://www.ssb.no/ns/meta/common">oro</Person>
        <Division xmlns="http://www.ssb.no/ns/meta/common">430</Division>
      </ContactInformation>
      <ExternalDocumentGrp>
        <ExternalDocument xml:lang="nn">Ikkje relevant</ExternalDocument>
        <ExternalDocument xml:lang="nb">Ikke relevant</ExternalDocument>
        <ExternalDocument xml:lang="en">Not relevant</ExternalDocument>
      </ExternalDocumentGrp>
      <ChangesGrp>
        <Change xml:lang="nn">Før 2005 blei det nytta ei noko anna inndeling for jord omdisponert etter jordlova, medan jord omdisponert etter plan- og bygningslova ikkje blei klassifisert etter hovudformål.</Change>
        <Change xml:lang="nb">Før 2005 ble det benyttet en noe annen inndeling for jord omdisponert etter jordloven, mens jord omdisponert etter plan- og bygningsloven ikke ble klassifisert etter formål.</Change>
        <Change xml:lang="en">Before 2005, a slightly different classification was applied for land transferred pursuant to the Agricultural Land's Act, while land transferred pursuant to the Plan and Building Act was not at all classified by purpose.</Change>
      </ChangesGrp>
      <DerivedFromGrp>
        <DerviedFrom xml:lang="nn">Klassifiseringa blei innført på skjema 32 Forvaltning av landbruksareal i KOSTRA 2005 (kommune-stat-rapportering).</DerviedFrom>
        <DerviedFrom xml:lang="nb">Klassifiseringen ble innført på skjema 32 Forvaltning av landbruksarealer i KOSTRA 2005 (kommune-stat-rapportering).</DerviedFrom>
        <DerviedFrom xml:lang="en">The present classification was introduced in Questionnaire 32 Local Administration of Agricultural Areas in 2005 (Municipality-State-Reporting).</DerviedFrom>
      </DerivedFromGrp>
      <LegalBaseGrp>
        <LegalBase xml:lang="nn">Ikkje relevant</LegalBase>
        <LegalBase xml:lang="nb">Ikke relevant</LegalBase>
        <LegalBase xml:lang="en">Not relevant</LegalBase>
      </LegalBaseGrp>
      <Level levelNumber="1" id="urn:ssb:classlevel:stabas:4548031" codeStructure="9.">
        <TitleGrp>
          <Title xml:lang="nn">Klassifisering av dyrka og dyrkbar jord tillate omdisponert til andre formål enn jordbruk, etter hovudformål  2006: Nivå 1</Title>
          <Title xml:lang="nb">Klassifisering av dyrka og dyrkbar jord tillatt omdisponert til andre formål enn jordbruk, etter hovedformål  2006: Nivå 1</Title>
          <Title xml:lang="en">Classification of agricultural land and cultivable land approved transferred to non-agricultural uses, by main purpose  2006: Level 1</Title>
        </TitleGrp>
        <CodelistReference>urn:ssb:codelist:stabas:4548031</CodelistReference>
        <Level levelNumber="2" id="urn:ssb:classlevel:stabas:4548033" codeStructure="9.9.">
          <TitleGrp>
            <Title xml:lang="nn">Klassifisering av dyrka og dyrkbar jord tillate omdisponert til andre formål enn jordbruk, etter hovudformål  2006: Nivå 2</Title>
            <Title xml:lang="nb">Klassifisering av dyrka og dyrkbar jord tillatt omdisponert til andre formål enn jordbruk, etter hovedformål  2006: Nivå 2</Title>
            <Title xml:lang="en">Classification of agricultural land and cultivable land approved transferred to non-agricultural uses, by main purpose  2006: Level 2</Title>
          </TitleGrp>
          <CodelistReference>urn:ssb:codelist:stabas:4548033</CodelistReference>
        </Level>
      </Level>
    </ClassificationVersion>
  </ClassificationVersions>
</Classification>