<?xml version="1.0" encoding="utf-8"?>
<Classification xmlns:xsi="http://www.w3.org/2001/XMLSchema-instance" xmlns:xsd="http://www.w3.org/2001/XMLSchema" id="urn:ssb:classification:stabas:4636101" currentVersionId="urn:ssb:classversion:stabas:4636102" xmlns="http://www.ssb.no/ns/meta/classification">
  <TitleGrp>
    <Title xml:lang="nn">Standard for institusjonar / GAB</Title>
    <Title xml:lang="nb">Standard for institusjoner / GAB</Title>
    <Title xml:lang="en">Classification of institutions / GAB</Title>
  </TitleGrp>
  <DescriptionGrp>
    <Description xml:lang="nn">Detaljering av helsebygg frå GAB. Brukas i helsestatistikk.</Description>
    <Description xml:lang="nb">Detaljering av helsebygg fra GAB. Brukes i helsestatistikk</Description>
    <Description xml:lang="en">Detailed for building of health institutions from Norwegian Mapping Authority. Used in healthstatistics.</Description>
  </DescriptionGrp>
  <StatisticalUnitGrp>
    <StatisticalUnit xml:lang="nn">Institusjonar</StatisticalUnit>
    <StatisticalUnit xml:lang="nb">Institusjoner</StatisticalUnit>
    <StatisticalUnit xml:lang="en">Institutions</StatisticalUnit>
  </StatisticalUnitGrp>
  <OwnerGrp>
    <Owner xml:lang="nn">Statistisk sentralbyrå</Owner>
    <Owner xml:lang="nb">Statistisk sentralbyrå</Owner>
    <Owner xml:lang="en">Statistics Norway</Owner>
  </OwnerGrp>
  <SubjectArea>10</SubjectArea>
  <ClassificationVersions>
    <ClassificationVersion id="urn:ssb:classversion:stabas:4636102" isCurrentVersion="true" validFrom="2006-01-01" isUnderConstruction="false" updatesPossible="false" disseminationAllowed="true" lastChangedDate="2008-04-22" showIntranet="true" showInternet="true">
      <TitleGrp>
        <Title xml:lang="nn">Institusjonar</Title>
        <Title xml:lang="nb">Institusjonstyper</Title>
        <Title xml:lang="en">Institutions</Title>
      </TitleGrp>
      <DescriptionGrp>
        <Description xml:lang="nn">For produksjon av helsestatistikk er det nødvendig med ei inndeling av institusjonstypane slik dei er definerte i helselovgivinga. For kommunale helse- og omsorgstenester gjeld dette kommunehelsetenesteloven, som relaterer seg til sjukeheimar og buformer med pleie heile døgnet, dei andre kommunale institusjonstypane blir relaterte til sosialtenesteloven.</Description>
        <Description xml:lang="nb">For produksjon av helsestatistikk er det nødvendig med en inndeling av institusjonstyper slik de er definert i helselovgivningen. For kommunale helse- og omsorgstjenester gjelder dette kommunehelsetjenesteloven, som relaterer seg til sykehjem og boform med heldøgns pleie, de øvrige kommunale institusjonstyper relateres til sosialtjenesteloven.</Description>
        <Description xml:lang="en">The production of health statistics requires that the various types of institutions are divided according to definitions in the Norwegian health legislation. Municipal health and care services are covered by the Act relating to the municipal health services, which relates to nursing homes and dwellings with 24 hour care, whereas other municipal institutions are covered by the Act relating to social services.</Description>
      </DescriptionGrp>
      <IntroductionGrp>
        <Indtroduction xml:lang="nn">Ikkje relevant</Indtroduction>
        <Indtroduction xml:lang="nb">Ikke relevant</Indtroduction>
        <Indtroduction xml:lang="en">Not relevant</Indtroduction>
      </IntroductionGrp>
      <ContactInformation>
        <Person xmlns="http://www.ssb.no/ns/meta/common">bsu</Person>
        <Division xmlns="http://www.ssb.no/ns/meta/common">330</Division>
      </ContactInformation>
      <ExternalDocumentGrp>
        <ExternalDocument xml:lang="nn">Ikkje relevant</ExternalDocument>
        <ExternalDocument xml:lang="nb">Ikke relevant</ExternalDocument>
        <ExternalDocument xml:lang="en">Not relevant</ExternalDocument>
      </ExternalDocumentGrp>
      <ChangesGrp>
        <Change xml:lang="nn">Ikkje relevant</Change>
        <Change xml:lang="nb">Ikke relevant</Change>
        <Change xml:lang="en">Not relevant</Change>
      </ChangesGrp>
      <DerivedFromGrp>
        <DerviedFrom xml:lang="nn">Ikkje relevant</DerviedFrom>
        <DerviedFrom xml:lang="nb">Ikke relevant</DerviedFrom>
        <DerviedFrom xml:lang="en">Not relevant</DerviedFrom>
      </DerivedFromGrp>
      <LegalBaseGrp>
        <LegalBase xml:lang="nn">Ikkje relevant</LegalBase>
        <LegalBase xml:lang="nb">Ikke relevant</LegalBase>
        <LegalBase xml:lang="en">Not relevant</LegalBase>
      </LegalBaseGrp>
      <Level levelNumber="1" id="urn:ssb:classlevel:stabas:4636106" codeStructure="999">
        <TitleGrp>
          <Title xml:lang="nn">Institusjonar</Title>
          <Title xml:lang="nb">Institusjonstyper: Nivå 1</Title>
          <Title xml:lang="en">Institutions</Title>
        </TitleGrp>
        <CodelistReference>urn:ssb:codelist:stabas:4636106</CodelistReference>
        <Level levelNumber="2" id="urn:ssb:classlevel:stabas:4636108" codeStructure="99">
          <TitleGrp>
            <Title xml:lang="nn">Institusjonar</Title>
            <Title xml:lang="nb">Institusjonstyper: Nivå 2</Title>
            <Title xml:lang="en">Institutions</Title>
          </TitleGrp>
          <CodelistReference>urn:ssb:codelist:stabas:4636108</CodelistReference>
        </Level>
      </Level>
    </ClassificationVersion>
  </ClassificationVersions>
</Classification>