<?xml version="1.0" encoding="utf-8"?>
<Classification xmlns:xsi="http://www.w3.org/2001/XMLSchema-instance" xmlns:xsd="http://www.w3.org/2001/XMLSchema" id="urn:ssb:classification:stabas:4714001" currentVersionId="urn:ssb:classversion:stabas:8890101" xmlns="http://www.ssb.no/ns/meta/classification">
  <TitleGrp>
    <Title xml:lang="nn">Standard for kodetype (NUS)</Title>
    <Title xml:lang="nb">Standard for kodetype (NUS)</Title>
    <Title xml:lang="en">Classification for Type of code (NUS)</Title>
  </TitleGrp>
  <DescriptionGrp>
    <Description xml:lang="nn">Kodetype beskriv om NUS-koden er ein kode for enkeltutdanning eller ein samlekode. Samlekode: Kan bestå av fleire utdanningsaktivitetar på forskjellige klassetrinn og med forskjellig tidslengd. Enkeltutdanning: Utdanningsaktivitetar som har felles fagkrins/fagleg innhald, klassetrinn og tidslengd. For meir informasjon, sjå pkt. 3.2.1. i NOS C 676 (under publikasjonar).
</Description>
    <Description xml:lang="nb">Kodetype beskriver hvorvidt NUS-koden er en kode for enkeltutdanning eller en samlekode. Samlekode: Kan bestå av flere utdanningsaktiviteter på ulike klassetrinn og med ulik varighet. Enkeltutdanning: Utdanningsaktiviteter med likhet i fagkrets/faglig innhold, klassetrinn og varighet. For mer informasjon, se pkt. 3.2.1. i NOS C 617  (under publikasjoner).
</Description>
    <Description xml:lang="en">Type of code describes whether the NUS2000 code is a code for individual educational programmes or an aggregate code. Aggregate codes consist of several educational activities at different class levels and/or duration. Individual educational programmes are educational activities with a similar range of subjects/subject content, class level and duration. For more information, see 3.2.1. in NOS C 751 (under publications).
</Description>
  </DescriptionGrp>
  <StatisticalUnitGrp>
    <StatisticalUnit xml:lang="nn">Utdanningsaktivitetar som har ei ramme som er innretta mot ei systematisk formidling av kunnskapar og dugleik, og som varer ei viss tid.</StatisticalUnit>
    <StatisticalUnit xml:lang="nb">Utdanningsaktiviteter som har en formell skolemessig ramme, innrettet mot en systematisk formidling av kunnskap og ferdigheter, og som har en viss lengde.</StatisticalUnit>
    <StatisticalUnit xml:lang="en">Educational activities that take place within the official education system, i.e. educational activities that have a formal academic framework and a predefined duration.</StatisticalUnit>
  </StatisticalUnitGrp>
  <OwnerGrp>
    <Owner xml:lang="nn">Statistisk sentralbyrå (SSB)</Owner>
    <Owner xml:lang="nb">Statistisk sentralbyrå (SSB)</Owner>
    <Owner xml:lang="en">Statistics Norway</Owner>
  </OwnerGrp>
  <SubjectArea>04</SubjectArea>
  <ClassificationVersions>
    <ClassificationVersion id="urn:ssb:classversion:stabas:8890101" isCurrentVersion="true" validFrom="2014-01-01" validTo="2015-11-09" isUnderConstruction="false" updatesPossible="false" disseminationAllowed="true" lastChangedDate="2015-12-14" showIntranet="true" showInternet="true">
      <TitleGrp>
        <Title xml:lang="nn">Kodetype (NUS 2014/1)</Title>
        <Title xml:lang="nb">Kodetype (NUS 2014/1) ugyldig f.o.m. 9. nov 2015</Title>
        <Title xml:lang="en">Type of code (NUS 2014/1)</Title>
      </TitleGrp>
      <DescriptionGrp>
        <Description xml:lang="nn">Versjon  2014_1 er ikkje lenger gyldig, for oppdatert versjon av Norsk standard for utdanningsgruppering sjå: http://www.ssb.no/utdanning/norsk-standard-for-utdanningsgruppering
Kodetype beskriv om NUS-koden er ein kode for enkeltutdanning eller ein samlekode. Samlekode: Kan bestå av fleire utdanningsaktivitetar på forskjellige klassetrinn og med forskjellig tidslengd. Enkeltutdanning: Utdanningsaktivitetar som har felles fagkrins/fagleg innhald, klassetrinn og tidslengd.</Description>
        <Description xml:lang="nb">Versjon  2014_1 er ikke lenger gyldig, for oppdatert versjon av Norsk standard for utdanningsgruppering se: http://www.ssb.no/utdanning/norsk-standard-for-utdanningsgruppering
Kodetype beskriver hvorvidt NUS-koden er en kode for enkeltutdanning eller en samlekode. Samlekode: Kan bestå av flere utdanningsaktiviteter på ulike klassetrinn og med ulik varighet. Enkeltutdanning: Utdanningsaktiviteter med likhet i fagkrets/faglig innhold, klassetrinn og varighet. </Description>
        <Description xml:lang="en">NUS 2014/1 is available including 8 November 2015. The new version, applicable from 9 November 2015, is not available in Database for Standard Classifications.
The new version is available here: http://www.ssb.no/utdanning/norsk-standard-for-utdanningsgruppering
Type of code describes whether the NUS2000 code is a code for individual educational programmes or an aggregate code. Aggregate codes consist of several educational activities at different class levels and/or duration. Individual educational programmes are educational activities with a similar range of subjects/subject content, class level and duration.</Description>
      </DescriptionGrp>
      <IntroductionGrp>
        <Indtroduction xml:lang="nn">NUS2000 inneheld, i tillegg til den sekssifra NUS-koden, også andre kodar knytte til utdanning. Kodetype er ei slik gruppering. Desse supplerer NUS2000-standarden, men har, med unntak av ISCED97, ikkje status som offisielle standardar i SSB.</Indtroduction>
        <Indtroduction xml:lang="nb">NUS2000 inneholder, i tillegg til den sekssifrede NUS-koden, også andre koder knyttet til utdanning. Kodetype er en slik gruppering. Disse supplerer NUS2000-standarden, men har, med unntak av ISCED97, ikke status som offisielle standarder i SSB.</Indtroduction>
        <Indtroduction xml:lang="en">In addition to the six digit NUS code, NUS2000 also consist of other codes concerning education. Type of code is such a classification. These codes supplement the NUS2000 standard, but with exception from ISCED97, they do not have status as official standards in Statistics Norway.</Indtroduction>
      </IntroductionGrp>
      <ContactInformation>
        <Person xmlns="http://www.ssb.no/ns/meta/common">gki</Person>
        <Division xmlns="http://www.ssb.no/ns/meta/common">360</Division>
      </ContactInformation>
      <ExternalDocumentGrp>
        <ExternalDocument xml:lang="nn">http://www.ssb.no/utdanning/norsk-standard-for-utdanningsgruppering</ExternalDocument>
        <ExternalDocument xml:lang="nb">http://www.ssb.no/utdanning/norsk-standard-for-utdanningsgruppering</ExternalDocument>
        <ExternalDocument xml:lang="en">http://www.ssb.no/utdanning/norsk-standard-for-utdanningsgruppering</ExternalDocument>
      </ExternalDocumentGrp>
      <ChangesGrp>
        <Change xml:lang="nn">Ikkje relevant</Change>
        <Change xml:lang="nb">Ikke relevant</Change>
        <Change xml:lang="en">Not relevant</Change>
      </ChangesGrp>
      <DerivedFromGrp>
        <DerviedFrom xml:lang="nn">Ikkje relevant</DerviedFrom>
        <DerviedFrom xml:lang="nb">Ikke relevant</DerviedFrom>
        <DerviedFrom xml:lang="en">Not relevant</DerviedFrom>
      </DerivedFromGrp>
      <LegalBaseGrp>
        <LegalBase xml:lang="nn">Ikkje relevant</LegalBase>
        <LegalBase xml:lang="nb">Ikke relevant</LegalBase>
        <LegalBase xml:lang="en">Not relevant</LegalBase>
      </LegalBaseGrp>
      <Level levelNumber="1" id="urn:ssb:classlevel:stabas:8890103" codeStructure="9">
        <TitleGrp>
          <Title xml:lang="nn">Kodetype (NUS 2014/1): Kodetype</Title>
          <Title xml:lang="nb">Kodetype (NUS 2014/1) ugyldig f.o.m. 9. nov 2015: Kodetype</Title>
          <Title xml:lang="en">Type of code (NUS 2014/1): Code Type</Title>
        </TitleGrp>
        <CodelistReference>urn:ssb:codelist:stabas:8890103</CodelistReference>
        <Level levelNumber="2" id="urn:ssb:classlevel:stabas:8890105" codeStructure="999999">
          <TitleGrp>
            <Title xml:lang="nn">Kodetype (NUS 2014/1): Utdanningskode</Title>
            <Title xml:lang="nb">Kodetype (NUS 2014/1) ugyldig f.o.m. 9. nov 2015: Utdanningskode</Title>
            <Title xml:lang="en">Type of code (NUS 2014/1): Education code</Title>
          </TitleGrp>
          <CodelistReference>urn:ssb:codelist:stabas:8890105</CodelistReference>
        </Level>
      </Level>
    </ClassificationVersion>
    <ClassificationVersion id="urn:ssb:classversion:stabas:8744101" isCurrentVersion="false" validFrom="2013-07-01" validTo="2013-12-31" isUnderConstruction="false" updatesPossible="false" disseminationAllowed="true" lastChangedDate="2014-01-01" showIntranet="true" showInternet="true">
      <TitleGrp>
        <Title xml:lang="nn">Kodetype (NUS 2013/2)</Title>
        <Title xml:lang="nb">Kodetype (NUS 2013/2)</Title>
        <Title xml:lang="en">Type of code (NUS 2013/2)</Title>
      </TitleGrp>
      <DescriptionGrp>
        <Description xml:lang="nn">Kodetype beskriv om NUS-koden er ein kode for enkeltutdanning eller ein samlekode. Samlekode: Kan bestå av fleire utdanningsaktivitetar på forskjellige klassetrinn og med forskjellig tidslengd. Enkeltutdanning: Utdanningsaktivitetar som har felles fagkrins/fagleg innhald, klassetrinn og tidslengd. 
For meir informasjon, sjå pkt. 3.2.1. i NOS C 676 (under publikasjonar).</Description>
        <Description xml:lang="nb">Kodetype beskriver hvorvidt NUS-koden er en kode for enkeltutdanning eller en samlekode. Samlekode: Kan bestå av flere utdanningsaktiviteter på ulike klassetrinn og med ulik varighet. Enkeltutdanning: Utdanningsaktiviteter med likhet i fagkrets/faglig innhold, klassetrinn og varighet. For mer informasjon, se pkt. 3.2.1. i NOS C 617  (under publikasjoner).</Description>
        <Description xml:lang="en">Type of code describes whether the NUS2000 code is a code for individual educational programmes or an aggregate code. Aggregate codes consist of several educational activities at different class levels and/or duration. Individual educational programmes are educational activities with a similar range of subjects/subject content, class level and duration. For more information, see 3.2.1. in NOS C 751 (under publications).
</Description>
      </DescriptionGrp>
      <IntroductionGrp>
        <Indtroduction xml:lang="nn">NUS2000 inneheld, i tillegg til den sekssifra NUS-koden, også andre kodar knytte til utdanning. Kodetype er ei slik gruppering. Desse supplerer NUS2000-standarden, men har, med unntak av ISCED97, ikkje status som offisielle standardar i SSB.</Indtroduction>
        <Indtroduction xml:lang="nb">NUS2000 inneholder, i tillegg til den sekssifrede NUS-koden, også andre koder knyttet til utdanning. Kodetype er en slik gruppering. Disse supplerer NUS2000-standarden, men har, med unntak av ISCED97, ikke status som offisielle standarder i SSB.</Indtroduction>
        <Indtroduction xml:lang="en">In addition to the six digit NUS code, NUS2000 also consist of other codes concerning education. Type of code is such a classification. These codes supplement the NUS2000 standard, but with exception from ISCED97, they do not have status as official standards in Statistics Norway.</Indtroduction>
      </IntroductionGrp>
      <ContactInformation>
        <Person xmlns="http://www.ssb.no/ns/meta/common">gki</Person>
        <Division xmlns="http://www.ssb.no/ns/meta/common">360</Division>
      </ContactInformation>
      <ExternalDocumentGrp>
        <ExternalDocument xml:lang="nn">NOS C 676   http://www.ssb.no/emner/04/90/nos_c617/nos_c676.pdf</ExternalDocument>
        <ExternalDocument xml:lang="nb">NOS C 617   http://www.ssb.no/emner/04/90/nos_c617/nos_c617.pdf</ExternalDocument>
        <ExternalDocument xml:lang="en">http://www.ssb.no/english/subjects/04/90/nos_c751_en/nos_c751_en.pdf</ExternalDocument>
      </ExternalDocumentGrp>
      <ChangesGrp>
        <Change xml:lang="nn">Ikkje relevant</Change>
        <Change xml:lang="nb">Ikke relevant</Change>
        <Change xml:lang="en">Not relevant</Change>
      </ChangesGrp>
      <DerivedFromGrp>
        <DerviedFrom xml:lang="nn">Ikkje relevant</DerviedFrom>
        <DerviedFrom xml:lang="nb">Ikke relevant</DerviedFrom>
        <DerviedFrom xml:lang="en">Not relevant</DerviedFrom>
      </DerivedFromGrp>
      <LegalBaseGrp>
        <LegalBase xml:lang="nn">Ikkje relevant</LegalBase>
        <LegalBase xml:lang="nb">Ikke relevant</LegalBase>
        <LegalBase xml:lang="en">Not relevant</LegalBase>
      </LegalBaseGrp>
      <Level levelNumber="1" id="urn:ssb:classlevel:stabas:8744103" codeStructure="9">
        <TitleGrp>
          <Title xml:lang="nn">Kodetype (NUS 2013/2): Kodetype</Title>
          <Title xml:lang="nb">Kodetype (NUS 2013/2): Kodetype</Title>
          <Title xml:lang="en">Type of code (NUS 2013/2): Code Type</Title>
        </TitleGrp>
        <CodelistReference>urn:ssb:codelist:stabas:8744103</CodelistReference>
        <Level levelNumber="2" id="urn:ssb:classlevel:stabas:8744105" codeStructure="999999">
          <TitleGrp>
            <Title xml:lang="nn">Kodetype (NUS 2013/2): Utdanningskode</Title>
            <Title xml:lang="nb">Kodetype (NUS 2013/2): Utdanningskode</Title>
            <Title xml:lang="en">Type of code (NUS 2013/2): Education code</Title>
          </TitleGrp>
          <CodelistReference>urn:ssb:codelist:stabas:8744105</CodelistReference>
        </Level>
      </Level>
    </ClassificationVersion>
    <ClassificationVersion id="urn:ssb:classversion:stabas:8514201" isCurrentVersion="false" validFrom="2013-01-01" validTo="2013-06-30" isUnderConstruction="false" updatesPossible="false" disseminationAllowed="true" lastChangedDate="2013-07-01" showIntranet="true" showInternet="true">
      <TitleGrp>
        <Title xml:lang="nn">Kodetype (NUS 2013/1)</Title>
        <Title xml:lang="nb">Kodetype (NUS 2013/1)</Title>
        <Title xml:lang="en">Type of code (NUS 2013/1)</Title>
      </TitleGrp>
      <DescriptionGrp>
        <Description xml:lang="nn">Kodetype beskriv om NUS-koden er ein kode for enkeltutdanning eller ein samlekode. Samlekode: Kan bestå av fleire utdanningsaktivitetar på forskjellige klassetrinn og med forskjellig tidslengd. Enkeltutdanning: Utdanningsaktivitetar som har felles fagkrins/fagleg innhald, klassetrinn og tidslengd. 
For meir informasjon, sjå pkt. 3.2.1. i NOS C 676 (under publikasjonar).
</Description>
        <Description xml:lang="nb">Kodetype beskriver hvorvidt NUS-koden er en kode for enkeltutdanning eller en samlekode. Samlekode: Kan bestå av flere utdanningsaktiviteter på ulike klassetrinn og med ulik varighet. Enkeltutdanning: Utdanningsaktiviteter med likhet i fagkrets/faglig innhold, klassetrinn og varighet. For mer informasjon, se pkt. 3.2.1. i NOS C 617  (under publikasjoner).</Description>
        <Description xml:lang="en">Type of code describes whether the NUS2000 code is a code for individual educational programmes or an aggregate code. Aggregate codes consist of several educational activities at different class levels and/or duration. Individual educational programmes are educational activities with a similar range of subjects/subject content, class level and duration. For more information, see 3.2.1. in NOS C 751 (under publications)
</Description>
      </DescriptionGrp>
      <IntroductionGrp>
        <Indtroduction xml:lang="nn">NUS2000 inneheld, i tillegg til den sekssifra NUS-koden, også andre kodar knytte til utdanning. Kodetype er ei slik gruppering. Desse supplerer NUS2000-standarden, men har, med unntak av ISCED97, ikkje status som offisielle standardar i SSB. </Indtroduction>
        <Indtroduction xml:lang="nb">NUS2000 inneholder, i tillegg til den sekssifrede NUS-koden, også andre koder knyttet til utdanning. Kodetype er en slik gruppering. Disse supplerer NUS2000-standarden, men har, med unntak av ISCED97, ikke status som offisielle standarder i SSB.</Indtroduction>
        <Indtroduction xml:lang="en">In addition to the six digit NUS code, NUS2000 also consist of other codes concerning education. Type of code is such a classification. These codes supplement the NUS2000 standard, but with exception from ISCED97, they do not have status as official standards in Statistics Norway.</Indtroduction>
      </IntroductionGrp>
      <ContactInformation>
        <Person xmlns="http://www.ssb.no/ns/meta/common">gki</Person>
        <Division xmlns="http://www.ssb.no/ns/meta/common">360</Division>
      </ContactInformation>
      <ExternalDocumentGrp>
        <ExternalDocument xml:lang="nn">NOS C 676   http://www.ssb.no/emner/04/90/nos_c617/nos_c676.pdf</ExternalDocument>
        <ExternalDocument xml:lang="nb">NOS C 617   http://www.ssb.no/emner/04/90/nos_c617/nos_c617.pdf</ExternalDocument>
        <ExternalDocument xml:lang="en">http://www.ssb.no/english/subjects/04/90/nos_c751_en/nos_c751_en.pdf</ExternalDocument>
      </ExternalDocumentGrp>
      <ChangesGrp>
        <Change xml:lang="nn">Ikkje relevant</Change>
        <Change xml:lang="nb">Ikke relevant</Change>
        <Change xml:lang="en">Not relevant</Change>
      </ChangesGrp>
      <DerivedFromGrp>
        <DerviedFrom xml:lang="nn">Ikkje relevant</DerviedFrom>
        <DerviedFrom xml:lang="nb">Ikke relevant</DerviedFrom>
        <DerviedFrom xml:lang="en">Not relevant</DerviedFrom>
      </DerivedFromGrp>
      <LegalBaseGrp>
        <LegalBase xml:lang="nn">Ikkje relevant</LegalBase>
        <LegalBase xml:lang="nb">Ikke relevant</LegalBase>
        <LegalBase xml:lang="en">Not relevant</LegalBase>
      </LegalBaseGrp>
      <Level levelNumber="1" id="urn:ssb:classlevel:stabas:8514203" codeStructure="9">
        <TitleGrp>
          <Title xml:lang="nn">Kodetype (NUS 2013/1): Kodetype</Title>
          <Title xml:lang="nb">Kodetype (NUS 2013/1): Kodetype</Title>
          <Title xml:lang="en">Type of code (NUS 2013/1): Code Type</Title>
        </TitleGrp>
        <CodelistReference>urn:ssb:codelist:stabas:8514203</CodelistReference>
        <Level levelNumber="2" id="urn:ssb:classlevel:stabas:8514205" codeStructure="999999">
          <TitleGrp>
            <Title xml:lang="nn">Kodetype (NUS 2013/1): Utdanningskode</Title>
            <Title xml:lang="nb">Kodetype (NUS 2013/1): Utdanningskode</Title>
            <Title xml:lang="en">Type of code (NUS 2013/1): Education code</Title>
          </TitleGrp>
          <CodelistReference>urn:ssb:codelist:stabas:8514205</CodelistReference>
        </Level>
      </Level>
    </ClassificationVersion>
    <ClassificationVersion id="urn:ssb:classversion:stabas:8390001" isCurrentVersion="false" validFrom="2012-07-01" validTo="2012-12-31" isUnderConstruction="false" updatesPossible="false" disseminationAllowed="true" lastChangedDate="2013-01-09" showIntranet="true" showInternet="true">
      <TitleGrp>
        <Title xml:lang="nn">Kodetype (NUS 2012/2)</Title>
        <Title xml:lang="nb">Kodetype (NUS 2012/2)</Title>
        <Title xml:lang="en">Type of code (NUS 2012/2)</Title>
      </TitleGrp>
      <DescriptionGrp>
        <Description xml:lang="nn">Kodetype beskriv om NUS-koden er ein kode for enkeltutdanning eller ein samlekode. Samlekode: Kan bestå av fleire utdanningsaktivitetar på forskjellige klassetrinn og med forskjellig tidslengd. Enkeltutdanning: Utdanningsaktivitetar som har felles fagkrins/fagleg innhald, klassetrinn og tidslengd. 
For meir informasjon, sjå pkt. 3.2.1. i NOS C 676 (under publikasjonar).
</Description>
        <Description xml:lang="nb">Kodetype beskriver hvorvidt NUS-koden er en kode for enkeltutdanning eller en samlekode. Samlekode: Kan bestå av flere utdanningsaktiviteter på ulike klassetrinn og med ulik varighet. Enkeltutdanning: Utdanningsaktiviteter med likhet i fagkrets/faglig innhold, klassetrinn og varighet. For mer informasjon, se pkt. 3.2.1. i NOS C 617  (under publikasjoner).</Description>
        <Description xml:lang="en">Type of code describes whether the NUS2000 code is a code for individual educational programmes or an aggregate code. Aggregate codes consist of several educational activities at different class levels and/or duration. Individual educational programmes are educational activities with a similar range of subjects/subject content, class level and duration. For more information, see 3.2.1. in NOS C 751 (under publications).</Description>
      </DescriptionGrp>
      <IntroductionGrp>
        <Indtroduction xml:lang="nn">NUS2000 inneheld, i tillegg til den sekssifra NUS-koden, også andre kodar knytte til utdanning. Kodetype er ei slik gruppering. Desse supplerer NUS2000-standarden, men har, med unntak av ISCED97, ikkje status som offisielle standardar i SSB. 
</Indtroduction>
        <Indtroduction xml:lang="nb">NUS2000 inneholder, i tillegg til den sekssifrede NUS-koden, også andre koder knyttet til utdanning. Kodetype er en slik gruppering. Disse supplerer NUS2000-standarden, men har, med unntak av ISCED97, ikke status som offisielle standarder i SSB.
</Indtroduction>
        <Indtroduction xml:lang="en">In addition to the six digit NUS code, NUS2000 also consist of other codes concerning education. Type of code is such a classification. These codes supplement the NUS2000 standard, but with exception from ISCED97, they do not have status as official standards in Statistics Norway.</Indtroduction>
      </IntroductionGrp>
      <ContactInformation>
        <Person xmlns="http://www.ssb.no/ns/meta/common">gki</Person>
        <Division xmlns="http://www.ssb.no/ns/meta/common">360</Division>
      </ContactInformation>
      <ExternalDocumentGrp>
        <ExternalDocument xml:lang="nn">NOS C 676   http://www.ssb.no/emner/04/90/nos_c617/nos_c676.pdf</ExternalDocument>
        <ExternalDocument xml:lang="nb">NOS C 617   http://www.ssb.no/emner/04/90/nos_c617/nos_c617.pdf</ExternalDocument>
        <ExternalDocument xml:lang="en">http://www.ssb.no/english/subjects/04/90/nos_c751_en/nos_c751_en.pdf</ExternalDocument>
      </ExternalDocumentGrp>
      <ChangesGrp>
        <Change xml:lang="nn">Ikkje relevant</Change>
        <Change xml:lang="nb">Ikke relevant</Change>
        <Change xml:lang="en">Not relevant</Change>
      </ChangesGrp>
      <DerivedFromGrp>
        <DerviedFrom xml:lang="nn">Ikkje relevant</DerviedFrom>
        <DerviedFrom xml:lang="nb">Ikke relevant</DerviedFrom>
        <DerviedFrom xml:lang="en">Not relevant</DerviedFrom>
      </DerivedFromGrp>
      <LegalBaseGrp>
        <LegalBase xml:lang="nn">Ikkje relevant</LegalBase>
        <LegalBase xml:lang="nb">Ikke relevant</LegalBase>
        <LegalBase xml:lang="en">Not relevant</LegalBase>
      </LegalBaseGrp>
      <Level levelNumber="1" id="urn:ssb:classlevel:stabas:8390003" codeStructure="9">
        <TitleGrp>
          <Title xml:lang="nn">Kodetype (NUS 2012/2): Kodetype</Title>
          <Title xml:lang="nb">Kodetype (NUS 2012/2): Kodetype</Title>
          <Title xml:lang="en">Type of code (NUS 2012/2): Code Type</Title>
        </TitleGrp>
        <CodelistReference>urn:ssb:codelist:stabas:8390003</CodelistReference>
        <Level levelNumber="2" id="urn:ssb:classlevel:stabas:8390005" codeStructure="999999">
          <TitleGrp>
            <Title xml:lang="nn">Kodetype (NUS 2012/2): Utdanningskode</Title>
            <Title xml:lang="nb">Kodetype (NUS 2012/2): Utdanningskode</Title>
            <Title xml:lang="en">Type of code (NUS 2012/2): Education code</Title>
          </TitleGrp>
          <CodelistReference>urn:ssb:codelist:stabas:8390005</CodelistReference>
        </Level>
      </Level>
    </ClassificationVersion>
    <ClassificationVersion id="urn:ssb:classversion:stabas:8124001" isCurrentVersion="false" validFrom="2012-01-01" validTo="2012-06-30" isUnderConstruction="false" updatesPossible="false" disseminationAllowed="true" lastChangedDate="2012-07-31" showIntranet="true" showInternet="true">
      <TitleGrp>
        <Title xml:lang="nn">Kodetype (NUS 2012/1)</Title>
        <Title xml:lang="nb">Kodetype (NUS 2012/1)</Title>
        <Title xml:lang="en">Type of code (NUS 2012/1)</Title>
      </TitleGrp>
      <DescriptionGrp>
        <Description xml:lang="nn">Kodetype beskriv om NUS-koden er ein kode for enkeltutdanning eller ein samlekode. Samlekode: Kan bestå av fleire utdanningsaktivitetar på forskjellige klassetrinn og med forskjellig tidslengd. Enkeltutdanning: Utdanningsaktivitetar som har felles fagkrins/fagleg innhald, klassetrinn og tidslengd. 
For meir informasjon, sjå pkt. 3.2.1. i NOS C 676 (under publikasjonar).
</Description>
        <Description xml:lang="nb">Kodetype beskriver hvorvidt NUS-koden er en kode for enkeltutdanning eller en samlekode. Samlekode: Kan bestå av flere utdanningsaktiviteter på ulike klassetrinn og med ulik varighet. Enkeltutdanning: Utdanningsaktiviteter med likhet i fagkrets/faglig innhold, klassetrinn og varighet. For mer informasjon, se pkt. 3.2.1. i NOS C 617  (under publikasjoner).</Description>
        <Description xml:lang="en">Type of code describes whether the NUS2000 code is a code for individual educational programmes or an aggregate code. Aggregate codes consist of several educational activities at different class levels and/or duration. Individual educational programmes are educational activities with a similar range of subjects/subject content, class level and duration. For more information, see 3.2.1. in NOS C 751 (under publications).</Description>
      </DescriptionGrp>
      <IntroductionGrp>
        <Indtroduction xml:lang="nn">NUS2000 inneheld, i tillegg til den sekssifra NUS-koden, også andre kodar knytte til utdanning. Kodetype er ei slik gruppering. Desse supplerer NUS2000-standarden, men har, med unntak av ISCED97, ikkje status som offisielle standardar i SSB. 
</Indtroduction>
        <Indtroduction xml:lang="nb">NUS2000 inneholder, i tillegg til den sekssifrede NUS-koden, også andre koder knyttet til utdanning. Kodetype er en slik gruppering. Disse supplerer NUS2000-standarden, men har, med unntak av ISCED97, ikke status som offisielle standarder i SSB.</Indtroduction>
        <Indtroduction xml:lang="en">In addition to the six digit NUS code, NUS2000 also consist of other codes concerning education. Type of code is such a classification. These codes supplement the NUS2000 standard, but with exception from ISCED97, they do not have status as official standards in Statistics Norway.</Indtroduction>
      </IntroductionGrp>
      <ContactInformation>
        <Person xmlns="http://www.ssb.no/ns/meta/common">gki</Person>
        <Division xmlns="http://www.ssb.no/ns/meta/common">360</Division>
      </ContactInformation>
      <ExternalDocumentGrp>
        <ExternalDocument xml:lang="nn">NOS C 676   http://www.ssb.no/emner/04/90/nos_c617/nos_c676.pdf</ExternalDocument>
        <ExternalDocument xml:lang="nb">NOS C 617   http://www.ssb.no/emner/04/90/nos_c617/nos_c617.pdf</ExternalDocument>
        <ExternalDocument xml:lang="en">http://www.ssb.no/english/subjects/04/90/nos_c751_en/nos_c751_en.pdf</ExternalDocument>
      </ExternalDocumentGrp>
      <ChangesGrp>
        <Change xml:lang="nn">Ikkje relevant</Change>
        <Change xml:lang="nb">Ikke relevant</Change>
        <Change xml:lang="en">Not relevant</Change>
      </ChangesGrp>
      <DerivedFromGrp>
        <DerviedFrom xml:lang="nn">Ikkje relevant</DerviedFrom>
        <DerviedFrom xml:lang="nb">Ikke relevant</DerviedFrom>
        <DerviedFrom xml:lang="en">Not relevant</DerviedFrom>
      </DerivedFromGrp>
      <LegalBaseGrp>
        <LegalBase xml:lang="nn">Ikkje relevant</LegalBase>
        <LegalBase xml:lang="nb">Ikke relevant</LegalBase>
        <LegalBase xml:lang="en">Not relevant</LegalBase>
      </LegalBaseGrp>
      <Level levelNumber="1" id="urn:ssb:classlevel:stabas:8124003" codeStructure="9">
        <TitleGrp>
          <Title xml:lang="nn">Kodetype (NUS 2012/1): Kodetype</Title>
          <Title xml:lang="nb">Kodetype (NUS 2012/1): Kodetype</Title>
          <Title xml:lang="en">Type of code (NUS 2012/1): Code Type</Title>
        </TitleGrp>
        <CodelistReference>urn:ssb:codelist:stabas:8124003</CodelistReference>
        <Level levelNumber="2" id="urn:ssb:classlevel:stabas:8124005" codeStructure="999999">
          <TitleGrp>
            <Title xml:lang="nn">Kodetype (NUS 2012/1): Utdanningskode</Title>
            <Title xml:lang="nb">Kodetype (NUS 2012/1): Utdanningskode</Title>
            <Title xml:lang="en">Type of code (NUS 2012/1): Education code</Title>
          </TitleGrp>
          <CodelistReference>urn:ssb:codelist:stabas:8124005</CodelistReference>
        </Level>
      </Level>
    </ClassificationVersion>
    <ClassificationVersion id="urn:ssb:classversion:stabas:7893701" isCurrentVersion="false" validFrom="2011-07-01" validTo="2011-12-31" isUnderConstruction="false" updatesPossible="false" disseminationAllowed="true" lastChangedDate="2012-01-04" showIntranet="true" showInternet="true">
      <TitleGrp>
        <Title xml:lang="nn">Kodetype (NUS 2011/2)</Title>
        <Title xml:lang="nb">Kodetype (NUS 2011/2)</Title>
        <Title xml:lang="en">Type of code (NUS 2011/2)</Title>
      </TitleGrp>
      <DescriptionGrp>
        <Description xml:lang="nn">Kodetype beskriv om NUS-koden er ein kode for enkeltutdanning eller ein samlekode. Samlekode: Kan bestå av fleire utdanningsaktivitetar på forskjellige klassetrinn og med forskjellig tidslengd. Enkeltutdanning: Utdanningsaktivitetar som har felles fagkrins/fagleg innhald, klassetrinn og tidslengd. 
For meir informasjon, sjå pkt. 3.2.1. i NOS C 676 (under publikasjonar).
</Description>
        <Description xml:lang="nb">Kodetype beskriver hvorvidt NUS-koden er en kode for enkeltutdanning eller en samlekode. Samlekode: Kan bestå av flere utdanningsaktiviteter på ulike klassetrinn og med ulik varighet. Enkeltutdanning: Utdanningsaktiviteter med likhet i fagkrets/faglig innhold, klassetrinn og varighet. For mer informasjon, se pkt. 3.2.1. i NOS C 617  (under publikasjoner).</Description>
        <Description xml:lang="en">Type of code describes whether the NUS2000 code is a code for individual educational programmes or an aggregate code. Aggregate codes consist of several educational activities at different class levels and/or duration. Individual educational programmes are educational activities with a similar range of subjects/subject content, class level and duration. For more information, see 3.2.1. in NOS C 751 (under publications).</Description>
      </DescriptionGrp>
      <IntroductionGrp>
        <Indtroduction xml:lang="nn">NUS2000 inneheld, i tillegg til den sekssifra NUS-koden, også andre kodar knytte til utdanning. Kodetype er ei slik gruppering. Desse supplerer NUS2000-standarden, men har, med unntak av ISCED97, ikkje status som offisielle standardar i SSB. 
</Indtroduction>
        <Indtroduction xml:lang="nb">NUS2000 inneholder, i tillegg til den sekssifrede NUS-koden, også andre koder knyttet til utdanning. Kodetype er en slik gruppering. Disse supplerer NUS2000-standarden, men har, med unntak av ISCED97, ikke status som offisielle standarder i SSB.</Indtroduction>
        <Indtroduction xml:lang="en">In addition to the six digit NUS code, NUS2000 also consist of other codes concerning education. Type of code is such a classification. These codes supplement the NUS2000 standard, but with exception from ISCED97, they do not have status as official standards in Statistics Norway.</Indtroduction>
      </IntroductionGrp>
      <ContactInformation>
        <Person xmlns="http://www.ssb.no/ns/meta/common">gki</Person>
        <Division xmlns="http://www.ssb.no/ns/meta/common">360</Division>
      </ContactInformation>
      <ExternalDocumentGrp>
        <ExternalDocument xml:lang="nn">NOS C 676   http://www.ssb.no/emner/04/90/nos_c617/nos_c676.pdf</ExternalDocument>
        <ExternalDocument xml:lang="nb">NOS C 617   http://www.ssb.no/emner/04/90/nos_c617/nos_c617.pdf</ExternalDocument>
        <ExternalDocument xml:lang="en">http://www.ssb.no/english/subjects/04/90/nos_c751_en/nos_c751_en.pdf</ExternalDocument>
      </ExternalDocumentGrp>
      <ChangesGrp>
        <Change xml:lang="nn">Ikkje relevant</Change>
        <Change xml:lang="nb">Ikke relevant</Change>
        <Change xml:lang="en">Not relevant</Change>
      </ChangesGrp>
      <DerivedFromGrp>
        <DerviedFrom xml:lang="nn">Ikkje relevant</DerviedFrom>
        <DerviedFrom xml:lang="nb">Ikke relevant</DerviedFrom>
        <DerviedFrom xml:lang="en">Not relevant</DerviedFrom>
      </DerivedFromGrp>
      <LegalBaseGrp>
        <LegalBase xml:lang="nn">Ikkje relevant</LegalBase>
        <LegalBase xml:lang="nb">Ikke relevant</LegalBase>
        <LegalBase xml:lang="en">Not relevant</LegalBase>
      </LegalBaseGrp>
      <Level levelNumber="1" id="urn:ssb:classlevel:stabas:7893703" codeStructure="9">
        <TitleGrp>
          <Title xml:lang="nn">Kodetype (NUS 2011/2): Kodetype</Title>
          <Title xml:lang="nb">Kodetype (NUS 2011/2): Kodetype</Title>
          <Title xml:lang="en">Type of code (NUS 2011/2): Code Type</Title>
        </TitleGrp>
        <CodelistReference>urn:ssb:codelist:stabas:7893703</CodelistReference>
        <Level levelNumber="2" id="urn:ssb:classlevel:stabas:7893705" codeStructure="999999">
          <TitleGrp>
            <Title xml:lang="nn">Kodetype (NUS 2011/2): Utdanningskode</Title>
            <Title xml:lang="nb">Kodetype (NUS 2011/2): Utdanningskode</Title>
            <Title xml:lang="en">Type of code (NUS 2011/2): Education code</Title>
          </TitleGrp>
          <CodelistReference>urn:ssb:codelist:stabas:7893705</CodelistReference>
        </Level>
      </Level>
    </ClassificationVersion>
    <ClassificationVersion id="urn:ssb:classversion:stabas:7229701" isCurrentVersion="false" validFrom="2011-01-01" validTo="2011-06-30" isUnderConstruction="false" updatesPossible="false" disseminationAllowed="true" lastChangedDate="2011-07-01" showIntranet="true" showInternet="true">
      <TitleGrp>
        <Title xml:lang="nn">Kodetype (NUS 2011/1)</Title>
        <Title xml:lang="nb">Kodetype (NUS 2011/1)</Title>
        <Title xml:lang="en">Type of code (NUS 2011/1)</Title>
      </TitleGrp>
      <DescriptionGrp>
        <Description xml:lang="nn">Kodetype beskriv om NUS-koden er ein kode for enkeltutdanning eller ein samlekode. Samlekode: Kan bestå av fleire utdanningsaktivitetar på forskjellige klassetrinn og med forskjellig tidslengd. Enkeltutdanning: Utdanningsaktivitetar som har felles fagkrins/fagleg innhald, klassetrinn og tidslengd. 
For meir informasjon, sjå pkt. 3.2.1. i NOS C 676 (under publikasjonar).

</Description>
        <Description xml:lang="nb">Kodetype beskriver hvorvidt NUS-koden er en kode for enkeltutdanning eller en samlekode. Samlekode: Kan bestå av flere utdanningsaktiviteter på ulike klassetrinn og med ulik varighet. Enkeltutdanning: Utdanningsaktiviteter med likhet i fagkrets/faglig innhold, klassetrinn og varighet. For mer informasjon, se pkt. 3.2.1. i NOS C 617  (under publikasjoner).
</Description>
        <Description xml:lang="en">Type of code describes whether the NUS2000 code is a code for individual educational programmes or an aggregate code. Aggregate codes consist of several educational activities at different class levels and/or duration. Individual educational programmes are educational activities with a similar range of subjects/subject content, class level and duration. For more information, see 3.2.1. in NOS C 751 (under publications).</Description>
      </DescriptionGrp>
      <IntroductionGrp>
        <Indtroduction xml:lang="nn">NUS2000 inneheld, i tillegg til den sekssifra NUS-koden, også andre kodar knytte til utdanning. Kodetype er ei slik gruppering. Desse supplerer NUS2000-standarden, men har, med unntak av ISCED97, ikkje status som offisielle standardar i SSB. 
</Indtroduction>
        <Indtroduction xml:lang="nb">NUS2000 inneholder, i tillegg til den sekssifrede NUS-koden, også andre koder knyttet til utdanning. Kodetype er en slik gruppering. Disse supplerer NUS2000-standarden, men har, med unntak av ISCED97, ikke status som offisielle standarder i SSB.</Indtroduction>
        <Indtroduction xml:lang="en">In addition to the six digit NUS code, NUS2000 also consist of other codes concerning education. Type of code is such a classification. These codes supplement the NUS2000 standard, but with exception from ISCED97, they do not have status as official standards in Statistics Norway.</Indtroduction>
      </IntroductionGrp>
      <ContactInformation>
        <Person xmlns="http://www.ssb.no/ns/meta/common">gki</Person>
        <Division xmlns="http://www.ssb.no/ns/meta/common">360</Division>
      </ContactInformation>
      <ExternalDocumentGrp>
        <ExternalDocument xml:lang="nn">NOS C 676   http://www.ssb.no/emner/04/90/nos_c617/nos_c676.pdf</ExternalDocument>
        <ExternalDocument xml:lang="nb">NOS C 617   http://www.ssb.no/emner/04/90/nos_c617/nos_c617.pdf</ExternalDocument>
        <ExternalDocument xml:lang="en">http://www.ssb.no/english/subjects/04/90/nos_c751_en/nos_c751_en.pdf</ExternalDocument>
      </ExternalDocumentGrp>
      <ChangesGrp>
        <Change xml:lang="nn">Ikkje relevant</Change>
        <Change xml:lang="nb">Ikke relevant</Change>
        <Change xml:lang="en">Not relevant</Change>
      </ChangesGrp>
      <DerivedFromGrp>
        <DerviedFrom xml:lang="nn">Ikkje relevant</DerviedFrom>
        <DerviedFrom xml:lang="nb">Ikke relevant</DerviedFrom>
        <DerviedFrom xml:lang="en">Not relevant</DerviedFrom>
      </DerivedFromGrp>
      <LegalBaseGrp>
        <LegalBase xml:lang="nn">Ikkje relevant</LegalBase>
        <LegalBase xml:lang="nb">Ikke relevant</LegalBase>
        <LegalBase xml:lang="en">Not relevant</LegalBase>
      </LegalBaseGrp>
      <Level levelNumber="1" id="urn:ssb:classlevel:stabas:7229703" codeStructure="9">
        <TitleGrp>
          <Title xml:lang="nn">Kodetype (NUS 2011/1): Kodetype</Title>
          <Title xml:lang="nb">Kodetype (NUS 2011/1): Kodetype</Title>
          <Title xml:lang="en">Type of code (NUS 2011/1): Code Type</Title>
        </TitleGrp>
        <CodelistReference>urn:ssb:codelist:stabas:7229703</CodelistReference>
        <Level levelNumber="2" id="urn:ssb:classlevel:stabas:7229705" codeStructure="999999">
          <TitleGrp>
            <Title xml:lang="nn">Kodetype (NUS 2011/1): Utdanningskode</Title>
            <Title xml:lang="nb">Kodetype (NUS 2011/1): Utdanningskode</Title>
            <Title xml:lang="en">Type of code (NUS 2011/1): Education code</Title>
          </TitleGrp>
          <CodelistReference>urn:ssb:codelist:stabas:7229705</CodelistReference>
        </Level>
      </Level>
    </ClassificationVersion>
    <ClassificationVersion id="urn:ssb:classversion:stabas:6954101" isCurrentVersion="false" validFrom="2010-07-01" validTo="2010-12-31" isUnderConstruction="false" updatesPossible="false" disseminationAllowed="true" lastChangedDate="2011-06-27" showIntranet="true" showInternet="true">
      <TitleGrp>
        <Title xml:lang="nn">Kodetype (NUS 2010/2)</Title>
        <Title xml:lang="nb">Kodetype (NUS 2010/2)</Title>
        <Title xml:lang="en">Type of code  (NUS 2010/2)</Title>
      </TitleGrp>
      <DescriptionGrp>
        <Description xml:lang="nn">Kodetype beskriv om NUS-koden er ein kode for enkeltutdanning eller ein samlekode. Samlekode: Kan bestå av fleire utdanningsaktivitetar på forskjellige klassetrinn og med forskjellig tidslengd. Enkeltutdanning: Utdanningsaktivitetar som har felles fagkrins/fagleg innhald, klassetrinn og tidslengd. 
For meir informasjon, sjå pkt. 3.2.1. i NOS C 676 (under publikasjonar).
</Description>
        <Description xml:lang="nb">Kodetype beskriver hvorvidt NUS-koden er en kode for enkeltutdanning eller en samlekode. Samlekode: Kan bestå av flere utdanningsaktiviteter på ulike klassetrinn og med ulik varighet. Enkeltutdanning: Utdanningsaktiviteter med likhet i fagkrets/faglig innhold, klassetrinn og varighet. For mer informasjon, se pkt. 3.2.1. i NOS C 617  (under publikasjoner).
</Description>
        <Description xml:lang="en">Type of code describes whether the NUS2000 code is a code for individual educational programmes or an aggregate code. Aggregate codes consist of several educational activities at different class levels and/or duration. Individual educational programmes are educational activities with a similar range of subjects/subject content, class level and duration. For more information, see 3.2.1. in NOS C 751 (under publications).</Description>
      </DescriptionGrp>
      <IntroductionGrp>
        <Indtroduction xml:lang="nn">NUS2000 inneheld, i tillegg til den sekssifra NUS-koden, også andre kodar knytte til utdanning. Kodetype er ei slik gruppering. Desse supplerer NUS2000-standarden, men har, med unntak av ISCED97, ikkje status som offisielle standardar i SSB. 
</Indtroduction>
        <Indtroduction xml:lang="nb">NUS2000 inneholder, i tillegg til den sekssifrede NUS-koden, også andre koder knyttet til utdanning. Kodetype er en slik gruppering. Disse supplerer NUS2000-standarden, men har, med unntak av ISCED97, ikke status som offisielle standarder i SSB.</Indtroduction>
        <Indtroduction xml:lang="en">In addition to the six digit NUS code, NUS2000 also consist of other codes concerning education. Type of code is such a classification. These codes supplement the NUS2000 standard, but with exception from ISCED97, they do not have status as official standards in Statistics Norway.</Indtroduction>
      </IntroductionGrp>
      <ContactInformation>
        <Person xmlns="http://www.ssb.no/ns/meta/common">gki</Person>
        <Division xmlns="http://www.ssb.no/ns/meta/common">360</Division>
      </ContactInformation>
      <ExternalDocumentGrp>
        <ExternalDocument xml:lang="nn">NOS C 676   http://www.ssb.no/emner/04/90/nos_c617/nos_c676.pdf</ExternalDocument>
        <ExternalDocument xml:lang="nb">NOS C 617   http://www.ssb.no/emner/04/90/nos_c617/nos_c617.pdf</ExternalDocument>
        <ExternalDocument xml:lang="en">http://www.ssb.no/english/subjects/04/90/nos_c751_en/nos_c751_en.pdf</ExternalDocument>
      </ExternalDocumentGrp>
      <ChangesGrp>
        <Change xml:lang="nn">Ikkje relevant</Change>
        <Change xml:lang="nb">Ikke relevant</Change>
        <Change xml:lang="en">Not relevant</Change>
      </ChangesGrp>
      <DerivedFromGrp>
        <DerviedFrom xml:lang="nn">Ikkje relevant</DerviedFrom>
        <DerviedFrom xml:lang="nb">Ikke relevant</DerviedFrom>
        <DerviedFrom xml:lang="en">Not relevant</DerviedFrom>
      </DerivedFromGrp>
      <LegalBaseGrp>
        <LegalBase xml:lang="nn">Ikkje relevant</LegalBase>
        <LegalBase xml:lang="nb">Ikke relevant</LegalBase>
        <LegalBase xml:lang="en">Not relevant</LegalBase>
      </LegalBaseGrp>
      <Level levelNumber="1" id="urn:ssb:classlevel:stabas:6954103" codeStructure="9">
        <TitleGrp>
          <Title xml:lang="nn">Kodetype (NUS 2010/2): Kodetype</Title>
          <Title xml:lang="nb">Kodetype (NUS 2010/2): Kodetype</Title>
          <Title xml:lang="en">Type of code  (NUS 2010/2): Code Type</Title>
        </TitleGrp>
        <CodelistReference>urn:ssb:codelist:stabas:6954103</CodelistReference>
        <Level levelNumber="2" id="urn:ssb:classlevel:stabas:6954105" codeStructure="999999">
          <TitleGrp>
            <Title xml:lang="nn">Kodetype (NUS 2010/2): Utdanningskode</Title>
            <Title xml:lang="nb">Kodetype (NUS 2010/2): Utdanningskode</Title>
            <Title xml:lang="en">Type of code  (NUS 2010/2): Education code</Title>
          </TitleGrp>
          <CodelistReference>urn:ssb:codelist:stabas:6954105</CodelistReference>
        </Level>
      </Level>
    </ClassificationVersion>
    <ClassificationVersion id="urn:ssb:classversion:stabas:6329601" isCurrentVersion="false" validFrom="2010-01-01" validTo="2010-06-30" isUnderConstruction="false" updatesPossible="false" disseminationAllowed="true" lastChangedDate="2011-06-27" showIntranet="true" showInternet="true">
      <TitleGrp>
        <Title xml:lang="nn">Kodetype (NUS 2010/1)</Title>
        <Title xml:lang="nb">Kodetype (NUS 2010/1)</Title>
        <Title xml:lang="en">Type of code  (NUS 2010/1)</Title>
      </TitleGrp>
      <DescriptionGrp>
        <Description xml:lang="nn">Kodetype beskriv om NUS-koden er ein kode for enkeltutdanning eller ein samlekode. Samlekode: Kan bestå av fleire utdanningsaktivitetar på forskjellige klassetrinn og med forskjellig tidslengd. Enkeltutdanning: Utdanningsaktivitetar som har felles fagkrins/fagleg innhald, klassetrinn og tidslengd. 
For meir informasjon, sjå pkt. 3.2.1. i NOS C 676 (under publikasjonar).
</Description>
        <Description xml:lang="nb">Kodetype beskriver hvorvidt NUS-koden er en kode for enkeltutdanning eller en samlekode. Samlekode: Kan bestå av flere utdanningsaktiviteter på ulike klassetrinn og med ulik varighet. Enkeltutdanning: Utdanningsaktiviteter med likhet i fagkrets/faglig innhold, klassetrinn og varighet. For mer informasjon, se pkt. 3.2.1. i NOS C 617  (under publikasjoner).
</Description>
        <Description xml:lang="en">Type of code describes whether the NUS2000 code is a code for individual educational programmes or an aggregate code. Aggregate codes consist of several educational activities at different class levels and/or duration. Individual educational programmes are educational activities with a similar range of subjects/subject content, class level and duration. For more information, see 3.2.1. in NOS C 751 (under publications).</Description>
      </DescriptionGrp>
      <IntroductionGrp>
        <Indtroduction xml:lang="nn">NUS2000 inneheld, i tillegg til den sekssifra NUS-koden, også andre kodar knytte til utdanning. Kodetype er ei slik gruppering. Desse supplerer NUS2000-standarden, men har, med unntak av ISCED97, ikkje status som offisielle standardar i SSB. 
</Indtroduction>
        <Indtroduction xml:lang="nb">NUS2000 inneholder, i tillegg til den sekssifrede NUS-koden, også andre koder knyttet til utdanning. Kodetype er en slik gruppering. Disse supplerer NUS2000-standarden, men har, med unntak av ISCED97, ikke status som offisielle standarder i SSB.</Indtroduction>
        <Indtroduction xml:lang="en">In addition to the six digit NUS code, NUS2000 also consist of other codes concerning education. Type of code is such a classification. These codes supplement the NUS2000 standard, but with exception from ISCED97, they do not have status as official standards in Statistics Norway.</Indtroduction>
      </IntroductionGrp>
      <ContactInformation>
        <Person xmlns="http://www.ssb.no/ns/meta/common">gki</Person>
        <Division xmlns="http://www.ssb.no/ns/meta/common">360</Division>
      </ContactInformation>
      <ExternalDocumentGrp>
        <ExternalDocument xml:lang="nn">NOS C 676   http://www.ssb.no/emner/04/90/nos_c617/nos_c676.pdf</ExternalDocument>
        <ExternalDocument xml:lang="nb">NOS C 617   http://www.ssb.no/emner/04/90/nos_c617/nos_c617.pdf</ExternalDocument>
        <ExternalDocument xml:lang="en">http://www.ssb.no/english/subjects/04/90/nos_c751_en/nos_c751_en.pdf</ExternalDocument>
      </ExternalDocumentGrp>
      <ChangesGrp>
        <Change xml:lang="nn">Ikkje relevant</Change>
        <Change xml:lang="nb">Ikke relevant</Change>
        <Change xml:lang="en">Not relevant</Change>
      </ChangesGrp>
      <DerivedFromGrp>
        <DerviedFrom xml:lang="nn">Ikkje relevant</DerviedFrom>
        <DerviedFrom xml:lang="nb">Ikke relevant</DerviedFrom>
        <DerviedFrom xml:lang="en">Not relevant</DerviedFrom>
      </DerivedFromGrp>
      <LegalBaseGrp>
        <LegalBase xml:lang="nn">Ikkje relevant</LegalBase>
        <LegalBase xml:lang="nb">Ikke relevant</LegalBase>
        <LegalBase xml:lang="en">Not relevant</LegalBase>
      </LegalBaseGrp>
      <Level levelNumber="1" id="urn:ssb:classlevel:stabas:6329603" codeStructure="9">
        <TitleGrp>
          <Title xml:lang="nn">Kodetype (NUS 2010/1): Kodetype</Title>
          <Title xml:lang="nb">Kodetype (NUS 2010/1): Kodetype</Title>
          <Title xml:lang="en">Type of code  (NUS 2010/1): Code Type</Title>
        </TitleGrp>
        <CodelistReference>urn:ssb:codelist:stabas:6329603</CodelistReference>
        <Level levelNumber="2" id="urn:ssb:classlevel:stabas:6329605" codeStructure="999999">
          <TitleGrp>
            <Title xml:lang="nn">Kodetype (NUS 2010/1): Utdanningskode</Title>
            <Title xml:lang="nb">Kodetype (NUS 2010/1): Utdanningskode</Title>
            <Title xml:lang="en">Type of code  (NUS 2010/1): Education code</Title>
          </TitleGrp>
          <CodelistReference>urn:ssb:codelist:stabas:6329605</CodelistReference>
        </Level>
      </Level>
    </ClassificationVersion>
    <ClassificationVersion id="urn:ssb:classversion:stabas:5942001" isCurrentVersion="false" validFrom="2009-07-01" validTo="2009-12-31" isUnderConstruction="false" updatesPossible="false" disseminationAllowed="true" lastChangedDate="2011-02-23" showIntranet="true" showInternet="true">
      <TitleGrp>
        <Title xml:lang="nn">Kodetype (NUS 2009/2)</Title>
        <Title xml:lang="nb">Kodetype (NUS 2009/2)</Title>
        <Title xml:lang="en">Type of code (NUS 2009/2)</Title>
      </TitleGrp>
      <DescriptionGrp>
        <Description xml:lang="nn">Kodetype beskriv om NUS-koden er ein kode for enkeltutdanning eller ein samlekode. Samlekode: Kan bestå av fleire utdanningsaktivitetar på forskjellige klassetrinn og med forskjellig tidslengd. Enkeltutdanning: Utdanningsaktivitetar som har felles fagkrins/fagleg innhald, klassetrinn og tidslengd. 
For meir informasjon, sjå pkt. 3.2.1. i NOS C 676 (under publikasjonar).
</Description>
        <Description xml:lang="nb">Kodetype beskriver hvorvidt NUS-koden er en kode for enkeltutdanning eller en samlekode. Samlekode: Kan bestå av flere utdanningsaktiviteter på ulike klassetrinn og med ulik varighet. Enkeltutdanning: Utdanningsaktiviteter med likhet i fagkrets/faglig innhold, klassetrinn og varighet. For mer informasjon, se pkt. 3.2.1. i NOS C 617  (under publikasjoner).
</Description>
        <Description xml:lang="en">Type of code describes whether the NUS2000 code is a code for individual educational programmes or an aggregate code. Aggregate codes consist of several educational activities at different class levels and/or duration. Individual educational programmes are educational activities with a similar range of subjects/subject content, class level and duration. For more information, see 3.2.1. in NOS C 751 (under publications).
</Description>
      </DescriptionGrp>
      <IntroductionGrp>
        <Indtroduction xml:lang="nn">NUS2000 inneheld, i tillegg til den sekssifra NUS-koden, også andre kodar knytte til utdanning. Kodetype er ei slik gruppering. Desse supplerer NUS2000-standarden, men har, med unntak av ISCED97, ikkje status som offisielle standardar i SSB. 
</Indtroduction>
        <Indtroduction xml:lang="nb">NUS2000 inneholder, i tillegg til den sekssifrede NUS-koden, også andre koder knyttet til utdanning. Kodetype er en slik gruppering. Disse supplerer NUS2000-standarden, men har, med unntak av ISCED97, ikke status som offisielle standarder i SSB.</Indtroduction>
        <Indtroduction xml:lang="en">In addition to the six digit NUS code, NUS2000 also consist of other codes concerning education. Type of code is such a classification. These codes supplement the NUS2000 standard, but with exception from ISCED97, they do not have status as official standards in Statistics Norway.</Indtroduction>
      </IntroductionGrp>
      <ContactInformation>
        <Person xmlns="http://www.ssb.no/ns/meta/common">gki</Person>
        <Division xmlns="http://www.ssb.no/ns/meta/common">360</Division>
      </ContactInformation>
      <ExternalDocumentGrp>
        <ExternalDocument xml:lang="nn">NOS C 676   http://www.ssb.no/emner/04/90/nos_c617/nos_c676.pdf</ExternalDocument>
        <ExternalDocument xml:lang="nb">NOS C 617   http://www.ssb.no/emner/04/90/nos_c617/nos_c617.pdf</ExternalDocument>
        <ExternalDocument xml:lang="en">http://www.ssb.no/english/subjects/04/90/nos_c751_en/nos_c751_en.pdf</ExternalDocument>
      </ExternalDocumentGrp>
      <ChangesGrp>
        <Change xml:lang="nn">Ikkje relevant</Change>
        <Change xml:lang="nb">Ikke relevant</Change>
        <Change xml:lang="en">Not relevant</Change>
      </ChangesGrp>
      <DerivedFromGrp>
        <DerviedFrom xml:lang="nn">Ikkje relevant</DerviedFrom>
        <DerviedFrom xml:lang="nb">Ikke relevant</DerviedFrom>
        <DerviedFrom xml:lang="en">Not relevant</DerviedFrom>
      </DerivedFromGrp>
      <LegalBaseGrp>
        <LegalBase xml:lang="nn">Ikkje relevant</LegalBase>
        <LegalBase xml:lang="nb">Ikke relevant</LegalBase>
        <LegalBase xml:lang="en">Not relevant</LegalBase>
      </LegalBaseGrp>
      <Level levelNumber="1" id="urn:ssb:classlevel:stabas:5942003" codeStructure="9">
        <TitleGrp>
          <Title xml:lang="nn">Kodetype (NUS 2009/2): Kodetype</Title>
          <Title xml:lang="nb">Kodetype (NUS 2009/2): Kodetype</Title>
          <Title xml:lang="en">Type of code (NUS 2009/2): Code Type</Title>
        </TitleGrp>
        <CodelistReference>urn:ssb:codelist:stabas:5942003</CodelistReference>
        <Level levelNumber="2" id="urn:ssb:classlevel:stabas:5942005" codeStructure="999999">
          <TitleGrp>
            <Title xml:lang="nn">Kodetype (NUS 2009/2): Utdanningskode</Title>
            <Title xml:lang="nb">Kodetype (NUS 2009/2): Utdanningskode</Title>
            <Title xml:lang="en">Type of code (NUS 2009/2): Education code</Title>
          </TitleGrp>
          <CodelistReference>urn:ssb:codelist:stabas:5942005</CodelistReference>
        </Level>
      </Level>
    </ClassificationVersion>
    <ClassificationVersion id="urn:ssb:classversion:stabas:5700001" isCurrentVersion="false" validFrom="2009-01-01" validTo="2009-06-30" isUnderConstruction="false" updatesPossible="false" disseminationAllowed="true" lastChangedDate="2011-02-23" showIntranet="true" showInternet="true">
      <TitleGrp>
        <Title xml:lang="nn">Kodetype (NUS 2009/1)</Title>
        <Title xml:lang="nb">Kodetype (NUS 2009/1)</Title>
        <Title xml:lang="en">Code Type (NUS 2009/1)</Title>
      </TitleGrp>
      <DescriptionGrp>
        <Description xml:lang="nn">Kodetype beskriv om NUS-koden er ein kode for enkeltutdanning eller ein samlekode. Samlekode: Kan bestå av fleire utdanningsaktivitetar på forskjellige klassetrinn og med forskjellig tidslengd. Enkeltutdanning: Utdanningsaktivitetar som har felles fagkrins/fagleg innhald, klassetrinn og tidslengd. 
For meir informasjon, sjå pkt. 3.2.1. i NOS C 676 (under publikasjonar).
</Description>
        <Description xml:lang="nb">Kodetype beskriver hvorvidt NUS-koden er en kode for enkeltutdanning eller en samlekode. Samlekode: Kan bestå av flere utdanningsaktiviteter på ulike klassetrinn og med ulik varighet. Enkeltutdanning: Utdanningsaktiviteter med likhet i fagkrets/faglig innhold, klassetrinn og varighet. For mer informasjon, se pkt. 3.2.1. i NOS C 617  (under publikasjoner).
</Description>
        <Description xml:lang="en">Type of code describes whether the NUS2000 code is a code for individual educational programmes or an aggregate code. Aggregate codes consist of several educational activities at different class levels and/or duration. Individual educational programmes are educational activities with a similar range of subjects/subject content, class level and duration. For more information, see 3.2.1. in NOS C 751 (under publications).
</Description>
      </DescriptionGrp>
      <IntroductionGrp>
        <Indtroduction xml:lang="nn">NUS2000 inneheld, i tillegg til den sekssifra NUS-koden, også andre kodar knytte til utdanning. Kodetype er ei slik gruppering. Desse supplerer NUS2000-standarden, men har, med unntak av ISCED97, ikkje status som offisielle standardar i SSB. 
</Indtroduction>
        <Indtroduction xml:lang="nb">NUS2000 inneholder, i tillegg til den sekssifrede NUS-koden, også andre koder knyttet til utdanning. Kodetype er en slik gruppering. Disse supplerer NUS2000-standarden, men har, med unntak av ISCED97, ikke status som offisielle standarder i SSB.</Indtroduction>
        <Indtroduction xml:lang="en">In addition to the six digit NUS code, NUS2000 also consist of other codes concerning education. Type of code is such a classification. These codes supplement the NUS2000 standard, but with exception from ISCED97, they do not have status as official standards in Statistics Norway.</Indtroduction>
      </IntroductionGrp>
      <ContactInformation>
        <Person xmlns="http://www.ssb.no/ns/meta/common">gki</Person>
        <Division xmlns="http://www.ssb.no/ns/meta/common">360</Division>
      </ContactInformation>
      <ExternalDocumentGrp>
        <ExternalDocument xml:lang="nn">NOS C 676   http://www.ssb.no/emner/04/90/nos_c617/nos_c676.pdf</ExternalDocument>
        <ExternalDocument xml:lang="nb">NOS C 617   http://www.ssb.no/emner/04/90/nos_c617/nos_c617.pdf</ExternalDocument>
        <ExternalDocument xml:lang="en">http://www.ssb.no/english/subjects/04/90/nos_c751_en/nos_c751_en.pdf</ExternalDocument>
      </ExternalDocumentGrp>
      <ChangesGrp>
        <Change xml:lang="nn">Ikkej relevant</Change>
        <Change xml:lang="nb">Ikke relevant</Change>
        <Change xml:lang="en">Not relevant</Change>
      </ChangesGrp>
      <DerivedFromGrp>
        <DerviedFrom xml:lang="nn">Ikkej relevant</DerviedFrom>
        <DerviedFrom xml:lang="nb">Ikke relevant</DerviedFrom>
        <DerviedFrom xml:lang="en">Not relevant</DerviedFrom>
      </DerivedFromGrp>
      <LegalBaseGrp>
        <LegalBase xml:lang="nn">Ikkej relevant</LegalBase>
        <LegalBase xml:lang="nb">Ikke relevant</LegalBase>
        <LegalBase xml:lang="en">Not relevant</LegalBase>
      </LegalBaseGrp>
      <Level levelNumber="1" id="urn:ssb:classlevel:stabas:5700003" codeStructure="9">
        <TitleGrp>
          <Title xml:lang="nn">Kodetype (NUS 2009/1): Kodetype</Title>
          <Title xml:lang="nb">Kodetype (NUS 2009/1): Kodetype</Title>
          <Title xml:lang="en">Code Type (NUS 2009/1): Code Type</Title>
        </TitleGrp>
        <CodelistReference>urn:ssb:codelist:stabas:5700003</CodelistReference>
        <Level levelNumber="2" id="urn:ssb:classlevel:stabas:5700005" codeStructure="999999">
          <TitleGrp>
            <Title xml:lang="nn">Kodetype (NUS 2009/1): Utdanningskode</Title>
            <Title xml:lang="nb">Kodetype (NUS 2009/1): Utdanningskode</Title>
            <Title xml:lang="en">Code Type (NUS 2009/1): Education code</Title>
          </TitleGrp>
          <CodelistReference>urn:ssb:codelist:stabas:5700005</CodelistReference>
        </Level>
      </Level>
    </ClassificationVersion>
    <ClassificationVersion id="urn:ssb:classversion:stabas:5366001" isCurrentVersion="false" validFrom="2008-07-01" validTo="2008-12-31" isUnderConstruction="false" updatesPossible="false" disseminationAllowed="true" lastChangedDate="2011-01-21" showIntranet="true" showInternet="true">
      <TitleGrp>
        <Title xml:lang="nn">Kodetype (NUS 2008/2)</Title>
        <Title xml:lang="nb">Kodetype (NUS 2008/2)</Title>
        <Title xml:lang="en">Code Type (NUS 2008/2)</Title>
      </TitleGrp>
      <DescriptionGrp>
        <Description xml:lang="nn">Kodetype beskriv om NUS-koden er ein kode for enkeltutdanning eller ein samlekode. Samlekode: Kan bestå av fleire utdanningsaktivitetar på forskjellige klassetrinn og med forskjellig tidslengd. Enkeltutdanning: Utdanningsaktivitetar som har felles fagkrins/fagleg innhald, klassetrinn og tidslengd. 
For meir informasjon, sjå pkt. 3.2.1. i NOS C 676 (under publikasjonar).
</Description>
        <Description xml:lang="nb">Kodetype beskriver hvorvidt NUS-koden er en kode for enkeltutdanning eller en samlekode. Samlekode: Kan bestå av flere utdanningsaktiviteter på ulike klassetrinn og med ulik varighet. Enkeltutdanning: Utdanningsaktiviteter med likhet i fagkrets/faglig innhold, klassetrinn og varighet. For mer informasjon, se pkt. 3.2.1. i NOS C 617  (under publikasjoner).
</Description>
        <Description xml:lang="en">Type of code describes whether the NUS2000 code is a code for individual educational programmes or an aggregate code. Aggregate codes consist of several educational activities at different class levels and/or duration. Individual educational programmes are educational activities with a similar range of subjects/subject content, class level and duration. For more information, see 3.2.1. in NOS C 751 (under publications).
</Description>
      </DescriptionGrp>
      <IntroductionGrp>
        <Indtroduction xml:lang="nn">NUS2000 inneheld, i tillegg til den sekssifra NUS-koden, også andre kodar knytte til utdanning. Kodetype er ei slik gruppering. Desse supplerer NUS2000-standarden, men har, med unntak av ISCED97, ikkje status som offisielle standardar i SSB. 
</Indtroduction>
        <Indtroduction xml:lang="nb">NUS2000 inneholder, i tillegg til den sekssifrede NUS-koden, også andre koder knyttet til utdanning. Kodetype er en slik gruppering. Disse supplerer NUS2000-standarden, men har, med unntak av ISCED97, ikke status som offisielle standarder i SSB.</Indtroduction>
        <Indtroduction xml:lang="en">In addition to the six digit NUS code, NUS2000 also consist of other codes concerning education. Type of code is such a classification. These codes supplement the NUS2000 standard, but with exception from ISCED97, they do not have status as official standards in Statistics Norway.</Indtroduction>
      </IntroductionGrp>
      <ContactInformation>
        <Person xmlns="http://www.ssb.no/ns/meta/common">gki  </Person>
        <Division xmlns="http://www.ssb.no/ns/meta/common">360</Division>
      </ContactInformation>
      <ExternalDocumentGrp>
        <ExternalDocument xml:lang="nn">NOS C 676   http://www.ssb.no/emner/04/90/nos_c617/nos_c676.pdf</ExternalDocument>
        <ExternalDocument xml:lang="nb">NOS C 617   http://www.ssb.no/emner/04/90/nos_c617/nos_c617.pdf</ExternalDocument>
        <ExternalDocument xml:lang="en">http://www.ssb.no/english/subjects/04/90/nos_c751_en/nos_c751_en.pdf</ExternalDocument>
      </ExternalDocumentGrp>
      <ChangesGrp>
        <Change xml:lang="nn">Ikkje relevant</Change>
        <Change xml:lang="nb">Ikke relevant</Change>
        <Change xml:lang="en">Not relevant</Change>
      </ChangesGrp>
      <DerivedFromGrp>
        <DerviedFrom xml:lang="nn">Ikkje relevant</DerviedFrom>
        <DerviedFrom xml:lang="nb">Ikke relevant</DerviedFrom>
        <DerviedFrom xml:lang="en">Not relevant</DerviedFrom>
      </DerivedFromGrp>
      <LegalBaseGrp>
        <LegalBase xml:lang="nn">Ikkje relevant</LegalBase>
        <LegalBase xml:lang="nb">Ikke relevant</LegalBase>
        <LegalBase xml:lang="en">Not relevant</LegalBase>
      </LegalBaseGrp>
      <Level levelNumber="1" id="urn:ssb:classlevel:stabas:5366003" codeStructure="9">
        <TitleGrp>
          <Title xml:lang="nn">Kodetype (NUS 2008/2): Kodetype</Title>
          <Title xml:lang="nb">Kodetype (NUS 2008/2): Kodetype</Title>
          <Title xml:lang="en">Code Type (NUS 2008/2): Code Type</Title>
        </TitleGrp>
        <CodelistReference>urn:ssb:codelist:stabas:5366003</CodelistReference>
        <Level levelNumber="2" id="urn:ssb:classlevel:stabas:5366005" codeStructure="999999">
          <TitleGrp>
            <Title xml:lang="nn">Kodetype (NUS 2008/2): Utdanningskode</Title>
            <Title xml:lang="nb">Kodetype (NUS 2008/2): Utdanningskode</Title>
            <Title xml:lang="en">Code Type (NUS 2008/2): Education code</Title>
          </TitleGrp>
          <CodelistReference>urn:ssb:codelist:stabas:5366005</CodelistReference>
        </Level>
      </Level>
    </ClassificationVersion>
    <ClassificationVersion id="urn:ssb:classversion:stabas:5062101" isCurrentVersion="false" validFrom="2008-01-01" validTo="2008-06-30" isUnderConstruction="false" updatesPossible="false" disseminationAllowed="true" lastChangedDate="2011-01-21" showIntranet="true" showInternet="true">
      <TitleGrp>
        <Title xml:lang="nn">Kodetype (NUS 2008/1)</Title>
        <Title xml:lang="nb">Kodetype (NUS 2008/1)</Title>
        <Title xml:lang="en">Code Type (NUS 2008/1)</Title>
      </TitleGrp>
      <DescriptionGrp>
        <Description xml:lang="nn">Kodetype beskriv om NUS-koden er ein kode for enkeltutdanning eller ein samlekode. Samlekode: Kan bestå av fleire utdanningsaktivitetar på forskjellige klassetrinn og med forskjellig tidslengd. Enkeltutdanning: Utdanningsaktivitetar som har felles fagkrins/fagleg innhald, klassetrinn og tidslengd. 
For meir informasjon, sjå pkt. 3.2.1. i NOS C 676 (under publikasjonar).
</Description>
        <Description xml:lang="nb">Kodetype beskriver hvorvidt NUS-koden er en kode for enkeltutdanning eller en samlekode. Samlekode: Kan bestå av flere utdanningsaktiviteter på ulike klassetrinn og med ulik varighet. Enkeltutdanning: Utdanningsaktiviteter med likhet i fagkrets/faglig innhold, klassetrinn og varighet. For mer informasjon, se pkt. 3.2.1. i NOS C 617  (under publikasjoner).
</Description>
        <Description xml:lang="en">Type of code describes whether the NUS2000 code is a code for individual educational programmes or an aggregate code. Aggregate codes consist of several educational activities at different class levels and/or duration. Individual educational programmes are educational activities with a similar range of subjects/subject content, class level and duration. For more information, see 3.2.1. in NOS C 751 (under publications).
</Description>
      </DescriptionGrp>
      <IntroductionGrp>
        <Indtroduction xml:lang="nn">NUS2000 inneheld, i tillegg til den sekssifra NUS-koden, også andre kodar knytte til utdanning. Kodetype er ei slik gruppering. Desse supplerer NUS2000-standarden, men har, med unntak av ISCED97, ikkje status som offisielle standardar i SSB. 
</Indtroduction>
        <Indtroduction xml:lang="nb">NUS2000 inneholder, i tillegg til den sekssifrede NUS-koden, også andre koder knyttet til utdanning. Kodetype er en slik gruppering. Disse supplerer NUS2000-standarden, men har, med unntak av ISCED97, ikke status som offisielle standarder i SSB.</Indtroduction>
        <Indtroduction xml:lang="en">In addition to the six digit NUS code, NUS2000 also consist of other codes concerning education. Type of code is such a classification. These codes supplement the NUS2000 standard, but with exception from ISCED97, they do not have status as official standards in Statistics Norway.</Indtroduction>
      </IntroductionGrp>
      <ContactInformation>
        <Person xmlns="http://www.ssb.no/ns/meta/common">gki</Person>
        <Division xmlns="http://www.ssb.no/ns/meta/common">360</Division>
      </ContactInformation>
      <ExternalDocumentGrp>
        <ExternalDocument xml:lang="nn">NOS C 676   http://www.ssb.no/emner/04/90/nos_c617/nos_c676.pdf</ExternalDocument>
        <ExternalDocument xml:lang="nb">NOS C 617   http://www.ssb.no/emner/04/90/nos_c617/nos_c617.pdf</ExternalDocument>
        <ExternalDocument xml:lang="en">http://www.ssb.no/english/subjects/04/90/nos_c751_en/nos_c751_en.pdf</ExternalDocument>
      </ExternalDocumentGrp>
      <ChangesGrp>
        <Change xml:lang="nn">Ikkje relevant</Change>
        <Change xml:lang="nb">Ikke relevant</Change>
        <Change xml:lang="en">Not relevant</Change>
      </ChangesGrp>
      <DerivedFromGrp>
        <DerviedFrom xml:lang="nn">Ikkje relevant</DerviedFrom>
        <DerviedFrom xml:lang="nb">Ikke relevant</DerviedFrom>
        <DerviedFrom xml:lang="en">Not relevant</DerviedFrom>
      </DerivedFromGrp>
      <LegalBaseGrp>
        <LegalBase xml:lang="nn">Ikkje relevant</LegalBase>
        <LegalBase xml:lang="nb">Ikke relevant</LegalBase>
        <LegalBase xml:lang="en">Not relevant</LegalBase>
      </LegalBaseGrp>
      <Level levelNumber="1" id="urn:ssb:classlevel:stabas:5062103" codeStructure="9">
        <TitleGrp>
          <Title xml:lang="nn">Kodetype (NUS 2008/1): Kodetype</Title>
          <Title xml:lang="nb">Kodetype (NUS 2008/1): Kodetype</Title>
          <Title xml:lang="en">Code Type (NUS 2008/1): Code Type</Title>
        </TitleGrp>
        <CodelistReference>urn:ssb:codelist:stabas:5062103</CodelistReference>
        <Level levelNumber="2" id="urn:ssb:classlevel:stabas:5062105" codeStructure="999999">
          <TitleGrp>
            <Title xml:lang="nn">Kodetype (NUS 2008/1): Utdanningskode</Title>
            <Title xml:lang="nb">Kodetype (NUS 2008/1): Utdanningskode</Title>
            <Title xml:lang="en">Code Type (NUS 2008/1): Education code</Title>
          </TitleGrp>
          <CodelistReference>urn:ssb:codelist:stabas:5062105</CodelistReference>
        </Level>
      </Level>
    </ClassificationVersion>
    <ClassificationVersion id="urn:ssb:classversion:stabas:4858001" isCurrentVersion="false" validFrom="2007-07-01" validTo="2007-12-31" isUnderConstruction="false" updatesPossible="false" disseminationAllowed="true" lastChangedDate="2011-01-21" showIntranet="true" showInternet="true">
      <TitleGrp>
        <Title xml:lang="nn">Kodetype (NUS 2007/2)</Title>
        <Title xml:lang="nb">Kodetype (NUS 2007/2)</Title>
        <Title xml:lang="en">Code Type (NUS 2007/2)</Title>
      </TitleGrp>
      <DescriptionGrp>
        <Description xml:lang="nn">Kodetype beskriv om NUS-koden er ein kode for enkeltutdanning eller ein samlekode. Samlekode: Kan bestå av fleire utdanningsaktivitetar på forskjellige klassetrinn og med forskjellig tidslengd. Enkeltutdanning: Utdanningsaktivitetar som har felles fagkrins/fagleg innhald, klassetrinn og tidslengd. 
For meir informasjon, sjå pkt. 3.2.1. i NOS C 676 (under publikasjonar).
</Description>
        <Description xml:lang="nb">Kodetype beskriver hvorvidt NUS-koden er en kode for enkeltutdanning eller en samlekode. Samlekode: Kan bestå av flere utdanningsaktiviteter på ulike klassetrinn og med ulik varighet. Enkeltutdanning: Utdanningsaktiviteter med likhet i fagkrets/faglig innhold, klassetrinn og varighet. For mer informasjon, se pkt. 3.2.1. i NOS C 617  (under publikasjoner).
</Description>
        <Description xml:lang="en">Type of code describes whether the NUS2000 code is a code for individual educational programmes or an aggregate code. Aggregate codes consist of several educational activities at different class levels and/or duration. Individual educational programmes are educational activities with a similar range of subjects/subject content, class level and duration. For more information, see 3.2.1. in NOS C 751 (under publications).
</Description>
      </DescriptionGrp>
      <IntroductionGrp>
        <Indtroduction xml:lang="nn">NUS2000 inneheld, i tillegg til den sekssifra NUS-koden, også andre kodar knytte til utdanning. Kodetype er ei slik gruppering. Desse supplerer NUS2000-standarden, men har, med unntak av ISCED97, ikkje status som offisielle standardar i SSB. 
</Indtroduction>
        <Indtroduction xml:lang="nb">NUS2000 inneholder, i tillegg til den sekssifrede NUS-koden, også andre koder knyttet til utdanning. Kodetype er en slik gruppering. Disse supplerer NUS2000-standarden, men har, med unntak av ISCED97, ikke status som offisielle standarder i SSB.</Indtroduction>
        <Indtroduction xml:lang="en">In addition to the six digit NUS code, NUS2000 also consist of other codes concerning education. Type of code is such a classification. These codes supplement the NUS2000 standard, but with exception from ISCED97, they do not have status as official standards in Statistics Norway.</Indtroduction>
      </IntroductionGrp>
      <ContactInformation>
        <Person xmlns="http://www.ssb.no/ns/meta/common">gki</Person>
        <Division xmlns="http://www.ssb.no/ns/meta/common">360</Division>
      </ContactInformation>
      <ExternalDocumentGrp>
        <ExternalDocument xml:lang="nn">NOS C 676   http://www.ssb.no/emner/04/90/nos_c617/nos_c676.pdf</ExternalDocument>
        <ExternalDocument xml:lang="nb">NOS C 617   http://www.ssb.no/emner/04/90/nos_c617/nos_c617.pdf</ExternalDocument>
        <ExternalDocument xml:lang="en">http://www.ssb.no/english/subjects/04/90/nos_c751_en/nos_c751_en.pdf</ExternalDocument>
      </ExternalDocumentGrp>
      <ChangesGrp>
        <Change xml:lang="nn">Ikkje relevant</Change>
        <Change xml:lang="nb">Ikke relevant</Change>
        <Change xml:lang="en">Not relevant</Change>
      </ChangesGrp>
      <DerivedFromGrp>
        <DerviedFrom xml:lang="nn">Ikkje relevant</DerviedFrom>
        <DerviedFrom xml:lang="nb">Ikke relevant</DerviedFrom>
        <DerviedFrom xml:lang="en">Not relevant</DerviedFrom>
      </DerivedFromGrp>
      <LegalBaseGrp>
        <LegalBase xml:lang="nn">Ikkje relevant</LegalBase>
        <LegalBase xml:lang="nb">Ikke relevant</LegalBase>
        <LegalBase xml:lang="en">Not relevant</LegalBase>
      </LegalBaseGrp>
      <Level levelNumber="1" id="urn:ssb:classlevel:stabas:4858003" codeStructure="9">
        <TitleGrp>
          <Title xml:lang="nn">Kodetype (NUS 2007/2): Kodetype</Title>
          <Title xml:lang="nb">Kodetype (NUS 2007/2): Kodetype</Title>
          <Title xml:lang="en">Code Type (NUS 2007/2): Code Type</Title>
        </TitleGrp>
        <CodelistReference>urn:ssb:codelist:stabas:4858003</CodelistReference>
        <Level levelNumber="2" id="urn:ssb:classlevel:stabas:4858005" codeStructure="999999">
          <TitleGrp>
            <Title xml:lang="nn">Kodetype (NUS 2007/2): Utdanningskode</Title>
            <Title xml:lang="nb">Kodetype (NUS 2007/2): Utdanningskode</Title>
            <Title xml:lang="en">Code Type (NUS 2007/2): Education code</Title>
          </TitleGrp>
          <CodelistReference>urn:ssb:codelist:stabas:4858005</CodelistReference>
        </Level>
      </Level>
    </ClassificationVersion>
    <ClassificationVersion id="urn:ssb:classversion:stabas:4714002" isCurrentVersion="false" validFrom="2007-01-01" validTo="2007-06-30" isUnderConstruction="false" updatesPossible="false" disseminationAllowed="true" lastChangedDate="2011-01-21" showIntranet="true" showInternet="true">
      <TitleGrp>
        <Title xml:lang="nn">Kodetype (NUS 2007/1)</Title>
        <Title xml:lang="nb">Kodetype (NUS 2007/1)</Title>
        <Title xml:lang="en">Code Type (NUS 2007/1)</Title>
      </TitleGrp>
      <DescriptionGrp>
        <Description xml:lang="nn">Kodetype beskriv om NUS-koden er ein kode for enkeltutdanning eller ein samlekode. Samlekode: Kan bestå av fleire utdanningsaktivitetar på forskjellige klassetrinn og med forskjellig tidslengd. Enkeltutdanning: Utdanningsaktivitetar som har felles fagkrins/fagleg innhald, klassetrinn og tidslengd. 
For meir informasjon, sjå pkt. 3.2.1. i NOS C 676 (under publikasjonar).
</Description>
        <Description xml:lang="nb">Kodetype beskriver hvorvidt NUS-koden er en kode for enkeltutdanning eller en samlekode. Samlekode: Kan bestå av flere utdanningsaktiviteter på ulike klassetrinn og med ulik varighet. Enkeltutdanning: Utdanningsaktiviteter med likhet i fagkrets/faglig innhold, klassetrinn og varighet. For mer informasjon, se pkt. 3.2.1. i NOS C 617  (under publikasjoner).
</Description>
        <Description xml:lang="en">Type of code describes whether the NUS2000 code is a code for individual educational programmes or an aggregate code. Aggregate codes consist of several educational activities at different class levels and/or duration. Individual educational programmes are educational activities with a similar range of subjects/subject content, class level and duration. For more information, see 3.2.1. in NOS C 751 (under publications).
</Description>
      </DescriptionGrp>
      <IntroductionGrp>
        <Indtroduction xml:lang="nn">NUS2000 inneheld, i tillegg til den sekssifra NUS-koden, også andre kodar knytte til utdanning. Kodetype er ei slik gruppering. Desse supplerer NUS2000-standarden, men har, med unntak av ISCED97, ikkje status som offisielle standardar i SSB. 
</Indtroduction>
        <Indtroduction xml:lang="nb">NUS2000 inneholder, i tillegg til den sekssifrede NUS-koden, også andre koder knyttet til utdanning. Kodetype er en slik gruppering. Disse supplerer NUS2000-standarden, men har, med unntak av ISCED97, ikke status som offisielle standarder i SSB. </Indtroduction>
        <Indtroduction xml:lang="en">In addition to the six digit NUS code, NUS2000 also consist of other codes concerning education. Type of code is such a classification. These codes supplement the NUS2000 standard, but with exception from ISCED97, they do not have status as official standards in Statistics Norway. </Indtroduction>
      </IntroductionGrp>
      <ContactInformation>
        <Person xmlns="http://www.ssb.no/ns/meta/common">gki</Person>
        <Division xmlns="http://www.ssb.no/ns/meta/common">360</Division>
      </ContactInformation>
      <ExternalDocumentGrp>
        <ExternalDocument xml:lang="nn">NOS C 676   http://www.ssb.no/emner/04/90/nos_c617/nos_c676.pdf</ExternalDocument>
        <ExternalDocument xml:lang="nb">NOS C 617   http://www.ssb.no/emner/04/90/nos_c617/nos_c617.pdf</ExternalDocument>
        <ExternalDocument xml:lang="en">http://www.ssb.no/english/subjects/04/90/nos_c751_en/nos_c751_en.pdf</ExternalDocument>
      </ExternalDocumentGrp>
      <ChangesGrp>
        <Change xml:lang="nn">Ikkje relevant</Change>
        <Change xml:lang="nb">Ikke relevant</Change>
        <Change xml:lang="en">Not relevant</Change>
      </ChangesGrp>
      <DerivedFromGrp>
        <DerviedFrom xml:lang="nn">Ikkje relevant</DerviedFrom>
        <DerviedFrom xml:lang="nb">Ikke relevant</DerviedFrom>
        <DerviedFrom xml:lang="en">Not relevant</DerviedFrom>
      </DerivedFromGrp>
      <LegalBaseGrp>
        <LegalBase xml:lang="nn">Ikkje relevant</LegalBase>
        <LegalBase xml:lang="nb">Ikke relevant</LegalBase>
        <LegalBase xml:lang="en">Not relevant</LegalBase>
      </LegalBaseGrp>
      <Level levelNumber="1" id="urn:ssb:classlevel:stabas:4714004" codeStructure="9">
        <TitleGrp>
          <Title xml:lang="nn">Kodetype (NUS 2007/1): Kodetype</Title>
          <Title xml:lang="nb">Kodetype (NUS 2007/1): Kodetype</Title>
          <Title xml:lang="en">Code Type (NUS 2007/1): Code type</Title>
        </TitleGrp>
        <CodelistReference>urn:ssb:codelist:stabas:4714004</CodelistReference>
        <Level levelNumber="2" id="urn:ssb:classlevel:stabas:4714006" codeStructure="999999">
          <TitleGrp>
            <Title xml:lang="nn">Kodetype (NUS 2007/1): Utdanningskode</Title>
            <Title xml:lang="nb">Kodetype (NUS 2007/1): Utdanningskode</Title>
            <Title xml:lang="en">Code Type (NUS 2007/1): Education code</Title>
          </TitleGrp>
          <CodelistReference>urn:ssb:codelist:stabas:4714006</CodelistReference>
        </Level>
      </Level>
    </ClassificationVersion>
  </ClassificationVersions>
</Classification>