<?xml version="1.0" encoding="utf-8"?>
<Classification xmlns:xsi="http://www.w3.org/2001/XMLSchema-instance" xmlns:xsd="http://www.w3.org/2001/XMLSchema" id="urn:ssb:classification:stabas:4721854" currentVersionId="urn:ssb:classversion:stabas:8911153" xmlns="http://www.ssb.no/ns/meta/classification">
  <TitleGrp>
    <Title xml:lang="nn">Standard for studieretning/utdanningsprogram (NUS)</Title>
    <Title xml:lang="nb">Standard for studiepoeng (NUS)</Title>
    <Title xml:lang="en">Classification for Areas of study- /education programmes (NUS)</Title>
  </TitleGrp>
  <DescriptionGrp>
    <Description xml:lang="nb">For utdanninger på nivå 6-8 angis varigheten i studiepoeng.60 studiepoeng utgjør en arbeidsmengde tilsvarende et skoleårs studier på heltid. For enkeltutdanninger angir antall studiepoeng utdanningsaktivitetens absolutte varighet. For samlekoder angis antall studiepoeng som et maksimum antall studiepoeng, fordi det inngår utdanningsaktiviteter av ulik varighet, og på ulike klassetrinn. For mer informasjon, se pkt. 3.2.3. i NOS C 617  (under publikasjoner).</Description>
  </DescriptionGrp>
  <StatisticalUnitGrp>
    <StatisticalUnit xml:lang="nb">Utdanningsaktiviteter som har en formell skolemessig ramme, innrettet mot en systematisk formidling av kunnskap og ferdigheter, og som har en viss lengde.</StatisticalUnit>
  </StatisticalUnitGrp>
  <OwnerGrp>
    <Owner xml:lang="nn">Statistisk sentralbyrå (SSB)</Owner>
    <Owner xml:lang="nb">Statistisk sentralbyrå (SSB)</Owner>
    <Owner xml:lang="en">Statistics Norway</Owner>
  </OwnerGrp>
  <SubjectArea>04</SubjectArea>
  <ClassificationVersions>
    <ClassificationVersion id="urn:ssb:classversion:stabas:8911153" isCurrentVersion="true" validFrom="2014-01-01" validTo="2015-11-09" isUnderConstruction="false" updatesPossible="false" disseminationAllowed="true" lastChangedDate="2015-12-14" showIntranet="true" showInternet="true">
      <TitleGrp>
        <Title xml:lang="nn">Studiepoeng (NUS 2014/1)</Title>
        <Title xml:lang="nb">Studiepoeng (NUS 2014/1) ugyldig f.o.m. 9. nov 2015</Title>
        <Title xml:lang="en">Credit points (NUS 2014/1)</Title>
      </TitleGrp>
      <DescriptionGrp>
        <Description xml:lang="nn">Versjon  2014_1 er ikkje lenger gyldig, for oppdatert versjon av Norsk standard for utdanningsgruppering sjå: http://www.ssb.no/utdanning/norsk-standard-for-utdanningsgruppering
For utdanningar på nivå 6-8 blir tidslengda oppgitt i studiepoeng. 60 studiepoeng utgjer ei arbeidsmengd som svarar til eitt skoleårs studium på heltid. For enkeltutdanningar gir talet på studiepoeng den absolutte tidslengda til kvar enkelt utdanning. For samlekodar blir det oppgitt ei maksimum mengd studiepoeng fordi dei inneheld utdanningar av forskjellig lengd og skjer på forskjellige klassetrinn.</Description>
        <Description xml:lang="nb">Versjon  2014_1 er ikke lenger gyldig, for oppdatert versjon av Norsk standard for utdanningsgruppering se: http://www.ssb.no/utdanning/norsk-standard-for-utdanningsgruppering
For utdanninger på nivå 6-8 angis varigheten i studiepoeng.60 studiepoeng utgjør en arbeidsmengde tilsvarende et skoleårs studier på heltid. For enkeltutdanninger angir antall studiepoeng utdanningsaktivitetens absolutte varighet. For samlekoder angis antall studiepoeng som et maksimum antall studiepoeng, fordi det inngår utdanningsaktiviteter av ulik varighet, og på ulike klassetrinn.</Description>
        <Description xml:lang="en">NUS 2014/1 is available including 8 November 2015. The new version, applicable from 9 November 2015, is not available in Database for Standard Classifications.
The new version is available here: http://www.ssb.no/utdanning/norsk-standard-for-utdanningsgruppering
For levels 6-8 tertiary education programmes, duration is given in credit points. Sixty credit points is equivalent to 60 ECTS (European Credit Transfer System), or one year of full-time studies. For aggregate codes the number of credit points is given as a maximum number of credit points, because they contain educational activities of varying duration and take place on different class levels. </Description>
      </DescriptionGrp>
      <IntroductionGrp>
        <Indtroduction xml:lang="nn">NUS2000 inneheld, i tillegg til den sekssifra NUS-koden, også andre kodar knytte til utdanning. Studiepoeng er ei slik gruppering.  Desse supplerer NUS2000-standarden, men har, med unntak av ISCED97, ikkje status som offisielle standardar i SSB.</Indtroduction>
        <Indtroduction xml:lang="nb">NUS2000 inneholder, i tillegg til den sekssifrede NUS-koden, også andre koder knyttet til utdanning. Studiepoeng er en slik gruppering. Disse supplerer NUS2000-standarden, men har, med unntak av ISCED97, ikke status som offisielle standarder i SSB.</Indtroduction>
        <Indtroduction xml:lang="en">In addition to the six digit NUS code, NUS2000 also consist of other codes concerning education. Credit points is such a classification. These codes supplement the NUS2000 standard, but with exception from ISCED97, they do not have status as official standards in Statistics Norway.</Indtroduction>
      </IntroductionGrp>
      <ContactInformation>
        <Person xmlns="http://www.ssb.no/ns/meta/common">gki</Person>
        <Division xmlns="http://www.ssb.no/ns/meta/common">360</Division>
      </ContactInformation>
      <ExternalDocumentGrp>
        <ExternalDocument xml:lang="nn">http://www.ssb.no/utdanning/norsk-standard-for-utdanningsgruppering</ExternalDocument>
        <ExternalDocument xml:lang="nb">http://www.ssb.no/utdanning/norsk-standard-for-utdanningsgruppering</ExternalDocument>
        <ExternalDocument xml:lang="en">http://www.ssb.no/utdanning/norsk-standard-for-utdanningsgruppering</ExternalDocument>
      </ExternalDocumentGrp>
      <ChangesGrp>
        <Change xml:lang="nn">Ikkje relevant</Change>
        <Change xml:lang="nb">Ikke relevant</Change>
        <Change xml:lang="en">Not relevant</Change>
      </ChangesGrp>
      <DerivedFromGrp>
        <DerviedFrom xml:lang="nn">Ikkje relevant</DerviedFrom>
        <DerviedFrom xml:lang="nb">Ikke relevant</DerviedFrom>
        <DerviedFrom xml:lang="en">Not relevant</DerviedFrom>
      </DerivedFromGrp>
      <LegalBaseGrp>
        <LegalBase xml:lang="nn">Ikkje relevant</LegalBase>
        <LegalBase xml:lang="nb">Ikke relevant</LegalBase>
        <LegalBase xml:lang="en">Not relevant</LegalBase>
      </LegalBaseGrp>
      <Level levelNumber="1" id="urn:ssb:classlevel:stabas:8911155" codeStructure="999">
        <TitleGrp>
          <Title xml:lang="nn">Studiepoeng (NUS 2014/1): Studiepoeng</Title>
          <Title xml:lang="nb">Studiepoeng (NUS 2014/1) ugyldig f.o.m. 9. nov 2015: Studiepoeng</Title>
          <Title xml:lang="en">Credit points (NUS 2014/1): Study points</Title>
        </TitleGrp>
        <CodelistReference>urn:ssb:codelist:stabas:8911155</CodelistReference>
        <Level levelNumber="2" id="urn:ssb:classlevel:stabas:8911157" codeStructure="999999">
          <TitleGrp>
            <Title xml:lang="nn">Studiepoeng (NUS 2014/1): Utdanningskode</Title>
            <Title xml:lang="nb">Studiepoeng (NUS 2014/1) ugyldig f.o.m. 9. nov 2015: Utdanningskode</Title>
            <Title xml:lang="en">Credit points (NUS 2014/1): Education code</Title>
          </TitleGrp>
          <CodelistReference>urn:ssb:codelist:stabas:8911157</CodelistReference>
        </Level>
      </Level>
    </ClassificationVersion>
    <ClassificationVersion id="urn:ssb:classversion:stabas:8765007" isCurrentVersion="false" validFrom="2013-07-01" validTo="2013-12-31" isUnderConstruction="false" updatesPossible="false" disseminationAllowed="true" lastChangedDate="2014-01-01" showIntranet="true" showInternet="true">
      <TitleGrp>
        <Title xml:lang="nn">Studiepoeng (NUS 2013/2)</Title>
        <Title xml:lang="nb">Studiepoeng (NUS 2013/2)</Title>
        <Title xml:lang="en">Credit points (NUS 2013/2)</Title>
      </TitleGrp>
      <DescriptionGrp>
        <Description xml:lang="nn">For utdanningar på nivå 6-8 blir tidslengda oppgitt i studiepoeng. 60 studiepoeng utgjer ei arbeidsmengd som svarar til eitt skoleårs studium på heltid. For enkeltutdanningar gir talet på studiepoeng den absolutte tidslengda til kvar enkelt utdanning. For samlekodar blir det oppgitt ei maksimum mengd studiepoeng fordi dei inneheld utdanningar av forskjellig lengd og skjer på forskjellige klassetrinn. For meir informasjon, sjå pkt. 3.2.3. i NOS C 676 (under publikasjonar).</Description>
        <Description xml:lang="nb">For utdanninger på nivå 6-8 angis varigheten i studiepoeng.60 studiepoeng utgjør en arbeidsmengde tilsvarende et skoleårs studier på heltid. For enkeltutdanninger angir antall studiepoeng utdanningsaktivitetens absolutte varighet. For samlekoder angis antall studiepoeng som et maksimum antall studiepoeng, fordi det inngår utdanningsaktiviteter av ulik varighet, og på ulike klassetrinn. For mer informasjon, se pkt. 3.2.3. i NOS C 617  (under publikasjoner).</Description>
        <Description xml:lang="en">For levels 6-8 tertiary education programmes, duration is given in credit points. Sixty credit points is equivalent to 60 ECTS (European Credit Transfer System), or one year of full-time studies. For aggregate codes the number of credit points is given as a maximum number of credit points, because they contain educational activities of varying duration and take place on different class levels. For more information, see 3.2.3. in NOS C 751 (under publications).</Description>
      </DescriptionGrp>
      <IntroductionGrp>
        <Indtroduction xml:lang="nn">NUS2000 inneheld, i tillegg til den sekssifra NUS-koden, også andre kodar knytte til utdanning. Studiepoeng er ei slik gruppering.  Desse supplerer NUS2000-standarden, men har, med unntak av ISCED97, ikkje status som offisielle standardar i SSB.</Indtroduction>
        <Indtroduction xml:lang="nb">NUS2000 inneholder, i tillegg til den sekssifrede NUS-koden, også andre koder knyttet til utdanning. Studiepoeng er en slik gruppering. Disse supplerer NUS2000-standarden, men har, med unntak av ISCED97, ikke status som offisielle standarder i SSB.</Indtroduction>
        <Indtroduction xml:lang="en">In addition to the six digit NUS code, NUS2000 also consist of other codes concerning education. Credit points is such a classification. These codes supplement the NUS2000 standard, but with exception from ISCED97, they do not have status as official standards in Statistics Norway.</Indtroduction>
      </IntroductionGrp>
      <ContactInformation>
        <Person xmlns="http://www.ssb.no/ns/meta/common">gki</Person>
        <Division xmlns="http://www.ssb.no/ns/meta/common">360</Division>
      </ContactInformation>
      <ExternalDocumentGrp>
        <ExternalDocument xml:lang="nn">NOS C 676   http://www.ssb.no/emner/04/90/nos_c617/nos_c676.pdf</ExternalDocument>
        <ExternalDocument xml:lang="nb">NOS C 617   http://www.ssb.no/emner/04/90/nos_c617/nos_c617.pdf</ExternalDocument>
        <ExternalDocument xml:lang="en">http://www.ssb.no/english/subjects/04/90/nos_c751_en/nos_c751_en.pdf</ExternalDocument>
      </ExternalDocumentGrp>
      <ChangesGrp>
        <Change xml:lang="nn">Ikkje relevant</Change>
        <Change xml:lang="nb">Ikke relevant</Change>
        <Change xml:lang="en">Not relevant</Change>
      </ChangesGrp>
      <DerivedFromGrp>
        <DerviedFrom xml:lang="nn">Ikkje relevant</DerviedFrom>
        <DerviedFrom xml:lang="nb">Ikke relevant</DerviedFrom>
        <DerviedFrom xml:lang="en">Not relevant</DerviedFrom>
      </DerivedFromGrp>
      <LegalBaseGrp>
        <LegalBase xml:lang="nn">Ikkje relevant</LegalBase>
        <LegalBase xml:lang="nb">Ikke relevant</LegalBase>
        <LegalBase xml:lang="en">Not relevant</LegalBase>
      </LegalBaseGrp>
      <Level levelNumber="1" id="urn:ssb:classlevel:stabas:8765009" codeStructure="999">
        <TitleGrp>
          <Title xml:lang="nn">Studiepoeng (NUS 2013/2): Studiepoeng</Title>
          <Title xml:lang="nb">Studiepoeng (NUS 2013/2): Studiepoeng</Title>
          <Title xml:lang="en">Credit points (NUS 2013/2): Study points</Title>
        </TitleGrp>
        <CodelistReference>urn:ssb:codelist:stabas:8765009</CodelistReference>
        <Level levelNumber="2" id="urn:ssb:classlevel:stabas:8765011" codeStructure="999999">
          <TitleGrp>
            <Title xml:lang="nn">Studiepoeng (NUS 2013/2): Utdanningskode</Title>
            <Title xml:lang="nb">Studiepoeng (NUS 2013/2): Utdanningskode</Title>
            <Title xml:lang="en">Credit points (NUS 2013/2): Education code</Title>
          </TitleGrp>
          <CodelistReference>urn:ssb:codelist:stabas:8765011</CodelistReference>
        </Level>
      </Level>
    </ClassificationVersion>
    <ClassificationVersion id="urn:ssb:classversion:stabas:8534845" isCurrentVersion="false" validFrom="2013-01-01" validTo="2013-06-30" isUnderConstruction="false" updatesPossible="false" disseminationAllowed="true" lastChangedDate="2013-07-01" showIntranet="true" showInternet="true">
      <TitleGrp>
        <Title xml:lang="nn">Studiepoeng (NUS 2013/1)</Title>
        <Title xml:lang="nb">Studiepoeng (NUS 2013/1)</Title>
        <Title xml:lang="en">Credit points (NUS 2013/1)</Title>
      </TitleGrp>
      <DescriptionGrp>
        <Description xml:lang="nn">For utdanningar på nivå 6-8 blir tidslengda oppgitt i studiepoeng. 60 studiepoeng utgjer ei arbeidsmengd som svarar til eitt skoleårs studium på heltid. For enkeltutdanningar gir talet på studiepoeng den absolutte tidslengda til kvar enkelt utdanning. For samlekodar blir det oppgitt ei maksimum mengd studiepoeng fordi dei inneheld utdanningar av forskjellig lengd og skjer på forskjellige klassetrinn. For meir informasjon, sjå pkt. 3.2.3. i NOS C 676 (under publikasjonar).</Description>
        <Description xml:lang="nb">For utdanninger på nivå 6-8 angis varigheten i studiepoeng.60 studiepoeng utgjør en arbeidsmengde tilsvarende et skoleårs studier på heltid. For enkeltutdanninger angir antall studiepoeng utdanningsaktivitetens absolutte varighet. For samlekoder angis antall studiepoeng som et maksimum antall studiepoeng, fordi det inngår utdanningsaktiviteter av ulik varighet, og på ulike klassetrinn. For mer informasjon, se pkt. 3.2.3. i NOS C 617  (under publikasjoner).</Description>
        <Description xml:lang="en">For levels 6-8 tertiary education programmes, duration is given in credit points. Sixty credit points is equivalent to 60 ECTS (European Credit Transfer System), or one year of full-time studies. For aggregate codes the number of credit points is given as a maximum number of credit points, because they contain educational activities of varying duration and take place on different class levels. For more information, see 3.2.3. in NOS C 751 (under publications).</Description>
      </DescriptionGrp>
      <IntroductionGrp>
        <Indtroduction xml:lang="nn">NUS2000 inneheld, i tillegg til den sekssifra NUS-koden, også andre kodar knytte til utdanning. Studiepoeng er ei slik gruppering.  Desse supplerer NUS2000-standarden, men har, med unntak av ISCED97, ikkje status som offisielle standardar i SSB.</Indtroduction>
        <Indtroduction xml:lang="nb">NUS2000 inneholder, i tillegg til den sekssifrede NUS-koden, også andre koder knyttet til utdanning. Studiepoeng er en slik gruppering. Disse supplerer NUS2000-standarden, men har, med unntak av ISCED97, ikke status som offisielle standarder i SSB.</Indtroduction>
        <Indtroduction xml:lang="en">In addition to the six digit NUS code, NUS2000 also consist of other codes concerning education. Credit points is such a classification. These codes supplement the NUS2000 standard, but with exception from ISCED97, they do not have status as official standards in Statistics Norway.</Indtroduction>
      </IntroductionGrp>
      <ContactInformation>
        <Person xmlns="http://www.ssb.no/ns/meta/common">gki</Person>
        <Division xmlns="http://www.ssb.no/ns/meta/common">360</Division>
      </ContactInformation>
      <ExternalDocumentGrp>
        <ExternalDocument xml:lang="nn">NOS C 676   http://www.ssb.no/emner/04/90/nos_c617/nos_c676.pdf</ExternalDocument>
        <ExternalDocument xml:lang="nb">NOS C 617   http://www.ssb.no/emner/04/90/nos_c617/nos_c617.pdf</ExternalDocument>
        <ExternalDocument xml:lang="en">http://www.ssb.no/english/subjects/04/90/nos_c751_en/nos_c751_en.pdf</ExternalDocument>
      </ExternalDocumentGrp>
      <ChangesGrp>
        <Change xml:lang="nn">Ikkje relevant</Change>
        <Change xml:lang="nb">Ikke relevant</Change>
        <Change xml:lang="en">Not relevant</Change>
      </ChangesGrp>
      <DerivedFromGrp>
        <DerviedFrom xml:lang="nn">Ikkje relevant</DerviedFrom>
        <DerviedFrom xml:lang="nb">Ikke relevant</DerviedFrom>
        <DerviedFrom xml:lang="en">Not relevant</DerviedFrom>
      </DerivedFromGrp>
      <LegalBaseGrp>
        <LegalBase xml:lang="nn">Ikkje relevant</LegalBase>
        <LegalBase xml:lang="nb">Ikke relevant</LegalBase>
        <LegalBase xml:lang="en">Not relevant</LegalBase>
      </LegalBaseGrp>
      <Level levelNumber="1" id="urn:ssb:classlevel:stabas:8534847" codeStructure="999">
        <TitleGrp>
          <Title xml:lang="nn">Studiepoeng (NUS 2013/1): Studiepoeng</Title>
          <Title xml:lang="nb">Studiepoeng (NUS 2013/1): Studiepoeng</Title>
          <Title xml:lang="en">Credit points (NUS 2013/1): Study points</Title>
        </TitleGrp>
        <CodelistReference>urn:ssb:codelist:stabas:8534847</CodelistReference>
        <Level levelNumber="2" id="urn:ssb:classlevel:stabas:8534849" codeStructure="999999">
          <TitleGrp>
            <Title xml:lang="nn">Studiepoeng (NUS 2013/1): Utdanningskode</Title>
            <Title xml:lang="nb">Studiepoeng (NUS 2013/1): Utdanningskode</Title>
            <Title xml:lang="en">Credit points (NUS 2013/1): Education code</Title>
          </TitleGrp>
          <CodelistReference>urn:ssb:codelist:stabas:8534849</CodelistReference>
        </Level>
      </Level>
    </ClassificationVersion>
    <ClassificationVersion id="urn:ssb:classversion:stabas:8410549" isCurrentVersion="false" validFrom="2012-07-01" validTo="2012-12-31" isUnderConstruction="false" updatesPossible="false" disseminationAllowed="true" lastChangedDate="2013-01-09" showIntranet="true" showInternet="true">
      <TitleGrp>
        <Title xml:lang="nn">Studiepoeng (NUS 2012/2)</Title>
        <Title xml:lang="nb">Studiepoeng (NUS 2012/2)</Title>
        <Title xml:lang="en">Credit points (NUS 2012/2)</Title>
      </TitleGrp>
      <DescriptionGrp>
        <Description xml:lang="nn">For utdanningar på nivå 6-8 blir tidslengda oppgitt i studiepoeng. 60 studiepoeng utgjer ei arbeidsmengd som svarar til eitt skoleårs studium på heltid. For enkeltutdanningar gir talet på studiepoeng den absolutte tidslengda til kvar enkelt utdanning. For samlekodar blir det oppgitt ei maksimum mengd studiepoeng fordi dei inneheld utdanningar av forskjellig lengd og skjer på forskjellige klassetrinn. For meir informasjon, sjå pkt. 3.2.3. i NOS C 676 (under publikasjonar).</Description>
        <Description xml:lang="nb">For utdanninger på nivå 6-8 angis varigheten i studiepoeng.60 studiepoeng utgjør en arbeidsmengde tilsvarende et skoleårs studier på heltid. For enkeltutdanninger angir antall studiepoeng utdanningsaktivitetens absolutte varighet. For samlekoder angis antall studiepoeng som et maksimum antall studiepoeng, fordi det inngår utdanningsaktiviteter av ulik varighet, og på ulike klassetrinn. For mer informasjon, se pkt. 3.2.3. i NOS C 617  (under publikasjoner).</Description>
        <Description xml:lang="en">For levels 6-8 tertiary education programmes, duration is given in credit points. Sixty credit points is equivalent to 60 ECTS (European Credit Transfer System), or one year of full-time studies. For aggregate codes the number of credit points is given as a maximum number of credit points, because they contain educational activities of varying duration and take place on different class levels. For more information, see 3.2.3. in NOS C 751 (under publications).</Description>
      </DescriptionGrp>
      <IntroductionGrp>
        <Indtroduction xml:lang="nn">NUS2000 inneheld, i tillegg til den sekssifra NUS-koden, også andre kodar knytte til utdanning. Studiepoeng er ei slik gruppering.  Desse supplerer NUS2000-standarden, men har, med unntak av ISCED97, ikkje status som offisielle standardar i SSB.</Indtroduction>
        <Indtroduction xml:lang="nb">NUS2000 inneholder, i tillegg til den sekssifrede NUS-koden, også andre koder knyttet til utdanning. Studiepoeng er en slik gruppering. Disse supplerer NUS2000-standarden, men har, med unntak av ISCED97, ikke status som offisielle standarder i SSB.</Indtroduction>
        <Indtroduction xml:lang="en">In addition to the six digit NUS code, NUS2000 also consist of other codes concerning education. Credit points is such a classification. These codes supplement the NUS2000 standard, but with exception from ISCED97, they do not have status as official standards in Statistics Norway.</Indtroduction>
      </IntroductionGrp>
      <ContactInformation>
        <Person xmlns="http://www.ssb.no/ns/meta/common">gki</Person>
        <Division xmlns="http://www.ssb.no/ns/meta/common">360</Division>
      </ContactInformation>
      <ExternalDocumentGrp>
        <ExternalDocument xml:lang="nn">NOS C 676   http://www.ssb.no/emner/04/90/nos_c617/nos_c676.pdf</ExternalDocument>
        <ExternalDocument xml:lang="nb">NOS C 617   http://www.ssb.no/emner/04/90/nos_c617/nos_c617.pdf</ExternalDocument>
        <ExternalDocument xml:lang="en">http://www.ssb.no/english/subjects/04/90/nos_c751_en/nos_c751_en.pdf</ExternalDocument>
      </ExternalDocumentGrp>
      <ChangesGrp>
        <Change xml:lang="nn">Ikkje relevant</Change>
        <Change xml:lang="nb">Ikke relevant</Change>
        <Change xml:lang="en">Not relevant</Change>
      </ChangesGrp>
      <DerivedFromGrp>
        <DerviedFrom xml:lang="nn">Ikkje relevant</DerviedFrom>
        <DerviedFrom xml:lang="nb">Ikke relevant</DerviedFrom>
        <DerviedFrom xml:lang="en">Not relevant</DerviedFrom>
      </DerivedFromGrp>
      <LegalBaseGrp>
        <LegalBase xml:lang="nn">Ikkje relevant</LegalBase>
        <LegalBase xml:lang="nb">Ikke relevant</LegalBase>
        <LegalBase xml:lang="en">Not relevant</LegalBase>
      </LegalBaseGrp>
      <Level levelNumber="1" id="urn:ssb:classlevel:stabas:8410551" codeStructure="999">
        <TitleGrp>
          <Title xml:lang="nn">Studiepoeng (NUS 2012/2): Studiepoeng</Title>
          <Title xml:lang="nb">Studiepoeng (NUS 2012/2): Studiepoeng</Title>
          <Title xml:lang="en">Credit points (NUS 2012/2): Study points</Title>
        </TitleGrp>
        <CodelistReference>urn:ssb:codelist:stabas:8410551</CodelistReference>
        <Level levelNumber="2" id="urn:ssb:classlevel:stabas:8410553" codeStructure="999999">
          <TitleGrp>
            <Title xml:lang="nn">Studiepoeng (NUS 2012/2): Utdanningskode</Title>
            <Title xml:lang="nb">Studiepoeng (NUS 2012/2): Utdanningskode</Title>
            <Title xml:lang="en">Credit points (NUS 2012/2): Education code</Title>
          </TitleGrp>
          <CodelistReference>urn:ssb:codelist:stabas:8410553</CodelistReference>
        </Level>
      </Level>
    </ClassificationVersion>
    <ClassificationVersion id="urn:ssb:classversion:stabas:8144461" isCurrentVersion="false" validFrom="2012-01-01" validTo="2012-06-30" isUnderConstruction="false" updatesPossible="false" disseminationAllowed="true" lastChangedDate="2012-07-31" showIntranet="true" showInternet="true">
      <TitleGrp>
        <Title xml:lang="nn">Studiepoeng (NUS 2012/1)</Title>
        <Title xml:lang="nb">Studiepoeng (NUS 2012/1)</Title>
        <Title xml:lang="en">Credit points (NUS 2012/1)</Title>
      </TitleGrp>
      <DescriptionGrp>
        <Description xml:lang="nn">For utdanningar på nivå 6-8 blir tidslengda oppgitt i studiepoeng. 60 studiepoeng utgjer ei arbeidsmengd som svarar til eitt skoleårs studium på heltid. For enkeltutdanningar gir talet på studiepoeng den absolutte tidslengda til kvar enkelt utdanning. For samlekodar blir det oppgitt ei maksimum mengd studiepoeng fordi dei inneheld utdanningar av forskjellig lengd og skjer på forskjellige klassetrinn. For meir informasjon, sjå pkt. 3.2.3. i NOS C 676 (under publikasjonar).</Description>
        <Description xml:lang="nb">For utdanninger på nivå 6-8 angis varigheten i studiepoeng.60 studiepoeng utgjør en arbeidsmengde tilsvarende et skoleårs studier på heltid. For enkeltutdanninger angir antall studiepoeng utdanningsaktivitetens absolutte varighet. For samlekoder angis antall studiepoeng som et maksimum antall studiepoeng, fordi det inngår utdanningsaktiviteter av ulik varighet, og på ulike klassetrinn. For mer informasjon, se pkt. 3.2.3. i NOS C 617  (under publikasjoner).</Description>
        <Description xml:lang="en">For levels 6-8 tertiary education programmes, duration is given in credit points. Sixty credit points is equivalent to 60 ECTS (European Credit Transfer System), or one year of full-time studies. For aggregate codes the number of credit points is given as a maximum number of credit points, because they contain educational activities of varying duration and take place on different class levels. For more information, see 3.2.3. in NOS C 751 (under publications).</Description>
      </DescriptionGrp>
      <IntroductionGrp>
        <Indtroduction xml:lang="nn">NUS2000 inneheld, i tillegg til den sekssifra NUS-koden, også andre kodar knytte til utdanning. Studiepoeng er ei slik gruppering.  Desse supplerer NUS2000-standarden, men har, med unntak av ISCED97, ikkje status som offisielle standardar i SSB.</Indtroduction>
        <Indtroduction xml:lang="nb">NUS2000 inneholder, i tillegg til den sekssifrede NUS-koden, også andre koder knyttet til utdanning. Studiepoeng er en slik gruppering. Disse supplerer NUS2000-standarden, men har, med unntak av ISCED97, ikke status som offisielle standarder i SSB.</Indtroduction>
        <Indtroduction xml:lang="en">In addition to the six digit NUS code, NUS2000 also consist of other codes concerning education. Credit points is such a classification. These codes supplement the NUS2000 standard, but with exception from ISCED97, they do not have status as official standards in Statistics Norway.</Indtroduction>
      </IntroductionGrp>
      <ContactInformation>
        <Person xmlns="http://www.ssb.no/ns/meta/common">gki</Person>
        <Division xmlns="http://www.ssb.no/ns/meta/common">360</Division>
      </ContactInformation>
      <ExternalDocumentGrp>
        <ExternalDocument xml:lang="nn">NOS C 676   http://www.ssb.no/emner/04/90/nos_c617/nos_c676.pdf</ExternalDocument>
        <ExternalDocument xml:lang="nb">NOS C 617   http://www.ssb.no/emner/04/90/nos_c617/nos_c617.pdf</ExternalDocument>
        <ExternalDocument xml:lang="en">http://www.ssb.no/english/subjects/04/90/nos_c751_en/nos_c751_en.pdf</ExternalDocument>
      </ExternalDocumentGrp>
      <ChangesGrp>
        <Change xml:lang="nn">Ikkje relevant</Change>
        <Change xml:lang="nb">Ikke relevant</Change>
        <Change xml:lang="en">Not relevant</Change>
      </ChangesGrp>
      <DerivedFromGrp>
        <DerviedFrom xml:lang="nn">Ikkje relevant</DerviedFrom>
        <DerviedFrom xml:lang="nb">Ikke relevant</DerviedFrom>
        <DerviedFrom xml:lang="en">Not relevant</DerviedFrom>
      </DerivedFromGrp>
      <LegalBaseGrp>
        <LegalBase xml:lang="nn">Ikkje relevant</LegalBase>
        <LegalBase xml:lang="nb">Ikke relevant</LegalBase>
        <LegalBase xml:lang="en">Not relevant</LegalBase>
      </LegalBaseGrp>
      <Level levelNumber="1" id="urn:ssb:classlevel:stabas:8144463" codeStructure="999">
        <TitleGrp>
          <Title xml:lang="nn">Studiepoeng (NUS 2012/1): Studiepoeng</Title>
          <Title xml:lang="nb">Studiepoeng (NUS 2012/1): Studiepoeng</Title>
          <Title xml:lang="en">Credit points (NUS 2012/1): Study points</Title>
        </TitleGrp>
        <CodelistReference>urn:ssb:codelist:stabas:8144463</CodelistReference>
        <Level levelNumber="2" id="urn:ssb:classlevel:stabas:8144465" codeStructure="999999">
          <TitleGrp>
            <Title xml:lang="nn">Studiepoeng (NUS 2012/1): Utdanningskode</Title>
            <Title xml:lang="nb">Studiepoeng (NUS 2012/1): Utdanningskode</Title>
            <Title xml:lang="en">Credit points (NUS 2012/1): Education code</Title>
          </TitleGrp>
          <CodelistReference>urn:ssb:codelist:stabas:8144465</CodelistReference>
        </Level>
      </Level>
    </ClassificationVersion>
    <ClassificationVersion id="urn:ssb:classversion:stabas:8037647" isCurrentVersion="false" validFrom="2011-07-01" validTo="2011-12-31" isUnderConstruction="false" updatesPossible="false" disseminationAllowed="true" lastChangedDate="2012-01-04" showIntranet="true" showInternet="true">
      <TitleGrp>
        <Title xml:lang="nn">Studiepoeng (NUS 2011/2)</Title>
        <Title xml:lang="nb">Studiepoeng (NUS 2011/2)</Title>
        <Title xml:lang="en">Credit points (NUS 2011/2)</Title>
      </TitleGrp>
      <DescriptionGrp>
        <Description xml:lang="nn">For utdanningar på nivå 6-8 blir tidslengda oppgitt i studiepoeng. 60 studiepoeng utgjer ei arbeidsmengd som svarar til eitt skoleårs studium på heltid. For enkeltutdanningar gir talet på studiepoeng den absolutte tidslengda til kvar enkelt utdanning. For samlekodar blir det oppgitt ei maksimum mengd studiepoeng fordi dei inneheld utdanningar av forskjellig lengd og skjer på forskjellige klassetrinn. For meir informasjon, sjå pkt. 3.2.3. i NOS C 676 (under publikasjonar).</Description>
        <Description xml:lang="nb">For utdanninger på nivå 6-8 angis varigheten i studiepoeng.60 studiepoeng utgjør en arbeidsmengde tilsvarende et skoleårs studier på heltid. For enkeltutdanninger angir antall studiepoeng utdanningsaktivitetens absolutte varighet. For samlekoder angis antall studiepoeng som et maksimum antall studiepoeng, fordi det inngår utdanningsaktiviteter av ulik varighet, og på ulike klassetrinn. For mer informasjon, se pkt. 3.2.3. i NOS C 617  (under publikasjoner).</Description>
        <Description xml:lang="en">For levels 6-8 tertiary education programmes, duration is given in credit points. Sixty credit points is equivalent to 60 ECTS (European Credit Transfer System), or one year of full-time studies. For aggregate codes the number of credit points is given as a maximum number of credit points, because they contain educational activities of varying duration and take place on different class levels. For more information, see 3.2.3. in NOS C 751 (under publications).</Description>
      </DescriptionGrp>
      <IntroductionGrp>
        <Indtroduction xml:lang="nn">NUS2000 inneheld, i tillegg til den sekssifra NUS-koden, også andre kodar knytte til utdanning. Studiepoeng er ei slik gruppering.  Desse supplerer NUS2000-standarden, men har, med unntak av ISCED97, ikkje status som offisielle standardar i SSB.</Indtroduction>
        <Indtroduction xml:lang="nb">NUS2000 inneholder, i tillegg til den sekssifrede NUS-koden, også andre koder knyttet til utdanning. Studiepoeng er en slik gruppering. Disse supplerer NUS2000-standarden, men har, med unntak av ISCED97, ikke status som offisielle standarder i SSB.</Indtroduction>
        <Indtroduction xml:lang="en">In addition to the six digit NUS code, NUS2000 also consist of other codes concerning education. Credit points is such a classification. These codes supplement the NUS2000 standard, but with exception from ISCED97, they do not have status as official standards in Statistics Norway.</Indtroduction>
      </IntroductionGrp>
      <ContactInformation>
        <Person xmlns="http://www.ssb.no/ns/meta/common">gki</Person>
        <Division xmlns="http://www.ssb.no/ns/meta/common">360</Division>
      </ContactInformation>
      <ExternalDocumentGrp>
        <ExternalDocument xml:lang="nn">NOS C 676   http://www.ssb.no/emner/04/90/nos_c617/nos_c676.pdf</ExternalDocument>
        <ExternalDocument xml:lang="nb">NOS C 617   http://www.ssb.no/emner/04/90/nos_c617/nos_c617.pdf</ExternalDocument>
        <ExternalDocument xml:lang="en">http://www.ssb.no/english/subjects/04/90/nos_c751_en/nos_c751_en.pdf</ExternalDocument>
      </ExternalDocumentGrp>
      <ChangesGrp>
        <Change xml:lang="nn">Ikkje relevant</Change>
        <Change xml:lang="nb">Ikke relevant</Change>
        <Change xml:lang="en">Not relevant</Change>
      </ChangesGrp>
      <DerivedFromGrp>
        <DerviedFrom xml:lang="nn">Ikkje relevant</DerviedFrom>
        <DerviedFrom xml:lang="nb">Ikke relevant</DerviedFrom>
        <DerviedFrom xml:lang="en">Not relevant</DerviedFrom>
      </DerivedFromGrp>
      <LegalBaseGrp>
        <LegalBase xml:lang="nn">Ikkje relevant</LegalBase>
        <LegalBase xml:lang="nb">Ikke relevant</LegalBase>
        <LegalBase xml:lang="en">Not relevant</LegalBase>
      </LegalBaseGrp>
      <Level levelNumber="1" id="urn:ssb:classlevel:stabas:8037649" codeStructure="999">
        <TitleGrp>
          <Title xml:lang="nn">Studiepoeng (NUS 2011/2): Studiepoeng</Title>
          <Title xml:lang="nb">Studiepoeng (NUS 2011/2): Studiepoeng</Title>
          <Title xml:lang="en">Credit points (NUS 2011/2): Study points</Title>
        </TitleGrp>
        <CodelistReference>urn:ssb:codelist:stabas:8037649</CodelistReference>
        <Level levelNumber="2" id="urn:ssb:classlevel:stabas:8037651" codeStructure="999999">
          <TitleGrp>
            <Title xml:lang="nn">Studiepoeng (NUS 2011/2): Utdanningskode</Title>
            <Title xml:lang="nb">Studiepoeng (NUS 2011/2): Utdanningskode</Title>
            <Title xml:lang="en">Credit points (NUS 2011/2): Education code</Title>
          </TitleGrp>
          <CodelistReference>urn:ssb:codelist:stabas:8037651</CodelistReference>
        </Level>
      </Level>
    </ClassificationVersion>
    <ClassificationVersion id="urn:ssb:classversion:stabas:7249741" isCurrentVersion="false" validFrom="2011-01-01" validTo="2011-06-30" isUnderConstruction="false" updatesPossible="false" disseminationAllowed="true" lastChangedDate="2011-06-30" showIntranet="true" showInternet="true">
      <TitleGrp>
        <Title xml:lang="nn">Studiepoeng (NUS 2011/1)</Title>
        <Title xml:lang="nb">Studiepoeng (NUS 2011/1)</Title>
        <Title xml:lang="en">Credit points (NUS 2011/1)</Title>
      </TitleGrp>
      <DescriptionGrp>
        <Description xml:lang="nn">For utdanningar på nivå 6-8 blir tidslengda oppgitt i studiepoeng. 60 studiepoeng utgjer ei arbeidsmengd som svarar til eitt skoleårs studium på heltid. For enkeltutdanningar gir talet på studiepoeng den absolutte tidslengda til kvar enkelt utdanning. For samlekodar blir det oppgitt ei maksimum mengd studiepoeng fordi dei inneheld utdanningar av forskjellig lengd og skjer på forskjellige klassetrinn. For meir informasjon, sjå pkt. 3.2.3. i NOS C 676 (under publikasjonar).
</Description>
        <Description xml:lang="nb">For utdanninger på nivå 6-8 angis varigheten i studiepoeng.60 studiepoeng utgjør en arbeidsmengde tilsvarende et skoleårs studier på heltid. For enkeltutdanninger angir antall studiepoeng utdanningsaktivitetens absolutte varighet. For samlekoder angis antall studiepoeng som et maksimum antall studiepoeng, fordi det inngår utdanningsaktiviteter av ulik varighet, og på ulike klassetrinn. For mer informasjon, se pkt. 3.2.3. i NOS C 617  (under publikasjoner).</Description>
        <Description xml:lang="en">For levels 6-8 tertiary education programmes, duration is given in credit points. Sixty credit points is equivalent to 60 ECTS (European Credit Transfer System), or one year of full-time studies. For aggregate codes the number of credit points is given as a maximum number of credit points, because they contain educational activities of varying duration and take place on different class levels. For more information, see 3.2.3. in NOS C 751 (under publications).</Description>
      </DescriptionGrp>
      <IntroductionGrp>
        <Indtroduction xml:lang="nn">NUS2000 inneheld, i tillegg til den sekssifra NUS-koden, også andre kodar knytte til utdanning. Studiepoeng er ei slik gruppering.  Desse supplerer NUS2000-standarden, men har, med unntak av ISCED97, ikkje status som offisielle standardar i SSB. </Indtroduction>
        <Indtroduction xml:lang="nb">NUS2000 inneholder, i tillegg til den sekssifrede NUS-koden, også andre koder knyttet til utdanning. Studiepoeng er en slik gruppering. Disse supplerer NUS2000-standarden, men har, med unntak av ISCED97, ikke status som offisielle standarder i SSB.</Indtroduction>
        <Indtroduction xml:lang="en">In addition to the six digit NUS code, NUS2000 also consist of other codes concerning education. Credit points is such a classification. These codes supplement the NUS2000 standard, but with exception from ISCED97, they do not have status as official standards in Statistics Norway.</Indtroduction>
      </IntroductionGrp>
      <ContactInformation>
        <Person xmlns="http://www.ssb.no/ns/meta/common">gki</Person>
        <Division xmlns="http://www.ssb.no/ns/meta/common">360</Division>
      </ContactInformation>
      <ExternalDocumentGrp>
        <ExternalDocument xml:lang="nn">NOS C 676   http://www.ssb.no/emner/04/90/nos_c617/nos_c676.pdf</ExternalDocument>
        <ExternalDocument xml:lang="nb">NOS C 617   http://www.ssb.no/emner/04/90/nos_c617/nos_c617.pdf</ExternalDocument>
        <ExternalDocument xml:lang="en">http://www.ssb.no/english/subjects/04/90/nos_c751_en/nos_c751_en.pdf</ExternalDocument>
      </ExternalDocumentGrp>
      <ChangesGrp>
        <Change xml:lang="nn">Ikkje relevant</Change>
        <Change xml:lang="nb">Ikke relevant</Change>
        <Change xml:lang="en">Not relevant</Change>
      </ChangesGrp>
      <DerivedFromGrp>
        <DerviedFrom xml:lang="nn">Ikkje relevant</DerviedFrom>
        <DerviedFrom xml:lang="nb">Ikke relevant</DerviedFrom>
        <DerviedFrom xml:lang="en">Not relevant</DerviedFrom>
      </DerivedFromGrp>
      <LegalBaseGrp>
        <LegalBase xml:lang="nn">Ikkje relevant</LegalBase>
        <LegalBase xml:lang="nb">Ikke relevant</LegalBase>
        <LegalBase xml:lang="en">Not relevant</LegalBase>
      </LegalBaseGrp>
      <Level levelNumber="1" id="urn:ssb:classlevel:stabas:7249743" codeStructure="999">
        <TitleGrp>
          <Title xml:lang="nn">Studiepoeng (NUS 2011/1): Studiepoeng</Title>
          <Title xml:lang="nb">Studiepoeng (NUS 2011/1): Studiepoeng</Title>
          <Title xml:lang="en">Credit points (NUS 2011/1): Study points</Title>
        </TitleGrp>
        <CodelistReference>urn:ssb:codelist:stabas:7249743</CodelistReference>
        <Level levelNumber="2" id="urn:ssb:classlevel:stabas:7249745" codeStructure="999999">
          <TitleGrp>
            <Title xml:lang="nn">Studiepoeng (NUS 2011/1): Utdanningskode</Title>
            <Title xml:lang="nb">Studiepoeng (NUS 2011/1): Utdanningskode</Title>
            <Title xml:lang="en">Credit points (NUS 2011/1): Education code</Title>
          </TitleGrp>
          <CodelistReference>urn:ssb:codelist:stabas:7249745</CodelistReference>
        </Level>
      </Level>
    </ClassificationVersion>
    <ClassificationVersion id="urn:ssb:classversion:stabas:6974037" isCurrentVersion="false" validFrom="2010-07-01" validTo="2010-12-31" isUnderConstruction="false" updatesPossible="false" disseminationAllowed="true" lastChangedDate="2011-06-27" showIntranet="true" showInternet="true">
      <TitleGrp>
        <Title xml:lang="nn">Studiepoeng (NUS 2010/2)</Title>
        <Title xml:lang="nb">Studiepoeng (NUS 2010/2)</Title>
        <Title xml:lang="en">Credit points  (NUS 2010/2)</Title>
      </TitleGrp>
      <DescriptionGrp>
        <Description xml:lang="nn">For utdanningar på nivå 6-8 blir tidslengda oppgitt i studiepoeng. 60 studiepoeng utgjer ei arbeidsmengd som svarar til eitt skoleårs studium på heltid. For enkeltutdanningar gir talet på studiepoeng den absolutte tidslengda til kvar enkelt utdanning. For samlekodar blir det oppgitt ei maksimum mengd studiepoeng fordi dei inneheld utdanningar av forskjellig lengd og skjer på forskjellige klassetrinn. For meir informasjon, sjå pkt. 3.2.3. i NOS C 676 (under publikasjonar).
</Description>
        <Description xml:lang="nb">For utdanninger på nivå 6-8 angis varigheten i studiepoeng.60 studiepoeng utgjør en arbeidsmengde tilsvarende et skoleårs studier på heltid. For enkeltutdanninger angir antall studiepoeng utdanningsaktivitetens absolutte varighet. For samlekoder angis antall studiepoeng som et maksimum antall studiepoeng, fordi det inngår utdanningsaktiviteter av ulik varighet, og på ulike klassetrinn. For mer informasjon, se pkt. 3.2.3. i NOS C 617  (under publikasjoner).</Description>
        <Description xml:lang="en">For levels 6-8 tertiary education programmes, duration is given in credit points. Sixty credit points is equivalent to 60 ECTS (European Credit Transfer System), or one year of full-time studies. For aggregate codes the number of credit points is given as a maximum number of credit points, because they contain educational activities of varying duration and take place on different class levels. For more information, see 3.2.3. in NOS C 751 (under publications).
</Description>
      </DescriptionGrp>
      <IntroductionGrp>
        <Indtroduction xml:lang="nn">NUS2000 inneheld, i tillegg til den sekssifra NUS-koden, også andre kodar knytte til utdanning. Studiepoeng er ei slik gruppering.  Desse supplerer NUS2000-standarden, men har, med unntak av ISCED97, ikkje status som offisielle standardar i SSB. 
</Indtroduction>
        <Indtroduction xml:lang="nb">NUS2000 inneholder, i tillegg til den sekssifrede NUS-koden, også andre koder knyttet til utdanning. Studiepoeng er en slik gruppering. Disse supplerer NUS2000-standarden, men har, med unntak av ISCED97, ikke status som offisielle standarder i SSB.</Indtroduction>
        <Indtroduction xml:lang="en">In addition to the six digit NUS code, NUS2000 also consist of other codes concerning education. Credit points is such a classification. These codes supplement the NUS2000 standard, but with exception from ISCED97, they do not have status as official standards in Statistics Norway.</Indtroduction>
      </IntroductionGrp>
      <ContactInformation>
        <Person xmlns="http://www.ssb.no/ns/meta/common">gki</Person>
        <Division xmlns="http://www.ssb.no/ns/meta/common">360</Division>
      </ContactInformation>
      <ExternalDocumentGrp>
        <ExternalDocument xml:lang="nn">NOS C 676   http://www.ssb.no/emner/04/90/nos_c617/nos_c676.pdf</ExternalDocument>
        <ExternalDocument xml:lang="nb">NOS C 617   http://www.ssb.no/emner/04/90/nos_c617/nos_c617.pdf</ExternalDocument>
        <ExternalDocument xml:lang="en">http://www.ssb.no/english/subjects/04/90/nos_c751_en/nos_c751_en.pdf</ExternalDocument>
      </ExternalDocumentGrp>
      <ChangesGrp>
        <Change xml:lang="nn">Ikkje relevant</Change>
        <Change xml:lang="nb">Ikke relevant</Change>
        <Change xml:lang="en">Not relevant</Change>
      </ChangesGrp>
      <DerivedFromGrp>
        <DerviedFrom xml:lang="nn">Ikkje relevant</DerviedFrom>
        <DerviedFrom xml:lang="nb">Ikke relevant</DerviedFrom>
        <DerviedFrom xml:lang="en">Not relevant</DerviedFrom>
      </DerivedFromGrp>
      <LegalBaseGrp>
        <LegalBase xml:lang="nn">Ikkje relevant</LegalBase>
        <LegalBase xml:lang="nb">Ikke relevant</LegalBase>
        <LegalBase xml:lang="en">Not relevant</LegalBase>
      </LegalBaseGrp>
      <Level levelNumber="1" id="urn:ssb:classlevel:stabas:6974039" codeStructure="999">
        <TitleGrp>
          <Title xml:lang="nn">Studiepoeng (NUS 2010/2): Studiepoeng</Title>
          <Title xml:lang="nb">Studiepoeng (NUS 2010/2): Studiepoeng</Title>
          <Title xml:lang="en">Credit points  (NUS 2010/2): Study points</Title>
        </TitleGrp>
        <CodelistReference>urn:ssb:codelist:stabas:6974039</CodelistReference>
        <Level levelNumber="2" id="urn:ssb:classlevel:stabas:6974041" codeStructure="999999">
          <TitleGrp>
            <Title xml:lang="nn">Studiepoeng (NUS 2010/2): Utdanningskode</Title>
            <Title xml:lang="nb">Studiepoeng (NUS 2010/2): Utdanningskode</Title>
            <Title xml:lang="en">Credit points  (NUS 2010/2): Education code</Title>
          </TitleGrp>
          <CodelistReference>urn:ssb:codelist:stabas:6974041</CodelistReference>
        </Level>
      </Level>
    </ClassificationVersion>
    <ClassificationVersion id="urn:ssb:classversion:stabas:6349405" isCurrentVersion="false" validFrom="2010-01-01" validTo="2010-06-30" isUnderConstruction="false" updatesPossible="false" disseminationAllowed="true" lastChangedDate="2011-06-27" showIntranet="true" showInternet="true">
      <TitleGrp>
        <Title xml:lang="nn">Studiepoeng (NUS 2010/1)</Title>
        <Title xml:lang="nb">Studiepoeng (NUS 2010/1)</Title>
        <Title xml:lang="en">Credit points  (NUS 2010/1)</Title>
      </TitleGrp>
      <DescriptionGrp>
        <Description xml:lang="nn">For utdanningar på nivå 6-8 blir tidslengda oppgitt i studiepoeng. 60 studiepoeng utgjer ei arbeidsmengd som svarar til eitt skoleårs studium på heltid. For enkeltutdanningar gir talet på studiepoeng den absolutte tidslengda til kvar enkelt utdanning. For samlekodar blir det oppgitt ei maksimum mengd studiepoeng fordi dei inneheld utdanningar av forskjellig lengd og skjer på forskjellige klassetrinn. For meir informasjon, sjå pkt. 3.2.3. i NOS C 676 (under publikasjonar).
</Description>
        <Description xml:lang="nb">For utdanninger på nivå 6-8 angis varigheten i studiepoeng.60 studiepoeng utgjør en arbeidsmengde tilsvarende et skoleårs studier på heltid. For enkeltutdanninger angir antall studiepoeng utdanningsaktivitetens absolutte varighet. For samlekoder angis antall studiepoeng som et maksimum antall studiepoeng, fordi det inngår utdanningsaktiviteter av ulik varighet, og på ulike klassetrinn. For mer informasjon, se pkt. 3.2.3. i NOS C 617  (under publikasjoner).</Description>
        <Description xml:lang="en">For levels 6-8 tertiary education programmes, duration is given in credit points. Sixty credit points is equivalent to 60 ECTS (European Credit Transfer System), or one year of full-time studies. For aggregate codes the number of credit points is given as a maximum number of credit points, because they contain educational activities of varying duration and take place on different class levels. For more information, see 3.2.3. in NOS C 751 (under publications).
</Description>
      </DescriptionGrp>
      <IntroductionGrp>
        <Indtroduction xml:lang="nn">NUS2000 inneheld, i tillegg til den sekssifra NUS-koden, også andre kodar knytte til utdanning. Studiepoeng er ei slik gruppering.  Desse supplerer NUS2000-standarden, men har, med unntak av ISCED97, ikkje status som offisielle standardar i SSB. 
</Indtroduction>
        <Indtroduction xml:lang="nb">NUS2000 inneholder, i tillegg til den sekssifrede NUS-koden, også andre koder knyttet til utdanning. Studiepoeng er en slik gruppering. Disse supplerer NUS2000-standarden, men har, med unntak av ISCED97, ikke status som offisielle standarder i SSB.</Indtroduction>
        <Indtroduction xml:lang="en">In addition to the six digit NUS code, NUS2000 also consist of other codes concerning education. Credit points is such a classification. These codes supplement the NUS2000 standard, but with exception from ISCED97, they do not have status as official standards in Statistics Norway.</Indtroduction>
      </IntroductionGrp>
      <ContactInformation>
        <Person xmlns="http://www.ssb.no/ns/meta/common">gki</Person>
        <Division xmlns="http://www.ssb.no/ns/meta/common">360</Division>
      </ContactInformation>
      <ExternalDocumentGrp>
        <ExternalDocument xml:lang="nn">NOS C 676   http://www.ssb.no/emner/04/90/nos_c617/nos_c676.pdf</ExternalDocument>
        <ExternalDocument xml:lang="nb">NOS C 617   http://www.ssb.no/emner/04/90/nos_c617/nos_c617.pdf</ExternalDocument>
        <ExternalDocument xml:lang="en">http://www.ssb.no/english/subjects/04/90/nos_c751_en/nos_c751_en.pdf</ExternalDocument>
      </ExternalDocumentGrp>
      <ChangesGrp>
        <Change xml:lang="nn">Ikkje relevant</Change>
        <Change xml:lang="nb">Ikke relevant</Change>
        <Change xml:lang="en">Not relevant</Change>
      </ChangesGrp>
      <DerivedFromGrp>
        <DerviedFrom xml:lang="nn">Ikkje relevant</DerviedFrom>
        <DerviedFrom xml:lang="nb">Ikke relevant</DerviedFrom>
        <DerviedFrom xml:lang="en">Not relevant</DerviedFrom>
      </DerivedFromGrp>
      <LegalBaseGrp>
        <LegalBase xml:lang="nn">Ikkje relevant</LegalBase>
        <LegalBase xml:lang="nb">Ikke relevant</LegalBase>
        <LegalBase xml:lang="en">Not relevant</LegalBase>
      </LegalBaseGrp>
      <Level levelNumber="1" id="urn:ssb:classlevel:stabas:6349407" codeStructure="999">
        <TitleGrp>
          <Title xml:lang="nn">Studiepoeng (NUS 2010/1): Studiepoeng</Title>
          <Title xml:lang="nb">Studiepoeng (NUS 2010/1): Studiepoeng</Title>
          <Title xml:lang="en">Credit points  (NUS 2010/1): Study points</Title>
        </TitleGrp>
        <CodelistReference>urn:ssb:codelist:stabas:6349407</CodelistReference>
        <Level levelNumber="2" id="urn:ssb:classlevel:stabas:6349409" codeStructure="999999">
          <TitleGrp>
            <Title xml:lang="nn">Studiepoeng (NUS 2010/1): Utdanningskode</Title>
            <Title xml:lang="nb">Studiepoeng (NUS 2010/1): Utdanningskode</Title>
            <Title xml:lang="en">Credit points  (NUS 2010/1): Education code</Title>
          </TitleGrp>
          <CodelistReference>urn:ssb:codelist:stabas:6349409</CodelistReference>
        </Level>
      </Level>
    </ClassificationVersion>
    <ClassificationVersion id="urn:ssb:classversion:stabas:5966163" isCurrentVersion="false" validFrom="2009-07-01" validTo="2009-12-31" isUnderConstruction="false" updatesPossible="false" disseminationAllowed="true" lastChangedDate="2011-01-24" showIntranet="true" showInternet="true">
      <TitleGrp>
        <Title xml:lang="nn">Studiepoeng (NUS 2009/2)</Title>
        <Title xml:lang="nb">Studiepoeng (NUS 2009/2)</Title>
        <Title xml:lang="en">Credit points (NUS 2009/2)</Title>
      </TitleGrp>
      <DescriptionGrp>
        <Description xml:lang="nn">For utdanningar på nivå 6-8 blir tidslengda oppgitt i studiepoeng. 60 studiepoeng utgjer ei arbeidsmengd som svarar til eitt skoleårs studium på heltid. For enkeltutdanningar gir talet på studiepoeng den absolutte tidslengda til kvar enkelt utdanning. For samlekodar blir det oppgitt ei maksimum mengd studiepoeng fordi dei inneheld utdanningar av forskjellig lengd og skjer på forskjellige klassetrinn. For meir informasjon, sjå pkt. 3.2.3. i NOS C 676 (under publikasjonar).
</Description>
        <Description xml:lang="nb">For utdanninger på nivå 6-8 angis varigheten i studiepoeng.60 studiepoeng utgjør en arbeidsmengde tilsvarende et skoleårs studier på heltid. For enkeltutdanninger angir antall studiepoeng utdanningsaktivitetens absolutte varighet. For samlekoder angis antall studiepoeng som et maksimum antall studiepoeng, fordi det inngår utdanningsaktiviteter av ulik varighet, og på ulike klassetrinn. For mer informasjon, se pkt. 3.2.3. i NOS C 617  (under publikasjoner).
</Description>
        <Description xml:lang="en">For levels 6-8 tertiary education programmes, duration is given in credit points. Sixty credit points is equivalent to 60 ECTS (European Credit Transfer System), or one year of full-time studies. For aggregate codes the number of credit points is given as a maximum number of credit points, because they contain educational activities of varying duration and take place on different class levels. For more information, see 3.2.3. in NOS C 751 (under publications).
</Description>
      </DescriptionGrp>
      <IntroductionGrp>
        <Indtroduction xml:lang="nn">NUS2000 inneheld, i tillegg til den sekssifra NUS-koden, også andre kodar knytte til utdanning. Studiepoeng er ei slik gruppering.  Desse supplerer NUS2000-standarden, men har, med unntak av ISCED97, ikkje status som offisielle standardar i SSB. 
</Indtroduction>
        <Indtroduction xml:lang="nb">NUS2000 inneholder, i tillegg til den sekssifrede NUS-koden, også andre koder knyttet til utdanning. Studiepoeng er en slik gruppering. Disse supplerer NUS2000-standarden, men har, med unntak av ISCED97, ikke status som offisielle standarder i SSB.</Indtroduction>
        <Indtroduction xml:lang="en">In addition to the six digit NUS code, NUS2000 also consist of other codes concerning education. Credit points is such a classification. These codes supplement the NUS2000 standard, but with exception from ISCED97, they do not have status as official standards in Statistics Norway.</Indtroduction>
      </IntroductionGrp>
      <ContactInformation>
        <Person xmlns="http://www.ssb.no/ns/meta/common">gki</Person>
        <Division xmlns="http://www.ssb.no/ns/meta/common">360</Division>
      </ContactInformation>
      <ExternalDocumentGrp>
        <ExternalDocument xml:lang="nn">NOS C 676   http://www.ssb.no/emner/04/90/nos_c617/nos_c676.pdf</ExternalDocument>
        <ExternalDocument xml:lang="nb">NOS C 617   http://www.ssb.no/emner/04/90/nos_c617/nos_c617.pdf</ExternalDocument>
        <ExternalDocument xml:lang="en">http://www.ssb.no/english/subjects/04/90/nos_c751_en/nos_c751_en.pdf</ExternalDocument>
      </ExternalDocumentGrp>
      <ChangesGrp>
        <Change xml:lang="nn">Ikkje relevant</Change>
        <Change xml:lang="nb">Ikke relevant</Change>
        <Change xml:lang="en">Not relevant</Change>
      </ChangesGrp>
      <DerivedFromGrp>
        <DerviedFrom xml:lang="nn">Ikkje relevant</DerviedFrom>
        <DerviedFrom xml:lang="nb">Ikke relevant</DerviedFrom>
        <DerviedFrom xml:lang="en">Not relevant</DerviedFrom>
      </DerivedFromGrp>
      <LegalBaseGrp>
        <LegalBase xml:lang="nn">Ikkje relevant</LegalBase>
        <LegalBase xml:lang="nb">Ikke relevant</LegalBase>
        <LegalBase xml:lang="en">Not relevant</LegalBase>
      </LegalBaseGrp>
      <Level levelNumber="1" id="urn:ssb:classlevel:stabas:5966165" codeStructure="999">
        <TitleGrp>
          <Title xml:lang="nn">Studiepoeng (NUS 2009/2): Studiepoeng</Title>
          <Title xml:lang="nb">Studiepoeng (NUS 2009/2): Studiepoeng</Title>
          <Title xml:lang="en">Credit points (NUS 2009/2): Study points</Title>
        </TitleGrp>
        <CodelistReference>urn:ssb:codelist:stabas:5966165</CodelistReference>
        <Level levelNumber="2" id="urn:ssb:classlevel:stabas:5966167" codeStructure="999999">
          <TitleGrp>
            <Title xml:lang="nn">Studiepoeng (NUS 2009/2): Utdanningskode</Title>
            <Title xml:lang="nb">Studiepoeng (NUS 2009/2): Utdanningskode</Title>
            <Title xml:lang="en">Credit points (NUS 2009/2): Education code</Title>
          </TitleGrp>
          <CodelistReference>urn:ssb:codelist:stabas:5966167</CodelistReference>
        </Level>
      </Level>
    </ClassificationVersion>
    <ClassificationVersion id="urn:ssb:classversion:stabas:5720867" isCurrentVersion="false" validFrom="2009-01-01" validTo="2009-06-30" isUnderConstruction="false" updatesPossible="false" disseminationAllowed="true" lastChangedDate="2011-01-24" showIntranet="true" showInternet="true">
      <TitleGrp>
        <Title xml:lang="nn">Studiepoeng (NUS 2009/1)</Title>
        <Title xml:lang="nb">Studiepoeng (NUS 2009/1)</Title>
        <Title xml:lang="en">Study points (NUS 2009/1)</Title>
      </TitleGrp>
      <DescriptionGrp>
        <Description xml:lang="nn">For utdanningar på nivå 6-8 blir tidslengda oppgitt i studiepoeng. 60 studiepoeng utgjer ei arbeidsmengd som svarar til eitt skoleårs studium på heltid. For enkeltutdanningar gir talet på studiepoeng den absolutte tidslengda til kvar enkelt utdanning. For samlekodar blir det oppgitt ei maksimum mengd studiepoeng fordi dei inneheld utdanningar av forskjellig lengd og skjer på forskjellige klassetrinn. For meir informasjon, sjå pkt. 3.2.3. i NOS C 676 (under publikasjoner).
</Description>
        <Description xml:lang="nb">For utdanninger på nivå 6-8 angis varigheten i studiepoeng.60 studiepoeng utgjør en arbeidsmengde tilsvarende et skoleårs studier på heltid. For enkeltutdanninger angir antall studiepoeng utdanningsaktivitetens absolutte varighet. For samlekoder angis antall studiepoeng som et maksimum antall studiepoeng, fordi det inngår utdanningsaktiviteter av ulik varighet, og på ulike klassetrinn. For mer informasjon, se pkt. 3.2.3. i NOS C 617  (under publikasjoner).
</Description>
        <Description xml:lang="en">For levels 6-8 tertiary education programmes, duration is given in credit points. Sixty credit points is equivalent to 60 ECTS (European Credit Transfer System), or one year of full-time studies. For aggregate codes the number of credit points is given as a maximum number of credit points, because they contain educational activities of varying duration and take place on different class levels. For more information, see 3.2.3. in NOS C 751 (under publications).

</Description>
      </DescriptionGrp>
      <IntroductionGrp>
        <Indtroduction xml:lang="nn">NUS2000 inneheld, i tillegg til den sekssifra NUS-koden, også andre kodar knytte til utdanning. Studiepoeng er ei slik gruppering.  Desse supplerer NUS2000-standarden, men har, med unntak av ISCED97, ikkje status som offisielle standardar i SSB. 
</Indtroduction>
        <Indtroduction xml:lang="nb">NUS2000 inneholder, i tillegg til den sekssifrede NUS-koden, også andre koder knyttet til utdanning. Studiepoeng er en slik gruppering. Disse supplerer NUS2000-standarden, men har, med unntak av ISCED97, ikke status som offisielle standarder i SSB.</Indtroduction>
        <Indtroduction xml:lang="en">In addition to the six digit NUS code, NUS2000 also consist of other codes concerning education. Credit points is such a classification. These codes supplement the NUS2000 standard, but with exception from ISCED97, they do not have status as official standards in Statistics Norway.</Indtroduction>
      </IntroductionGrp>
      <ContactInformation>
        <Person xmlns="http://www.ssb.no/ns/meta/common">gki</Person>
        <Division xmlns="http://www.ssb.no/ns/meta/common">360</Division>
      </ContactInformation>
      <ExternalDocumentGrp>
        <ExternalDocument xml:lang="nn">NOS C 676   http://www.ssb.no/emner/04/90/nos_c617/nos_c676.pdf</ExternalDocument>
        <ExternalDocument xml:lang="nb">NOS C 617   http://www.ssb.no/emner/04/90/nos_c617/nos_c617.pdf</ExternalDocument>
        <ExternalDocument xml:lang="en">http://www.ssb.no/english/subjects/04/90/nos_c751_en/nos_c751_en.pdf</ExternalDocument>
      </ExternalDocumentGrp>
      <ChangesGrp>
        <Change xml:lang="nn">Ikkje relevant</Change>
        <Change xml:lang="nb">Ikke relevant</Change>
        <Change xml:lang="en">Not relevant</Change>
      </ChangesGrp>
      <DerivedFromGrp>
        <DerviedFrom xml:lang="nn">Ikkje relevant</DerviedFrom>
        <DerviedFrom xml:lang="nb">Ikke relevant</DerviedFrom>
        <DerviedFrom xml:lang="en">Not relevant</DerviedFrom>
      </DerivedFromGrp>
      <LegalBaseGrp>
        <LegalBase xml:lang="nn">Ikkje relevant</LegalBase>
        <LegalBase xml:lang="nb">Ikke relevant</LegalBase>
        <LegalBase xml:lang="en">Not relevant</LegalBase>
      </LegalBaseGrp>
      <Level levelNumber="1" id="urn:ssb:classlevel:stabas:5720869" codeStructure="999">
        <TitleGrp>
          <Title xml:lang="nn">Studiepoeng (NUS 2009/1): Studiepoeng</Title>
          <Title xml:lang="nb">Studiepoeng (NUS 2009/1): Studiepoeng</Title>
          <Title xml:lang="en">Study points (NUS 2009/1): Study points</Title>
        </TitleGrp>
        <CodelistReference>urn:ssb:codelist:stabas:5720869</CodelistReference>
        <Level levelNumber="2" id="urn:ssb:classlevel:stabas:5720871" codeStructure="999999">
          <TitleGrp>
            <Title xml:lang="nn">Studiepoeng (NUS 2009/1): Utdanningskode</Title>
            <Title xml:lang="nb">Studiepoeng (NUS 2009/1): Utdanningskode</Title>
            <Title xml:lang="en">Study points (NUS 2009/1): Education code</Title>
          </TitleGrp>
          <CodelistReference>urn:ssb:codelist:stabas:5720871</CodelistReference>
        </Level>
      </Level>
    </ClassificationVersion>
    <ClassificationVersion id="urn:ssb:classversion:stabas:5386759" isCurrentVersion="false" validFrom="2008-07-01" validTo="2008-12-31" isUnderConstruction="false" updatesPossible="false" disseminationAllowed="true" lastChangedDate="2011-01-24" showIntranet="true" showInternet="true">
      <TitleGrp>
        <Title xml:lang="nn">Studiepoeng (NUS 2008/2)</Title>
        <Title xml:lang="nb">Studiepoeng (NUS 2008/2)</Title>
        <Title xml:lang="en">Study points (NUS 2008/2)</Title>
      </TitleGrp>
      <DescriptionGrp>
        <Description xml:lang="nn">For utdanningar på nivå 6-8 blir tidslengda oppgitt i studiepoeng. 60 studiepoeng utgjer ei arbeidsmengd som svarar til eitt skoleårs studium på heltid. For enkeltutdanningar gir talet på studiepoeng den absolutte tidslengda til kvar enkelt utdanning. For samlekodar blir det oppgitt ei maksimum mengd studiepoeng fordi dei inneheld utdanningar av forskjellig lengd og skjer på forskjellige klassetrinn. For meir informasjon, sjå pkt. 3.2.3. i NOS C 676 (under publikasjoner).
</Description>
        <Description xml:lang="nb">For utdanninger på nivå 6-8 angis varigheten i studiepoeng.60 studiepoeng utgjør en arbeidsmengde tilsvarende et skoleårs studier på heltid. For enkeltutdanninger angir antall studiepoeng utdanningsaktivitetens absolutte varighet. For samlekoder angis antall studiepoeng som et maksimum antall studiepoeng, fordi det inngår utdanningsaktiviteter av ulik varighet, og på ulike klassetrinn. For mer informasjon, se pkt. 3.2.3. i NOS C 617  (under publikasjoner).


</Description>
        <Description xml:lang="en">For levels 6-8 tertiary education programmes, duration is given in credit points. Sixty credit points is equivalent to 60 ECTS (European Credit Transfer System), or one year of full-time studies. For aggregate codes the number of credit points is given as a maximum number of credit points, because they contain educational activities of varying duration and take place on different class levels. For more information, see 3.2.3. in NOS C 751 (under publications).

</Description>
      </DescriptionGrp>
      <IntroductionGrp>
        <Indtroduction xml:lang="nn">NUS2000 inneheld, i tillegg til den sekssifra NUS-koden, også andre kodar knytte til utdanning. Studiepoeng er ei slik gruppering.  Desse supplerer NUS2000-standarden, men har, med unntak av ISCED97, ikkje status som offisielle standardar i SSB. 
</Indtroduction>
        <Indtroduction xml:lang="nb">NUS2000 inneholder, i tillegg til den sekssifrede NUS-koden, også andre koder knyttet til utdanning. Studiepoeng er en slik gruppering. Disse supplerer NUS2000-standarden, men har, med unntak av ISCED97, ikke status som offisielle standarder i SSB.</Indtroduction>
        <Indtroduction xml:lang="en">In addition to the six digit NUS code, NUS2000 also consist of other codes concerning education. Credit points is such a classification. These codes supplement the NUS2000 standard, but with exception from ISCED97, they do not have status as official standards in Statistics Norway.</Indtroduction>
      </IntroductionGrp>
      <ContactInformation>
        <Person xmlns="http://www.ssb.no/ns/meta/common">gki</Person>
        <Division xmlns="http://www.ssb.no/ns/meta/common">360</Division>
      </ContactInformation>
      <ExternalDocumentGrp>
        <ExternalDocument xml:lang="nn">NOS C 676   http://www.ssb.no/emner/04/90/nos_c617/nos_c676.pdf</ExternalDocument>
        <ExternalDocument xml:lang="nb">NOS C 617   http://www.ssb.no/emner/04/90/nos_c617/nos_c617.pdf</ExternalDocument>
        <ExternalDocument xml:lang="en">http://www.ssb.no/english/subjects/04/90/nos_c751_en/nos_c751_en.pdf</ExternalDocument>
      </ExternalDocumentGrp>
      <ChangesGrp>
        <Change xml:lang="nn">Ikkje relevant</Change>
        <Change xml:lang="nb">Ikke relevant</Change>
        <Change xml:lang="en">Not relevant</Change>
      </ChangesGrp>
      <DerivedFromGrp>
        <DerviedFrom xml:lang="nn">Ikkje relevant</DerviedFrom>
        <DerviedFrom xml:lang="nb">Ikke relevant</DerviedFrom>
        <DerviedFrom xml:lang="en">Not relevant</DerviedFrom>
      </DerivedFromGrp>
      <LegalBaseGrp>
        <LegalBase xml:lang="nn">Ikkje relevant</LegalBase>
        <LegalBase xml:lang="nb">Ikke relevant</LegalBase>
        <LegalBase xml:lang="en">Not relevant</LegalBase>
      </LegalBaseGrp>
      <Level levelNumber="1" id="urn:ssb:classlevel:stabas:5386761" codeStructure="999">
        <TitleGrp>
          <Title xml:lang="nn">Studiepoeng (NUS 2008/2): Studiepoeng</Title>
          <Title xml:lang="nb">Studiepoeng (NUS 2008/2): Studiepoeng</Title>
          <Title xml:lang="en">Study points (NUS 2008/2): Study points</Title>
        </TitleGrp>
        <CodelistReference>urn:ssb:codelist:stabas:5386761</CodelistReference>
        <Level levelNumber="2" id="urn:ssb:classlevel:stabas:5386763" codeStructure="999999">
          <TitleGrp>
            <Title xml:lang="nn">Studiepoeng (NUS 2008/2): Utdanningskode</Title>
            <Title xml:lang="nb">Studiepoeng (NUS 2008/2): Utdanningskode</Title>
            <Title xml:lang="en">Study points (NUS 2008/2): Education code</Title>
          </TitleGrp>
          <CodelistReference>urn:ssb:codelist:stabas:5386763</CodelistReference>
        </Level>
      </Level>
    </ClassificationVersion>
    <ClassificationVersion id="urn:ssb:classversion:stabas:5083797" isCurrentVersion="false" validFrom="2008-01-01" validTo="2008-06-30" isUnderConstruction="false" updatesPossible="false" disseminationAllowed="true" lastChangedDate="2011-01-24" showIntranet="true" showInternet="true">
      <TitleGrp>
        <Title xml:lang="nn">Studiepoeng (NUS 2008/1)</Title>
        <Title xml:lang="nb">Studiepoeng (NUS 2008/1)</Title>
        <Title xml:lang="en">Study points (NUS 2008/1)</Title>
      </TitleGrp>
      <DescriptionGrp>
        <Description xml:lang="nn">For utdanningar på nivå 6-8 blir tidslengda oppgitt i studiepoeng. 60 studiepoeng utgjer ei arbeidsmengd som svarar til eitt skoleårs studium på heltid. For enkeltutdanningar gir talet på studiepoeng den absolutte tidslengda til kvar enkelt utdanning. For samlekodar blir det oppgitt ei maksimum mengd studiepoeng fordi dei inneheld utdanningar av forskjellig lengd og skjer på forskjellige klassetrinn. For meir informasjon, sjå pkt. 3.2.3. i NOS C 676 (under publikasjoner).
</Description>
        <Description xml:lang="nb">For utdanninger på nivå 6-8 angis varigheten i studiepoeng.60 studiepoeng utgjør en arbeidsmengde tilsvarende et skoleårs studier på heltid. For enkeltutdanninger angir antall studiepoeng utdanningsaktivitetens absolutte varighet. For samlekoder angis antall studiepoeng som et maksimum antall studiepoeng, fordi det inngår utdanningsaktiviteter av ulik varighet, og på ulike klassetrinn. For mer informasjon, se pkt. 3.2.3. i NOS C 617  (under publikasjoner).


</Description>
        <Description xml:lang="en">For levels 6-8 tertiary education programmes, duration is given in credit points. Sixty credit points is equivalent to 60 ECTS (European Credit Transfer System), or one year of full-time studies. For aggregate codes the number of credit points is given as a maximum number of credit points, because they contain educational activities of varying duration and take place on different class levels. For more information, see 3.2.3. in NOS C 751 (under publications).

</Description>
      </DescriptionGrp>
      <IntroductionGrp>
        <Indtroduction xml:lang="nn">NUS2000 inneheld, i tillegg til den sekssifra NUS-koden, også andre kodar knytte til utdanning. Studiepoeng er ei slik gruppering.  Desse supplerer NUS2000-standarden, men har, med unntak av ISCED97, ikkje status som offisielle standardar i SSB. 
</Indtroduction>
        <Indtroduction xml:lang="nb">NUS2000 inneholder, i tillegg til den sekssifrede NUS-koden, også andre koder knyttet til utdanning. Studiepoeng er en slik gruppering. Disse supplerer NUS2000-standarden, men har, med unntak av ISCED97, ikke status som offisielle standarder i SSB.</Indtroduction>
        <Indtroduction xml:lang="en">In addition to the six digit NUS code, NUS2000 also consist of other codes concerning education. Credit points is such a classification. These codes supplement the NUS2000 standard, but with exception from ISCED97, they do not have status as official standards in Statistics Norway.</Indtroduction>
      </IntroductionGrp>
      <ContactInformation>
        <Person xmlns="http://www.ssb.no/ns/meta/common">gki</Person>
        <Division xmlns="http://www.ssb.no/ns/meta/common">360</Division>
      </ContactInformation>
      <ExternalDocumentGrp>
        <ExternalDocument xml:lang="nn">NOS C 676   http://www.ssb.no/emner/04/90/nos_c617/nos_c676.pdf</ExternalDocument>
        <ExternalDocument xml:lang="nb">NOS C 617   http://www.ssb.no/emner/04/90/nos_c617/nos_c617.pdf</ExternalDocument>
        <ExternalDocument xml:lang="en">http://www.ssb.no/english/subjects/04/90/nos_c751_en/nos_c751_en.pdf</ExternalDocument>
      </ExternalDocumentGrp>
      <ChangesGrp>
        <Change xml:lang="nn">Ikkje relevant</Change>
        <Change xml:lang="nb">Ikke relevant</Change>
        <Change xml:lang="en">Not relevant</Change>
      </ChangesGrp>
      <DerivedFromGrp>
        <DerviedFrom xml:lang="nn">Ikkje relevant</DerviedFrom>
        <DerviedFrom xml:lang="nb">Ikke relevant</DerviedFrom>
        <DerviedFrom xml:lang="en">Not relevant</DerviedFrom>
      </DerivedFromGrp>
      <LegalBaseGrp>
        <LegalBase xml:lang="nn">Ikkje relevant</LegalBase>
        <LegalBase xml:lang="nb">Ikke relevant</LegalBase>
        <LegalBase xml:lang="en">Not relevant</LegalBase>
      </LegalBaseGrp>
      <Level levelNumber="1" id="urn:ssb:classlevel:stabas:5083799" codeStructure="999">
        <TitleGrp>
          <Title xml:lang="nn">Studiepoeng (NUS 2008/1): Studiepoeng</Title>
          <Title xml:lang="nb">Studiepoeng (NUS 2008/1): Studiepoeng</Title>
          <Title xml:lang="en">Study points (NUS 2008/1): Study points</Title>
        </TitleGrp>
        <CodelistReference>urn:ssb:codelist:stabas:5083799</CodelistReference>
        <Level levelNumber="2" id="urn:ssb:classlevel:stabas:5083801" codeStructure="999999">
          <TitleGrp>
            <Title xml:lang="nn">Studiepoeng (NUS 2008/1): Utdanningskode</Title>
            <Title xml:lang="nb">Studiepoeng (NUS 2008/1): Utdanningskode</Title>
            <Title xml:lang="en">Study points (NUS 2008/1): Education code</Title>
          </TitleGrp>
          <CodelistReference>urn:ssb:codelist:stabas:5083801</CodelistReference>
        </Level>
      </Level>
    </ClassificationVersion>
    <ClassificationVersion id="urn:ssb:classversion:stabas:4876663" isCurrentVersion="false" validFrom="2007-07-01" validTo="2007-12-31" isUnderConstruction="false" updatesPossible="false" disseminationAllowed="true" lastChangedDate="2011-01-24" showIntranet="true" showInternet="true">
      <TitleGrp>
        <Title xml:lang="nn">Studiepoeng (NUS 2007/2)</Title>
        <Title xml:lang="nb">Studiepoeng (NUS 2007/2)</Title>
        <Title xml:lang="en">Study points (NUS 2007/2)</Title>
      </TitleGrp>
      <DescriptionGrp>
        <Description xml:lang="nn">For utdanningar på nivå 6-8 blir tidslengda oppgitt i studiepoeng. 60 studiepoeng utgjer ei arbeidsmengd som svarar til eitt skoleårs studium på heltid. For enkeltutdanningar gir talet på studiepoeng den absolutte tidslengda til kvar enkelt utdanning. For samlekodar blir det oppgitt ei maksimum mengd studiepoeng fordi dei inneheld utdanningar av forskjellig lengd og skjer på forskjellige klassetrinn. For meir informasjon, sjå pkt. 3.2.3. i NOS C 676 (under publikasjoner).




</Description>
        <Description xml:lang="nb">For utdanninger på nivå 6-8 angis varigheten i studiepoeng.60 studiepoeng utgjør en arbeidsmengde tilsvarende et skoleårs studier på heltid. For enkeltutdanninger angir antall studiepoeng utdanningsaktivitetens absolutte varighet. For samlekoder angis antall studiepoeng som et maksimum antall studiepoeng, fordi det inngår utdanningsaktiviteter av ulik varighet, og på ulike klassetrinn. For mer informasjon, se pkt. 3.2.3. i NOS C 617  (under publikasjoner).


</Description>
        <Description xml:lang="en">For levels 6-8 tertiary education programmes, duration is given in credit points. Sixty credit points is equivalent to 60 ECTS (European Credit Transfer System), or one year of full-time studies. For aggregate codes the number of credit points is given as a maximum number of credit points, because they contain educational activities of varying duration and take place on different class levels. For more information, see 3.2.3. in NOS C 751 (under publications).




</Description>
      </DescriptionGrp>
      <IntroductionGrp>
        <Indtroduction xml:lang="nn">NUS2000 inneheld, i tillegg til den sekssifra NUS-koden, også andre kodar knytte til utdanning. Studiepoeng er ei slik gruppering.  Desse supplerer NUS2000-standarden, men har, med unntak av ISCED97, ikkje status som offisielle standardar i SSB. 
</Indtroduction>
        <Indtroduction xml:lang="nb">NUS2000 inneholder, i tillegg til den sekssifrede NUS-koden, også andre koder knyttet til utdanning. Studiepoeng er en slik gruppering. Disse supplerer NUS2000-standarden, men har, med unntak av ISCED97, ikke status som offisielle standarder i SSB.</Indtroduction>
        <Indtroduction xml:lang="en">In addition to the six digit NUS code, NUS2000 also consist of other codes concerning education. Credit points is such a classification. These codes supplement the NUS2000 standard, but with exception from ISCED97, they do not have status as official standards in Statistics Norway.</Indtroduction>
      </IntroductionGrp>
      <ContactInformation>
        <Person xmlns="http://www.ssb.no/ns/meta/common">gki</Person>
        <Division xmlns="http://www.ssb.no/ns/meta/common">360</Division>
      </ContactInformation>
      <ExternalDocumentGrp>
        <ExternalDocument xml:lang="nn">NOS C 676   http://www.ssb.no/emner/04/90/nos_c617/nos_c676.pdf</ExternalDocument>
        <ExternalDocument xml:lang="nb">NOS C 617   http://www.ssb.no/emner/04/90/nos_c617/nos_c617.pdf</ExternalDocument>
        <ExternalDocument xml:lang="en">http://www.ssb.no/english/subjects/04/90/nos_c751_en/nos_c751_en.pdf</ExternalDocument>
      </ExternalDocumentGrp>
      <ChangesGrp>
        <Change xml:lang="nn">Ikkje relevant</Change>
        <Change xml:lang="nb">Ikke relevant</Change>
        <Change xml:lang="en">Not relevant</Change>
      </ChangesGrp>
      <DerivedFromGrp>
        <DerviedFrom xml:lang="nn">Ikkje relevant</DerviedFrom>
        <DerviedFrom xml:lang="nb">Ikke relevant</DerviedFrom>
        <DerviedFrom xml:lang="en">Not relevant</DerviedFrom>
      </DerivedFromGrp>
      <LegalBaseGrp>
        <LegalBase xml:lang="nn">Ikkje relevant</LegalBase>
        <LegalBase xml:lang="nb">Ikke relevant</LegalBase>
        <LegalBase xml:lang="en">Not relevant</LegalBase>
      </LegalBaseGrp>
      <Level levelNumber="1" id="urn:ssb:classlevel:stabas:4876665" codeStructure="999">
        <TitleGrp>
          <Title xml:lang="nn">Studiepoeng (NUS 2007/2): Studiepoeng</Title>
          <Title xml:lang="nb">Studiepoeng (NUS 2007/2): Studiepoeng</Title>
          <Title xml:lang="en">Study points (NUS 2007/2): Study points</Title>
        </TitleGrp>
        <CodelistReference>urn:ssb:codelist:stabas:4876665</CodelistReference>
        <Level levelNumber="2" id="urn:ssb:classlevel:stabas:4876667" codeStructure="999999">
          <TitleGrp>
            <Title xml:lang="nn">Studiepoeng (NUS 2007/2): Utdanningskode</Title>
            <Title xml:lang="nb">Studiepoeng (NUS 2007/2): Utdanningskode</Title>
            <Title xml:lang="en">Study points (NUS 2007/2): Education code</Title>
          </TitleGrp>
          <CodelistReference>urn:ssb:codelist:stabas:4876667</CodelistReference>
        </Level>
      </Level>
    </ClassificationVersion>
    <ClassificationVersion id="urn:ssb:classversion:stabas:4721855" isCurrentVersion="false" validFrom="2007-01-01" validTo="2007-06-30" isUnderConstruction="false" updatesPossible="false" disseminationAllowed="true" lastChangedDate="2011-01-24" showIntranet="true" showInternet="true">
      <TitleGrp>
        <Title xml:lang="nn">Studiepoeng (NUS 2007/1)</Title>
        <Title xml:lang="nb">Studiepoeng (NUS 2007/1)</Title>
        <Title xml:lang="en">Study points (NUS 2007/1)</Title>
      </TitleGrp>
      <DescriptionGrp>
        <Description xml:lang="nn">For utdanningar på nivå 6-8 blir tidslengda oppgitt i studiepoeng. 60 studiepoeng utgjer ei arbeidsmengd som svarar til eitt skoleårs studium på heltid. For enkeltutdanningar gir talet på studiepoeng den absolutte tidslengda til kvar enkelt utdanning. For samlekodar blir det oppgitt ei maksimum mengd studiepoeng fordi dei inneheld utdanningar av forskjellig lengd og skjer på forskjellige klassetrinn. For meir informasjon, sjå pkt. 3.2.3. i NOS C 676 (under publikasjoner).




</Description>
        <Description xml:lang="nb">For utdanninger på nivå 6-8 angis varigheten i studiepoeng.60 studiepoeng utgjør en arbeidsmengde tilsvarende et skoleårs studier på heltid. For enkeltutdanninger angir antall studiepoeng utdanningsaktivitetens absolutte varighet. For samlekoder angis antall studiepoeng som et maksimum antall studiepoeng, fordi det inngår utdanningsaktiviteter av ulik varighet, og på ulike klassetrinn. For mer informasjon, se pkt. 3.2.3. i NOS C 617  (under publikasjoner).


</Description>
        <Description xml:lang="en">For levels 6-8 tertiary education programmes, duration is given in credit points. Sixty credit points is equivalent to 60 ECTS (European Credit Transfer System), or one year of full-time studies. For aggregate codes the number of credit points is given as a maximum number of credit points, because they contain educational activities of varying duration and take place on different class levels. For more information, see 3.2.3. in NOS C 751 (under publications).








</Description>
      </DescriptionGrp>
      <IntroductionGrp>
        <Indtroduction xml:lang="nn">NUS2000 inneheld, i tillegg til den sekssifra NUS-koden, også andre kodar knytte til utdanning. Studiepoeng er ei slik gruppering.  Desse supplerer NUS2000-standarden, men har, med unntak av ISCED97, ikkje status som offisielle standardar i SSB. 
</Indtroduction>
        <Indtroduction xml:lang="nb">NUS2000 inneholder, i tillegg til den sekssifrede NUS-koden, også andre koder knyttet til utdanning. Studiepoeng er en slik gruppering. Disse supplerer NUS2000-standarden, men har, med unntak av ISCED97, ikke status som offisielle standarder i SSB. </Indtroduction>
        <Indtroduction xml:lang="en">In addition to the six digit NUS code, NUS2000 also consist of other codes concerning education. Credit points is such a classification. These codes supplement the NUS2000 standard, but with exception from ISCED97, they do not have status as official standards in Statistics Norway. </Indtroduction>
      </IntroductionGrp>
      <ContactInformation>
        <Person xmlns="http://www.ssb.no/ns/meta/common">gki</Person>
        <Division xmlns="http://www.ssb.no/ns/meta/common">360</Division>
      </ContactInformation>
      <ExternalDocumentGrp>
        <ExternalDocument xml:lang="nn">NOS C 676   http://www.ssb.no/emner/04/90/nos_c617/nos_c676.pdf</ExternalDocument>
        <ExternalDocument xml:lang="nb">NOS C 617   http://www.ssb.no/emner/04/90/nos_c617/nos_c617.pdf</ExternalDocument>
        <ExternalDocument xml:lang="en">http://www.ssb.no/english/subjects/04/90/nos_c751_en/nos_c751_en.pdf</ExternalDocument>
      </ExternalDocumentGrp>
      <ChangesGrp>
        <Change xml:lang="nn">Ikkje relevant</Change>
        <Change xml:lang="nb">Ikke relevant</Change>
        <Change xml:lang="en">Not relevant</Change>
      </ChangesGrp>
      <DerivedFromGrp>
        <DerviedFrom xml:lang="nn">Ikkje relevant</DerviedFrom>
        <DerviedFrom xml:lang="nb">Ikke relevant</DerviedFrom>
        <DerviedFrom xml:lang="en">Not relevant</DerviedFrom>
      </DerivedFromGrp>
      <LegalBaseGrp>
        <LegalBase xml:lang="nn">Ikkje relevant</LegalBase>
        <LegalBase xml:lang="nb">Ikke relevant</LegalBase>
        <LegalBase xml:lang="en">Not relevant</LegalBase>
      </LegalBaseGrp>
      <Level levelNumber="1" id="urn:ssb:classlevel:stabas:4721857" codeStructure="999">
        <TitleGrp>
          <Title xml:lang="nn">Studiepoeng (NUS 2007/1): Studiepoeng</Title>
          <Title xml:lang="nb">Studiepoeng (NUS 2007/1): Studiepoeng</Title>
          <Title xml:lang="en">Study points (NUS 2007/1): Credit points</Title>
        </TitleGrp>
        <CodelistReference>urn:ssb:codelist:stabas:4721857</CodelistReference>
        <Level levelNumber="2" id="urn:ssb:classlevel:stabas:4721859" codeStructure="999999">
          <TitleGrp>
            <Title xml:lang="nn">Studiepoeng (NUS 2007/1): Utdanningskode</Title>
            <Title xml:lang="nb">Studiepoeng (NUS 2007/1): Utdanningskode</Title>
            <Title xml:lang="en">Study points (NUS 2007/1): Education code</Title>
          </TitleGrp>
          <CodelistReference>urn:ssb:codelist:stabas:4721859</CodelistReference>
        </Level>
      </Level>
    </ClassificationVersion>
  </ClassificationVersions>
</Classification>