<?xml version="1.0" encoding="utf-8"?>
<Classification xmlns:xsi="http://www.w3.org/2001/XMLSchema-instance" xmlns:xsd="http://www.w3.org/2001/XMLSchema" id="urn:ssb:classification:stabas:4721901" currentVersionId="urn:ssb:classversion:stabas:8898967" xmlns="http://www.ssb.no/ns/meta/classification">
  <TitleGrp>
    <Title xml:lang="nn">Standard for klassetrinn (NUS)</Title>
    <Title xml:lang="nb">Standard for klassetrinn (NUS)</Title>
    <Title xml:lang="en">Classification for Class level (NUS)</Title>
  </TitleGrp>
  <DescriptionGrp>
    <Description xml:lang="nn">Vi kan skilje mellom klassetrinn for enkeltutdanningar og klassetrinn for samlekodar. Enkeltutdanningane har førehandsbestemte klassetrinn, mens dei som har teke utdanning som fell inn under samlekodane, vil finnast på forskjellige klassetrinn. Klassetrinna blir rekna frå nivå 1 (barneskoleutdanning), der det første året i grunnskolen er klassetrinn 01. Nivå 1 og 2 utgjer klassetrinn 01 - 10. Det første året etter obligatorisk grunnskole (nivå 3) blir såleis 11. klassetrinn osv. Høgaste klassetrinn er 22 (forskarutdanning).</Description>
    <Description xml:lang="nb">Vi kan skille mellom klassetrinn for enkeltutdanninger og klassetrinn for samlekoder. Enkeltutdanningene har forhåndsbestemte klassetrinn, mens de som har tatt utdanning som faller inn under samlekodene vil befinne seg på ulike klassetrinn. Klassetrinn regnes fra nivå 1 (barneskoleutdanning), hvor første året i grunnskolen er klassetrinn 01. Nivåene 1 og 2 utgjør klassetrinn 01 - 10. Første år etter obligatorisk grunnskole (nivå 3) blir således 11. klassetrinn osv. Høyeste klassetrinn er 22 (forskerutdanning).</Description>
    <Description xml:lang="en">We can differentiate between class levels for individual educational programmes and class levels for aggregate codes. Individual programmes such as tertiary degrees have predetermined class levels, while programmes that come under the same aggregate code may have different class levels. Class levels are calculated from level 1 (primary education), where the first year of primary school is class level 1. Compulsory education (levels 1 and 2) comprises class levels 1-10. The first year of upper secondary school (level 3) is class level 11. Tertiary education (level 6) starts from class level 14. The highest possible class level is 21 (postgraduate education).</Description>
  </DescriptionGrp>
  <StatisticalUnitGrp>
    <StatisticalUnit xml:lang="nn">Utdanningsaktivitetar som har ei ramme som er innretta mot ei systematisk formidling av kunnskapar og dugleik, og som varer ei viss tid.</StatisticalUnit>
    <StatisticalUnit xml:lang="nb">Utdanningsaktiviteter som har en formell skolemessig ramme, innrettet mot en systematisk formidling av kunnskap og ferdigheter, og som har en viss lengde.</StatisticalUnit>
    <StatisticalUnit xml:lang="en">Educational activities that take place within the official education system, i.e. educational activities that have a formal academic framework and a predefined duration.</StatisticalUnit>
  </StatisticalUnitGrp>
  <OwnerGrp>
    <Owner xml:lang="nn">Statistisk sentralbyrå (SSB)</Owner>
    <Owner xml:lang="nb">Statistisk sentralbyrå (SSB)</Owner>
    <Owner xml:lang="en">Statistics Norway</Owner>
  </OwnerGrp>
  <SubjectArea>04</SubjectArea>
  <ClassificationVersions>
    <ClassificationVersion id="urn:ssb:classversion:stabas:8898967" isCurrentVersion="true" validFrom="2014-01-01" validTo="2015-11-09" isUnderConstruction="false" updatesPossible="false" disseminationAllowed="true" lastChangedDate="2015-12-14" showIntranet="true" showInternet="true">
      <TitleGrp>
        <Title xml:lang="nn">Klassetrinn (NUS 2014/1)</Title>
        <Title xml:lang="nb">Klassetrinn (NUS 2014/1) ugyldig f.o.m. 9. nov 2015</Title>
        <Title xml:lang="en">Class level (NUS 2014/1)</Title>
      </TitleGrp>
      <DescriptionGrp>
        <Description xml:lang="nn">Versjon  2014_1 er ikkje lenger gyldig, for oppdatert versjon av Norsk standard for utdanningsgruppering sjå: http://www.ssb.no/utdanning/norsk-standard-for-utdanningsgruppering
Vi kan skilje mellom klassetrinn for enkeltutdanningar og klassetrinn for samlekodar. Enkeltutdanningane har førehandsbestemte klassetrinn, mens dei som har teke utdanning som fell inn under samlekodane, vil finnast på forskjellige klassetrinn. Klassetrinna blir rekna frå nivå 1 (barneskoleutdanning), der det første året i grunnskolen er klassetrinn 01. Nivå 1 og 2 utgjer klassetrinn 01 - 10. Det første året etter obligatorisk grunnskole (nivå 3) blir såleis 11. klassetrinn osv. Høgaste klassetrinn er 22 (forskarutdanning).</Description>
        <Description xml:lang="nb">Versjon  2014_1 er ikke lenger gyldig, for oppdatert versjon av Norsk standard for utdanningsgruppering se: http://www.ssb.no/utdanning/norsk-standard-for-utdanningsgruppering
Vi kan skille mellom klassetrinn for enkeltutdanninger og klassetrinn for samlekoder. Enkeltutdanningene har forhåndsbestemte klassetrinn, mens de som har tatt utdanning som faller inn under samlekodene vil befinne seg på ulike klassetrinn. Klassetrinn regnes fra nivå 1 (barneskoleutdanning), hvor første året i grunnskolen er klassetrinn 01. Nivåene 1 og 2 utgjør klassetrinn 01 - 10. Første år etter obligatorisk grunnskole (nivå 3) blir således 11. klassetrinn osv. Høyeste klassetrinn er 22 (forskerutdanning).</Description>
        <Description xml:lang="en">NUS 2014/1 is available including 8 November 2015. The new version, applicable from 9 November 2015, is not available in Database for Standard Classifications.
The new version is available here: http://www.ssb.no/utdanning/norsk-standard-for-utdanningsgruppering
We can differentiate between class levels for individual educational programmes and class levels for aggregate codes. Individual programmes such as tertiary degrees have predetermined class levels, while programmes that come under the same aggregate code may have different class levels. Class levels are calculated from level 1 (primary education), where the first year of primary school is class level 1. Compulsory education (levels 1 and 2) comprises class levels 1-10. The first year of upper secondary school (level 3) is class level 11. Tertiary education (level 6) starts from class level 14. The highest possible class level is 21 (postgraduate education).</Description>
      </DescriptionGrp>
      <IntroductionGrp>
        <Indtroduction xml:lang="nn">NUS2000 inneheld, i tillegg til den sekssifra NUS-koden, også andre kodar knytte til utdanning. Kodetype er ei slik gruppering. Desse supplerer NUS2000-standarden, men har, med unntak av ISCED97, ikkje status som offisielle standardar i SSB. </Indtroduction>
        <Indtroduction xml:lang="nb">NUS2000 inneholder, i tillegg til den sekssifrede NUS-koden, også andre koder knyttet til utdanning. Kodetype er en slik gruppering. Disse supplerer NUS2000-standarden, men har, med unntak av ISCED97, ikke status som offisielle standarder i SSB.</Indtroduction>
        <Indtroduction xml:lang="en">In addition to the six digit NUS code, NUS2000 also consist of other codes concerning education. Class level is such a classification. These codes supplement the NUS2000 standard, but with exception from ISCED97, they do not have status as official standards in Statistics Norway.</Indtroduction>
      </IntroductionGrp>
      <ContactInformation>
        <Person xmlns="http://www.ssb.no/ns/meta/common">gki</Person>
        <Division xmlns="http://www.ssb.no/ns/meta/common">360</Division>
      </ContactInformation>
      <ExternalDocumentGrp>
        <ExternalDocument xml:lang="nn">http://www.ssb.no/utdanning/norsk-standard-for-utdanningsgruppering</ExternalDocument>
        <ExternalDocument xml:lang="nb">http://www.ssb.no/utdanning/norsk-standard-for-utdanningsgruppering</ExternalDocument>
        <ExternalDocument xml:lang="en">http://www.ssb.no/utdanning/norsk-standard-for-utdanningsgruppering</ExternalDocument>
      </ExternalDocumentGrp>
      <ChangesGrp>
        <Change xml:lang="nn">Ikkje relevant</Change>
        <Change xml:lang="nb">Ikke relevant</Change>
        <Change xml:lang="en">Not relevant</Change>
      </ChangesGrp>
      <DerivedFromGrp>
        <DerviedFrom xml:lang="nn">Ikkje relevant</DerviedFrom>
        <DerviedFrom xml:lang="nb">Ikke relevant</DerviedFrom>
        <DerviedFrom xml:lang="en">Not relevant</DerviedFrom>
      </DerivedFromGrp>
      <LegalBaseGrp>
        <LegalBase xml:lang="nn">Ikkje relevant</LegalBase>
        <LegalBase xml:lang="nb">Ikke relevant</LegalBase>
        <LegalBase xml:lang="en">Not relevant</LegalBase>
      </LegalBaseGrp>
      <Level levelNumber="1" id="urn:ssb:classlevel:stabas:8898969" codeStructure="99-99">
        <TitleGrp>
          <Title xml:lang="nn">Klassetrinn (NUS 2014/1): Klassetrinn</Title>
          <Title xml:lang="nb">Klassetrinn (NUS 2014/1) ugyldig f.o.m. 9. nov 2015: Klassetrinn</Title>
          <Title xml:lang="en">Class level (NUS 2014/1): Form</Title>
        </TitleGrp>
        <CodelistReference>urn:ssb:codelist:stabas:8898969</CodelistReference>
        <Level levelNumber="2" id="urn:ssb:classlevel:stabas:8898971" codeStructure="999999">
          <TitleGrp>
            <Title xml:lang="nn">Klassetrinn (NUS 2014/1): Utdanningskode</Title>
            <Title xml:lang="nb">Klassetrinn (NUS 2014/1) ugyldig f.o.m. 9. nov 2015: Utdanningskode</Title>
            <Title xml:lang="en">Class level (NUS 2014/1): Education code</Title>
          </TitleGrp>
          <CodelistReference>urn:ssb:codelist:stabas:8898971</CodelistReference>
        </Level>
      </Level>
    </ClassificationVersion>
    <ClassificationVersion id="urn:ssb:classversion:stabas:8752919" isCurrentVersion="false" validFrom="2013-07-01" validTo="2013-12-31" isUnderConstruction="false" updatesPossible="false" disseminationAllowed="true" lastChangedDate="2014-01-01" showIntranet="true" showInternet="true">
      <TitleGrp>
        <Title xml:lang="nn">Klassetrinn (NUS 2013/2)</Title>
        <Title xml:lang="nb">Klassetrinn (NUS 2013/2)</Title>
        <Title xml:lang="en">Class level (NUS 2013/2)</Title>
      </TitleGrp>
      <DescriptionGrp>
        <Description xml:lang="nn">Vi kan skilje mellom klassetrinn for enkeltutdanningar og klassetrinn for samlekodar. Enkeltutdanningane har førehandsbestemte klassetrinn, mens dei som har teke utdanning som fell inn under samlekodane, vil finnast på forskjellige klassetrinn. Klassetrinna blir rekna frå nivå 1 (barneskoleutdanning), der det første året i grunnskolen er klassetrinn 01. Nivå 1 og 2 utgjer klassetrinn 01 - 10. Det første året etter obligatorisk grunnskole (nivå 3) blir såleis 11. klassetrinn osv. Høgaste klassetrinn er 22 (forskarutdanning).</Description>
        <Description xml:lang="nb">Vi kan skille mellom klassetrinn for enkeltutdanninger og klassetrinn for samlekoder. Enkeltutdanningene har forhåndsbestemte klassetrinn, mens de som har tatt utdanning som faller inn under samlekodene vil befinne seg på ulike klassetrinn. Klassetrinn regnes fra nivå 1 (barneskoleutdanning), hvor første året i grunnskolen er klassetrinn 01. Nivåene 1 og 2 utgjør klassetrinn 01 - 10. Første år etter obligatorisk grunnskole (nivå 3) blir således 11. klassetrinn osv. Høyeste klassetrinn er 22 (forskerutdanning).</Description>
        <Description xml:lang="en">We can differentiate between class levels for individual educational programmes and class levels for aggregate codes. Individual programmes such as tertiary degrees have predetermined class levels, while programmes that come under the same aggregate code may have different class levels. Class levels are calculated from level 1 (primary education), where the first year of primary school is class level 1. Compulsory education (levels 1 and 2) comprises class levels 1-10. The first year of upper secondary school (level 3) is class level 11. Tertiary education (level 6) starts from class level 14. The highest possible class level is 21 (postgraduate education).</Description>
      </DescriptionGrp>
      <IntroductionGrp>
        <Indtroduction xml:lang="nn">NUS2000 inneheld, i tillegg til den sekssifra NUS-koden, også andre kodar knytte til utdanning. Kodetype er ei slik gruppering. Desse supplerer NUS2000-standarden, men har, med unntak av ISCED97, ikkje status som offisielle standardar i SSB. 
</Indtroduction>
        <Indtroduction xml:lang="nb">NUS2000 inneholder, i tillegg til den sekssifrede NUS-koden, også andre koder knyttet til utdanning. Kodetype er en slik gruppering. Disse supplerer NUS2000-standarden, men har, med unntak av ISCED97, ikke status som offisielle standarder i SSB.</Indtroduction>
        <Indtroduction xml:lang="en">In addition to the six digit NUS code, NUS2000 also consist of other codes concerning education. Class level is such a classification. These codes supplement the NUS2000 standard, but with exception from ISCED97, they do not have status as official standards in Statistics Norway.</Indtroduction>
      </IntroductionGrp>
      <ContactInformation>
        <Person xmlns="http://www.ssb.no/ns/meta/common">gki</Person>
        <Division xmlns="http://www.ssb.no/ns/meta/common">360</Division>
      </ContactInformation>
      <ExternalDocumentGrp>
        <ExternalDocument xml:lang="nn">NOS C 676   http://www.ssb.no/emner/04/90/nos_c617/nos_c676.pdf</ExternalDocument>
        <ExternalDocument xml:lang="nb">NOS C 617   http://www.ssb.no/emner/04/90/nos_c617/nos_c617.pdf</ExternalDocument>
        <ExternalDocument xml:lang="en">http://www.ssb.no/english/subjects/04/90/nos_c751_en/nos_c751_en.pdf</ExternalDocument>
      </ExternalDocumentGrp>
      <ChangesGrp>
        <Change xml:lang="nn">Ikkje relevant</Change>
        <Change xml:lang="nb">Ikke relevant</Change>
        <Change xml:lang="en">Not relevant</Change>
      </ChangesGrp>
      <DerivedFromGrp>
        <DerviedFrom xml:lang="nn">Ikkje relevant</DerviedFrom>
        <DerviedFrom xml:lang="nb">Ikke relevant</DerviedFrom>
        <DerviedFrom xml:lang="en">Not relevant</DerviedFrom>
      </DerivedFromGrp>
      <LegalBaseGrp>
        <LegalBase xml:lang="nn">Ikkje relevant</LegalBase>
        <LegalBase xml:lang="nb">Ikke relevant</LegalBase>
        <LegalBase xml:lang="en">Not relevant</LegalBase>
      </LegalBaseGrp>
      <Level levelNumber="1" id="urn:ssb:classlevel:stabas:8752921" codeStructure="99-99">
        <TitleGrp>
          <Title xml:lang="nn">Klassetrinn (NUS 2013/2): Klassetrinn</Title>
          <Title xml:lang="nb">Klassetrinn (NUS 2013/2): Klassetrinn</Title>
          <Title xml:lang="en">Class level (NUS 2013/2): Form</Title>
        </TitleGrp>
        <CodelistReference>urn:ssb:codelist:stabas:8752921</CodelistReference>
        <Level levelNumber="2" id="urn:ssb:classlevel:stabas:8752923" codeStructure="999999">
          <TitleGrp>
            <Title xml:lang="nn">Klassetrinn (NUS 2013/2): Utdanningskode</Title>
            <Title xml:lang="nb">Klassetrinn (NUS 2013/2): Utdanningskode</Title>
            <Title xml:lang="en">Class level (NUS 2013/2): Education code</Title>
          </TitleGrp>
          <CodelistReference>urn:ssb:codelist:stabas:8752923</CodelistReference>
        </Level>
      </Level>
    </ClassificationVersion>
    <ClassificationVersion id="urn:ssb:classversion:stabas:8522915" isCurrentVersion="false" validFrom="2013-01-01" validTo="2013-06-30" isUnderConstruction="false" updatesPossible="false" disseminationAllowed="true" lastChangedDate="2013-07-01" showIntranet="true" showInternet="true">
      <TitleGrp>
        <Title xml:lang="nn">Klassetrinn (NUS 2013/1)</Title>
        <Title xml:lang="nb">Klassetrinn (NUS 2013/1)</Title>
        <Title xml:lang="en">Class level (NUS 2013/1)</Title>
      </TitleGrp>
      <DescriptionGrp>
        <Description xml:lang="nn">Vi kan skilje mellom klassetrinn for enkeltutdanningar og klassetrinn for samlekodar. Enkeltutdanningane har førehandsbestemte klassetrinn, mens dei som har teke utdanning som fell inn under samlekodane, vil finnast på forskjellige klassetrinn. Klassetrinna blir rekna frå nivå 1 (barneskoleutdanning), der det første året i grunnskolen er klassetrinn 01. Nivå 1 og 2 utgjer klassetrinn 01 - 10. Det første året etter obligatorisk grunnskole (nivå 3) blir såleis 11. klassetrinn osv. Høgaste klassetrinn er 22 (forskarutdanning).</Description>
        <Description xml:lang="nb">Vi kan skille mellom klassetrinn for enkeltutdanninger og klassetrinn for samlekoder. Enkeltutdanningene har forhåndsbestemte klassetrinn, mens de som har tatt utdanning som faller inn under samlekodene vil befinne seg på ulike klassetrinn. Klassetrinn regnes fra nivå 1 (barneskoleutdanning), hvor første året i grunnskolen er klassetrinn 01. Nivåene 1 og 2 utgjør klassetrinn 01 - 10. Første år etter obligatorisk grunnskole (nivå 3) blir således 11. klassetrinn osv. Høyeste klassetrinn er 22 (forskerutdanning).</Description>
        <Description xml:lang="en">We can differentiate between class levels for individual educational programmes and class levels for aggregate codes. Individual programmes such as tertiary degrees have predetermined class levels, while programmes that come under the same aggregate code may have different class levels. Class levels are calculated from level 1 (primary education), where the first year of primary school is class level 1. Compulsory education (levels 1 and 2) comprises class levels 1-10. The first year of upper secondary school (level 3) is class level 11. Tertiary education (level 6) starts from class level 14. The highest possible class level is 21 (postgraduate education).</Description>
      </DescriptionGrp>
      <IntroductionGrp>
        <Indtroduction xml:lang="nn">NUS2000 inneheld, i tillegg til den sekssifra NUS-koden, også andre kodar knytte til utdanning. Kodetype er ei slik gruppering. Desse supplerer NUS2000-standarden, men har, med unntak av ISCED97, ikkje status som offisielle standardar i SSB. 
</Indtroduction>
        <Indtroduction xml:lang="nb">NUS2000 inneholder, i tillegg til den sekssifrede NUS-koden, også andre koder knyttet til utdanning. Kodetype er en slik gruppering. Disse supplerer NUS2000-standarden, men har, med unntak av ISCED97, ikke status som offisielle standarder i SSB.</Indtroduction>
        <Indtroduction xml:lang="en">In addition to the six digit NUS code, NUS2000 also consist of other codes concerning education. Class level is such a classification. These codes supplement the NUS2000 standard, but with exception from ISCED97, they do not have status as official standards in Statistics Norway.</Indtroduction>
      </IntroductionGrp>
      <ContactInformation>
        <Person xmlns="http://www.ssb.no/ns/meta/common">gki</Person>
        <Division xmlns="http://www.ssb.no/ns/meta/common">360</Division>
      </ContactInformation>
      <ExternalDocumentGrp>
        <ExternalDocument xml:lang="nn">NOS C 676   http://www.ssb.no/emner/04/90/nos_c617/nos_c676.pdf</ExternalDocument>
        <ExternalDocument xml:lang="nb">NOS C 617   http://www.ssb.no/emner/04/90/nos_c617/nos_c617.pdf</ExternalDocument>
        <ExternalDocument xml:lang="en">http://www.ssb.no/english/subjects/04/90/nos_c751_en/nos_c751_en.pdf</ExternalDocument>
      </ExternalDocumentGrp>
      <ChangesGrp>
        <Change xml:lang="nn">Ikkje relevant</Change>
        <Change xml:lang="nb">Ikke relevant</Change>
        <Change xml:lang="en">Not relevant</Change>
      </ChangesGrp>
      <DerivedFromGrp>
        <DerviedFrom xml:lang="nn">Ikkje relevant</DerviedFrom>
        <DerviedFrom xml:lang="nb">Ikke relevant</DerviedFrom>
        <DerviedFrom xml:lang="en">Not relevant</DerviedFrom>
      </DerivedFromGrp>
      <LegalBaseGrp>
        <LegalBase xml:lang="nn">Ikkje relevant</LegalBase>
        <LegalBase xml:lang="nb">Ikke relevant</LegalBase>
        <LegalBase xml:lang="en">Not relevant</LegalBase>
      </LegalBaseGrp>
      <Level levelNumber="1" id="urn:ssb:classlevel:stabas:8522917" codeStructure="99-99">
        <TitleGrp>
          <Title xml:lang="nn">Klassetrinn (NUS 2013/1): Klassetrinn</Title>
          <Title xml:lang="nb">Klassetrinn (NUS 2013/1): Klassetrinn</Title>
          <Title xml:lang="en">Class level (NUS 2013/1): Form</Title>
        </TitleGrp>
        <CodelistReference>urn:ssb:codelist:stabas:8522917</CodelistReference>
        <Level levelNumber="2" id="urn:ssb:classlevel:stabas:8522919" codeStructure="999999">
          <TitleGrp>
            <Title xml:lang="nn">Klassetrinn (NUS 2013/1): Utdanningskode</Title>
            <Title xml:lang="nb">Klassetrinn (NUS 2013/1): Utdanningskode</Title>
            <Title xml:lang="en">Class level (NUS 2013/1): Education code</Title>
          </TitleGrp>
          <CodelistReference>urn:ssb:codelist:stabas:8522919</CodelistReference>
        </Level>
      </Level>
    </ClassificationVersion>
    <ClassificationVersion id="urn:ssb:classversion:stabas:8398683" isCurrentVersion="false" validFrom="2012-07-01" validTo="2012-12-31" isUnderConstruction="false" updatesPossible="false" disseminationAllowed="true" lastChangedDate="2013-01-09" showIntranet="true" showInternet="true">
      <TitleGrp>
        <Title xml:lang="nn">Klassetrinn (NUS 2012/2)</Title>
        <Title xml:lang="nb">Klassetrinn (NUS 2012/2)</Title>
        <Title xml:lang="en">Class level (NUS 2012/2)</Title>
      </TitleGrp>
      <DescriptionGrp>
        <Description xml:lang="nn">Vi kan skilje mellom klassetrinn for enkeltutdanningar og klassetrinn for samlekodar. Enkeltutdanningane har førehandsbestemte klassetrinn, mens dei som har teke utdanning som fell inn under samlekodane, vil finnast på forskjellige klassetrinn. Klassetrinna blir rekna frå nivå 1 (barneskoleutdanning), der det første året i grunnskolen er klassetrinn 01. Nivå 1 og 2 utgjer klassetrinn 01 - 10. Det første året etter obligatorisk grunnskole (nivå 3) blir såleis 11. klassetrinn osv. Høgaste klassetrinn er 22 (forskarutdanning).</Description>
        <Description xml:lang="nb">Vi kan skille mellom klassetrinn for enkeltutdanninger og klassetrinn for samlekoder. Enkeltutdanningene har forhåndsbestemte klassetrinn, mens de som har tatt utdanning som faller inn under samlekodene vil befinne seg på ulike klassetrinn. Klassetrinn regnes fra nivå 1 (barneskoleutdanning), hvor første året i grunnskolen er klassetrinn 01. Nivåene 1 og 2 utgjør klassetrinn 01 - 10. Første år etter obligatorisk grunnskole (nivå 3) blir således 11. klassetrinn osv. Høyeste klassetrinn er 22 (forskerutdanning).</Description>
        <Description xml:lang="en">We can differentiate between class levels for individual educational programmes and class levels for aggregate codes. Individual programmes such as tertiary degrees have predetermined class levels, while programmes that come under the same aggregate code may have different class levels. Class levels are calculated from level 1 (primary education), where the first year of primary school is class level 1. Compulsory education (levels 1 and 2) comprises class levels 1-10. The first year of upper secondary school (level 3) is class level 11. Tertiary education (level 6) starts from class level 14. The highest possible class level is 21 (postgraduate education).</Description>
      </DescriptionGrp>
      <IntroductionGrp>
        <Indtroduction xml:lang="nn">NUS2000 inneheld, i tillegg til den sekssifra NUS-koden, også andre kodar knytte til utdanning. Kodetype er ei slik gruppering. Desse supplerer NUS2000-standarden, men har, med unntak av ISCED97, ikkje status som offisielle standardar i SSB. 
</Indtroduction>
        <Indtroduction xml:lang="nb">NUS2000 inneholder, i tillegg til den sekssifrede NUS-koden, også andre koder knyttet til utdanning. Kodetype er en slik gruppering. Disse supplerer NUS2000-standarden, men har, med unntak av ISCED97, ikke status som offisielle standarder i SSB.</Indtroduction>
        <Indtroduction xml:lang="en">In addition to the six digit NUS code, NUS2000 also consist of other codes concerning education. Class level is such a classification. These codes supplement the NUS2000 standard, but with exception from ISCED97, they do not have status as official standards in Statistics Norway.</Indtroduction>
      </IntroductionGrp>
      <ContactInformation>
        <Person xmlns="http://www.ssb.no/ns/meta/common">gki</Person>
        <Division xmlns="http://www.ssb.no/ns/meta/common">360</Division>
      </ContactInformation>
      <ExternalDocumentGrp>
        <ExternalDocument xml:lang="nn">NOS C 676   http://www.ssb.no/emner/04/90/nos_c617/nos_c676.pdf</ExternalDocument>
        <ExternalDocument xml:lang="nb">NOS C 617   http://www.ssb.no/emner/04/90/nos_c617/nos_c617.pdf</ExternalDocument>
        <ExternalDocument xml:lang="en">http://www.ssb.no/english/subjects/04/90/nos_c751_en/nos_c751_en.pdf</ExternalDocument>
      </ExternalDocumentGrp>
      <ChangesGrp>
        <Change xml:lang="nn">Ikkje relevant</Change>
        <Change xml:lang="nb">Ikke relevant</Change>
        <Change xml:lang="en">Not relevant</Change>
      </ChangesGrp>
      <DerivedFromGrp>
        <DerviedFrom xml:lang="nn">Ikkje relevant</DerviedFrom>
        <DerviedFrom xml:lang="nb">Ikke relevant</DerviedFrom>
        <DerviedFrom xml:lang="en">Not relevant</DerviedFrom>
      </DerivedFromGrp>
      <LegalBaseGrp>
        <LegalBase xml:lang="nn">Ikkje relevant</LegalBase>
        <LegalBase xml:lang="nb">Ikke relevant</LegalBase>
        <LegalBase xml:lang="en">Not relevant</LegalBase>
      </LegalBaseGrp>
      <Level levelNumber="1" id="urn:ssb:classlevel:stabas:8398685" codeStructure="99-99">
        <TitleGrp>
          <Title xml:lang="nn">Klassetrinn (NUS 2012/2): Klassetrinn</Title>
          <Title xml:lang="nb">Klassetrinn (NUS 2012/2): Klassetrinn</Title>
          <Title xml:lang="en">Class level (NUS 2012/2): Form</Title>
        </TitleGrp>
        <CodelistReference>urn:ssb:codelist:stabas:8398685</CodelistReference>
        <Level levelNumber="2" id="urn:ssb:classlevel:stabas:8398687" codeStructure="999999">
          <TitleGrp>
            <Title xml:lang="nn">Klassetrinn (NUS 2012/2): Utdanningskode</Title>
            <Title xml:lang="nb">Klassetrinn (NUS 2012/2): Utdanningskode</Title>
            <Title xml:lang="en">Class level (NUS 2012/2): Education code</Title>
          </TitleGrp>
          <CodelistReference>urn:ssb:codelist:stabas:8398687</CodelistReference>
        </Level>
      </Level>
    </ClassificationVersion>
    <ClassificationVersion id="urn:ssb:classversion:stabas:8132641" isCurrentVersion="false" validFrom="2012-01-01" validTo="2012-06-30" isUnderConstruction="false" updatesPossible="false" disseminationAllowed="true" lastChangedDate="2012-07-31" showIntranet="true" showInternet="true">
      <TitleGrp>
        <Title xml:lang="nn">Klassetrinn (NUS 2012/1)</Title>
        <Title xml:lang="nb">Klassetrinn (NUS 2012/1)</Title>
        <Title xml:lang="en">Class level (NUS 2012/1)</Title>
      </TitleGrp>
      <DescriptionGrp>
        <Description xml:lang="nn">Vi kan skilje mellom klassetrinn for enkeltutdanningar og klassetrinn for samlekodar. Enkeltutdanningane har førehandsbestemte klassetrinn, mens dei som har teke utdanning som fell inn under samlekodane, vil finnast på forskjellige klassetrinn. Klassetrinna blir rekna frå nivå 1 (barneskoleutdanning), der det første året i grunnskolen er klassetrinn 01. Nivå 1 og 2 utgjer klassetrinn 01 - 10. Det første året etter obligatorisk grunnskole (nivå 3) blir såleis 11. klassetrinn osv. Høgaste klassetrinn er 22 (forskarutdanning).</Description>
        <Description xml:lang="nb">Vi kan skille mellom klassetrinn for enkeltutdanninger og klassetrinn for samlekoder. Enkeltutdanningene har forhåndsbestemte klassetrinn, mens de som har tatt utdanning som faller inn under samlekodene vil befinne seg på ulike klassetrinn. Klassetrinn regnes fra nivå 1 (barneskoleutdanning), hvor første året i grunnskolen er klassetrinn 01. Nivåene 1 og 2 utgjør klassetrinn 01 - 10. Første år etter obligatorisk grunnskole (nivå 3) blir således 11. klassetrinn osv. Høyeste klassetrinn er 22 (forskerutdanning).</Description>
        <Description xml:lang="en">We can differentiate between class levels for individual educational programmes and class levels for aggregate codes. Individual programmes such as tertiary degrees have predetermined class levels, while programmes that come under the same aggregate code may have different class levels. Class levels are calculated from level 1 (primary education), where the first year of primary school is class level 1. Compulsory education (levels 1 and 2) comprises class levels 1-10. The first year of upper secondary school (level 3) is class level 11. Tertiary education (level 6) starts from class level 14. The highest possible class level is 21 (postgraduate education).</Description>
      </DescriptionGrp>
      <IntroductionGrp>
        <Indtroduction xml:lang="nn">NUS2000 inneheld, i tillegg til den sekssifra NUS-koden, også andre kodar knytte til utdanning. Kodetype er ei slik gruppering. Desse supplerer NUS2000-standarden, men har, med unntak av ISCED97, ikkje status som offisielle standardar i SSB. 
</Indtroduction>
        <Indtroduction xml:lang="nb">NUS2000 inneholder, i tillegg til den sekssifrede NUS-koden, også andre koder knyttet til utdanning. Kodetype er en slik gruppering. Disse supplerer NUS2000-standarden, men har, med unntak av ISCED97, ikke status som offisielle standarder i SSB.</Indtroduction>
        <Indtroduction xml:lang="en">In addition to the six digit NUS code, NUS2000 also consist of other codes concerning education. Class level is such a classification. These codes supplement the NUS2000 standard, but with exception from ISCED97, they do not have status as official standards in Statistics Norway.</Indtroduction>
      </IntroductionGrp>
      <ContactInformation>
        <Person xmlns="http://www.ssb.no/ns/meta/common">gki</Person>
        <Division xmlns="http://www.ssb.no/ns/meta/common">360</Division>
      </ContactInformation>
      <ExternalDocumentGrp>
        <ExternalDocument xml:lang="nn">NOS C 676   http://www.ssb.no/emner/04/90/nos_c617/nos_c676.pdf</ExternalDocument>
        <ExternalDocument xml:lang="nb">NOS C 617   http://www.ssb.no/emner/04/90/nos_c617/nos_c617.pdf</ExternalDocument>
        <ExternalDocument xml:lang="en">http://www.ssb.no/english/subjects/04/90/nos_c751_en/nos_c751_en.pdf</ExternalDocument>
      </ExternalDocumentGrp>
      <ChangesGrp>
        <Change xml:lang="nn">Ikkje relevant</Change>
        <Change xml:lang="nb">Ikke relevant</Change>
        <Change xml:lang="en">Not relevant</Change>
      </ChangesGrp>
      <DerivedFromGrp>
        <DerviedFrom xml:lang="nn">Ikkje relevant</DerviedFrom>
        <DerviedFrom xml:lang="nb">Ikke relevant</DerviedFrom>
        <DerviedFrom xml:lang="en">Not relevant</DerviedFrom>
      </DerivedFromGrp>
      <LegalBaseGrp>
        <LegalBase xml:lang="nn">Ikkje relevant</LegalBase>
        <LegalBase xml:lang="nb">Ikke relevant</LegalBase>
        <LegalBase xml:lang="en">Not relevant</LegalBase>
      </LegalBaseGrp>
      <Level levelNumber="1" id="urn:ssb:classlevel:stabas:8132643" codeStructure="99-99">
        <TitleGrp>
          <Title xml:lang="nn">Klassetrinn (NUS 2012/1): Klassetrinn</Title>
          <Title xml:lang="nb">Klassetrinn (NUS 2012/1): Klassetrinn</Title>
          <Title xml:lang="en">Class level (NUS 2012/1): Form</Title>
        </TitleGrp>
        <CodelistReference>urn:ssb:codelist:stabas:8132643</CodelistReference>
        <Level levelNumber="2" id="urn:ssb:classlevel:stabas:8132645" codeStructure="999999">
          <TitleGrp>
            <Title xml:lang="nn">Klassetrinn (NUS 2012/1): Utdanningskode</Title>
            <Title xml:lang="nb">Klassetrinn (NUS 2012/1): Utdanningskode</Title>
            <Title xml:lang="en">Class level (NUS 2012/1): Education code</Title>
          </TitleGrp>
          <CodelistReference>urn:ssb:codelist:stabas:8132645</CodelistReference>
        </Level>
      </Level>
    </ClassificationVersion>
    <ClassificationVersion id="urn:ssb:classversion:stabas:8026001" isCurrentVersion="false" validFrom="2011-07-01" validTo="2011-12-31" isUnderConstruction="false" updatesPossible="false" disseminationAllowed="true" lastChangedDate="2012-01-04" showIntranet="true" showInternet="true">
      <TitleGrp>
        <Title xml:lang="nn">Klassetrinn (NUS 2011/2)</Title>
        <Title xml:lang="nb">Klassetrinn (NUS 2011/2)</Title>
        <Title xml:lang="en">Class level (NUS 2011/2)</Title>
      </TitleGrp>
      <DescriptionGrp>
        <Description xml:lang="nn">Vi kan skilje mellom klassetrinn for enkeltutdanningar og klassetrinn for samlekodar. Enkeltutdanningane har førehandsbestemte klassetrinn, mens dei som har teke utdanning som fell inn under samlekodane, vil finnast på forskjellige klassetrinn. Klassetrinna blir rekna frå nivå 1 (barneskoleutdanning), der det første året i grunnskolen er klassetrinn 01. Nivå 1 og 2 utgjer klassetrinn 01 - 10. Det første året etter obligatorisk grunnskole (nivå 3) blir såleis 11. klassetrinn osv. Høgaste klassetrinn er 22 (forskarutdanning).</Description>
        <Description xml:lang="nb">Vi kan skille mellom klassetrinn for enkeltutdanninger og klassetrinn for samlekoder. Enkeltutdanningene har forhåndsbestemte klassetrinn, mens de som har tatt utdanning som faller inn under samlekodene vil befinne seg på ulike klassetrinn. Klassetrinn regnes fra nivå 1 (barneskoleutdanning), hvor første året i grunnskolen er klassetrinn 01. Nivåene 1 og 2 utgjør klassetrinn 01 - 10. Første år etter obligatorisk grunnskole (nivå 3) blir således 11. klassetrinn osv. Høyeste klassetrinn er 22 (forskerutdanning).</Description>
        <Description xml:lang="en">We can differentiate between class levels for individual educational programmes and class levels for aggregate codes. Individual programmes such as tertiary degrees have predetermined class levels, while programmes that come under the same aggregate code may have different class levels. Class levels are calculated from level 1 (primary education), where the first year of primary school is class level 1. Compulsory education (levels 1 and 2) comprises class levels 1-10. The first year of upper secondary school (level 3) is class level 11. Tertiary education (level 6) starts from class level 14. The highest possible class level is 21 (postgraduate education).</Description>
      </DescriptionGrp>
      <IntroductionGrp>
        <Indtroduction xml:lang="nn">NUS2000 inneheld, i tillegg til den sekssifra NUS-koden, også andre kodar knytte til utdanning. Kodetype er ei slik gruppering. Desse supplerer NUS2000-standarden, men har, med unntak av ISCED97, ikkje status som offisielle standardar i SSB. 
</Indtroduction>
        <Indtroduction xml:lang="nb">NUS2000 inneholder, i tillegg til den sekssifrede NUS-koden, også andre koder knyttet til utdanning. Kodetype er en slik gruppering. Disse supplerer NUS2000-standarden, men har, med unntak av ISCED97, ikke status som offisielle standarder i SSB.</Indtroduction>
        <Indtroduction xml:lang="en">In addition to the six digit NUS code, NUS2000 also consist of other codes concerning education. Class level is such a classification. These codes supplement the NUS2000 standard, but with exception from ISCED97, they do not have status as official standards in Statistics Norway.</Indtroduction>
      </IntroductionGrp>
      <ContactInformation>
        <Person xmlns="http://www.ssb.no/ns/meta/common">gki</Person>
        <Division xmlns="http://www.ssb.no/ns/meta/common">360</Division>
      </ContactInformation>
      <ExternalDocumentGrp>
        <ExternalDocument xml:lang="nn">NOS C 676   http://www.ssb.no/emner/04/90/nos_c617/nos_c676.pdf</ExternalDocument>
        <ExternalDocument xml:lang="nb">NOS C 617   http://www.ssb.no/emner/04/90/nos_c617/nos_c617.pdf</ExternalDocument>
        <ExternalDocument xml:lang="en">http://www.ssb.no/english/subjects/04/90/nos_c751_en/nos_c751_en.pdf</ExternalDocument>
      </ExternalDocumentGrp>
      <ChangesGrp>
        <Change xml:lang="nn">Ikkje relevant</Change>
        <Change xml:lang="nb">Ikke relevant</Change>
        <Change xml:lang="en">Not relevant</Change>
      </ChangesGrp>
      <DerivedFromGrp>
        <DerviedFrom xml:lang="nn">Ikkje relevant</DerviedFrom>
        <DerviedFrom xml:lang="nb">Ikke relevant</DerviedFrom>
        <DerviedFrom xml:lang="en">Not relevant</DerviedFrom>
      </DerivedFromGrp>
      <LegalBaseGrp>
        <LegalBase xml:lang="nn">Ikkje relevant</LegalBase>
        <LegalBase xml:lang="nb">Ikke relevant</LegalBase>
        <LegalBase xml:lang="en">Not relevant</LegalBase>
      </LegalBaseGrp>
      <Level levelNumber="1" id="urn:ssb:classlevel:stabas:8026003" codeStructure="99-99">
        <TitleGrp>
          <Title xml:lang="nn">Klassetrinn (NUS 2011/2): Klassetrinn</Title>
          <Title xml:lang="nb">Klassetrinn (NUS 2011/2): Klassetrinn</Title>
          <Title xml:lang="en">Class level (NUS 2011/2): Form</Title>
        </TitleGrp>
        <CodelistReference>urn:ssb:codelist:stabas:8026003</CodelistReference>
        <Level levelNumber="2" id="urn:ssb:classlevel:stabas:8026005" codeStructure="999999">
          <TitleGrp>
            <Title xml:lang="nn">Klassetrinn (NUS 2011/2): Utdanningskode</Title>
            <Title xml:lang="nb">Klassetrinn (NUS 2011/2): Utdanningskode</Title>
            <Title xml:lang="en">Class level (NUS 2011/2): Education code</Title>
          </TitleGrp>
          <CodelistReference>urn:ssb:codelist:stabas:8026005</CodelistReference>
        </Level>
      </Level>
    </ClassificationVersion>
    <ClassificationVersion id="urn:ssb:classversion:stabas:7238179" isCurrentVersion="false" validFrom="2011-01-01" validTo="2011-06-30" isUnderConstruction="false" updatesPossible="false" disseminationAllowed="true" lastChangedDate="2011-06-30" showIntranet="true" showInternet="true">
      <TitleGrp>
        <Title xml:lang="nn">Klassetrinn (NUS 2011/1)</Title>
        <Title xml:lang="nb">Klassetrinn (NUS 2011/1)</Title>
        <Title xml:lang="en">Class level  (NUS 2011/1)</Title>
      </TitleGrp>
      <DescriptionGrp>
        <Description xml:lang="nn">Vi kan skilje mellom klassetrinn for enkeltutdanningar og klassetrinn for samlekodar. Enkeltutdanningane har førehandsbestemte klassetrinn, mens dei som har teke utdanning som fell inn under samlekodane, vil finnast på forskjellige klassetrinn. Klassetrinna blir rekna frå nivå 1 (barneskoleutdanning), der det første året i grunnskolen er klassetrinn 01. Nivå 1 og 2 utgjer klassetrinn 01 - 10. Det første året etter obligatorisk grunnskole (nivå 3) blir såleis 11. klassetrinn osv. Høgaste klassetrinn er 22 (forskarutdanning).</Description>
        <Description xml:lang="nb">Vi kan skille mellom klassetrinn for enkeltutdanninger og klassetrinn for samlekoder. Enkeltutdanningene har forhåndsbestemte klassetrinn, mens de som har tatt utdanning som faller inn under samlekodene vil befinne seg på ulike klassetrinn. Klassetrinn regnes fra nivå 1 (barneskoleutdanning), hvor første året i grunnskolen er klassetrinn 01. Nivåene 1 og 2 utgjør klassetrinn 01 - 10. Første år etter obligatorisk grunnskole (nivå 3) blir således 11. klassetrinn osv. Høyeste klassetrinn er 22 (forskerutdanning).
</Description>
        <Description xml:lang="en">We can differentiate between class levels for individual educational programmes and class levels for aggregate codes. Individual programmes such as tertiary degrees have predetermined class levels, while programmes that come under the same aggregate code may have different class levels. Class levels are calculated from level 1 (primary education), where the first year of primary school is class level 1. Compulsory education (levels 1 and 2) comprises class levels 1-10. The first year of upper secondary school (level 3) is class level 11. Tertiary education (level 6) starts from class level 14. The highest possible class level is 21 (postgraduate education).</Description>
      </DescriptionGrp>
      <IntroductionGrp>
        <Indtroduction xml:lang="nn">NUS2000 inneheld, i tillegg til den sekssifra NUS-koden, også andre kodar knytte til utdanning. Klassetrinn er ei slik gruppering. Desse supplerer NUS2000-standarden, men har, med unntak av ISCED97, ikkje status som offisielle standardar i SSB.</Indtroduction>
        <Indtroduction xml:lang="nb">NUS2000 inneholder, i tillegg til den sekssifrede NUS-koden, også andre koder knyttet til utdanning. Klassetrinn er en slik gruppering. Disse supplerer NUS2000-standarden, men har, med unntak av ISCED97, ikke status som offisielle standarder i SSB.</Indtroduction>
        <Indtroduction xml:lang="en">In addition to the six digit NUS code, NUS2000 also consist of other codes concerning education. Class level is such a classification. These codes supplement the NUS2000 standard, but with exception from ISCED97, they do not have status as official standards in Statistics Norway.</Indtroduction>
      </IntroductionGrp>
      <ContactInformation>
        <Person xmlns="http://www.ssb.no/ns/meta/common">gki</Person>
        <Division xmlns="http://www.ssb.no/ns/meta/common">360</Division>
      </ContactInformation>
      <ExternalDocumentGrp>
        <ExternalDocument xml:lang="nn">NOS C 676   http://www.ssb.no/emner/04/90/nos_c617/nos_c676.pdf</ExternalDocument>
        <ExternalDocument xml:lang="nb">NOS C 617   http://www.ssb.no/emner/04/90/nos_c617/nos_c617.pdf</ExternalDocument>
        <ExternalDocument xml:lang="en">http://www.ssb.no/english/subjects/04/90/nos_c751_en/nos_c751_en.pdf</ExternalDocument>
      </ExternalDocumentGrp>
      <ChangesGrp>
        <Change xml:lang="nn">Ikkje relevant</Change>
        <Change xml:lang="nb">Ikke relevant</Change>
        <Change xml:lang="en">Not relevant</Change>
      </ChangesGrp>
      <DerivedFromGrp>
        <DerviedFrom xml:lang="nn">Ikkje relevant</DerviedFrom>
        <DerviedFrom xml:lang="nb">Ikke relevant</DerviedFrom>
        <DerviedFrom xml:lang="en">Not relevant</DerviedFrom>
      </DerivedFromGrp>
      <LegalBaseGrp>
        <LegalBase xml:lang="nn">Ikkje relevant</LegalBase>
        <LegalBase xml:lang="nb">Ikke relevant</LegalBase>
        <LegalBase xml:lang="en">Not relevant</LegalBase>
      </LegalBaseGrp>
      <Level levelNumber="1" id="urn:ssb:classlevel:stabas:7238181" codeStructure="99-99">
        <TitleGrp>
          <Title xml:lang="nn">Klassetrinn (NUS 2011/1): Klassetrinn</Title>
          <Title xml:lang="nb">Klassetrinn (NUS 2011/1): Klassetrinn</Title>
          <Title xml:lang="en">Class level  (NUS 2011/1): Form</Title>
        </TitleGrp>
        <CodelistReference>urn:ssb:codelist:stabas:7238181</CodelistReference>
        <Level levelNumber="2" id="urn:ssb:classlevel:stabas:7238183" codeStructure="999999">
          <TitleGrp>
            <Title xml:lang="nn">Klassetrinn (NUS 2011/1): Utdanningskode</Title>
            <Title xml:lang="nb">Klassetrinn (NUS 2011/1): Utdanningskode</Title>
            <Title xml:lang="en">Class level  (NUS 2011/1): Education code</Title>
          </TitleGrp>
          <CodelistReference>urn:ssb:codelist:stabas:7238183</CodelistReference>
        </Level>
      </Level>
    </ClassificationVersion>
    <ClassificationVersion id="urn:ssb:classversion:stabas:6962539" isCurrentVersion="false" validFrom="2010-07-01" validTo="2010-12-31" isUnderConstruction="false" updatesPossible="false" disseminationAllowed="true" lastChangedDate="2011-06-27" showIntranet="true" showInternet="true">
      <TitleGrp>
        <Title xml:lang="nn">Klassetrinn (NUS 2010/2)</Title>
        <Title xml:lang="nb">Klassetrinn (NUS 2010/2)</Title>
        <Title xml:lang="en">Class level  (NUS 2010/2)</Title>
      </TitleGrp>
      <DescriptionGrp>
        <Description xml:lang="nn">Vi kan skilje mellom klassetrinn for enkeltutdanningar og klassetrinn for samlekodar. Enkeltutdanningane har førehandsbestemte klassetrinn, mens dei som har teke utdanning som fell inn under samlekodane, vil finnast på forskjellige klassetrinn. Klassetrinna blir rekna frå nivå 1 (barneskoleutdanning), der det første året i grunnskolen er klassetrinn 01. Nivå 1 og 2 utgjer klassetrinn 01 - 10. Det første året etter obligatorisk grunnskole (nivå 3) blir såleis 11. klassetrinn osv. Høgaste klassetrinn er 22 (forskarutdanning).</Description>
        <Description xml:lang="nb">Vi kan skille mellom klassetrinn for enkeltutdanninger og klassetrinn for samlekoder. Enkeltutdanningene har forhåndsbestemte klassetrinn, mens de som har tatt utdanning som faller inn under samlekodene vil befinne seg på ulike klassetrinn. Klassetrinn regnes fra nivå 1 (barneskoleutdanning), hvor første året i grunnskolen er klassetrinn 01. Nivåene 1 og 2 utgjør klassetrinn 01 - 10. Første år etter obligatorisk grunnskole (nivå 3) blir således 11. klassetrinn osv. Høyeste klassetrinn er 22 (forskerutdanning).
</Description>
        <Description xml:lang="en">We can differentiate between class levels for individual educational programmes and class levels for aggregate codes. Individual programmes such as tertiary degrees have predetermined class levels, while programmes that come under the same aggregate code may have different class levels. Class levels are calculated from level 1 (primary education), where the first year of primary school is class level 1. Compulsory education (levels 1 and 2) comprises class levels 1-10. The first year of upper secondary school (level 3) is class level 11. Tertiary education (level 6) starts from class level 14. The highest possible class level is 21 (postgraduate education).</Description>
      </DescriptionGrp>
      <IntroductionGrp>
        <Indtroduction xml:lang="nn">NUS2000 inneheld, i tillegg til den sekssifra NUS-koden, også andre kodar knytte til utdanning. Klassetrinn er ei slik gruppering. Desse supplerer NUS2000-standarden, men har, med unntak av ISCED97, ikkje status som offisielle standardar i SSB.</Indtroduction>
        <Indtroduction xml:lang="nb">NUS2000 inneholder, i tillegg til den sekssifrede NUS-koden, også andre koder knyttet til utdanning. Klassetrinn er en slik gruppering. Disse supplerer NUS2000-standarden, men har, med unntak av ISCED97, ikke status som offisielle standarder i SSB.</Indtroduction>
        <Indtroduction xml:lang="en">In addition to the six digit NUS code, NUS2000 also consist of other codes concerning education. Class level is such a classification. These codes supplement the NUS2000 standard, but with exception from ISCED97, they do not have status as official standards in Statistics Norway.</Indtroduction>
      </IntroductionGrp>
      <ContactInformation>
        <Person xmlns="http://www.ssb.no/ns/meta/common">gki</Person>
        <Division xmlns="http://www.ssb.no/ns/meta/common">360</Division>
      </ContactInformation>
      <ExternalDocumentGrp>
        <ExternalDocument xml:lang="nn">NOS C 676   http://www.ssb.no/emner/04/90/nos_c617/nos_c676.pdf</ExternalDocument>
        <ExternalDocument xml:lang="nb">NOS C 617   http://www.ssb.no/emner/04/90/nos_c617/nos_c617.pdf</ExternalDocument>
        <ExternalDocument xml:lang="en">http://www.ssb.no/english/subjects/04/90/nos_c751_en/nos_c751_en.pdf</ExternalDocument>
      </ExternalDocumentGrp>
      <ChangesGrp>
        <Change xml:lang="nn">Ikkje relevant</Change>
        <Change xml:lang="nb">Ikke relevant</Change>
        <Change xml:lang="en">Not relevant</Change>
      </ChangesGrp>
      <DerivedFromGrp>
        <DerviedFrom xml:lang="nn">Ikkje relevant</DerviedFrom>
        <DerviedFrom xml:lang="nb">Ikke relevant</DerviedFrom>
        <DerviedFrom xml:lang="en">Not relevant</DerviedFrom>
      </DerivedFromGrp>
      <LegalBaseGrp>
        <LegalBase xml:lang="nn">Ikkje relevant</LegalBase>
        <LegalBase xml:lang="nb">Ikke relevant</LegalBase>
        <LegalBase xml:lang="en">Not relevant</LegalBase>
      </LegalBaseGrp>
      <Level levelNumber="1" id="urn:ssb:classlevel:stabas:6962541" codeStructure="99-99">
        <TitleGrp>
          <Title xml:lang="nn">Klassetrinn (NUS 2010/2): Klassetrinn</Title>
          <Title xml:lang="nb">Klassetrinn (NUS 2010/2): Klassetrinn</Title>
          <Title xml:lang="en">Class level  (NUS 2010/2): Form</Title>
        </TitleGrp>
        <CodelistReference>urn:ssb:codelist:stabas:6962541</CodelistReference>
        <Level levelNumber="2" id="urn:ssb:classlevel:stabas:6962543" codeStructure="999999">
          <TitleGrp>
            <Title xml:lang="nn">Klassetrinn (NUS 2010/2): Utdanningskode</Title>
            <Title xml:lang="nb">Klassetrinn (NUS 2010/2): Utdanningskode</Title>
            <Title xml:lang="en">Class level  (NUS 2010/2): Education code</Title>
          </TitleGrp>
          <CodelistReference>urn:ssb:codelist:stabas:6962543</CodelistReference>
        </Level>
      </Level>
    </ClassificationVersion>
    <ClassificationVersion id="urn:ssb:classversion:stabas:6337975" isCurrentVersion="false" validFrom="2010-01-01" validTo="2010-06-30" isUnderConstruction="false" updatesPossible="false" disseminationAllowed="true" lastChangedDate="2011-06-27" showIntranet="true" showInternet="true">
      <TitleGrp>
        <Title xml:lang="nn">Klassetrinn (NUS 2010/1)</Title>
        <Title xml:lang="nb">Klassetrinn (NUS 2010/1)</Title>
        <Title xml:lang="en">Class level  (NUS 2010/1)</Title>
      </TitleGrp>
      <DescriptionGrp>
        <Description xml:lang="nn">Vi kan skilje mellom klassetrinn for enkeltutdanningar og klassetrinn for samlekodar. Enkeltutdanningane har førehandsbestemte klassetrinn, mens dei som har teke utdanning som fell inn under samlekodane, vil finnast på forskjellige klassetrinn. Klassetrinna blir rekna frå nivå 1 (barneskoleutdanning), der det første året i grunnskolen er klassetrinn 01. Nivå 1 og 2 utgjer klassetrinn 01 - 10. Det første året etter obligatorisk grunnskole (nivå 3) blir såleis 11. klassetrinn osv. Høgaste klassetrinn er 22 (forskarutdanning).</Description>
        <Description xml:lang="nb">Vi kan skille mellom klassetrinn for enkeltutdanninger og klassetrinn for samlekoder. Enkeltutdanningene har forhåndsbestemte klassetrinn, mens de som har tatt utdanning som faller inn under samlekodene vil befinne seg på ulike klassetrinn. Klassetrinn regnes fra nivå 1 (barneskoleutdanning), hvor første året i grunnskolen er klassetrinn 01. Nivåene 1 og 2 utgjør klassetrinn 01 - 10. Første år etter obligatorisk grunnskole (nivå 3) blir således 11. klassetrinn osv. Høyeste klassetrinn er 22 (forskerutdanning).
</Description>
        <Description xml:lang="en">We can differentiate between class levels for individual educational programmes and class levels for aggregate codes. Individual programmes such as tertiary degrees have predetermined class levels, while programmes that come under the same aggregate code may have different class levels. Class levels are calculated from level 1 (primary education), where the first year of primary school is class level 1. Compulsory education (levels 1 and 2) comprises class levels 1-10. The first year of upper secondary school (level 3) is class level 11. Tertiary education (level 6) starts from class level 14. The highest possible class level is 21 (postgraduate education).</Description>
      </DescriptionGrp>
      <IntroductionGrp>
        <Indtroduction xml:lang="nn">NUS2000 inneheld, i tillegg til den sekssifra NUS-koden, også andre kodar knytte til utdanning. Klassetrinn er ei slik gruppering. Desse supplerer NUS2000-standarden, men har, med unntak av ISCED97, ikkje status som offisielle standardar i SSB.</Indtroduction>
        <Indtroduction xml:lang="nb">NUS2000 inneholder, i tillegg til den sekssifrede NUS-koden, også andre koder knyttet til utdanning. Klassetrinn er en slik gruppering. Disse supplerer NUS2000-standarden, men har, med unntak av ISCED97, ikke status som offisielle standarder i SSB.</Indtroduction>
        <Indtroduction xml:lang="en">In addition to the six digit NUS code, NUS2000 also consist of other codes concerning education. Class level is such a classification. These codes supplement the NUS2000 standard, but with exception from ISCED97, they do not have status as official standards in Statistics Norway.</Indtroduction>
      </IntroductionGrp>
      <ContactInformation>
        <Person xmlns="http://www.ssb.no/ns/meta/common">gki</Person>
        <Division xmlns="http://www.ssb.no/ns/meta/common">360</Division>
      </ContactInformation>
      <ExternalDocumentGrp>
        <ExternalDocument xml:lang="nn">NOS C 676   http://www.ssb.no/emner/04/90/nos_c617/nos_c676.pdf</ExternalDocument>
        <ExternalDocument xml:lang="nb">NOS C 617   http://www.ssb.no/emner/04/90/nos_c617/nos_c617.pdf</ExternalDocument>
        <ExternalDocument xml:lang="en">http://www.ssb.no/english/subjects/04/90/nos_c751_en/nos_c751_en.pdf</ExternalDocument>
      </ExternalDocumentGrp>
      <ChangesGrp>
        <Change xml:lang="nn">Ikkje relevant</Change>
        <Change xml:lang="nb">Ikke relevant</Change>
        <Change xml:lang="en">Not relevant</Change>
      </ChangesGrp>
      <DerivedFromGrp>
        <DerviedFrom xml:lang="nn">Ikkje relevant</DerviedFrom>
        <DerviedFrom xml:lang="nb">Ikke relevant</DerviedFrom>
        <DerviedFrom xml:lang="en">Not relevant</DerviedFrom>
      </DerivedFromGrp>
      <LegalBaseGrp>
        <LegalBase xml:lang="nn">Ikkje relevant</LegalBase>
        <LegalBase xml:lang="nb">Ikke relevant</LegalBase>
        <LegalBase xml:lang="en">Not relevant</LegalBase>
      </LegalBaseGrp>
      <Level levelNumber="1" id="urn:ssb:classlevel:stabas:6337977" codeStructure="99-99">
        <TitleGrp>
          <Title xml:lang="nn">Klassetrinn (NUS 2010/1): Klassetrinn</Title>
          <Title xml:lang="nb">Klassetrinn (NUS 2010/1): Klassetrinn</Title>
          <Title xml:lang="en">Class level  (NUS 2010/1): Form</Title>
        </TitleGrp>
        <CodelistReference>urn:ssb:codelist:stabas:6337977</CodelistReference>
        <Level levelNumber="2" id="urn:ssb:classlevel:stabas:6337979" codeStructure="999999">
          <TitleGrp>
            <Title xml:lang="nn">Klassetrinn (NUS 2010/1): Utdanningskode</Title>
            <Title xml:lang="nb">Klassetrinn (NUS 2010/1): Utdanningskode</Title>
            <Title xml:lang="en">Class level  (NUS 2010/1): Education code</Title>
          </TitleGrp>
          <CodelistReference>urn:ssb:codelist:stabas:6337979</CodelistReference>
        </Level>
      </Level>
    </ClassificationVersion>
    <ClassificationVersion id="urn:ssb:classversion:stabas:5950335" isCurrentVersion="false" validFrom="2009-07-01" validTo="2009-12-31" isUnderConstruction="false" updatesPossible="false" disseminationAllowed="true" lastChangedDate="2011-02-23" showIntranet="true" showInternet="true">
      <TitleGrp>
        <Title xml:lang="nn">Klassetrinn (NUS 2009/2)</Title>
        <Title xml:lang="nb">Klassetrinn (NUS 2009/2)</Title>
        <Title xml:lang="en">Class level (NUS 2009/2)</Title>
      </TitleGrp>
      <DescriptionGrp>
        <Description xml:lang="nn">Vi kan skilje mellom klassetrinn for enkeltutdanningar og klassetrinn for samlekodar. Enkeltutdanningane har førehandsbestemte klassetrinn, mens dei som har teke utdanning som fell inn under samlekodane, vil finnast på forskjellige klassetrinn. Klassetrinna blir rekna frå nivå 1 (barneskoleutdanning), der det første året i grunnskolen er klassetrinn 01. Nivå 1 og 2 utgjer klassetrinn 01 - 10. Det første året etter obligatorisk grunnskole (nivå 3) blir såleis 11. klassetrinn osv. Høgaste klassetrinn er 22 (forskarutdanning).</Description>
        <Description xml:lang="nb">Vi kan skille mellom klassetrinn for enkeltutdanninger og klassetrinn for samlekoder. Enkeltutdanningene har forhåndsbestemte klassetrinn, mens de som har tatt utdanning som faller inn under samlekodene vil befinne seg på ulike klassetrinn. Klassetrinn regnes fra nivå 1 (barneskoleutdanning), hvor første året i grunnskolen er klassetrinn 01. Nivåene 1 og 2 utgjør klassetrinn 01 - 10. Første år etter obligatorisk grunnskole (nivå 3) blir således 11. klassetrinn osv. Høyeste klassetrinn er 22 (forskerutdanning).
</Description>
        <Description xml:lang="en">We can differentiate between class levels for individual educational programmes and class levels for aggregate codes. Individual programmes such as tertiary degrees have predetermined class levels, while programmes that come under the same aggregate code may have different class levels. Class levels are calculated from level 1 (primary education), where the first year of primary school is class level 1. Compulsory education (levels 1 and 2) comprises class levels 1-10. The first year of upper secondary school (level 3) is class level 11. Tertiary education (level 6) starts from class level 14. The highest possible class level is 21 (postgraduate education). </Description>
      </DescriptionGrp>
      <IntroductionGrp>
        <Indtroduction xml:lang="nn">NUS2000 inneheld, i tillegg til den sekssifra NUS-koden, også andre kodar knytte til utdanning. Klassetrinn er ei slik gruppering. Desse supplerer NUS2000-standarden, men har, med unntak av ISCED97, ikkje status som offisielle standardar i SSB. </Indtroduction>
        <Indtroduction xml:lang="nb">NUS2000 inneholder, i tillegg til den sekssifrede NUS-koden, også andre koder knyttet til utdanning. Klassetrinn er en slik gruppering. Disse supplerer NUS2000-standarden, men har, med unntak av ISCED97, ikke status som offisielle standarder i SSB.</Indtroduction>
        <Indtroduction xml:lang="en">In addition to the six digit NUS code, NUS2000 also consist of other codes concerning education. Class level is such a classification. These codes supplement the NUS2000 standard, but with exception from ISCED97, they do not have status as official standards in Statistics Norway.</Indtroduction>
      </IntroductionGrp>
      <ContactInformation>
        <Person xmlns="http://www.ssb.no/ns/meta/common">gki</Person>
        <Division xmlns="http://www.ssb.no/ns/meta/common">360</Division>
      </ContactInformation>
      <ExternalDocumentGrp>
        <ExternalDocument xml:lang="nn">NOS C 676   http://www.ssb.no/emner/04/90/nos_c617/nos_c676.pdf</ExternalDocument>
        <ExternalDocument xml:lang="nb">NOS C 617   http://www.ssb.no/emner/04/90/nos_c617/nos_c617.pdf</ExternalDocument>
        <ExternalDocument xml:lang="en">http://www.ssb.no/english/subjects/04/90/nos_c751_en/nos_c751_en.pdf</ExternalDocument>
      </ExternalDocumentGrp>
      <ChangesGrp>
        <Change xml:lang="nn">Ikkje relevant</Change>
        <Change xml:lang="nb">Ikke relevant</Change>
        <Change xml:lang="en">Not relevant</Change>
      </ChangesGrp>
      <DerivedFromGrp>
        <DerviedFrom xml:lang="nn">Ikkje relevant</DerviedFrom>
        <DerviedFrom xml:lang="nb">Ikke relevant</DerviedFrom>
        <DerviedFrom xml:lang="en">Not relevant</DerviedFrom>
      </DerivedFromGrp>
      <LegalBaseGrp>
        <LegalBase xml:lang="nn">Ikkje relevant</LegalBase>
        <LegalBase xml:lang="nb">Ikke relevant</LegalBase>
        <LegalBase xml:lang="en">Not relevant</LegalBase>
      </LegalBaseGrp>
      <Level levelNumber="1" id="urn:ssb:classlevel:stabas:5950337" codeStructure="99-99">
        <TitleGrp>
          <Title xml:lang="nn">Klassetrinn (NUS 2009/2): Klassetrinn</Title>
          <Title xml:lang="nb">Klassetrinn (NUS 2009/2): Klassetrinn</Title>
          <Title xml:lang="en">Class level (NUS 2009/2): Form</Title>
        </TitleGrp>
        <CodelistReference>urn:ssb:codelist:stabas:5950337</CodelistReference>
        <Level levelNumber="2" id="urn:ssb:classlevel:stabas:5950339" codeStructure="999999">
          <TitleGrp>
            <Title xml:lang="nn">Klassetrinn (NUS 2009/2): Utdanningskode</Title>
            <Title xml:lang="nb">Klassetrinn (NUS 2009/2): Utdanningskode</Title>
            <Title xml:lang="en">Class level (NUS 2009/2): Education code</Title>
          </TitleGrp>
          <CodelistReference>urn:ssb:codelist:stabas:5950339</CodelistReference>
        </Level>
      </Level>
    </ClassificationVersion>
    <ClassificationVersion id="urn:ssb:classversion:stabas:5708277" isCurrentVersion="false" validFrom="2009-01-01" validTo="2009-06-30" isUnderConstruction="false" updatesPossible="false" disseminationAllowed="true" lastChangedDate="2011-02-23" showIntranet="true" showInternet="true">
      <TitleGrp>
        <Title xml:lang="nn">Klassetrinn (NUS 2009/1)</Title>
        <Title xml:lang="nb">Klassetrinn (NUS 2009/1)</Title>
        <Title xml:lang="en">Form (NUS 2009/1)</Title>
      </TitleGrp>
      <DescriptionGrp>
        <Description xml:lang="nn">Vi kan skilje mellom klassetrinn for enkeltutdanningar og klassetrinn for samlekodar. Enkeltutdanningane har førehandsbestemte klassetrinn, mens dei som har teke utdanning som fell inn under samlekodane, vil finnast på forskjellige klassetrinn. Klassetrinna blir rekna frå nivå 1 (barneskoleutdanning), der det første året i grunnskolen er klassetrinn 01. Nivå 1 og 2 utgjer klassetrinn 01 - 10. Det første året etter obligatorisk grunnskole (nivå 3) blir såleis 11. klassetrinn osv. Høgaste klassetrinn er 22 (forskarutdanning).
</Description>
        <Description xml:lang="nb">Vi kan skille mellom klassetrinn for enkeltutdanninger og klassetrinn for samlekoder. Enkeltutdanningene har forhåndsbestemte klassetrinn, mens de som har tatt utdanning som faller inn under samlekodene vil befinne seg på ulike klassetrinn. Klassetrinn regnes fra nivå 1 (barneskoleutdanning), hvor første året i grunnskolen er klassetrinn 01. Nivåene 1 og 2 utgjør klassetrinn 01 - 10. Første år etter obligatorisk grunnskole (nivå 3) blir således 11. klassetrinn osv. Høyeste klassetrinn er 22 (forskerutdanning).
</Description>
        <Description xml:lang="en">We can differentiate between class levels for individual educational programmes and class levels for aggregate codes. Individual programmes such as tertiary degrees have predetermined class levels, while programmes that come under the same aggregate code may have different class levels. Class levels are calculated from level 1 (primary education), where the first year of primary school is class level 1. Compulsory education (levels 1 and 2) comprises class levels 1-10. The first year of upper secondary school (level 3) is class level 11. Tertiary education (level 6) starts from class level 14. The highest possible class level is 21 (postgraduate education). 
</Description>
      </DescriptionGrp>
      <IntroductionGrp>
        <Indtroduction xml:lang="nn">NUS2000 inneheld, i tillegg til den sekssifra NUS-koden, også andre kodar knytte til utdanning. Klassetrinn er ei slik gruppering. Desse supplerer NUS2000-standarden, men har, med unntak av ISCED97, ikkje status som offisielle standardar i SSB. 
</Indtroduction>
        <Indtroduction xml:lang="nb">NUS2000 inneholder, i tillegg til den sekssifrede NUS-koden, også andre koder knyttet til utdanning. Klassetrinn er en slik gruppering. Disse supplerer NUS2000-standarden, men har, med unntak av ISCED97, ikke status som offisielle standarder i SSB.</Indtroduction>
        <Indtroduction xml:lang="en">In addition to the six digit NUS code, NUS2000 also consist of other codes concerning education. Class level is such a classification. These codes supplement the NUS2000 standard, but with exception from ISCED97, they do not have status as official standards in Statistics Norway.</Indtroduction>
      </IntroductionGrp>
      <ContactInformation>
        <Person xmlns="http://www.ssb.no/ns/meta/common">gki</Person>
        <Division xmlns="http://www.ssb.no/ns/meta/common">360</Division>
      </ContactInformation>
      <ExternalDocumentGrp>
        <ExternalDocument xml:lang="nn">NOS C 676   http://www.ssb.no/emner/04/90/nos_c617/nos_c676.pdf</ExternalDocument>
        <ExternalDocument xml:lang="nb">NOS C 617   http://www.ssb.no/emner/04/90/nos_c617/nos_c617.pdf</ExternalDocument>
        <ExternalDocument xml:lang="en">http://www.ssb.no/english/subjects/04/90/nos_c751_en/nos_c751_en.pdf</ExternalDocument>
      </ExternalDocumentGrp>
      <ChangesGrp>
        <Change xml:lang="nn">Ikkje relevant</Change>
        <Change xml:lang="nb">Ikke relevant</Change>
        <Change xml:lang="en">Not relevant</Change>
      </ChangesGrp>
      <DerivedFromGrp>
        <DerviedFrom xml:lang="nn">Ikkje relevant</DerviedFrom>
        <DerviedFrom xml:lang="nb">Ikke relevant</DerviedFrom>
        <DerviedFrom xml:lang="en">Not relevant</DerviedFrom>
      </DerivedFromGrp>
      <LegalBaseGrp>
        <LegalBase xml:lang="nn">Ikkje relevant</LegalBase>
        <LegalBase xml:lang="nb">Ikke relevant</LegalBase>
        <LegalBase xml:lang="en">Not relevant</LegalBase>
      </LegalBaseGrp>
      <Level levelNumber="1" id="urn:ssb:classlevel:stabas:5708279" codeStructure="99-99">
        <TitleGrp>
          <Title xml:lang="nn">Klassetrinn (NUS 2009/1): Klassetrinn</Title>
          <Title xml:lang="nb">Klassetrinn (NUS 2009/1): Klassetrinn</Title>
          <Title xml:lang="en">Form (NUS 2009/1): Form</Title>
        </TitleGrp>
        <CodelistReference>urn:ssb:codelist:stabas:5708279</CodelistReference>
        <Level levelNumber="2" id="urn:ssb:classlevel:stabas:5708281" codeStructure="999999">
          <TitleGrp>
            <Title xml:lang="nn">Klassetrinn (NUS 2009/1): Utdanningskode</Title>
            <Title xml:lang="nb">Klassetrinn (NUS 2009/1): Utdanningskode</Title>
            <Title xml:lang="en">Form (NUS 2009/1): Education code</Title>
          </TitleGrp>
          <CodelistReference>urn:ssb:codelist:stabas:5708281</CodelistReference>
        </Level>
      </Level>
    </ClassificationVersion>
    <ClassificationVersion id="urn:ssb:classversion:stabas:5374171" isCurrentVersion="false" validFrom="2008-07-01" validTo="2008-12-31" isUnderConstruction="false" updatesPossible="false" disseminationAllowed="true" lastChangedDate="2011-01-21" showIntranet="true" showInternet="true">
      <TitleGrp>
        <Title xml:lang="nn">Klassetrinn (NUS 2008/2)</Title>
        <Title xml:lang="nb">Klassetrinn (NUS 2008/2)</Title>
        <Title xml:lang="en">Form (NUS 2008/2)</Title>
      </TitleGrp>
      <DescriptionGrp>
        <Description xml:lang="nn">Vi kan skilje mellom klassetrinn for enkeltutdanningar og klassetrinn for samlekodar. Enkeltutdanningane har førehandsbestemte klassetrinn, mens dei som har teke utdanning som fell inn under samlekodane, vil finnast på forskjellige klassetrinn. Klassetrinna blir rekna frå nivå 1 (barneskoleutdanning), der det første året i grunnskolen er klassetrinn 01. Nivå 1 og 2 utgjer klassetrinn 01 - 10. Det første året etter obligatorisk grunnskole (nivå 3) blir såleis 11. klassetrinn osv. Høgaste klassetrinn er 22 (forskarutdanning).
</Description>
        <Description xml:lang="nb">Vi kan skille mellom klassetrinn for enkeltutdanninger og klassetrinn for samlekoder. Enkeltutdanningene har forhåndsbestemte klassetrinn, mens de som har tatt utdanning som faller inn under samlekodene vil befinne seg på ulike klassetrinn. Klassetrinn regnes fra nivå 1 (barneskoleutdanning), hvor første året i grunnskolen er klassetrinn 01. Nivåene 1 og 2 utgjør klassetrinn 01 - 10. Første år etter obligatorisk grunnskole (nivå 3) blir således 11. klassetrinn osv. Høyeste klassetrinn er 22 (forskerutdanning).
</Description>
        <Description xml:lang="en">We can differentiate between class levels for individual educational programmes and class levels for aggregate codes. Individual programmes such as tertiary degrees have predetermined class levels, while programmes that come under the same aggregate code may have different class levels. Class levels are calculated from level 1 (primary education), where the first year of primary school is class level 1. Compulsory education (levels 1 and 2) comprises class levels 1-10. The first year of upper secondary school (level 3) is class level 11. Tertiary education (level 6) starts from class level 14. The highest possible class level is 21 (postgraduate education). 
</Description>
      </DescriptionGrp>
      <IntroductionGrp>
        <Indtroduction xml:lang="nn">NUS2000 inneheld, i tillegg til den sekssifra NUS-koden, også andre kodar knytte til utdanning. Klassetrinn er ei slik gruppering. Desse supplerer NUS2000-standarden, men har, med unntak av ISCED97, ikkje status som offisielle standardar i SSB. 
</Indtroduction>
        <Indtroduction xml:lang="nb">NUS2000 inneholder, i tillegg til den sekssifrede NUS-koden, også andre koder knyttet til utdanning. Klassetrinn er en slik gruppering. Disse supplerer NUS2000-standarden, men har, med unntak av ISCED97, ikke status som offisielle standarder i SSB.</Indtroduction>
        <Indtroduction xml:lang="en">In addition to the six digit NUS code, NUS2000 also consist of other codes concerning education. Class level is such a classification. These codes supplement the NUS2000 standard, but with exception from ISCED97, they do not have status as official standards in Statistics Norway.</Indtroduction>
      </IntroductionGrp>
      <ContactInformation>
        <Person xmlns="http://www.ssb.no/ns/meta/common">gki</Person>
        <Division xmlns="http://www.ssb.no/ns/meta/common">360</Division>
      </ContactInformation>
      <ExternalDocumentGrp>
        <ExternalDocument xml:lang="nn">NOS C 676   http://www.ssb.no/emner/04/90/nos_c617/nos_c676.pdf</ExternalDocument>
        <ExternalDocument xml:lang="nb">NOS C 617   http://www.ssb.no/emner/04/90/nos_c617/nos_c617.pdf</ExternalDocument>
        <ExternalDocument xml:lang="en">http://www.ssb.no/english/subjects/04/90/nos_c751_en/nos_c751_en.pdf</ExternalDocument>
      </ExternalDocumentGrp>
      <ChangesGrp>
        <Change xml:lang="nn">Ikkje relevant</Change>
        <Change xml:lang="nb">Ikke relevant</Change>
        <Change xml:lang="en">Not relevant</Change>
      </ChangesGrp>
      <DerivedFromGrp>
        <DerviedFrom xml:lang="nn">Ikkje relevant</DerviedFrom>
        <DerviedFrom xml:lang="nb">Ikke relevant</DerviedFrom>
        <DerviedFrom xml:lang="en">Not relevant</DerviedFrom>
      </DerivedFromGrp>
      <LegalBaseGrp>
        <LegalBase xml:lang="nn">Ikkje relevant</LegalBase>
        <LegalBase xml:lang="nb">Ikke relevant</LegalBase>
        <LegalBase xml:lang="en">Not relevant</LegalBase>
      </LegalBaseGrp>
      <Level levelNumber="1" id="urn:ssb:classlevel:stabas:5374173" codeStructure="99-99">
        <TitleGrp>
          <Title xml:lang="nn">Klassetrinn (NUS 2008/2): Klassetrinn</Title>
          <Title xml:lang="nb">Klassetrinn (NUS 2008/2): Klassetrinn</Title>
          <Title xml:lang="en">Form (NUS 2008/2): Form</Title>
        </TitleGrp>
        <CodelistReference>urn:ssb:codelist:stabas:5374173</CodelistReference>
        <Level levelNumber="2" id="urn:ssb:classlevel:stabas:5374175" codeStructure="999999">
          <TitleGrp>
            <Title xml:lang="nn">Klassetrinn (NUS 2008/2): Utdanningskode</Title>
            <Title xml:lang="nb">Klassetrinn (NUS 2008/2): Utdanningskode</Title>
            <Title xml:lang="en">Form (NUS 2008/2): Education code</Title>
          </TitleGrp>
          <CodelistReference>urn:ssb:codelist:stabas:5374175</CodelistReference>
        </Level>
      </Level>
    </ClassificationVersion>
    <ClassificationVersion id="urn:ssb:classversion:stabas:5070131" isCurrentVersion="false" validFrom="2008-01-01" validTo="2008-06-30" isUnderConstruction="false" updatesPossible="false" disseminationAllowed="true" lastChangedDate="2011-01-21" showIntranet="true" showInternet="true">
      <TitleGrp>
        <Title xml:lang="nn">Klassetrinn (NUS 2008/1)</Title>
        <Title xml:lang="nb">Klassetrinn (NUS 2008/1)</Title>
        <Title xml:lang="en">Form (NUS 2008/1)</Title>
      </TitleGrp>
      <DescriptionGrp>
        <Description xml:lang="nn">Vi kan skilje mellom klassetrinn for enkeltutdanningar og klassetrinn for samlekodar. Enkeltutdanningane har førehandsbestemte klassetrinn, mens dei som har teke utdanning som fell inn under samlekodane, vil finnast på forskjellige klassetrinn. Klassetrinna blir rekna frå nivå 1 (barneskoleutdanning), der det første året i grunnskolen er klassetrinn 01. Nivå 1 og 2 utgjer klassetrinn 01 - 10. Det første året etter obligatorisk grunnskole (nivå 3) blir såleis 11. klassetrinn osv. Høgaste klassetrinn er 22 (forskarutdanning).
</Description>
        <Description xml:lang="nb">Vi kan skille mellom klassetrinn for enkeltutdanninger og klassetrinn for samlekoder. Enkeltutdanningene har forhåndsbestemte klassetrinn, mens de som har tatt utdanning som faller inn under samlekodene vil befinne seg på ulike klassetrinn. Klassetrinn regnes fra nivå 1 (barneskoleutdanning), hvor første året i grunnskolen er klassetrinn 01. Nivåene 1 og 2 utgjør klassetrinn 01 - 10. Første år etter obligatorisk grunnskole (nivå 3) blir således 11. klassetrinn osv. Høyeste klassetrinn er 22 (forskerutdanning).
</Description>
        <Description xml:lang="en">We can differentiate between class levels for individual educational programmes and class levels for aggregate codes. Individual programmes such as tertiary degrees have predetermined class levels, while programmes that come under the same aggregate code may have different class levels. Class levels are calculated from level 1 (primary education), where the first year of primary school is class level 1. Compulsory education (levels 1 and 2) comprises class levels 1-10. The first year of upper secondary school (level 3) is class level 11. Tertiary education (level 6) starts from class level 14. The highest possible class level is 21 (postgraduate education). 
</Description>
      </DescriptionGrp>
      <IntroductionGrp>
        <Indtroduction xml:lang="nn">NUS2000 inneheld, i tillegg til den sekssifra NUS-koden, også andre kodar knytte til utdanning. Klassetrinn er ei slik gruppering. Desse supplerer NUS2000-standarden, men har, med unntak av ISCED97, ikkje status som offisielle standardar i SSB. 
</Indtroduction>
        <Indtroduction xml:lang="nb">NUS2000 inneholder, i tillegg til den sekssifrede NUS-koden, også andre koder knyttet til utdanning. Klassetrinn er en slik gruppering. Disse supplerer NUS2000-standarden, men har, med unntak av ISCED97, ikke status som offisielle standarder i SSB.</Indtroduction>
        <Indtroduction xml:lang="en">In addition to the six digit NUS code, NUS2000 also consist of other codes concerning education. Class level is such a classification. These codes supplement the NUS2000 standard, but with exception from ISCED97, they do not have status as official standards in Statistics Norway.</Indtroduction>
      </IntroductionGrp>
      <ContactInformation>
        <Person xmlns="http://www.ssb.no/ns/meta/common">gki</Person>
        <Division xmlns="http://www.ssb.no/ns/meta/common">360</Division>
      </ContactInformation>
      <ExternalDocumentGrp>
        <ExternalDocument xml:lang="nn">NOS C 676   http://www.ssb.no/emner/04/90/nos_c617/nos_c676.pdf</ExternalDocument>
        <ExternalDocument xml:lang="nb">NOS C 617   http://www.ssb.no/emner/04/90/nos_c617/nos_c617.pdf</ExternalDocument>
        <ExternalDocument xml:lang="en">http://www.ssb.no/english/subjects/04/90/nos_c751_en/nos_c751_en.pdf</ExternalDocument>
      </ExternalDocumentGrp>
      <ChangesGrp>
        <Change xml:lang="nn">Ikkje relevant</Change>
        <Change xml:lang="nb">Ikke relevant</Change>
        <Change xml:lang="en">Not relevant</Change>
      </ChangesGrp>
      <DerivedFromGrp>
        <DerviedFrom xml:lang="nn">Ikkje relevant</DerviedFrom>
        <DerviedFrom xml:lang="nb">Ikke relevant</DerviedFrom>
        <DerviedFrom xml:lang="en">Not relevant</DerviedFrom>
      </DerivedFromGrp>
      <LegalBaseGrp>
        <LegalBase xml:lang="nn">Ikkje relevant</LegalBase>
        <LegalBase xml:lang="nb">Ikke relevant</LegalBase>
        <LegalBase xml:lang="en">Not relevant</LegalBase>
      </LegalBaseGrp>
      <Level levelNumber="1" id="urn:ssb:classlevel:stabas:5070133" codeStructure="99-99">
        <TitleGrp>
          <Title xml:lang="nn">Klassetrinn (NUS 2008/1): Klassetrinn</Title>
          <Title xml:lang="nb">Klassetrinn (NUS 2008/1): Klassetrinn</Title>
          <Title xml:lang="en">Form (NUS 2008/1): Form</Title>
        </TitleGrp>
        <CodelistReference>urn:ssb:codelist:stabas:5070133</CodelistReference>
        <Level levelNumber="2" id="urn:ssb:classlevel:stabas:5070135" codeStructure="999999">
          <TitleGrp>
            <Title xml:lang="nn">Klassetrinn (NUS 2008/1): Utdanningskode</Title>
            <Title xml:lang="nb">Klassetrinn (NUS 2008/1): Utdanningskode</Title>
            <Title xml:lang="en">Form (NUS 2008/1): Education code</Title>
          </TitleGrp>
          <CodelistReference>urn:ssb:codelist:stabas:5070135</CodelistReference>
        </Level>
      </Level>
    </ClassificationVersion>
    <ClassificationVersion id="urn:ssb:classversion:stabas:4865941" isCurrentVersion="false" validFrom="2007-07-01" validTo="2007-12-31" isUnderConstruction="false" updatesPossible="false" disseminationAllowed="true" lastChangedDate="2011-01-21" showIntranet="true" showInternet="true">
      <TitleGrp>
        <Title xml:lang="nn">Klassetrinn (NUS 2007/2)</Title>
        <Title xml:lang="nb">Klassetrinn (NUS 2007/2)</Title>
        <Title xml:lang="en">Form (NUS 2007/2)</Title>
      </TitleGrp>
      <DescriptionGrp>
        <Description xml:lang="nn">Vi kan skilje mellom klassetrinn for enkeltutdanningar og klassetrinn for samlekodar. Enkeltutdanningane har førehandsbestemte klassetrinn, mens dei som har teke utdanning som fell inn under samlekodane, vil finnast på forskjellige klassetrinn. Klassetrinna blir rekna frå nivå 1 (barneskoleutdanning), der det første året i grunnskolen er klassetrinn 01. Nivå 1 og 2 utgjer klassetrinn 01 - 10. Det første året etter obligatorisk grunnskole (nivå 3) blir såleis 11. klassetrinn osv. Høgaste klassetrinn er 22 (forskarutdanning).
</Description>
        <Description xml:lang="nb">Vi kan skille mellom klassetrinn for enkeltutdanninger og klassetrinn for samlekoder. Enkeltutdanningene har forhåndsbestemte klassetrinn, mens de som har tatt utdanning som faller inn under samlekodene vil befinne seg på ulike klassetrinn. Klassetrinn regnes fra nivå 1 (barneskoleutdanning), hvor første året i grunnskolen er klassetrinn 01. Nivåene 1 og 2 utgjør klassetrinn 01 - 10. Første år etter obligatorisk grunnskole (nivå 3) blir således 11. klassetrinn osv. Høyeste klassetrinn er 22 (forskerutdanning).
</Description>
        <Description xml:lang="en">We can differentiate between class levels for individual educational programmes and class levels for aggregate codes. Individual programmes such as tertiary degrees have predetermined class levels, while programmes that come under the same aggregate code may have different class levels. Class levels are calculated from level 1 (primary education), where the first year of primary school is class level 1. Compulsory education (levels 1 and 2) comprises class levels 1-10. The first year of upper secondary school (level 3) is class level 11. Tertiary education (level 6) starts from class level 14. The highest possible class level is 21 (postgraduate education). 
</Description>
      </DescriptionGrp>
      <IntroductionGrp>
        <Indtroduction xml:lang="nn">NUS2000 inneheld, i tillegg til den sekssifra NUS-koden, også andre kodar knytte til utdanning. Klassetrinn er ei slik gruppering. Desse supplerer NUS2000-standarden, men har, med unntak av ISCED97, ikkje status som offisielle standardar i SSB. 
</Indtroduction>
        <Indtroduction xml:lang="nb">NUS2000 inneholder, i tillegg til den sekssifrede NUS-koden, også andre koder knyttet til utdanning. Klassetrinn er en slik gruppering. Disse supplerer NUS2000-standarden, men har, med unntak av ISCED97, ikke status som offisielle standarder i SSB.</Indtroduction>
        <Indtroduction xml:lang="en">In addition to the six digit NUS code, NUS2000 also consist of other codes concerning education. Class level is such a classification. These codes supplement the NUS2000 standard, but with exception from ISCED97, they do not have status as official standards in Statistics Norway.</Indtroduction>
      </IntroductionGrp>
      <ContactInformation>
        <Person xmlns="http://www.ssb.no/ns/meta/common">gki</Person>
        <Division xmlns="http://www.ssb.no/ns/meta/common">360</Division>
      </ContactInformation>
      <ExternalDocumentGrp>
        <ExternalDocument xml:lang="nn">NOS C 676   http://www.ssb.no/emner/04/90/nos_c617/nos_c676.pdf</ExternalDocument>
        <ExternalDocument xml:lang="nb">NOS C 617   http://www.ssb.no/emner/04/90/nos_c617/nos_c617.pdf</ExternalDocument>
        <ExternalDocument xml:lang="en">http://www.ssb.no/english/subjects/04/90/nos_c751_en/nos_c751_en.pdf</ExternalDocument>
      </ExternalDocumentGrp>
      <ChangesGrp>
        <Change xml:lang="nn">Ikkje relevant</Change>
        <Change xml:lang="nb">Ikke relevant</Change>
        <Change xml:lang="en">Not relevant</Change>
      </ChangesGrp>
      <DerivedFromGrp>
        <DerviedFrom xml:lang="nn">Ikkje relevant</DerviedFrom>
        <DerviedFrom xml:lang="nb">Ikke relevant</DerviedFrom>
        <DerviedFrom xml:lang="en">Not relevant</DerviedFrom>
      </DerivedFromGrp>
      <LegalBaseGrp>
        <LegalBase xml:lang="nn">Ikkje relevant</LegalBase>
        <LegalBase xml:lang="nb">Ikke relevant</LegalBase>
        <LegalBase xml:lang="en">Not relevant</LegalBase>
      </LegalBaseGrp>
      <Level levelNumber="1" id="urn:ssb:classlevel:stabas:4865943" codeStructure="99-99">
        <TitleGrp>
          <Title xml:lang="nn">Klassetrinn (NUS 2007/2): Klassetrinn</Title>
          <Title xml:lang="nb">Klassetrinn (NUS 2007/2): Klassetrinn</Title>
          <Title xml:lang="en">Form (NUS 2007/2): Form</Title>
        </TitleGrp>
        <CodelistReference>urn:ssb:codelist:stabas:4865943</CodelistReference>
        <Level levelNumber="2" id="urn:ssb:classlevel:stabas:4865945" codeStructure="999999">
          <TitleGrp>
            <Title xml:lang="nn">Klassetrinn (NUS 2007/2): Utdanningskode</Title>
            <Title xml:lang="nb">Klassetrinn (NUS 2007/2): Utdanningskode</Title>
            <Title xml:lang="en">Form (NUS 2007/2): Education code</Title>
          </TitleGrp>
          <CodelistReference>urn:ssb:codelist:stabas:4865945</CodelistReference>
        </Level>
      </Level>
    </ClassificationVersion>
    <ClassificationVersion id="urn:ssb:classversion:stabas:4721902" isCurrentVersion="false" validFrom="2007-01-01" validTo="2007-06-30" isUnderConstruction="false" updatesPossible="false" disseminationAllowed="true" lastChangedDate="2011-01-21" showIntranet="true" showInternet="true">
      <TitleGrp>
        <Title xml:lang="nn">Klassetrinn (NUS 2007/1)</Title>
        <Title xml:lang="nb">Klassetrinn (NUS 2007/1)</Title>
        <Title xml:lang="en">Form (NUS 2007/1)</Title>
      </TitleGrp>
      <DescriptionGrp>
        <Description xml:lang="nn">Vi kan skilje mellom klassetrinn for enkeltutdanningar og klassetrinn for samlekodar. Enkeltutdanningane har førehandsbestemte klassetrinn, mens dei som har teke utdanning som fell inn under samlekodane, vil finnast på forskjellige klassetrinn. Klassetrinna blir rekna frå nivå 1 (barneskoleutdanning), der det første året i grunnskolen er klassetrinn 01. Nivå 1 og 2 utgjer klassetrinn 01 - 10. Det første året etter obligatorisk grunnskole (nivå 3) blir såleis 11. klassetrinn osv. Høgaste klassetrinn er 22 (forskarutdanning).
</Description>
        <Description xml:lang="nb">Vi kan skille mellom klassetrinn for enkeltutdanninger og klassetrinn for samlekoder. Enkeltutdanningene har forhåndsbestemte klassetrinn, mens de som har tatt utdanning som faller inn under samlekodene vil befinne seg på ulike klassetrinn. Klassetrinn regnes fra nivå 1 (barneskoleutdanning), hvor første året i grunnskolen er klassetrinn 01. Nivåene 1 og 2 utgjør klassetrinn 01 - 10. Første år etter obligatorisk grunnskole (nivå 3) blir således 11. klassetrinn osv. Høyeste klassetrinn er 22 (forskerutdanning).
</Description>
        <Description xml:lang="en">We can differentiate between class levels for individual educational programmes and class levels for aggregate codes. Individual programmes such as tertiary degrees have predetermined class levels, while programmes that come under the same aggregate code may have different class levels. Class levels are calculated from level 1 (primary education), where the first year of primary school is class level 1. Compulsory education (levels 1 and 2) comprises class levels 1-10. The first year of upper secondary school (level 3) is class level 11. Tertiary education (level 6) starts from class level 14. The highest possible class level is 21 (postgraduate education). 
</Description>
      </DescriptionGrp>
      <IntroductionGrp>
        <Indtroduction xml:lang="nn">NUS2000 inneheld, i tillegg til den sekssifra NUS-koden, også andre kodar knytte til utdanning. Klassetrinn er ei slik gruppering. Desse supplerer NUS2000-standarden, men har, med unntak av ISCED97, ikkje status som offisielle standardar i SSB. 
</Indtroduction>
        <Indtroduction xml:lang="nb">NUS2000 inneholder, i tillegg til den sekssifrede NUS-koden, også andre koder knyttet til utdanning. Klassetrinn er en slik gruppering. Disse supplerer NUS2000-standarden, men har, med unntak av ISCED97, ikke status som offisielle standarder i SSB. </Indtroduction>
        <Indtroduction xml:lang="en">In addition to the six digit NUS code, NUS2000 also consist of other codes concerning education. Class level is such a classification. These codes supplement the NUS2000 standard, but with exception from ISCED97, they do not have status as official standards in Statistics Norway. </Indtroduction>
      </IntroductionGrp>
      <ContactInformation>
        <Person xmlns="http://www.ssb.no/ns/meta/common">gki</Person>
        <Division xmlns="http://www.ssb.no/ns/meta/common">360</Division>
      </ContactInformation>
      <ExternalDocumentGrp>
        <ExternalDocument xml:lang="nn">NOS C 676   http://www.ssb.no/emner/04/90/nos_c617/nos_c676.pdf</ExternalDocument>
        <ExternalDocument xml:lang="nb">NOS C 617   http://www.ssb.no/emner/04/90/nos_c617/nos_c617.pdf</ExternalDocument>
        <ExternalDocument xml:lang="en">http://www.ssb.no/english/subjects/04/90/nos_c751_en/nos_c751_en.pdf</ExternalDocument>
      </ExternalDocumentGrp>
      <ChangesGrp>
        <Change xml:lang="nn">Ikkje relevant</Change>
        <Change xml:lang="nb">Ikke relevant</Change>
        <Change xml:lang="en">Not relevant</Change>
      </ChangesGrp>
      <DerivedFromGrp>
        <DerviedFrom xml:lang="nn">Ikkje relevant</DerviedFrom>
        <DerviedFrom xml:lang="nb">Ikke relevant</DerviedFrom>
        <DerviedFrom xml:lang="en">Not relevant</DerviedFrom>
      </DerivedFromGrp>
      <LegalBaseGrp>
        <LegalBase xml:lang="nn">Ikkje relevant</LegalBase>
        <LegalBase xml:lang="nb">Ikke relevant</LegalBase>
        <LegalBase xml:lang="en">Not relevant</LegalBase>
      </LegalBaseGrp>
      <Level levelNumber="1" id="urn:ssb:classlevel:stabas:4721904" codeStructure="99-99">
        <TitleGrp>
          <Title xml:lang="nn">Klassetrinn (NUS 2007/1): Klassetrinn</Title>
          <Title xml:lang="nb">Klassetrinn (NUS 2007/1): Klassetrinn</Title>
          <Title xml:lang="en">Form (NUS 2007/1): Form</Title>
        </TitleGrp>
        <CodelistReference>urn:ssb:codelist:stabas:4721904</CodelistReference>
        <Level levelNumber="2" id="urn:ssb:classlevel:stabas:4721906" codeStructure="999999">
          <TitleGrp>
            <Title xml:lang="nn">Klassetrinn (NUS 2007/1): Utdanningskode</Title>
            <Title xml:lang="nb">Klassetrinn (NUS 2007/1): Utdanningskode</Title>
            <Title xml:lang="en">Form (NUS 2007/1): Education code</Title>
          </TitleGrp>
          <CodelistReference>urn:ssb:codelist:stabas:4721906</CodelistReference>
        </Level>
      </Level>
    </ClassificationVersion>
  </ClassificationVersions>
</Classification>