<?xml version="1.0" encoding="utf-8"?>
<Classification xmlns:xsi="http://www.w3.org/2001/XMLSchema-instance" xmlns:xsd="http://www.w3.org/2001/XMLSchema" id="urn:ssb:classification:stabas:4729832" currentVersionId="urn:ssb:classversion:stabas:8907913" xmlns="http://www.ssb.no/ns/meta/classification">
  <TitleGrp>
    <Title xml:lang="nn">Standard for tidslengd (NUS)</Title>
    <Title xml:lang="nb">Standard for varighet (NUS)</Title>
    <Title xml:lang="en">Classification for Duration (NUS)</Title>
  </TitleGrp>
  <DescriptionGrp>
    <Description xml:lang="nn">Tidslengda blir oppgitt i talet på månader for utdanningar på nivå 1-5. 10 månader utgjer eit år (skoleår). 20 månader er dermed to år, 30 månader er tre år osv. For utdanningar på nivå 6-8 blir tidslengda oppgitt i studiepoeng. 60 studiepoeng utgjer ei arbeidsmengd som svarar til eitt års studium. For meir informasjon, sjå pkt. 3.2.3. i NOS C 676 (under publikasjonar).</Description>
    <Description xml:lang="nb">Varigheten angis i antall måneder for utdanninger på nivå 1-5. 10 måneder utgjør et år (skoleår). 20 måneder er dermed to år, 30 måneder er tre år, osv. For utdanninger på nivå 6-8 angis varigheten i studiepoeng. 60 studiepoeng utgjør en arbeidsmengde tilsvarende et års studier.
For mer informasjon, se pkt. 3.2.3. i NOS C 617  (under publikasjoner).
</Description>
    <Description xml:lang="en">Duration is given in the number of months for education levels 1-5. A school year is 10 months. Consequently, 20 months is equivalent to two years of schooling, 30 months is three years of schooling etc. For level 6 and 7 tertiary education programmes, duration is given in credit points. Sixty credit points is equivalent to 60 ECTS (European Credit Transfer System), or one year of full-time studies. For more information, see 3.2.3. in NOS C 751 (under publications).
</Description>
  </DescriptionGrp>
  <StatisticalUnitGrp>
    <StatisticalUnit xml:lang="nn">Utdanningsaktivitetar som har ei ramme som er innretta mot ei systematisk formidling av kunnskapar og dugleik, og som varer ei viss tid.</StatisticalUnit>
    <StatisticalUnit xml:lang="nb">Utdanningsaktiviteter som har en formell skolemessig ramme, innrettet mot en systematisk formidling av kunnskap og ferdigheter, og som har en viss lengde.</StatisticalUnit>
    <StatisticalUnit xml:lang="en">Educational activities that take place within the official education system, i.e. educational activities that have a formal academic framework and a predefined duration.</StatisticalUnit>
  </StatisticalUnitGrp>
  <OwnerGrp>
    <Owner xml:lang="nn">Statistisk sentralbyrå (SSB)</Owner>
    <Owner xml:lang="nb">Statistisk sentralbyrå (SSB)</Owner>
    <Owner xml:lang="en">Statistics Norway</Owner>
  </OwnerGrp>
  <SubjectArea>04</SubjectArea>
  <ClassificationVersions>
    <ClassificationVersion id="urn:ssb:classversion:stabas:8907913" isCurrentVersion="true" validFrom="2014-01-01" validTo="2015-11-09" isUnderConstruction="false" updatesPossible="false" disseminationAllowed="true" lastChangedDate="2015-12-14" showIntranet="true" showInternet="true">
      <TitleGrp>
        <Title xml:lang="nn">Tidslengd (NUS 2014/1)</Title>
        <Title xml:lang="nb">Varighet (NUS 2014/1) ugyldig f.o.m. 9. nov 2015</Title>
        <Title xml:lang="en">Duration (NUS 2014/1)</Title>
      </TitleGrp>
      <DescriptionGrp>
        <Description xml:lang="nn">Versjon  2014_1 er ikkje lenger gyldig, for oppdatert versjon av Norsk standard for utdanningsgruppering sjå: http://www.ssb.no/utdanning/norsk-standard-for-utdanningsgruppering
Tidslengda blir oppgitt i talet på månader for utdanningar på nivå 1-5. 10 månader utgjer eit år (skoleår). 20 månader er dermed to år, 30 månader er tre år osv. For utdanningar på nivå 6-8 blir tidslengda oppgitt i studiepoeng. 60 studiepoeng utgjer ei arbeidsmengd som svarar til eitt års studium. </Description>
        <Description xml:lang="nb">Versjon  2014_1 er ikke lenger gyldig, for oppdatert versjon av Norsk standard for utdanningsgruppering se: http://www.ssb.no/utdanning/norsk-standard-for-utdanningsgruppering
Varigheten angis i antall måneder for utdanninger på nivå 1-5. 10 måneder utgjør et år (skoleår). 20 måneder er dermed to år, 30 måneder er tre år, osv. For utdanninger på nivå 6-8 angis varigheten i studiepoeng. 60 studiepoeng utgjør en arbeidsmengde tilsvarende et års studier.</Description>
        <Description xml:lang="en">NUS 2014/1 is available including 8 November 2015. The new version, applicable from 9 November 2015, is not available in Database for Standard Classifications.
The new version is available here: http://www.ssb.no/utdanning/norsk-standard-for-utdanningsgruppering
Duration is given in the number of months for education levels 1-5. A school year is 10 months. Consequently, 20 months is equivalent to two years of schooling, 30 months is three years of schooling etc. For level 6 and 7 tertiary education programmes, duration is given in credit points. Sixty credit points is equivalent to 60 ECTS (European Credit Transfer System), or one year of full-time studies. </Description>
      </DescriptionGrp>
      <IntroductionGrp>
        <Indtroduction xml:lang="nn">NUS2000 inneheld, i tillegg til den sekssifra NUS-koden, også andre kodar knytte til utdanning. Tidslengd er ei slik gruppering. Desse supplerer NUS2000-standarden, men har, med unntak av ISCED97, ikkje status som offisielle standardar i SSB.</Indtroduction>
        <Indtroduction xml:lang="nb">NUS2000 inneholder, i tillegg til den sekssifrede NUS-koden, også andre koder knyttet til utdanning. Varighet er en slik gruppering. Disse supplerer NUS2000-standarden, men har, med unntak av ISCED97, ikke status som offisielle standarder i SSB.</Indtroduction>
        <Indtroduction xml:lang="en">In addition to the six digit NUS code, NUS2000 also consist of other codes concerning education. Duration is such a classification. These codes supplement the NUS2000 standard, but with exception from ISCED97, they do not have status as official standards in Statistics Norway.</Indtroduction>
      </IntroductionGrp>
      <ContactInformation>
        <Person xmlns="http://www.ssb.no/ns/meta/common">gki</Person>
        <Division xmlns="http://www.ssb.no/ns/meta/common">360</Division>
      </ContactInformation>
      <ExternalDocumentGrp>
        <ExternalDocument xml:lang="nn">http://www.ssb.no/utdanning/norsk-standard-for-utdanningsgruppering</ExternalDocument>
        <ExternalDocument xml:lang="nb">http://www.ssb.no/utdanning/norsk-standard-for-utdanningsgruppering</ExternalDocument>
        <ExternalDocument xml:lang="en">http://www.ssb.no/utdanning/norsk-standard-for-utdanningsgruppering</ExternalDocument>
      </ExternalDocumentGrp>
      <ChangesGrp>
        <Change xml:lang="nn">Ikkje relevant</Change>
        <Change xml:lang="nb">Ikke relevant</Change>
        <Change xml:lang="en">Not relevant</Change>
      </ChangesGrp>
      <DerivedFromGrp>
        <DerviedFrom xml:lang="nn">Ikkje relevant</DerviedFrom>
        <DerviedFrom xml:lang="nb">Ikke relevant</DerviedFrom>
        <DerviedFrom xml:lang="en">Not relevant</DerviedFrom>
      </DerivedFromGrp>
      <LegalBaseGrp>
        <LegalBase xml:lang="nn">Ikkje relevant</LegalBase>
        <LegalBase xml:lang="nb">Ikke relevant</LegalBase>
        <LegalBase xml:lang="en">Not relevant</LegalBase>
      </LegalBaseGrp>
      <Level levelNumber="1" id="urn:ssb:classlevel:stabas:8907915" codeStructure="99">
        <TitleGrp>
          <Title xml:lang="nn">Tidslengd (NUS 2014/1): Tidslengd</Title>
          <Title xml:lang="nb">Varighet (NUS 2014/1) ugyldig f.o.m. 9. nov 2015: Varighet</Title>
          <Title xml:lang="en">Duration (NUS 2014/1): Durability</Title>
        </TitleGrp>
        <CodelistReference>urn:ssb:codelist:stabas:8907915</CodelistReference>
        <Level levelNumber="2" id="urn:ssb:classlevel:stabas:8907917" codeStructure="999999">
          <TitleGrp>
            <Title xml:lang="nn">Tidslengd (NUS 2014/1): Utdanningskode</Title>
            <Title xml:lang="nb">Varighet (NUS 2014/1) ugyldig f.o.m. 9. nov 2015: Utdanningskode</Title>
            <Title xml:lang="en">Duration (NUS 2014/1): Education code</Title>
          </TitleGrp>
          <CodelistReference>urn:ssb:codelist:stabas:8907917</CodelistReference>
        </Level>
      </Level>
    </ClassificationVersion>
    <ClassificationVersion id="urn:ssb:classversion:stabas:8761817" isCurrentVersion="false" validFrom="2013-07-01" validTo="2013-12-31" isUnderConstruction="false" updatesPossible="false" disseminationAllowed="true" lastChangedDate="2014-01-01" showIntranet="true" showInternet="true">
      <TitleGrp>
        <Title xml:lang="nn">Tidslengd (NUS 2013/2)</Title>
        <Title xml:lang="nb">Varighet (NUS 2013/2)</Title>
        <Title xml:lang="en">Duration (NUS 2013/2)</Title>
      </TitleGrp>
      <DescriptionGrp>
        <Description xml:lang="nn">Tidslengda blir oppgitt i talet på månader for utdanningar på nivå 1-5. 10 månader utgjer eit år (skoleår). 20 månader er dermed to år, 30 månader er tre år osv. For utdanningar på nivå 6-8 blir tidslengda oppgitt i studiepoeng. 60 studiepoeng utgjer ei arbeidsmengd som svarar til eitt års studium. For meir informasjon, sjå pkt. 3.2.3. i NOS C 676 (under publikasjonar).</Description>
        <Description xml:lang="nb">Varigheten angis i antall måneder for utdanninger på nivå 1-5. 10 måneder utgjør et år (skoleår). 20 måneder er dermed to år, 30 måneder er tre år, osv. For utdanninger på nivå 6-8 angis varigheten i studiepoeng. 60 studiepoeng utgjør en arbeidsmengde tilsvarende et års studier.
For mer informasjon, se pkt. 3.2.3. i NOS C 617  (under publikasjoner).</Description>
        <Description xml:lang="en">Duration is given in the number of months for education levels 1-5. A school year is 10 months. Consequently, 20 months is equivalent to two years of schooling, 30 months is three years of schooling etc. For level 6 and 7 tertiary education programmes, duration is given in credit points. Sixty credit points is equivalent to 60 ECTS (European Credit Transfer System), or one year of full-time studies. For more information, see 3.2.3. in NOS C 751 (under publications).</Description>
      </DescriptionGrp>
      <IntroductionGrp>
        <Indtroduction xml:lang="nn">NUS2000 inneheld, i tillegg til den sekssifra NUS-koden, også andre kodar knytte til utdanning. Tidslengd er ei slik gruppering. Desse supplerer NUS2000-standarden, men har, med unntak av ISCED97, ikkje status som offisielle standardar i SSB.</Indtroduction>
        <Indtroduction xml:lang="nb">NUS2000 inneholder, i tillegg til den sekssifrede NUS-koden, også andre koder knyttet til utdanning. Varighet er en slik gruppering. Disse supplerer NUS2000-standarden, men har, med unntak av ISCED97, ikke status som offisielle standarder i SSB.</Indtroduction>
        <Indtroduction xml:lang="en">In addition to the six digit NUS code, NUS2000 also consist of other codes concerning education. Duration is such a classification. These codes supplement the NUS2000 standard, but with exception from ISCED97, they do not have status as official standards in Statistics Norway.</Indtroduction>
      </IntroductionGrp>
      <ContactInformation>
        <Person xmlns="http://www.ssb.no/ns/meta/common">gki</Person>
        <Division xmlns="http://www.ssb.no/ns/meta/common">360</Division>
      </ContactInformation>
      <ExternalDocumentGrp>
        <ExternalDocument xml:lang="nn">NOS C 676   http://www.ssb.no/emner/04/90/nos_c617/nos_c676.pdf</ExternalDocument>
        <ExternalDocument xml:lang="nb">NOS C 617   http://www.ssb.no/emner/04/90/nos_c617/nos_c617.pdf</ExternalDocument>
        <ExternalDocument xml:lang="en">http://www.ssb.no/english/subjects/04/90/nos_c751_en/nos_c751_en.pdf</ExternalDocument>
      </ExternalDocumentGrp>
      <ChangesGrp>
        <Change xml:lang="nn">Ikkje relevant</Change>
        <Change xml:lang="nb">Ikke relevant</Change>
        <Change xml:lang="en">Not relevant</Change>
      </ChangesGrp>
      <DerivedFromGrp>
        <DerviedFrom xml:lang="nn">Ikkje relevant</DerviedFrom>
        <DerviedFrom xml:lang="nb">Ikke relevant</DerviedFrom>
        <DerviedFrom xml:lang="en">Not relevant</DerviedFrom>
      </DerivedFromGrp>
      <LegalBaseGrp>
        <LegalBase xml:lang="nn">Ikkje relevant</LegalBase>
        <LegalBase xml:lang="nb">Ikke relevant</LegalBase>
        <LegalBase xml:lang="en">Not relevant</LegalBase>
      </LegalBaseGrp>
      <Level levelNumber="1" id="urn:ssb:classlevel:stabas:8761819" codeStructure="99">
        <TitleGrp>
          <Title xml:lang="nn">Tidslengd (NUS 2013/2): Tidslengd</Title>
          <Title xml:lang="nb">Varighet (NUS 2013/2): Varighet</Title>
          <Title xml:lang="en">Duration (NUS 2013/2): Durability</Title>
        </TitleGrp>
        <CodelistReference>urn:ssb:codelist:stabas:8761819</CodelistReference>
        <Level levelNumber="2" id="urn:ssb:classlevel:stabas:8761821" codeStructure="999999">
          <TitleGrp>
            <Title xml:lang="nn">Tidslengd (NUS 2013/2): Utdanningskode</Title>
            <Title xml:lang="nb">Varighet (NUS 2013/2): Utdanningskode</Title>
            <Title xml:lang="en">Duration (NUS 2013/2): Education code</Title>
          </TitleGrp>
          <CodelistReference>urn:ssb:codelist:stabas:8761821</CodelistReference>
        </Level>
      </Level>
    </ClassificationVersion>
    <ClassificationVersion id="urn:ssb:classversion:stabas:8531709" isCurrentVersion="false" validFrom="2013-01-01" validTo="2013-06-30" isUnderConstruction="false" updatesPossible="false" disseminationAllowed="true" lastChangedDate="2013-07-01" showIntranet="true" showInternet="true">
      <TitleGrp>
        <Title xml:lang="nn">Tidslengd (NUS 2013/1)</Title>
        <Title xml:lang="nb">Varighet (NUS 2013/1)</Title>
        <Title xml:lang="en">Duration (NUS 2013/1)</Title>
      </TitleGrp>
      <DescriptionGrp>
        <Description xml:lang="nn">Tidslengda blir oppgitt i talet på månader for utdanningar på nivå 1-5. 10 månader utgjer eit år (skoleår). 20 månader er dermed to år, 30 månader er tre år osv. For utdanningar på nivå 6-8 blir tidslengda oppgitt i studiepoeng. 60 studiepoeng utgjer ei arbeidsmengd som svarar til eitt års studium. For meir informasjon, sjå pkt. 3.2.3. i NOS C 676 (under publikasjonar).</Description>
        <Description xml:lang="nb">Varigheten angis i antall måneder for utdanninger på nivå 1-5. 10 måneder utgjør et år (skoleår). 20 måneder er dermed to år, 30 måneder er tre år, osv. For utdanninger på nivå 6-8 angis varigheten i studiepoeng. 60 studiepoeng utgjør en arbeidsmengde tilsvarende et års studier.
For mer informasjon, se pkt. 3.2.3. i NOS C 617  (under publikasjoner).</Description>
        <Description xml:lang="en">Duration is given in the number of months for education levels 1-5. A school year is 10 months. Consequently, 20 months is equivalent to two years of schooling, 30 months is three years of schooling etc. For level 6 and 7 tertiary education programmes, duration is given in credit points. Sixty credit points is equivalent to 60 ECTS (European Credit Transfer System), or one year of full-time studies. For more information, see 3.2.3. in NOS C 751 (under publications).</Description>
      </DescriptionGrp>
      <IntroductionGrp>
        <Indtroduction xml:lang="nn">NUS2000 inneheld, i tillegg til den sekssifra NUS-koden, også andre kodar knytte til utdanning. Tidslengd er ei slik gruppering. Desse supplerer NUS2000-standarden, men har, med unntak av ISCED97, ikkje status som offisielle standardar i SSB.</Indtroduction>
        <Indtroduction xml:lang="nb">NUS2000 inneholder, i tillegg til den sekssifrede NUS-koden, også andre koder knyttet til utdanning. Varighet er en slik gruppering. Disse supplerer NUS2000-standarden, men har, med unntak av ISCED97, ikke status som offisielle standarder i SSB.</Indtroduction>
        <Indtroduction xml:lang="en">In addition to the six digit NUS code, NUS2000 also consist of other codes concerning education. Duration is such a classification. These codes supplement the NUS2000 standard, but with exception from ISCED97, they do not have status as official standards in Statistics Norway.</Indtroduction>
      </IntroductionGrp>
      <ContactInformation>
        <Person xmlns="http://www.ssb.no/ns/meta/common">gki</Person>
        <Division xmlns="http://www.ssb.no/ns/meta/common">360</Division>
      </ContactInformation>
      <ExternalDocumentGrp>
        <ExternalDocument xml:lang="nn">NOS C 676   http://www.ssb.no/emner/04/90/nos_c617/nos_c676.pdf</ExternalDocument>
        <ExternalDocument xml:lang="nb">NOS C 617   http://www.ssb.no/emner/04/90/nos_c617/nos_c617.pdf</ExternalDocument>
        <ExternalDocument xml:lang="en">http://www.ssb.no/english/subjects/04/90/nos_c751_en/nos_c751_en.pdf</ExternalDocument>
      </ExternalDocumentGrp>
      <ChangesGrp>
        <Change xml:lang="nn">Ikkje relevant</Change>
        <Change xml:lang="nb">Ikke relevant</Change>
        <Change xml:lang="en">Not relevant</Change>
      </ChangesGrp>
      <DerivedFromGrp>
        <DerviedFrom xml:lang="nn">Ikkje relevant</DerviedFrom>
        <DerviedFrom xml:lang="nb">Ikke relevant</DerviedFrom>
        <DerviedFrom xml:lang="en">Not relevant</DerviedFrom>
      </DerivedFromGrp>
      <LegalBaseGrp>
        <LegalBase xml:lang="nn">Ikkje relevant</LegalBase>
        <LegalBase xml:lang="nb">Ikke relevant</LegalBase>
        <LegalBase xml:lang="en">Not relevant</LegalBase>
      </LegalBaseGrp>
      <Level levelNumber="1" id="urn:ssb:classlevel:stabas:8531711" codeStructure="99">
        <TitleGrp>
          <Title xml:lang="nn">Tidslengd (NUS 2013/1): Tidslengd</Title>
          <Title xml:lang="nb">Varighet (NUS 2013/1): Varighet</Title>
          <Title xml:lang="en">Duration (NUS 2013/1): Durability</Title>
        </TitleGrp>
        <CodelistReference>urn:ssb:codelist:stabas:8531711</CodelistReference>
        <Level levelNumber="2" id="urn:ssb:classlevel:stabas:8531713" codeStructure="999999">
          <TitleGrp>
            <Title xml:lang="nn">Tidslengd (NUS 2013/1): Utdanningskode</Title>
            <Title xml:lang="nb">Varighet (NUS 2013/1): Utdanningskode</Title>
            <Title xml:lang="en">Duration (NUS 2013/1): Education code</Title>
          </TitleGrp>
          <CodelistReference>urn:ssb:codelist:stabas:8531713</CodelistReference>
        </Level>
      </Level>
    </ClassificationVersion>
    <ClassificationVersion id="urn:ssb:classversion:stabas:8407445" isCurrentVersion="false" validFrom="2012-07-01" validTo="2012-12-31" isUnderConstruction="false" updatesPossible="false" disseminationAllowed="true" lastChangedDate="2013-01-09" showIntranet="true" showInternet="true">
      <TitleGrp>
        <Title xml:lang="nn">Tidslengd (NUS 2012/2)</Title>
        <Title xml:lang="nb">Varighet (NUS 2012/2)</Title>
        <Title xml:lang="en">Duration (NUS 2012/2)</Title>
      </TitleGrp>
      <DescriptionGrp>
        <Description xml:lang="nn">Tidslengda blir oppgitt i talet på månader for utdanningar på nivå 1-5. 10 månader utgjer eit år (skoleår). 20 månader er dermed to år, 30 månader er tre år osv. For utdanningar på nivå 6-8 blir tidslengda oppgitt i studiepoeng. 60 studiepoeng utgjer ei arbeidsmengd som svarar til eitt års studium. For meir informasjon, sjå pkt. 3.2.3. i NOS C 676 (under publikasjonar).</Description>
        <Description xml:lang="nb">Varigheten angis i antall måneder for utdanninger på nivå 1-5. 10 måneder utgjør et år (skoleår). 20 måneder er dermed to år, 30 måneder er tre år, osv. For utdanninger på nivå 6-8 angis varigheten i studiepoeng. 60 studiepoeng utgjør en arbeidsmengde tilsvarende et års studier.
For mer informasjon, se pkt. 3.2.3. i NOS C 617  (under publikasjoner)</Description>
        <Description xml:lang="en">Duration is given in the number of months for education levels 1-5. A school year is 10 months. Consequently, 20 months is equivalent to two years of schooling, 30 months is three years of schooling etc. For level 6 and 7 tertiary education programmes, duration is given in credit points. Sixty credit points is equivalent to 60 ECTS (European Credit Transfer System), or one year of full-time studies. For more information, see 3.2.3. in NOS C 751 (under publications).
</Description>
      </DescriptionGrp>
      <IntroductionGrp>
        <Indtroduction xml:lang="nn">NUS2000 inneheld, i tillegg til den sekssifra NUS-koden, også andre kodar knytte til utdanning. Tidslengd er ei slik gruppering. Desse supplerer NUS2000-standarden, men har, med unntak av ISCED97, ikkje status som offisielle standardar i SSB.</Indtroduction>
        <Indtroduction xml:lang="nb">NUS2000 inneholder, i tillegg til den sekssifrede NUS-koden, også andre koder knyttet til utdanning. Varighet er en slik gruppering. Disse supplerer NUS2000-standarden, men har, med unntak av ISCED97, ikke status som offisielle standarder i SSB.</Indtroduction>
        <Indtroduction xml:lang="en">In addition to the six digit NUS code, NUS2000 also consist of other codes concerning education. Duration is such a classification. These codes supplement the NUS2000 standard, but with exception from ISCED97, they do not have status as official standards in Statistics Norway.</Indtroduction>
      </IntroductionGrp>
      <ContactInformation>
        <Person xmlns="http://www.ssb.no/ns/meta/common">gki</Person>
        <Division xmlns="http://www.ssb.no/ns/meta/common">360</Division>
      </ContactInformation>
      <ExternalDocumentGrp>
        <ExternalDocument xml:lang="nn">NOS C 676   http://www.ssb.no/emner/04/90/nos_c617/nos_c676.pdf</ExternalDocument>
        <ExternalDocument xml:lang="nb">NOS C 617   http://www.ssb.no/emner/04/90/nos_c617/nos_c617.pdf</ExternalDocument>
        <ExternalDocument xml:lang="en">http://www.ssb.no/english/subjects/04/90/nos_c751_en/nos_c751_en.pdf</ExternalDocument>
      </ExternalDocumentGrp>
      <ChangesGrp>
        <Change xml:lang="nn">Ikkje relevant</Change>
        <Change xml:lang="nb">Ikke relevant</Change>
        <Change xml:lang="en">Not relevant</Change>
      </ChangesGrp>
      <DerivedFromGrp>
        <DerviedFrom xml:lang="nn">Ikkje relevant</DerviedFrom>
        <DerviedFrom xml:lang="nb">Ikke relevant</DerviedFrom>
        <DerviedFrom xml:lang="en">Not relevant</DerviedFrom>
      </DerivedFromGrp>
      <LegalBaseGrp>
        <LegalBase xml:lang="nn">Ikkje relevant</LegalBase>
        <LegalBase xml:lang="nb">Ikke relevant</LegalBase>
        <LegalBase xml:lang="en">Not relevant</LegalBase>
      </LegalBaseGrp>
      <Level levelNumber="1" id="urn:ssb:classlevel:stabas:8407447" codeStructure="99">
        <TitleGrp>
          <Title xml:lang="nn">Tidslengd (NUS 2012/2): Tidslengd</Title>
          <Title xml:lang="nb">Varighet (NUS 2012/2): Varighet</Title>
          <Title xml:lang="en">Duration (NUS 2012/2): Durability</Title>
        </TitleGrp>
        <CodelistReference>urn:ssb:codelist:stabas:8407447</CodelistReference>
        <Level levelNumber="2" id="urn:ssb:classlevel:stabas:8407449" codeStructure="999999">
          <TitleGrp>
            <Title xml:lang="nn">Tidslengd (NUS 2012/2): Utdanningskode</Title>
            <Title xml:lang="nb">Varighet (NUS 2012/2): Utdanningskode</Title>
            <Title xml:lang="en">Duration (NUS 2012/2): Education code</Title>
          </TitleGrp>
          <CodelistReference>urn:ssb:codelist:stabas:8407449</CodelistReference>
        </Level>
      </Level>
    </ClassificationVersion>
    <ClassificationVersion id="urn:ssb:classversion:stabas:8141361" isCurrentVersion="false" validFrom="2012-01-01" validTo="2012-06-30" isUnderConstruction="false" updatesPossible="false" disseminationAllowed="true" lastChangedDate="2012-07-31" showIntranet="true" showInternet="true">
      <TitleGrp>
        <Title xml:lang="nn">Tidslengd (NUS 2012/1)</Title>
        <Title xml:lang="nb">Varighet (NUS 2012/1)</Title>
        <Title xml:lang="en">Duration (NUS 2012/1)</Title>
      </TitleGrp>
      <DescriptionGrp>
        <Description xml:lang="nn">Tidslengda blir oppgitt i talet på månader for utdanningar på nivå 1-5. 10 månader utgjer eit år (skoleår). 20 månader er dermed to år, 30 månader er tre år osv. For utdanningar på nivå 6-8 blir tidslengda oppgitt i studiepoeng. 60 studiepoeng utgjer ei arbeidsmengd som svarar til eitt års studium. For meir informasjon, sjå pkt. 3.2.3. i NOS C 676 (under publikasjonar).</Description>
        <Description xml:lang="nb">Varigheten angis i antall måneder for utdanninger på nivå 1-5. 10 måneder utgjør et år (skoleår). 20 måneder er dermed to år, 30 måneder er tre år, osv. For utdanninger på nivå 6-8 angis varigheten i studiepoeng. 60 studiepoeng utgjør en arbeidsmengde tilsvarende et års studier.
For mer informasjon, se pkt. 3.2.3. i NOS C 617  (under publikasjoner)</Description>
        <Description xml:lang="en">Duration is given in the number of months for education levels 1-5. A school year is 10 months. Consequently, 20 months is equivalent to two years of schooling, 30 months is three years of schooling etc. For level 6 and 7 tertiary education programmes, duration is given in credit points. Sixty credit points is equivalent to 60 ECTS (European Credit Transfer System), or one year of full-time studies. For more information, see 3.2.3. in NOS C 751 (under publications).
</Description>
      </DescriptionGrp>
      <IntroductionGrp>
        <Indtroduction xml:lang="nn">NUS2000 inneheld, i tillegg til den sekssifra NUS-koden, også andre kodar knytte til utdanning. Tidslengd er ei slik gruppering. Desse supplerer NUS2000-standarden, men har, med unntak av ISCED97, ikkje status som offisielle standardar i SSB.</Indtroduction>
        <Indtroduction xml:lang="nb">NUS2000 inneholder, i tillegg til den sekssifrede NUS-koden, også andre koder knyttet til utdanning. Varighet er en slik gruppering. Disse supplerer NUS2000-standarden, men har, med unntak av ISCED97, ikke status som offisielle standarder i SSB.</Indtroduction>
        <Indtroduction xml:lang="en">In addition to the six digit NUS code, NUS2000 also consist of other codes concerning education. Duration is such a classification. These codes supplement the NUS2000 standard, but with exception from ISCED97, they do not have status as official standards in Statistics Norway.</Indtroduction>
      </IntroductionGrp>
      <ContactInformation>
        <Person xmlns="http://www.ssb.no/ns/meta/common">gki</Person>
        <Division xmlns="http://www.ssb.no/ns/meta/common">360</Division>
      </ContactInformation>
      <ExternalDocumentGrp>
        <ExternalDocument xml:lang="nn">NOS C 676   http://www.ssb.no/emner/04/90/nos_c617/nos_c676.pdf</ExternalDocument>
        <ExternalDocument xml:lang="nb">NOS C 617   http://www.ssb.no/emner/04/90/nos_c617/nos_c617.pdf</ExternalDocument>
        <ExternalDocument xml:lang="en">http://www.ssb.no/english/subjects/04/90/nos_c751_en/nos_c751_en.pdf</ExternalDocument>
      </ExternalDocumentGrp>
      <ChangesGrp>
        <Change xml:lang="nn">Ikkje relevant</Change>
        <Change xml:lang="nb">Ikke relevant</Change>
        <Change xml:lang="en">Not relevant</Change>
      </ChangesGrp>
      <DerivedFromGrp>
        <DerviedFrom xml:lang="nn">Ikkje relevant</DerviedFrom>
        <DerviedFrom xml:lang="nb">Ikke relevant</DerviedFrom>
        <DerviedFrom xml:lang="en">Not relevant</DerviedFrom>
      </DerivedFromGrp>
      <LegalBaseGrp>
        <LegalBase xml:lang="nn">Ikkje relevant</LegalBase>
        <LegalBase xml:lang="nb">Ikke relevant</LegalBase>
        <LegalBase xml:lang="en">Not relevant</LegalBase>
      </LegalBaseGrp>
      <Level levelNumber="1" id="urn:ssb:classlevel:stabas:8141363" codeStructure="99">
        <TitleGrp>
          <Title xml:lang="nn">Tidslengd (NUS 2012/1): Tidslengd</Title>
          <Title xml:lang="nb">Varighet (NUS 2012/1): Varighet</Title>
          <Title xml:lang="en">Duration (NUS 2012/1): Durability</Title>
        </TitleGrp>
        <CodelistReference>urn:ssb:codelist:stabas:8141363</CodelistReference>
        <Level levelNumber="2" id="urn:ssb:classlevel:stabas:8141365" codeStructure="999999">
          <TitleGrp>
            <Title xml:lang="nn">Tidslengd (NUS 2012/1): Utdanningskode</Title>
            <Title xml:lang="nb">Varighet (NUS 2012/1): Utdanningskode</Title>
            <Title xml:lang="en">Duration (NUS 2012/1): Education code</Title>
          </TitleGrp>
          <CodelistReference>urn:ssb:codelist:stabas:8141365</CodelistReference>
        </Level>
      </Level>
    </ClassificationVersion>
    <ClassificationVersion id="urn:ssb:classversion:stabas:8034629" isCurrentVersion="false" validFrom="2011-07-01" validTo="2011-12-31" isUnderConstruction="false" updatesPossible="false" disseminationAllowed="true" lastChangedDate="2012-01-04" showIntranet="true" showInternet="true">
      <TitleGrp>
        <Title xml:lang="nn">Tidslengd (NUS 2011/2)</Title>
        <Title xml:lang="nb">Varighet (NUS 2011/2)</Title>
        <Title xml:lang="en">Duration (NUS 2011/2)</Title>
      </TitleGrp>
      <DescriptionGrp>
        <Description xml:lang="nn">Tidslengda blir oppgitt i talet på månader for utdanningar på nivå 1-5. 10 månader utgjer eit år (skoleår). 20 månader er dermed to år, 30 månader er tre år osv. For utdanningar på nivå 6-8 blir tidslengda oppgitt i studiepoeng. 60 studiepoeng utgjer ei arbeidsmengd som svarar til eitt års studium. For meir informasjon, sjå pkt. 3.2.3. i NOS C 676 (under publikasjonar).</Description>
        <Description xml:lang="nb">Varigheten angis i antall måneder for utdanninger på nivå 1-5. 10 måneder utgjør et år (skoleår). 20 måneder er dermed to år, 30 måneder er tre år, osv. For utdanninger på nivå 6-8 angis varigheten i studiepoeng. 60 studiepoeng utgjør en arbeidsmengde tilsvarende et års studier.
For mer informasjon, se pkt. 3.2.3. i NOS C 617  (under publikasjoner)</Description>
        <Description xml:lang="en">Duration is given in the number of months for education levels 1-5. A school year is 10 months. Consequently, 20 months is equivalent to two years of schooling, 30 months is three years of schooling etc. For level 6 and 7 tertiary education programmes, duration is given in credit points. Sixty credit points is equivalent to 60 ECTS (European Credit Transfer System), or one year of full-time studies. For more information, see 3.2.3. in NOS C 751 (under publications).
</Description>
      </DescriptionGrp>
      <IntroductionGrp>
        <Indtroduction xml:lang="nn">NUS2000 inneheld, i tillegg til den sekssifra NUS-koden, også andre kodar knytte til utdanning. Tidslengd er ei slik gruppering. Desse supplerer NUS2000-standarden, men har, med unntak av ISCED97, ikkje status som offisielle standardar i SSB.</Indtroduction>
        <Indtroduction xml:lang="nb">NUS2000 inneholder, i tillegg til den sekssifrede NUS-koden, også andre koder knyttet til utdanning. Varighet er en slik gruppering. Disse supplerer NUS2000-standarden, men har, med unntak av ISCED97, ikke status som offisielle standarder i SSB.</Indtroduction>
        <Indtroduction xml:lang="en">In addition to the six digit NUS code, NUS2000 also consist of other codes concerning education. Duration is such a classification. These codes supplement the NUS2000 standard, but with exception from ISCED97, they do not have status as official standards in Statistics Norway.</Indtroduction>
      </IntroductionGrp>
      <ContactInformation>
        <Person xmlns="http://www.ssb.no/ns/meta/common">gki</Person>
        <Division xmlns="http://www.ssb.no/ns/meta/common">360</Division>
      </ContactInformation>
      <ExternalDocumentGrp>
        <ExternalDocument xml:lang="nn">NOS C 676   http://www.ssb.no/emner/04/90/nos_c617/nos_c676.pdf</ExternalDocument>
        <ExternalDocument xml:lang="nb">NOS C 617   http://www.ssb.no/emner/04/90/nos_c617/nos_c617.pdf</ExternalDocument>
        <ExternalDocument xml:lang="en">http://www.ssb.no/english/subjects/04/90/nos_c751_en/nos_c751_en.pdf</ExternalDocument>
      </ExternalDocumentGrp>
      <ChangesGrp>
        <Change xml:lang="nn">Ikkje relevant</Change>
        <Change xml:lang="nb">Ikke relevant</Change>
        <Change xml:lang="en">Not relevant</Change>
      </ChangesGrp>
      <DerivedFromGrp>
        <DerviedFrom xml:lang="nn">Ikkje relevant</DerviedFrom>
        <DerviedFrom xml:lang="nb">Ikke relevant</DerviedFrom>
        <DerviedFrom xml:lang="en">Not relevant</DerviedFrom>
      </DerivedFromGrp>
      <LegalBaseGrp>
        <LegalBase xml:lang="nn">Ikkje relevant</LegalBase>
        <LegalBase xml:lang="nb">Ikke relevant</LegalBase>
        <LegalBase xml:lang="en">Not relevant</LegalBase>
      </LegalBaseGrp>
      <Level levelNumber="1" id="urn:ssb:classlevel:stabas:8034631" codeStructure="99">
        <TitleGrp>
          <Title xml:lang="nn">Tidslengd (NUS 2011/2): Tidslengd</Title>
          <Title xml:lang="nb">Varighet (NUS 2011/2): Varighet</Title>
          <Title xml:lang="en">Duration (NUS 2011/2): Durability</Title>
        </TitleGrp>
        <CodelistReference>urn:ssb:codelist:stabas:8034631</CodelistReference>
        <Level levelNumber="2" id="urn:ssb:classlevel:stabas:8034633" codeStructure="999999">
          <TitleGrp>
            <Title xml:lang="nn">Tidslengd (NUS 2011/2): Utdanningskode</Title>
            <Title xml:lang="nb">Varighet (NUS 2011/2): Utdanningskode</Title>
            <Title xml:lang="en">Duration (NUS 2011/2): Education code</Title>
          </TitleGrp>
          <CodelistReference>urn:ssb:codelist:stabas:8034633</CodelistReference>
        </Level>
      </Level>
    </ClassificationVersion>
    <ClassificationVersion id="urn:ssb:classversion:stabas:7246735" isCurrentVersion="false" validFrom="2011-01-01" validTo="2011-06-30" isUnderConstruction="false" updatesPossible="false" disseminationAllowed="true" lastChangedDate="2011-06-30" showIntranet="true" showInternet="true">
      <TitleGrp>
        <Title xml:lang="nn">Tidslengd (NUS 2011/1)</Title>
        <Title xml:lang="nb">Varighet (NUS 2011/1)</Title>
        <Title xml:lang="en">Duration (NUS 2011/1)</Title>
      </TitleGrp>
      <DescriptionGrp>
        <Description xml:lang="nn">Tidslengda blir oppgitt i talet på månader for utdanningar på nivå 1-5. 10 månader utgjer eit år (skoleår). 20 månader er dermed to år, 30 månader er tre år osv. For utdanningar på nivå 6-8 blir tidslengda oppgitt i studiepoeng. 60 studiepoeng utgjer ei arbeidsmengd som svarar til eitt års studium. For meir informasjon, sjå pkt. 3.2.3. i NOS C 676 (under publikasjonar).</Description>
        <Description xml:lang="nb">Varigheten angis i antall måneder for utdanninger på nivå 1-5. 10 måneder utgjør et år (skoleår). 20 måneder er dermed to år, 30 måneder er tre år, osv. For utdanninger på nivå 6-8 angis varigheten i studiepoeng. 60 studiepoeng utgjør en arbeidsmengde tilsvarende et års studier.
For mer informasjon, se pkt. 3.2.3. i NOS C 617  (under publikasjoner)</Description>
        <Description xml:lang="en">Duration is given in the number of months for education levels 1-5. A school year is 10 months. Consequently, 20 months is equivalent to two years of schooling, 30 months is three years of schooling etc. For level 6 and 7 tertiary education programmes, duration is given in credit points. Sixty credit points is equivalent to 60 ECTS (European Credit Transfer System), or one year of full-time studies. For more information, see 3.2.3. in NOS C 751 (under publications).
</Description>
      </DescriptionGrp>
      <IntroductionGrp>
        <Indtroduction xml:lang="nn">NUS2000 inneheld, i tillegg til den sekssifra NUS-koden, også andre kodar knytte til utdanning. Tidslengd er ei slik gruppering. Desse supplerer NUS2000-standarden, men har, med unntak av ISCED97, ikkje status som offisielle standardar i SSB.</Indtroduction>
        <Indtroduction xml:lang="nb">NUS2000 inneholder, i tillegg til den sekssifrede NUS-koden, også andre koder knyttet til utdanning. Varighet er en slik gruppering. Disse supplerer NUS2000-standarden, men har, med unntak av ISCED97, ikke status som offisielle standarder i SSB.</Indtroduction>
        <Indtroduction xml:lang="en">In addition to the six digit NUS code, NUS2000 also consist of other codes concerning education. Duration is such a classification. These codes supplement the NUS2000 standard, but with exception from ISCED97, they do not have status as official standards in Statistics Norway.</Indtroduction>
      </IntroductionGrp>
      <ContactInformation>
        <Person xmlns="http://www.ssb.no/ns/meta/common">gki</Person>
        <Division xmlns="http://www.ssb.no/ns/meta/common">360</Division>
      </ContactInformation>
      <ExternalDocumentGrp>
        <ExternalDocument xml:lang="nn">NOS C 676   http://www.ssb.no/emner/04/90/nos_c617/nos_c676.pdf</ExternalDocument>
        <ExternalDocument xml:lang="nb">NOS C 617   http://www.ssb.no/emner/04/90/nos_c617/nos_c617.pdf</ExternalDocument>
        <ExternalDocument xml:lang="en">http://www.ssb.no/english/subjects/04/90/nos_c751_en/nos_c751_en.pdf</ExternalDocument>
      </ExternalDocumentGrp>
      <ChangesGrp>
        <Change xml:lang="nn">Ikkje relevant</Change>
        <Change xml:lang="nb">Ikke relevant</Change>
        <Change xml:lang="en">Not relevant</Change>
      </ChangesGrp>
      <DerivedFromGrp>
        <DerviedFrom xml:lang="nn">Ikkje relevant</DerviedFrom>
        <DerviedFrom xml:lang="nb">Ikke relevant</DerviedFrom>
        <DerviedFrom xml:lang="en">Not relevant</DerviedFrom>
      </DerivedFromGrp>
      <LegalBaseGrp>
        <LegalBase xml:lang="nn">Ikkje relevant</LegalBase>
        <LegalBase xml:lang="nb">Ikke relevant</LegalBase>
        <LegalBase xml:lang="en">Not relevant</LegalBase>
      </LegalBaseGrp>
      <Level levelNumber="1" id="urn:ssb:classlevel:stabas:7246737" codeStructure="99">
        <TitleGrp>
          <Title xml:lang="nn">Tidslengd (NUS 2011/1): Varighet</Title>
          <Title xml:lang="nb">Varighet (NUS 2011/1): Varighet</Title>
          <Title xml:lang="en">Duration (NUS 2011/1): Durability</Title>
        </TitleGrp>
        <CodelistReference>urn:ssb:codelist:stabas:7246737</CodelistReference>
        <Level levelNumber="2" id="urn:ssb:classlevel:stabas:7246739" codeStructure="999999">
          <TitleGrp>
            <Title xml:lang="nn">Tidslengd (NUS 2011/1): Utdanningskode</Title>
            <Title xml:lang="nb">Varighet (NUS 2011/1): Utdanningskode</Title>
            <Title xml:lang="en">Duration (NUS 2011/1): Education code</Title>
          </TitleGrp>
          <CodelistReference>urn:ssb:codelist:stabas:7246739</CodelistReference>
        </Level>
      </Level>
    </ClassificationVersion>
    <ClassificationVersion id="urn:ssb:classversion:stabas:6971055" isCurrentVersion="false" validFrom="2010-07-01" validTo="2010-12-31" isUnderConstruction="false" updatesPossible="false" disseminationAllowed="true" lastChangedDate="2011-06-27" showIntranet="true" showInternet="true">
      <TitleGrp>
        <Title xml:lang="nn">Tidslengd (NUS 2010/2)</Title>
        <Title xml:lang="nb">Varighet (NUS 2010/2)</Title>
        <Title xml:lang="en">Duration (NUS 2010/2)</Title>
      </TitleGrp>
      <DescriptionGrp>
        <Description xml:lang="nn">Tidslengda blir oppgitt i talet på månader for utdanningar på nivå 1-5. 10 månader utgjer eit år (skoleår). 20 månader er dermed to år, 30 månader er tre år osv. For utdanningar på nivå 6-8 blir tidslengda oppgitt i studiepoeng. 60 studiepoeng utgjer ei arbeidsmengd som svarar til eitt års studium. For meir informasjon, sjå pkt. 3.2.3. i NOS C 676 (under publikasjonar).</Description>
        <Description xml:lang="nb">Varigheten angis i antall måneder for utdanninger på nivå 1-5. 10 måneder utgjør et år (skoleår). 20 måneder er dermed to år, 30 måneder er tre år, osv. For utdanninger på nivå 6-8 angis varigheten i studiepoeng. 60 studiepoeng utgjør en arbeidsmengde tilsvarende et års studier.
For mer informasjon, se pkt. 3.2.3. i NOS C 617  (under publikasjoner)</Description>
        <Description xml:lang="en">Duration is given in the number of months for education levels 1-5. A school year is 10 months. Consequently, 20 months is equivalent to two years of schooling, 30 months is three years of schooling etc. For level 6 and 7 tertiary education programmes, duration is given in credit points. Sixty credit points is equivalent to 60 ECTS (European Credit Transfer System), or one year of full-time studies. For more information, see 3.2.3. in NOS C 751 (under publications).
</Description>
      </DescriptionGrp>
      <IntroductionGrp>
        <Indtroduction xml:lang="nn">NUS2000 inneheld, i tillegg til den sekssifra NUS-koden, også andre kodar knytte til utdanning. Tidslengd er ei slik gruppering. Desse supplerer NUS2000-standarden, men har, med unntak av ISCED97, ikkje status som offisielle standardar i SSB.</Indtroduction>
        <Indtroduction xml:lang="nb">NUS2000 inneholder, i tillegg til den sekssifrede NUS-koden, også andre koder knyttet til utdanning. Varighet er en slik gruppering. Disse supplerer NUS2000-standarden, men har, med unntak av ISCED97, ikke status som offisielle standarder i SSB.</Indtroduction>
        <Indtroduction xml:lang="en">In addition to the six digit NUS code, NUS2000 also consist of other codes concerning education. Duration is such a classification. These codes supplement the NUS2000 standard, but with exception from ISCED97, they do not have status as official standards in Statistics Norway.</Indtroduction>
      </IntroductionGrp>
      <ContactInformation>
        <Person xmlns="http://www.ssb.no/ns/meta/common">gki</Person>
        <Division xmlns="http://www.ssb.no/ns/meta/common">360</Division>
      </ContactInformation>
      <ExternalDocumentGrp>
        <ExternalDocument xml:lang="nn">NOS C 676   http://www.ssb.no/emner/04/90/nos_c617/nos_c676.pdf</ExternalDocument>
        <ExternalDocument xml:lang="nb">NOS C 617   http://www.ssb.no/emner/04/90/nos_c617/nos_c617.pdf</ExternalDocument>
        <ExternalDocument xml:lang="en">http://www.ssb.no/english/subjects/04/90/nos_c751_en/nos_c751_en.pdf</ExternalDocument>
      </ExternalDocumentGrp>
      <ChangesGrp>
        <Change xml:lang="nn">Ikkje relevant</Change>
        <Change xml:lang="nb">Ikke relevant</Change>
        <Change xml:lang="en">Not relevant</Change>
      </ChangesGrp>
      <DerivedFromGrp>
        <DerviedFrom xml:lang="nn">Ikkje relevant</DerviedFrom>
        <DerviedFrom xml:lang="nb">Ikke relevant</DerviedFrom>
        <DerviedFrom xml:lang="en">Not relevant</DerviedFrom>
      </DerivedFromGrp>
      <LegalBaseGrp>
        <LegalBase xml:lang="nn">Ikkje relevant</LegalBase>
        <LegalBase xml:lang="nb">Ikke relevant</LegalBase>
        <LegalBase xml:lang="en">Not relevant</LegalBase>
      </LegalBaseGrp>
      <Level levelNumber="1" id="urn:ssb:classlevel:stabas:6971057" codeStructure="99">
        <TitleGrp>
          <Title xml:lang="nn">Tidslengd (NUS 2010/2): Varighet</Title>
          <Title xml:lang="nb">Varighet (NUS 2010/2): Varighet</Title>
          <Title xml:lang="en">Duration (NUS 2010/2): Durability</Title>
        </TitleGrp>
        <CodelistReference>urn:ssb:codelist:stabas:6971057</CodelistReference>
        <Level levelNumber="2" id="urn:ssb:classlevel:stabas:6971059" codeStructure="999999">
          <TitleGrp>
            <Title xml:lang="nn">Tidslengd (NUS 2010/2): Utdanningskode</Title>
            <Title xml:lang="nb">Varighet (NUS 2010/2): Utdanningskode</Title>
            <Title xml:lang="en">Duration (NUS 2010/2): Education code</Title>
          </TitleGrp>
          <CodelistReference>urn:ssb:codelist:stabas:6971059</CodelistReference>
        </Level>
      </Level>
    </ClassificationVersion>
    <ClassificationVersion id="urn:ssb:classversion:stabas:6346427" isCurrentVersion="false" validFrom="2010-01-01" validTo="2010-06-30" isUnderConstruction="false" updatesPossible="false" disseminationAllowed="true" lastChangedDate="2011-06-27" showIntranet="true" showInternet="true">
      <TitleGrp>
        <Title xml:lang="nn">Tidslengd (NUS 2010/1)</Title>
        <Title xml:lang="nb">Varighet (NUS 2010/1)</Title>
        <Title xml:lang="en">Duration (NUS 2010/1)</Title>
      </TitleGrp>
      <DescriptionGrp>
        <Description xml:lang="nn">Tidslengda blir oppgitt i talet på månader for utdanningar på nivå 1-5. 10 månader utgjer eit år (skoleår). 20 månader er dermed to år, 30 månader er tre år osv. For utdanningar på nivå 6-8 blir tidslengda oppgitt i studiepoeng. 60 studiepoeng utgjer ei arbeidsmengd som svarar til eitt års studium. For meir informasjon, sjå pkt. 3.2.3. i NOS C 676 (under publikasjonar).</Description>
        <Description xml:lang="nb">Varigheten angis i antall måneder for utdanninger på nivå 1-5. 10 måneder utgjør et år (skoleår). 20 måneder er dermed to år, 30 måneder er tre år, osv. For utdanninger på nivå 6-8 angis varigheten i studiepoeng. 60 studiepoeng utgjør en arbeidsmengde tilsvarende et års studier.
For mer informasjon, se pkt. 3.2.3. i NOS C 617  (under publikasjoner)</Description>
        <Description xml:lang="en">Duration is given in the number of months for education levels 1-5. A school year is 10 months. Consequently, 20 months is equivalent to two years of schooling, 30 months is three years of schooling etc. For level 6 and 7 tertiary education programmes, duration is given in credit points. Sixty credit points is equivalent to 60 ECTS (European Credit Transfer System), or one year of full-time studies. For more information, see 3.2.3. in NOS C 751 (under publications).
</Description>
      </DescriptionGrp>
      <IntroductionGrp>
        <Indtroduction xml:lang="nn">NUS2000 inneheld, i tillegg til den sekssifra NUS-koden, også andre kodar knytte til utdanning. Tidslengd er ei slik gruppering. Desse supplerer NUS2000-standarden, men har, med unntak av ISCED97, ikkje status som offisielle standardar i SSB.</Indtroduction>
        <Indtroduction xml:lang="nb">NUS2000 inneholder, i tillegg til den sekssifrede NUS-koden, også andre koder knyttet til utdanning. Varighet er en slik gruppering. Disse supplerer NUS2000-standarden, men har, med unntak av ISCED97, ikke status som offisielle standarder i SSB.</Indtroduction>
        <Indtroduction xml:lang="en">In addition to the six digit NUS code, NUS2000 also consist of other codes concerning education. Duration is such a classification. These codes supplement the NUS2000 standard, but with exception from ISCED97, they do not have status as official standards in Statistics Norway.</Indtroduction>
      </IntroductionGrp>
      <ContactInformation>
        <Person xmlns="http://www.ssb.no/ns/meta/common">gki</Person>
        <Division xmlns="http://www.ssb.no/ns/meta/common">360</Division>
      </ContactInformation>
      <ExternalDocumentGrp>
        <ExternalDocument xml:lang="nn">NOS C 676   http://www.ssb.no/emner/04/90/nos_c617/nos_c676.pdf</ExternalDocument>
        <ExternalDocument xml:lang="nb">NOS C 617   http://www.ssb.no/emner/04/90/nos_c617/nos_c617.pdf</ExternalDocument>
        <ExternalDocument xml:lang="en">http://www.ssb.no/english/subjects/04/90/nos_c751_en/nos_c751_en.pdf</ExternalDocument>
      </ExternalDocumentGrp>
      <ChangesGrp>
        <Change xml:lang="nn">Ikkje relevant</Change>
        <Change xml:lang="nb">Ikke relevant</Change>
        <Change xml:lang="en">Not relevant</Change>
      </ChangesGrp>
      <DerivedFromGrp>
        <DerviedFrom xml:lang="nn">Ikkje relevant</DerviedFrom>
        <DerviedFrom xml:lang="nb">Ikke relevant</DerviedFrom>
        <DerviedFrom xml:lang="en">Not relevant</DerviedFrom>
      </DerivedFromGrp>
      <LegalBaseGrp>
        <LegalBase xml:lang="nn">Ikkje relevant</LegalBase>
        <LegalBase xml:lang="nb">Ikke relevant</LegalBase>
        <LegalBase xml:lang="en">Not relevant</LegalBase>
      </LegalBaseGrp>
      <Level levelNumber="1" id="urn:ssb:classlevel:stabas:6346429" codeStructure="99">
        <TitleGrp>
          <Title xml:lang="nn">Tidslengd (NUS 2010/1): Varighet</Title>
          <Title xml:lang="nb">Varighet (NUS 2010/1): Varighet</Title>
          <Title xml:lang="en">Duration (NUS 2010/1): Durability</Title>
        </TitleGrp>
        <CodelistReference>urn:ssb:codelist:stabas:6346429</CodelistReference>
        <Level levelNumber="2" id="urn:ssb:classlevel:stabas:6346431" codeStructure="999999">
          <TitleGrp>
            <Title xml:lang="nn">Tidslengd (NUS 2010/1): Utdanningskode</Title>
            <Title xml:lang="nb">Varighet (NUS 2010/1): Utdanningskode</Title>
            <Title xml:lang="en">Duration (NUS 2010/1): Education code</Title>
          </TitleGrp>
          <CodelistReference>urn:ssb:codelist:stabas:6346431</CodelistReference>
        </Level>
      </Level>
    </ClassificationVersion>
    <ClassificationVersion id="urn:ssb:classversion:stabas:5960347" isCurrentVersion="false" validFrom="2009-07-01" validTo="2009-12-31" isUnderConstruction="false" updatesPossible="false" disseminationAllowed="true" lastChangedDate="2011-01-24" showIntranet="true" showInternet="true">
      <TitleGrp>
        <Title xml:lang="nn">Tidslengd (NUS 2009/2)</Title>
        <Title xml:lang="nb">Varighet (NUS 2009/2)</Title>
        <Title xml:lang="en">Duration (NUS 2009/2)</Title>
      </TitleGrp>
      <DescriptionGrp>
        <Description xml:lang="nn">Tidslengda blir oppgitt i talet på månader for utdanningar på nivå 1-5. 10 månader utgjer eit år (skoleår). 20 månader er dermed to år, 30 månader er tre år osv. For utdanningar på nivå 6-8 blir tidslengda oppgitt i studiepoeng. 60 studiepoeng utgjer ei arbeidsmengd som svarar til eitt års studium. For meir informasjon, sjå pkt. 3.2.3. i NOS C 676 (under publikasjonar).</Description>
        <Description xml:lang="nb">Varigheten angis i antall måneder for utdanninger på nivå 1-5. 10 måneder utgjør et år (skoleår). 20 måneder er dermed to år, 30 måneder er tre år, osv. For utdanninger på nivå 6-8 angis varigheten i studiepoeng. 60 studiepoeng utgjør en arbeidsmengde tilsvarende et års studier.
For mer informasjon, se pkt. 3.2.3. i NOS C 617  (under publikasjoner)</Description>
        <Description xml:lang="en">Duration is given in the number of months for education levels 1-5. A school year is 10 months. Consequently, 20 months is equivalent to two years of schooling, 30 months is three years of schooling etc. For level 6 and 7 tertiary education programmes, duration is given in credit points. Sixty credit points is equivalent to 60 ECTS (European Credit Transfer System), or one year of full-time studies. For more information, see 3.2.3. in NOS C 751 (under publications).
</Description>
      </DescriptionGrp>
      <IntroductionGrp>
        <Indtroduction xml:lang="nn">NUS2000 inneheld, i tillegg til den sekssifra NUS-koden, også andre kodar knytte til utdanning. Tidslengd er ei slik gruppering. Desse supplerer NUS2000-standarden, men har, med unntak av ISCED97, ikkje status som offisielle standardar i SSB. </Indtroduction>
        <Indtroduction xml:lang="nb">NUS2000 inneholder, i tillegg til den sekssifrede NUS-koden, også andre koder knyttet til utdanning. Varighet er en slik gruppering. Disse supplerer NUS2000-standarden, men har, med unntak av ISCED97, ikke status som offisielle standarder i SSB.</Indtroduction>
        <Indtroduction xml:lang="en">In addition to the six digit NUS code, NUS2000 also consist of other codes concerning education. Duration is such a classification. These codes supplement the NUS2000 standard, but with exception from ISCED97, they do not have status as official standards in Statistics Norway.</Indtroduction>
      </IntroductionGrp>
      <ContactInformation>
        <Person xmlns="http://www.ssb.no/ns/meta/common">gki</Person>
        <Division xmlns="http://www.ssb.no/ns/meta/common">360</Division>
      </ContactInformation>
      <ExternalDocumentGrp>
        <ExternalDocument xml:lang="nn">NOS C 676   http://www.ssb.no/emner/04/90/nos_c617/nos_c676.pdf</ExternalDocument>
        <ExternalDocument xml:lang="nb">NOS C 617   http://www.ssb.no/emner/04/90/nos_c617/nos_c617.pdf</ExternalDocument>
      </ExternalDocumentGrp>
      <ChangesGrp>
        <Change xml:lang="nn">Ikkje relevant</Change>
        <Change xml:lang="nb">Ikke relevant</Change>
        <Change xml:lang="en">Not relevant</Change>
      </ChangesGrp>
      <DerivedFromGrp>
        <DerviedFrom xml:lang="nn">Ikkje relevant </DerviedFrom>
        <DerviedFrom xml:lang="nb">Ikke relevant</DerviedFrom>
        <DerviedFrom xml:lang="en">Not relevant</DerviedFrom>
      </DerivedFromGrp>
      <LegalBaseGrp>
        <LegalBase xml:lang="nn">Ikkje relevant</LegalBase>
        <LegalBase xml:lang="nb">Ikke relevant</LegalBase>
        <LegalBase xml:lang="en">Not relevant</LegalBase>
      </LegalBaseGrp>
      <Level levelNumber="1" id="urn:ssb:classlevel:stabas:5960349" codeStructure="99">
        <TitleGrp>
          <Title xml:lang="nn">Tidslengd (NUS 2009/2): Varighet</Title>
          <Title xml:lang="nb">Varighet (NUS 2009/2): Varighet</Title>
          <Title xml:lang="en">Duration (NUS 2009/2): Durability</Title>
        </TitleGrp>
        <CodelistReference>urn:ssb:codelist:stabas:5960349</CodelistReference>
        <Level levelNumber="2" id="urn:ssb:classlevel:stabas:5960351" codeStructure="999999">
          <TitleGrp>
            <Title xml:lang="nn">Tidslengd (NUS 2009/2): Utdanningskode</Title>
            <Title xml:lang="nb">Varighet (NUS 2009/2): Utdanningskode</Title>
            <Title xml:lang="en">Duration (NUS 2009/2): Education code</Title>
          </TitleGrp>
          <CodelistReference>urn:ssb:codelist:stabas:5960351</CodelistReference>
        </Level>
      </Level>
    </ClassificationVersion>
    <ClassificationVersion id="urn:ssb:classversion:stabas:5716631" isCurrentVersion="false" validFrom="2009-01-01" validTo="2009-06-30" isUnderConstruction="false" updatesPossible="false" disseminationAllowed="true" lastChangedDate="2011-01-24" showIntranet="true" showInternet="true">
      <TitleGrp>
        <Title xml:lang="nn">Tidslengd (NUS 2009/1)</Title>
        <Title xml:lang="nb">Varighet (NUS 2009/1)</Title>
        <Title xml:lang="en">Durability (NUS 2009/1)</Title>
      </TitleGrp>
      <DescriptionGrp>
        <Description xml:lang="nn">Tidslengda blir oppgitt i talet på månader for utdanningar på nivå 1-5. 10 månader utgjer eit år (skoleår). 20 månader er dermed to år, 30 månader er tre år osv. For utdanningar på nivå 6-8 blir tidslengda oppgitt i studiepoeng. 60 studiepoeng utgjer ei arbeidsmengd som svarar til eitt års studium. For meir informasjon, sjå pkt. 3.2.3. i NOS C 676 (under publikasjonar).</Description>
        <Description xml:lang="nb">Varigheten angis i antall måneder for utdanninger på nivå 1-5. 10 måneder utgjør et år (skoleår). 20 måneder er dermed to år, 30 måneder er tre år, osv. For utdanninger på nivå 6-8 angis varigheten i studiepoeng. 60 studiepoeng utgjør en arbeidsmengde tilsvarende et års studier.
For mer informasjon, se pkt. 3.2.3. i NOS C 617  (under publikasjoner)</Description>
        <Description xml:lang="en">Duration is given in the number of months for education levels 1-5. A school year is 10 months. Consequently, 20 months is equivalent to two years of schooling, 30 months is three years of schooling etc. For level 6 and 7 tertiary education programmes, duration is given in credit points. Sixty credit points is equivalent to 60 ECTS (European Credit Transfer System), or one year of full-time studies. For more information, see 3.2.3. in NOS C 751 (under publications).
</Description>
      </DescriptionGrp>
      <IntroductionGrp>
        <Indtroduction xml:lang="nn">NUS2000 inneheld, i tillegg til den sekssifra NUS-koden, også andre kodar knytte til utdanning. Tidslengd er ei slik gruppering. Desse supplerer NUS2000-standarden, men har, med unntak av ISCED97, ikkje status som offisielle standardar i SSB. 
</Indtroduction>
        <Indtroduction xml:lang="nb">NUS2000 inneholder, i tillegg til den sekssifrede NUS-koden, også andre koder knyttet til utdanning. Varighet er en slik gruppering. Disse supplerer NUS2000-standarden, men har, med unntak av ISCED97, ikke status som offisielle standarder i SSB.</Indtroduction>
        <Indtroduction xml:lang="en">In addition to the six digit NUS code, NUS2000 also consist of other codes concerning education. Duration is such a classification. These codes supplement the NUS2000 standard, but with exception from ISCED97, they do not have status as official standards in Statistics Norway.</Indtroduction>
      </IntroductionGrp>
      <ContactInformation>
        <Person xmlns="http://www.ssb.no/ns/meta/common">gki</Person>
        <Division xmlns="http://www.ssb.no/ns/meta/common">360</Division>
      </ContactInformation>
      <ExternalDocumentGrp>
        <ExternalDocument xml:lang="nn">NOS C 676   http://www.ssb.no/emner/04/90/nos_c617/nos_c676.pdf</ExternalDocument>
        <ExternalDocument xml:lang="nb">NOS C 617   http://www.ssb.no/emner/04/90/nos_c617/nos_c617.pdf</ExternalDocument>
        <ExternalDocument xml:lang="en">http://www.ssb.no/english/subjects/04/90/nos_c751_en/nos_c751_en.pdf</ExternalDocument>
      </ExternalDocumentGrp>
      <ChangesGrp>
        <Change xml:lang="nn">Ikkje relevant</Change>
        <Change xml:lang="nb">Ikke relevant</Change>
        <Change xml:lang="en">Not relevant</Change>
      </ChangesGrp>
      <DerivedFromGrp>
        <DerviedFrom xml:lang="nn">Ikkje relevant</DerviedFrom>
        <DerviedFrom xml:lang="nb">Ikke relevant</DerviedFrom>
        <DerviedFrom xml:lang="en">Not relevant</DerviedFrom>
      </DerivedFromGrp>
      <LegalBaseGrp>
        <LegalBase xml:lang="nn">Ikkje relevant</LegalBase>
        <LegalBase xml:lang="nb">Ikke relevant</LegalBase>
        <LegalBase xml:lang="en">Not relevant</LegalBase>
      </LegalBaseGrp>
      <Level levelNumber="1" id="urn:ssb:classlevel:stabas:5716633" codeStructure="99">
        <TitleGrp>
          <Title xml:lang="nn">Tidslengd (NUS 2009/1): Varighet</Title>
          <Title xml:lang="nb">Varighet (NUS 2009/1): Varighet</Title>
          <Title xml:lang="en">Durability (NUS 2009/1): Durability</Title>
        </TitleGrp>
        <CodelistReference>urn:ssb:codelist:stabas:5716633</CodelistReference>
        <Level levelNumber="2" id="urn:ssb:classlevel:stabas:5716635" codeStructure="999999">
          <TitleGrp>
            <Title xml:lang="nn">Tidslengd (NUS 2009/1): Utdanningskode</Title>
            <Title xml:lang="nb">Varighet (NUS 2009/1): Utdanningskode</Title>
            <Title xml:lang="en">Durability (NUS 2009/1): Education code</Title>
          </TitleGrp>
          <CodelistReference>urn:ssb:codelist:stabas:5716635</CodelistReference>
        </Level>
      </Level>
    </ClassificationVersion>
    <ClassificationVersion id="urn:ssb:classversion:stabas:5382419" isCurrentVersion="false" validFrom="2008-07-01" validTo="2008-12-31" isUnderConstruction="false" updatesPossible="false" disseminationAllowed="true" lastChangedDate="2011-01-24" showIntranet="true" showInternet="true">
      <TitleGrp>
        <Title xml:lang="nn">Tidslengd (NUS 2008/2)</Title>
        <Title xml:lang="nb">Varighet (NUS 2008/2)</Title>
        <Title xml:lang="en">Durability (NUS 2008/2)</Title>
      </TitleGrp>
      <DescriptionGrp>
        <Description xml:lang="nn">Tidslengda blir oppgitt i talet på månader for utdanningar på nivå 1-5. 10 månader utgjer eit år (skoleår). 20 månader er dermed to år, 30 månader er tre år osv. For utdanningar på nivå 6-8 blir tidslengda oppgitt i studiepoeng. 60 studiepoeng utgjer ei arbeidsmengd som svarar til eitt års studium. For meir informasjon, sjå pkt. 3.2.3. i NOS C 676 (under publikasjonar).</Description>
        <Description xml:lang="nb">Varigheten angis i antall måneder for utdanninger på nivå 1-5. 10 måneder utgjør et år (skoleår). 20 måneder er dermed to år, 30 måneder er tre år, osv. For utdanninger på nivå 6-8 angis varigheten i studiepoeng. 60 studiepoeng utgjør en arbeidsmengde tilsvarende et års studier.
For mer informasjon, se pkt. 3.2.3. i NOS C 617  (under publikasjoner)</Description>
        <Description xml:lang="en">Duration is given in the number of months for education levels 1-5. A school year is 10 months. Consequently, 20 months is equivalent to two years of schooling, 30 months is three years of schooling etc. For level 6 and 7 tertiary education programmes, duration is given in credit points. Sixty credit points is equivalent to 60 ECTS (European Credit Transfer System), or one year of full-time studies. For more information, see 3.2.3. in NOS C 751 (under publications).
</Description>
      </DescriptionGrp>
      <IntroductionGrp>
        <Indtroduction xml:lang="nn">NUS2000 inneheld, i tillegg til den sekssifra NUS-koden, også andre kodar knytte til utdanning. Tidslengd er ei slik gruppering. Desse supplerer NUS2000-standarden, men har, med unntak av ISCED97, ikkje status som offisielle standardar i SSB. 
</Indtroduction>
        <Indtroduction xml:lang="nb">NUS2000 inneholder, i tillegg til den sekssifrede NUS-koden, også andre koder knyttet til utdanning. Varighet er en slik gruppering. Disse supplerer NUS2000-standarden, men har, med unntak av ISCED97, ikke status som offisielle standarder i SSB.</Indtroduction>
        <Indtroduction xml:lang="en">In addition to the six digit NUS code, NUS2000 also consist of other codes concerning education. Duration is such a classification. These codes supplement the NUS2000 standard, but with exception from ISCED97, they do not have status as official standards in Statistics Norway.</Indtroduction>
      </IntroductionGrp>
      <ContactInformation>
        <Person xmlns="http://www.ssb.no/ns/meta/common">gki</Person>
        <Division xmlns="http://www.ssb.no/ns/meta/common">360</Division>
      </ContactInformation>
      <ExternalDocumentGrp>
        <ExternalDocument xml:lang="nn">NOS C 676   http://www.ssb.no/emner/04/90/nos_c617/nos_c676.pdf</ExternalDocument>
        <ExternalDocument xml:lang="nb">NOS C 617   http://www.ssb.no/emner/04/90/nos_c617/nos_c617.pdf</ExternalDocument>
        <ExternalDocument xml:lang="en">http://www.ssb.no/english/subjects/04/90/nos_c751_en/nos_c751_en.pdf</ExternalDocument>
      </ExternalDocumentGrp>
      <ChangesGrp>
        <Change xml:lang="nn">Ikkje relevant</Change>
        <Change xml:lang="nb">Ikke relevant</Change>
        <Change xml:lang="en">Not relevant</Change>
      </ChangesGrp>
      <DerivedFromGrp>
        <DerviedFrom xml:lang="nn">Ikkje relevant</DerviedFrom>
        <DerviedFrom xml:lang="nb">Ikke relevant</DerviedFrom>
        <DerviedFrom xml:lang="en">Not relevant</DerviedFrom>
      </DerivedFromGrp>
      <LegalBaseGrp>
        <LegalBase xml:lang="nn">Ikkje relevant</LegalBase>
        <LegalBase xml:lang="nb">Ikke relevant</LegalBase>
        <LegalBase xml:lang="en">Not relevant</LegalBase>
      </LegalBaseGrp>
      <Level levelNumber="1" id="urn:ssb:classlevel:stabas:5382421" codeStructure="99">
        <TitleGrp>
          <Title xml:lang="nn">Tidslengd (NUS 2008/2): Varighet</Title>
          <Title xml:lang="nb">Varighet (NUS 2008/2): Varighet</Title>
          <Title xml:lang="en">Durability (NUS 2008/2): Durability</Title>
        </TitleGrp>
        <CodelistReference>urn:ssb:codelist:stabas:5382421</CodelistReference>
        <Level levelNumber="2" id="urn:ssb:classlevel:stabas:5382423" codeStructure="999999">
          <TitleGrp>
            <Title xml:lang="nn">Tidslengd (NUS 2008/2): Utdanningskode</Title>
            <Title xml:lang="nb">Varighet (NUS 2008/2): Utdanningskode</Title>
            <Title xml:lang="en">Durability (NUS 2008/2): Education code</Title>
          </TitleGrp>
          <CodelistReference>urn:ssb:codelist:stabas:5382423</CodelistReference>
        </Level>
      </Level>
    </ClassificationVersion>
    <ClassificationVersion id="urn:ssb:classversion:stabas:5081001" isCurrentVersion="false" validFrom="2008-01-01" validTo="2008-06-30" isUnderConstruction="false" updatesPossible="false" disseminationAllowed="true" lastChangedDate="2011-01-24" showIntranet="true" showInternet="true">
      <TitleGrp>
        <Title xml:lang="nn">Tidslengd (NUS 2008/1)</Title>
        <Title xml:lang="nb">Varighet (NUS 2008/1)</Title>
        <Title xml:lang="en">Durability (NUS 2008/1)</Title>
      </TitleGrp>
      <DescriptionGrp>
        <Description xml:lang="nn">Tidslengda blir oppgitt i talet på månader for utdanningar på nivå 1-5. 10 månader utgjer eit år (skoleår). 20 månader er dermed to år, 30 månader er tre år osv. For utdanningar på nivå 6-8 blir tidslengda oppgitt i studiepoeng. 60 studiepoeng utgjer ei arbeidsmengd som svarar til eitt års studium. For meir informasjon, sjå pkt. 3.2.3. i NOS C 676 (under publikasjonar).</Description>
        <Description xml:lang="nb">Varigheten angis i antall måneder for utdanninger på nivå 1-5. 10 måneder utgjør et år (skoleår). 20 måneder er dermed to år, 30 måneder er tre år, osv. For utdanninger på nivå 6-8 angis varigheten i studiepoeng. 60 studiepoeng utgjør en arbeidsmengde tilsvarende et års studier.
For mer informasjon, se pkt. 3.2.3. i NOS C 617  (under publikasjoner)</Description>
        <Description xml:lang="en">Duration is given in the number of months for education levels 1-5. A school year is 10 months. Consequently, 20 months is equivalent to two years of schooling, 30 months is three years of schooling etc. For level 6 and 7 tertiary education programmes, duration is given in credit points. Sixty credit points is equivalent to 60 ECTS (European Credit Transfer System), or one year of full-time studies. For more information, see 3.2.3. in NOS C 751 (under publications).
</Description>
      </DescriptionGrp>
      <IntroductionGrp>
        <Indtroduction xml:lang="nn">NUS2000 inneheld, i tillegg til den sekssifra NUS-koden, også andre kodar knytte til utdanning. Tidslengd er ei slik gruppering. Desse supplerer NUS2000-standarden, men har, med unntak av ISCED97, ikkje status som offisielle standardar i SSB. 
</Indtroduction>
        <Indtroduction xml:lang="nb">NUS2000 inneholder, i tillegg til den sekssifrede NUS-koden, også andre koder knyttet til utdanning. Varighet er en slik gruppering. Disse supplerer NUS2000-standarden, men har, med unntak av ISCED97, ikke status som offisielle standarder i SSB.</Indtroduction>
        <Indtroduction xml:lang="en">In addition to the six digit NUS code, NUS2000 also consist of other codes concerning education. Duration is such a classification. These codes supplement the NUS2000 standard, but with exception from ISCED97, they do not have status as official standards in Statistics Norway.</Indtroduction>
      </IntroductionGrp>
      <ContactInformation>
        <Person xmlns="http://www.ssb.no/ns/meta/common">gki</Person>
        <Division xmlns="http://www.ssb.no/ns/meta/common">360</Division>
      </ContactInformation>
      <ExternalDocumentGrp>
        <ExternalDocument xml:lang="nn">NOS C 676   http://www.ssb.no/emner/04/90/nos_c617/nos_c676.pdf</ExternalDocument>
        <ExternalDocument xml:lang="nb">NOS C 617   http://www.ssb.no/emner/04/90/nos_c617/nos_c617.pdf</ExternalDocument>
        <ExternalDocument xml:lang="en">http://www.ssb.no/english/subjects/04/90/nos_c751_en/nos_c751_en.pdf

</ExternalDocument>
      </ExternalDocumentGrp>
      <ChangesGrp>
        <Change xml:lang="nn">Ikkje relevant</Change>
        <Change xml:lang="nb">Ikke relevant</Change>
        <Change xml:lang="en">Not relevant</Change>
      </ChangesGrp>
      <DerivedFromGrp>
        <DerviedFrom xml:lang="nn">Ikkje relevant</DerviedFrom>
        <DerviedFrom xml:lang="nb">Ikke relevant</DerviedFrom>
        <DerviedFrom xml:lang="en">Not relevant</DerviedFrom>
      </DerivedFromGrp>
      <LegalBaseGrp>
        <LegalBase xml:lang="nn">Ikkje relevant</LegalBase>
        <LegalBase xml:lang="nb">Ikke relevant</LegalBase>
        <LegalBase xml:lang="en">Not relevant</LegalBase>
      </LegalBaseGrp>
      <Level levelNumber="1" id="urn:ssb:classlevel:stabas:5081003" codeStructure="99">
        <TitleGrp>
          <Title xml:lang="nn">Tidslengd (NUS 2008/1): Varighet</Title>
          <Title xml:lang="nb">Varighet (NUS 2008/1): Varighet</Title>
          <Title xml:lang="en">Durability (NUS 2008/1): Durability</Title>
        </TitleGrp>
        <CodelistReference>urn:ssb:codelist:stabas:5081003</CodelistReference>
        <Level levelNumber="2" id="urn:ssb:classlevel:stabas:5081005" codeStructure="999999">
          <TitleGrp>
            <Title xml:lang="nn">Tidslengd (NUS 2008/1): Utdanningskode</Title>
            <Title xml:lang="nb">Varighet (NUS 2008/1): Utdanningskode</Title>
            <Title xml:lang="en">Durability (NUS 2008/1): Education code</Title>
          </TitleGrp>
          <CodelistReference>urn:ssb:codelist:stabas:5081005</CodelistReference>
        </Level>
      </Level>
    </ClassificationVersion>
    <ClassificationVersion id="urn:ssb:classversion:stabas:4873959" isCurrentVersion="false" validFrom="2007-07-01" validTo="2007-12-31" isUnderConstruction="false" updatesPossible="false" disseminationAllowed="true" lastChangedDate="2011-01-24" showIntranet="true" showInternet="true">
      <TitleGrp>
        <Title xml:lang="nn">Tidslengd (NUS 2007/2)</Title>
        <Title xml:lang="nb">Varighet (NUS 2007/2)</Title>
        <Title xml:lang="en">Durability (NUS 2007/2)</Title>
      </TitleGrp>
      <DescriptionGrp>
        <Description xml:lang="nn">Tidslengda blir oppgitt i talet på månader for utdanningar på nivå 1-5. 10 månader utgjer eit år (skoleår). 20 månader er dermed to år, 30 månader er tre år osv. For utdanningar på nivå 6-8 blir tidslengda oppgitt i studiepoeng. 60 studiepoeng utgjer ei arbeidsmengd som svarar til eitt års studium. For meir informasjon, sjå pkt. 3.2.3. i NOS C 676 (under publikasjonar).</Description>
        <Description xml:lang="nb">Varigheten angis i antall måneder for utdanninger på nivå 1-5. 10 måneder utgjør et år (skoleår). 20 måneder er dermed to år, 30 måneder er tre år, osv. For utdanninger på nivå 6-8 angis varigheten i studiepoeng. 60 studiepoeng utgjør en arbeidsmengde tilsvarende et års studier.
For mer informasjon, se pkt. 3.2.3. i NOS C 617  (under publikasjoner)</Description>
        <Description xml:lang="en">Duration is given in the number of months for education levels 1-5. A school year is 10 months. Consequently, 20 months is equivalent to two years of schooling, 30 months is three years of schooling etc. For level 6 and 7 tertiary education programmes, duration is given in credit points. Sixty credit points is equivalent to 60 ECTS (European Credit Transfer System), or one year of full-time studies. For more information, see 3.2.3. in NOS C 751 (under publications).
</Description>
      </DescriptionGrp>
      <IntroductionGrp>
        <Indtroduction xml:lang="nn">NUS2000 inneheld, i tillegg til den sekssifra NUS-koden, også andre kodar knytte til utdanning. Tidslengd er ei slik gruppering. Desse supplerer NUS2000-standarden, men har, med unntak av ISCED97, ikkje status som offisielle standardar i SSB. 
</Indtroduction>
        <Indtroduction xml:lang="nb">NUS2000 inneholder, i tillegg til den sekssifrede NUS-koden, også andre koder knyttet til utdanning. Varighet er en slik gruppering. Disse supplerer NUS2000-standarden, men har, med unntak av ISCED97, ikke status som offisielle standarder i SSB.</Indtroduction>
        <Indtroduction xml:lang="en">In addition to the six digit NUS code, NUS2000 also consist of other codes concerning education. Duration is such a classification. These codes supplement the NUS2000 standard, but with exception from ISCED97, they do not have status as official standards in Statistics Norway.</Indtroduction>
      </IntroductionGrp>
      <ContactInformation>
        <Person xmlns="http://www.ssb.no/ns/meta/common">gki</Person>
        <Division xmlns="http://www.ssb.no/ns/meta/common">360</Division>
      </ContactInformation>
      <ExternalDocumentGrp>
        <ExternalDocument xml:lang="nn">NOS C 676   http://www.ssb.no/emner/04/90/nos_c617/nos_c676.pdf</ExternalDocument>
        <ExternalDocument xml:lang="nb">NOS C 617   http://www.ssb.no/emner/04/90/nos_c617/nos_c617.pdf</ExternalDocument>
        <ExternalDocument xml:lang="en">http://www.ssb.no/english/subjects/04/90/nos_c751_en/nos_c751_en.pdf

</ExternalDocument>
      </ExternalDocumentGrp>
      <ChangesGrp>
        <Change xml:lang="nn">Ikkje relevant</Change>
        <Change xml:lang="nb">Ikke relevant</Change>
        <Change xml:lang="en">Not relevant</Change>
      </ChangesGrp>
      <DerivedFromGrp>
        <DerviedFrom xml:lang="nn">Ikkje relevant</DerviedFrom>
        <DerviedFrom xml:lang="nb">Ikke relevant</DerviedFrom>
        <DerviedFrom xml:lang="en">Not relevant</DerviedFrom>
      </DerivedFromGrp>
      <LegalBaseGrp>
        <LegalBase xml:lang="nn">Ikkje relevant</LegalBase>
        <LegalBase xml:lang="nb">Ikke relevant</LegalBase>
        <LegalBase xml:lang="en">Not relevant</LegalBase>
      </LegalBaseGrp>
      <Level levelNumber="1" id="urn:ssb:classlevel:stabas:4873961" codeStructure="99">
        <TitleGrp>
          <Title xml:lang="nn">Tidslengd (NUS 2007/2): Varighet</Title>
          <Title xml:lang="nb">Varighet (NUS 2007/2): Varighet</Title>
          <Title xml:lang="en">Durability (NUS 2007/2): Durability</Title>
        </TitleGrp>
        <CodelistReference>urn:ssb:codelist:stabas:4873961</CodelistReference>
        <Level levelNumber="2" id="urn:ssb:classlevel:stabas:4873963" codeStructure="999999">
          <TitleGrp>
            <Title xml:lang="nn">Tidslengd (NUS 2007/2): Utdanningskode</Title>
            <Title xml:lang="nb">Varighet (NUS 2007/2): Utdanningskode</Title>
            <Title xml:lang="en">Durability (NUS 2007/2): Education code</Title>
          </TitleGrp>
          <CodelistReference>urn:ssb:codelist:stabas:4873963</CodelistReference>
        </Level>
      </Level>
    </ClassificationVersion>
    <ClassificationVersion id="urn:ssb:classversion:stabas:4729833" isCurrentVersion="false" validFrom="2007-01-01" validTo="2007-06-30" isUnderConstruction="false" updatesPossible="false" disseminationAllowed="true" lastChangedDate="2011-01-24" showIntranet="true" showInternet="true">
      <TitleGrp>
        <Title xml:lang="nn">Tidslengd (NUS 2007/1)</Title>
        <Title xml:lang="nb">Varighet (NUS 2007/1)</Title>
        <Title xml:lang="en">Durability (NUS 2007/1)</Title>
      </TitleGrp>
      <DescriptionGrp>
        <Description xml:lang="nn">Tidslengda blir oppgitt i talet på månader for utdanningar på nivå 1-5. 10 månader utgjer eit år (skoleår). 20 månader er dermed to år, 30 månader er tre år osv. For utdanningar på nivå 6-8 blir tidslengda oppgitt i studiepoeng. 60 studiepoeng utgjer ei arbeidsmengd som svarar til eitt års studium. For meir informasjon, sjå pkt. 3.2.3. i NOS C 676 (under publikasjonar).</Description>
        <Description xml:lang="nb">Varigheten angis i antall måneder for utdanninger på nivå 1-5. 10 måneder utgjør et år (skoleår). 20 måneder er dermed to år, 30 måneder er tre år, osv. For utdanninger på nivå 6-8 angis varigheten i studiepoeng. 60 studiepoeng utgjør en arbeidsmengde tilsvarende et års studier.
For mer informasjon, se pkt. 3.2.3. i NOS C 617  (under publikasjoner)</Description>
        <Description xml:lang="en">Duration is given in the number of months for education levels 1-5. A school year is 10 months. Consequently, 20 months is equivalent to two years of schooling, 30 months is three years of schooling etc. For level 6 and 7 tertiary education programmes, duration is given in credit points. Sixty credit points is equivalent to 60 ECTS (European Credit Transfer System), or one year of full-time studies. For more information, see 3.2.3. in NOS C 751 (under publications).
</Description>
      </DescriptionGrp>
      <IntroductionGrp>
        <Indtroduction xml:lang="nn">NUS2000 inneheld, i tillegg til den sekssifra NUS-koden, også andre kodar knytte til utdanning. Tidslengd er ei slik gruppering. Desse supplerer NUS2000-standarden, men har, med unntak av ISCED97, ikkje status som offisielle standardar i SSB. 
</Indtroduction>
        <Indtroduction xml:lang="nb">NUS2000 inneholder, i tillegg til den sekssifrede NUS-koden, også andre koder knyttet til utdanning. Varighet er en slik gruppering. Disse supplerer NUS2000-standarden, men har, med unntak av ISCED97, ikke status som offisielle standarder i SSB. </Indtroduction>
        <Indtroduction xml:lang="en">In addition to the six digit NUS code, NUS2000 also consist of other codes concerning education. Duration is such a classification. These codes supplement the NUS2000 standard, but with exception from ISCED97, they do not have status as official standards in Statistics Norway. </Indtroduction>
      </IntroductionGrp>
      <ContactInformation>
        <Person xmlns="http://www.ssb.no/ns/meta/common">gki</Person>
        <Division xmlns="http://www.ssb.no/ns/meta/common">360</Division>
      </ContactInformation>
      <ExternalDocumentGrp>
        <ExternalDocument xml:lang="nn">NOS C 676   http://www.ssb.no/emner/04/90/nos_c617/nos_c676.pdf</ExternalDocument>
        <ExternalDocument xml:lang="nb">NOS C 617   http://www.ssb.no/emner/04/90/nos_c617/nos_c617.pdf</ExternalDocument>
        <ExternalDocument xml:lang="en">http://www.ssb.no/english/subjects/04/90/nos_c751_en/nos_c751_en.pdf

http://www.ssb.no/english/subjects/04/90/nos_c751_en/nos_c751_en.pdf

http://www.ssb.no/english/subjects/04/90/nos_c751_en/nos_c751_en.pdf</ExternalDocument>
      </ExternalDocumentGrp>
      <ChangesGrp>
        <Change xml:lang="nn">Ikkje relevant</Change>
        <Change xml:lang="nb">Ikke relevant</Change>
        <Change xml:lang="en">Not relevant</Change>
      </ChangesGrp>
      <DerivedFromGrp>
        <DerviedFrom xml:lang="nn">Ikkje relevant</DerviedFrom>
        <DerviedFrom xml:lang="nb">Ikke relevant</DerviedFrom>
        <DerviedFrom xml:lang="en">Not relevant</DerviedFrom>
      </DerivedFromGrp>
      <LegalBaseGrp>
        <LegalBase xml:lang="nn">Ikkje relevant</LegalBase>
        <LegalBase xml:lang="nb">Ikke relevant</LegalBase>
        <LegalBase xml:lang="en">Not relevant</LegalBase>
      </LegalBaseGrp>
      <Level levelNumber="1" id="urn:ssb:classlevel:stabas:4729835" codeStructure="99">
        <TitleGrp>
          <Title xml:lang="nn">Tidslengd (NUS 2007/1): Varighet</Title>
          <Title xml:lang="nb">Varighet (NUS 2007/1): Varighet</Title>
          <Title xml:lang="en">Durability (NUS 2007/1): Durability</Title>
        </TitleGrp>
        <CodelistReference>urn:ssb:codelist:stabas:4729835</CodelistReference>
        <Level levelNumber="2" id="urn:ssb:classlevel:stabas:4729837" codeStructure="999999">
          <TitleGrp>
            <Title xml:lang="nn">Tidslengd (NUS 2007/1): Utdanningskode</Title>
            <Title xml:lang="nb">Varighet (NUS 2007/1): Utdanningskode</Title>
            <Title xml:lang="en">Durability (NUS 2007/1): Education code</Title>
          </TitleGrp>
          <CodelistReference>urn:ssb:codelist:stabas:4729837</CodelistReference>
        </Level>
      </Level>
    </ClassificationVersion>
  </ClassificationVersions>
</Classification>