<?xml version="1.0" encoding="utf-8"?>
<Classification xmlns:xsi="http://www.w3.org/2001/XMLSchema-instance" xmlns:xsd="http://www.w3.org/2001/XMLSchema" id="urn:ssb:classification:stabas:4732519" currentVersionId="urn:ssb:classversion:stabas:8917027" xmlns="http://www.ssb.no/ns/meta/classification">
  <TitleGrp>
    <Title xml:lang="nn">Standard for kurstrinnskode (NUS)</Title>
    <Title xml:lang="nb">Standard for studieretning/utdanningsprogram (NUS)</Title>
    <Title xml:lang="en">Classification for Course level code (NUS)</Title>
  </TitleGrp>
  <DescriptionGrp>
    <Description xml:lang="nb">Studieretnings-/utdanningsprogramkode brukes for å gruppere utdanninger på nivå 3-5. Dette er en grovere standardgruppering som først og fremst er tenkt som en forenkling i forbindelse med presentasjon av offisiell utdanningsstatistikk. Studieretningskodene 21-50, samt 99, hører inn under Reform 94. Utdanningsprogramkodene 60-98 hører inn under reformen Kunnskapsløftet fra 2006, men  Alternativ opplæring (kode 98) er ikke et utdanningsprogram. For mer informasjon, se pkt. 3.2.4. i NOS C 617  (under publikasjoner).</Description>
  </DescriptionGrp>
  <StatisticalUnitGrp>
    <StatisticalUnit xml:lang="nb">Utdanningsaktiviteter som har en formell skolemessig ramme, innrettet mot en systematisk formidling av kunnskap og ferdigheter, og som har en viss lengde.</StatisticalUnit>
  </StatisticalUnitGrp>
  <OwnerGrp>
    <Owner xml:lang="nn">Statistisk sentralbyrå (SSB)</Owner>
    <Owner xml:lang="nb">Statistisk sentralbyrå (SSB)</Owner>
    <Owner xml:lang="en">Statistics Norway</Owner>
  </OwnerGrp>
  <SubjectArea>04</SubjectArea>
  <ClassificationVersions>
    <ClassificationVersion id="urn:ssb:classversion:stabas:8917027" isCurrentVersion="true" validFrom="2014-01-01" validTo="2015-11-09" isUnderConstruction="false" updatesPossible="false" disseminationAllowed="true" lastChangedDate="2015-12-14" showIntranet="true" showInternet="true">
      <TitleGrp>
        <Title xml:lang="nn">Studieretning/utdanningsprogram (NUS 2014/1)</Title>
        <Title xml:lang="nb">Studieretning/utdanningsprogram (NUS 2014/1) ugyldig f.o.m. 9. nov 2015</Title>
        <Title xml:lang="en">Areas of study- /education programmes (NUS 2014/1)</Title>
      </TitleGrp>
      <DescriptionGrp>
        <Description xml:lang="nn">Versjon  2014_1 er ikkje lenger gyldig, for oppdatert versjon av Norsk standard for utdanningsgruppering sjå: http://www.ssb.no/utdanning/norsk-standard-for-utdanningsgruppering
Studieretnings-/utdanningsprogramkode blir brukt for å gruppere utdanningar på nivå 3-5. Dette er ei skjematisk standardgruppering som framfor alt er tenkt som ei forenkling i samband med presentasjonen av offisiell utdanningsstatistikk. Studieretningskodane 21-50, samt 99, høyrer inn under Reform 94. Utdanningsprogramkodane 60-98 høyrer inn under reforma Kunnskapsløftet frå 2006, men  Alternativ opplæring (kode 98) er ikkje eit utdanningsprogram. </Description>
        <Description xml:lang="nb">Versjon  2014_1 er ikke lenger gyldig, for oppdatert versjon av Norsk standard for utdanningsgruppering se: http://www.ssb.no/utdanning/norsk-standard-for-utdanningsgruppering
Studieretnings-/utdanningsprogramkode brukes for å gruppere utdanninger på nivå 3-5. Dette er en grovere standardgruppering som først og fremst er tenkt som en forenkling i forbindelse med presentasjon av offisiell utdanningsstatistikk. Studieretningskodene 21-50, samt 99, hører inn under Reform 94. Utdanningsprogramkodene 60-98 hører inn under reformen Kunnskapsløftet fra 2006, men  Alternativ opplæring (kode 98) er ikke et utdanningsprogram. </Description>
        <Description xml:lang="en">NUS 2014/1 is available including 8 November 2015. The new version, applicable from 9 November 2015, is not available in Database for Standard Classifications.
The new version is available here: http://www.ssb.no/utdanning/norsk-standard-for-utdanningsgruppering
An area of study- /education programme code is used to classify educations at level 3-5. This is a course standard classification primarily for simplifying the presentation of official education statistics. The area of study codes 21-50, and 99, belong to Reform 94. The education programmes 60-98 belong to The Knowledge Promotion from 2006, but Alternative education (code 98) is not an education programme.</Description>
      </DescriptionGrp>
      <IntroductionGrp>
        <Indtroduction xml:lang="nn">NUS2000 inneheld, i tillegg til den sekssifra NUS-koden, også andre kodar knytte til utdanning. Studieretnings-/utdanningsprogramkode er ei slik gruppering. Desse supplerer NUS2000-standarden, men har, med unntak av ISCED97, ikkje status som offisielle standardar i SSB.</Indtroduction>
        <Indtroduction xml:lang="nb">NUS2000 inneholder, i tillegg til den sekssifrede NUS-koden, også andre koder knyttet til utdanning. Studieretnings-/utdanningsprogramkode er en slik gruppering. Disse supplerer NUS2000-standarden, men har, med unntak av ISCED97, ikke status som offisielle standarder i SSB.</Indtroduction>
        <Indtroduction xml:lang="en">In addition to the six digit NUS code, NUS2000 also consist of other codes concerning education. Area of study- /education programme code is such a classification. These codes supplement the NUS2000 standard, but with exception from ISCED97, they do not have status as official standards in Statistics Norway.</Indtroduction>
      </IntroductionGrp>
      <ContactInformation>
        <Person xmlns="http://www.ssb.no/ns/meta/common">gki</Person>
        <Division xmlns="http://www.ssb.no/ns/meta/common">360</Division>
      </ContactInformation>
      <ExternalDocumentGrp>
        <ExternalDocument xml:lang="nn">http://www.ssb.no/utdanning/norsk-standard-for-utdanningsgruppering</ExternalDocument>
        <ExternalDocument xml:lang="nb">http://www.ssb.no/utdanning/norsk-standard-for-utdanningsgruppering</ExternalDocument>
        <ExternalDocument xml:lang="en">http://www.ssb.no/utdanning/norsk-standard-for-utdanningsgruppering</ExternalDocument>
      </ExternalDocumentGrp>
      <ChangesGrp>
        <Change xml:lang="nn">Ikkje relevant</Change>
        <Change xml:lang="nb">Ikke relevant</Change>
        <Change xml:lang="en">Not relevant</Change>
      </ChangesGrp>
      <DerivedFromGrp>
        <DerviedFrom xml:lang="nn">Ikkje relevant</DerviedFrom>
        <DerviedFrom xml:lang="nb">Ikke relevant</DerviedFrom>
        <DerviedFrom xml:lang="en">Not relevant</DerviedFrom>
      </DerivedFromGrp>
      <LegalBaseGrp>
        <LegalBase xml:lang="nn">Ikkje relevant</LegalBase>
        <LegalBase xml:lang="nb">Ikke relevant</LegalBase>
        <LegalBase xml:lang="en">Not relevant</LegalBase>
      </LegalBaseGrp>
      <Level levelNumber="1" id="urn:ssb:classlevel:stabas:8917029" codeStructure="99">
        <TitleGrp>
          <Title xml:lang="nn">Studieretning/utdanningsprogram (NUS 2014/1): Studieretning</Title>
          <Title xml:lang="nb">Studieretning/utdanningsprogram (NUS 2014/1) ugyldig f.o.m. 9. nov 2015: Studieretning</Title>
          <Title xml:lang="en">Areas of study- /education programmes (NUS 2014/1): Study direction</Title>
        </TitleGrp>
        <CodelistReference>urn:ssb:codelist:stabas:8917029</CodelistReference>
        <Level levelNumber="2" id="urn:ssb:classlevel:stabas:8917031" codeStructure="999999">
          <TitleGrp>
            <Title xml:lang="nn">Studieretning/utdanningsprogram (NUS 2014/1): Utdanningskode</Title>
            <Title xml:lang="nb">Studieretning/utdanningsprogram (NUS 2014/1) ugyldig f.o.m. 9. nov 2015: Utdanningskode</Title>
            <Title xml:lang="en">Areas of study- /education programmes (NUS 2014/1): Education code</Title>
          </TitleGrp>
          <CodelistReference>urn:ssb:codelist:stabas:8917031</CodelistReference>
        </Level>
      </Level>
    </ClassificationVersion>
    <ClassificationVersion id="urn:ssb:classversion:stabas:8770859" isCurrentVersion="false" validFrom="2013-07-01" validTo="2013-12-31" isUnderConstruction="false" updatesPossible="false" disseminationAllowed="true" lastChangedDate="2014-01-01" showIntranet="true" showInternet="true">
      <TitleGrp>
        <Title xml:lang="nn">Studieretning/utdanningsprogram (NUS 2013/2)</Title>
        <Title xml:lang="nb">Studieretning/utdanningsprogram (NUS 2013/2)</Title>
        <Title xml:lang="en">Areas of study- /education programmes (NUS 2013/2)</Title>
      </TitleGrp>
      <DescriptionGrp>
        <Description xml:lang="nn">Studieretnings-/utdanningsprogramkode blir brukt for å gruppere utdanningar på nivå 3-5. Dette er ei skjematisk standardgruppering som framfor alt er tenkt som ei forenkling i samband med presentasjonen av offisiell utdanningsstatistikk. Studieretningskodane 21-50, samt 99, høyrer inn under Reform 94. Utdanningsprogramkodane 60-98 høyrer inn under reforma Kunnskapsløftet frå 2006, men  Alternativ opplæring (kode 98) er ikkje eit utdanningsprogram. For meir informasjon, sjå pkt. 3.2.4. i NOS C 676 (under publikasjonar).</Description>
        <Description xml:lang="nb">Studieretnings-/utdanningsprogramkode brukes for å gruppere utdanninger på nivå 3-5. Dette er en grovere standardgruppering som først og fremst er tenkt som en forenkling i forbindelse med presentasjon av offisiell utdanningsstatistikk. Studieretningskodene 21-50, samt 99, hører inn under Reform 94. Utdanningsprogramkodene 60-98 hører inn under reformen Kunnskapsløftet fra 2006, men  Alternativ opplæring (kode 98) er ikke et utdanningsprogram. For mer informasjon, se pkt. 3.2.4. i NOS C 617  (under publikasjoner).</Description>
        <Description xml:lang="en">An area of study- /education programme code is used to classify educations at level 3-5. This is a course standard classification primarily for simplifying the presentation of official education statistics. The area of study codes 21-50, and 99, belong to Reform 94. The education programmes 60-98 belong to The Knowledge Promotion from 2006, but Alternative education (code 98) is not an education programme. For more information, see 3.2.4. in NOS C 751 (under publications).</Description>
      </DescriptionGrp>
      <IntroductionGrp>
        <Indtroduction xml:lang="nn">NUS2000 inneheld, i tillegg til den sekssifra NUS-koden, også andre kodar knytte til utdanning. Studieretnings-/utdanningsprogramkode er ei slik gruppering. Desse supplerer NUS2000-standarden, men har, med unntak av ISCED97, ikkje status som offisielle standardar i SSB.</Indtroduction>
        <Indtroduction xml:lang="nb">NUS2000 inneholder, i tillegg til den sekssifrede NUS-koden, også andre koder knyttet til utdanning. Studieretnings-/utdanningsprogramkode er en slik gruppering. Disse supplerer NUS2000-standarden, men har, med unntak av ISCED97, ikke status som offisielle standarder i SSB.</Indtroduction>
        <Indtroduction xml:lang="en">In addition to the six digit NUS code, NUS2000 also consist of other codes concerning education. Area of study- /education programme code is such a classification. These codes supplement the NUS2000 standard, but with exception from ISCED97, they do not have status as official standards in Statistics Norway.</Indtroduction>
      </IntroductionGrp>
      <ContactInformation>
        <Person xmlns="http://www.ssb.no/ns/meta/common">gki</Person>
        <Division xmlns="http://www.ssb.no/ns/meta/common">360</Division>
      </ContactInformation>
      <ExternalDocumentGrp>
        <ExternalDocument xml:lang="nn">NOS C 676   http://www.ssb.no/emner/04/90/nos_c617/nos_c676.pdf</ExternalDocument>
        <ExternalDocument xml:lang="nb">NOS C 617   http://www.ssb.no/emner/04/90/nos_c617/nos_c617.pdf</ExternalDocument>
        <ExternalDocument xml:lang="en">http://www.ssb.no/english/subjects/04/90/nos_c751_en/nos_c751_en.pdf</ExternalDocument>
      </ExternalDocumentGrp>
      <ChangesGrp>
        <Change xml:lang="nn">Ikkje relevant</Change>
        <Change xml:lang="nb">Ikke relevant</Change>
        <Change xml:lang="en">Not relevant</Change>
      </ChangesGrp>
      <DerivedFromGrp>
        <DerviedFrom xml:lang="nn">Ikkje relevant</DerviedFrom>
        <DerviedFrom xml:lang="nb">Ikke relevant</DerviedFrom>
        <DerviedFrom xml:lang="en">Not relevant</DerviedFrom>
      </DerivedFromGrp>
      <LegalBaseGrp>
        <LegalBase xml:lang="nn">Ikkje relevant</LegalBase>
        <LegalBase xml:lang="nb">Ikke relevant</LegalBase>
        <LegalBase xml:lang="en">Not relevant</LegalBase>
      </LegalBaseGrp>
      <Level levelNumber="1" id="urn:ssb:classlevel:stabas:8770861" codeStructure="99">
        <TitleGrp>
          <Title xml:lang="nn">Studieretning/utdanningsprogram (NUS 2013/2): Studieretning</Title>
          <Title xml:lang="nb">Studieretning/utdanningsprogram (NUS 2013/2): Studieretning</Title>
          <Title xml:lang="en">Areas of study- /education programmes (NUS 2013/2): Study direction</Title>
        </TitleGrp>
        <CodelistReference>urn:ssb:codelist:stabas:8770861</CodelistReference>
        <Level levelNumber="2" id="urn:ssb:classlevel:stabas:8770863" codeStructure="999999">
          <TitleGrp>
            <Title xml:lang="nn">Studieretning/utdanningsprogram (NUS 2013/2): Utdanningskode</Title>
            <Title xml:lang="nb">Studieretning/utdanningsprogram (NUS 2013/2): Utdanningskode</Title>
            <Title xml:lang="en">Areas of study- /education programmes (NUS 2013/2): Education code</Title>
          </TitleGrp>
          <CodelistReference>urn:ssb:codelist:stabas:8770863</CodelistReference>
        </Level>
      </Level>
    </ClassificationVersion>
    <ClassificationVersion id="urn:ssb:classversion:stabas:8541801" isCurrentVersion="false" validFrom="2013-01-01" validTo="2013-06-30" isUnderConstruction="false" updatesPossible="false" disseminationAllowed="true" lastChangedDate="2013-07-01" showIntranet="true" showInternet="true">
      <TitleGrp>
        <Title xml:lang="nn">Studieretning/utdanningsprogram (NUS 2013/1)</Title>
        <Title xml:lang="nb">Studieretning/utdanningsprogram (NUS 2013/1)</Title>
        <Title xml:lang="en">Areas of study- /education programmes (NUS 2013/1)</Title>
      </TitleGrp>
      <DescriptionGrp>
        <Description xml:lang="nn">Studieretnings-/utdanningsprogramkode blir brukt for å gruppere utdanningar på nivå 3-5. Dette er ei skjematisk standardgruppering som framfor alt er tenkt som ei forenkling i samband med presentasjonen av offisiell utdanningsstatistikk. Studieretningskodane 21-50, samt 99, høyrer inn under Reform 94. Utdanningsprogramkodane 60-98 høyrer inn under reforma Kunnskapsløftet frå 2006, men  Alternativ opplæring (kode 98) er ikkje eit utdanningsprogram. For meir informasjon, sjå pkt. 3.2.4. i NOS C 676 (under publikasjonar).</Description>
        <Description xml:lang="nb">Studieretnings-/utdanningsprogramkode brukes for å gruppere utdanninger på nivå 3-5. Dette er en grovere standardgruppering som først og fremst er tenkt som en forenkling i forbindelse med presentasjon av offisiell utdanningsstatistikk. Studieretningskodene 21-50, samt 99, hører inn under Reform 94. Utdanningsprogramkodene 60-98 hører inn under reformen Kunnskapsløftet fra 2006, men  Alternativ opplæring (kode 98) er ikke et utdanningsprogram. For mer informasjon, se pkt. 3.2.4. i NOS C 617  (under publikasjoner).</Description>
        <Description xml:lang="en">An area of study- /education programme code is used to classify educations at level 3-5. This is a course standard classification primarily for simplifying the presentation of official education statistics. The area of study codes 21-50, and 99, belong to Reform 94. The education programmes 60-98 belong to The Knowledge Promotion from 2006, but Alternative education (code 98) is not an education programme. For more information, see 3.2.4. in NOS C 751 (under publications).</Description>
      </DescriptionGrp>
      <IntroductionGrp>
        <Indtroduction xml:lang="nn">NUS2000 inneheld, i tillegg til den sekssifra NUS-koden, også andre kodar knytte til utdanning. Studieretnings-/utdanningsprogramkode er ei slik gruppering. Desse supplerer NUS2000-standarden, men har, med unntak av ISCED97, ikkje status som offisielle standardar i SSB. </Indtroduction>
        <Indtroduction xml:lang="nb">NUS2000 inneholder, i tillegg til den sekssifrede NUS-koden, også andre koder knyttet til utdanning. Studieretnings-/utdanningsprogramkode er en slik gruppering. Disse supplerer NUS2000-standarden, men har, med unntak av ISCED97, ikke status som offisielle standarder i SSB.</Indtroduction>
        <Indtroduction xml:lang="en">In addition to the six digit NUS code, NUS2000 also consist of other codes concerning education. Area of study- /education programme code is such a classification. These codes supplement the NUS2000 standard, but with exception from ISCED97, they do not have status as official standards in Statistics Norway.</Indtroduction>
      </IntroductionGrp>
      <ContactInformation>
        <Person xmlns="http://www.ssb.no/ns/meta/common">gki</Person>
        <Division xmlns="http://www.ssb.no/ns/meta/common">360</Division>
      </ContactInformation>
      <ExternalDocumentGrp>
        <ExternalDocument xml:lang="nn">NOS C 676   http://www.ssb.no/emner/04/90/nos_c617/nos_c676.pdf</ExternalDocument>
        <ExternalDocument xml:lang="nb">NOS C 617   http://www.ssb.no/emner/04/90/nos_c617/nos_c617.pdf</ExternalDocument>
        <ExternalDocument xml:lang="en">http://www.ssb.no/english/subjects/04/90/nos_c751_en/nos_c751_en.pdf</ExternalDocument>
      </ExternalDocumentGrp>
      <ChangesGrp>
        <Change xml:lang="nn">Ikkje relevant</Change>
        <Change xml:lang="nb">Ikke relevant</Change>
        <Change xml:lang="en">Not relevant</Change>
      </ChangesGrp>
      <DerivedFromGrp>
        <DerviedFrom xml:lang="nn">Ikkje relevant</DerviedFrom>
        <DerviedFrom xml:lang="nb">Ikke relevant</DerviedFrom>
        <DerviedFrom xml:lang="en">Not relevant</DerviedFrom>
      </DerivedFromGrp>
      <LegalBaseGrp>
        <LegalBase xml:lang="nn">Ikkje relevant</LegalBase>
        <LegalBase xml:lang="nb">Ikke relevant</LegalBase>
        <LegalBase xml:lang="en">Not relevant</LegalBase>
      </LegalBaseGrp>
      <Level levelNumber="1" id="urn:ssb:classlevel:stabas:8541803" codeStructure="99">
        <TitleGrp>
          <Title xml:lang="nn">Studieretning/utdanningsprogram (NUS 2013/1): Studieretning</Title>
          <Title xml:lang="nb">Studieretning/utdanningsprogram (NUS 2013/1): Studieretning</Title>
          <Title xml:lang="en">Areas of study- /education programmes (NUS 2013/1): Study direction</Title>
        </TitleGrp>
        <CodelistReference>urn:ssb:codelist:stabas:8541803</CodelistReference>
        <Level levelNumber="2" id="urn:ssb:classlevel:stabas:8541805" codeStructure="999999">
          <TitleGrp>
            <Title xml:lang="nn">Studieretning/utdanningsprogram (NUS 2013/1): Utdanningskode</Title>
            <Title xml:lang="nb">Studieretning/utdanningsprogram (NUS 2013/1): Utdanningskode</Title>
            <Title xml:lang="en">Areas of study- /education programmes (NUS 2013/1): Education code</Title>
          </TitleGrp>
          <CodelistReference>urn:ssb:codelist:stabas:8541805</CodelistReference>
        </Level>
      </Level>
    </ClassificationVersion>
    <ClassificationVersion id="urn:ssb:classversion:stabas:8416309" isCurrentVersion="false" validFrom="2012-07-01" validTo="2012-12-31" isUnderConstruction="false" updatesPossible="false" disseminationAllowed="true" lastChangedDate="2013-01-09" showIntranet="true" showInternet="true">
      <TitleGrp>
        <Title xml:lang="nn">Studieretning/utdanningsprogram (NUS 2012/2)</Title>
        <Title xml:lang="nb">Studieretning/utdanningsprogram (NUS 2012/2)</Title>
        <Title xml:lang="en">Areas of study- /education programmes (NUS 2012/2)</Title>
      </TitleGrp>
      <DescriptionGrp>
        <Description xml:lang="nn">Studieretnings-/utdanningsprogramkode blir brukt for å gruppere utdanningar på nivå 3-5. Dette er ei skjematisk standardgruppering som framfor alt er tenkt som ei forenkling i samband med presentasjonen av offisiell utdanningsstatistikk. Studieretningskodane 21-50, samt 99, høyrer inn under Reform 94. Utdanningsprogramkodane 60-98 høyrer inn under reforma Kunnskapsløftet frå 2006, men  Alternativ opplæring (kode 98) er ikkje eit utdanningsprogram. For meir informasjon, sjå pkt. 3.2.4. i NOS C 676 (under publikasjonar).</Description>
        <Description xml:lang="nb">Studieretnings-/utdanningsprogramkode brukes for å gruppere utdanninger på nivå 3-5. Dette er en grovere standardgruppering som først og fremst er tenkt som en forenkling i forbindelse med presentasjon av offisiell utdanningsstatistikk. Studieretningskodene 21-50, samt 99, hører inn under Reform 94. Utdanningsprogramkodene 60-98 hører inn under reformen Kunnskapsløftet fra 2006, men  Alternativ opplæring (kode 98) er ikke et utdanningsprogram. For mer informasjon, se pkt. 3.2.4. i NOS C 617  (under publikasjoner).</Description>
        <Description xml:lang="en">An area of study- /education programme code is used to classify educations at level 3-5. This is a course standard classification primarily for simplifying the presentation of official education statistics. The area of study codes 21-50, and 99, belong to Reform 94. The education programmes 60-98 belong to The Knowledge Promotion from 2006, but Alternative education (code 98) is not an education programme. For more information, see 3.2.4. in NOS C 751 (under publications). </Description>
      </DescriptionGrp>
      <IntroductionGrp>
        <Indtroduction xml:lang="nn">NUS2000 inneheld, i tillegg til den sekssifra NUS-koden, også andre kodar knytte til utdanning. Studieretnings-/utdanningsprogramkode er ei slik gruppering. Desse supplerer NUS2000-standarden, men har, med unntak av ISCED97, ikkje status som offisielle standardar i SSB. 
</Indtroduction>
        <Indtroduction xml:lang="nb">NUS2000 inneholder, i tillegg til den sekssifrede NUS-koden, også andre koder knyttet til utdanning. Studieretnings-/utdanningsprogramkode er en slik gruppering. Disse supplerer NUS2000-standarden, men har, med unntak av ISCED97, ikke status som offisielle standarder i SSB.</Indtroduction>
        <Indtroduction xml:lang="en">In addition to the six digit NUS code, NUS2000 also consist of other codes concerning education. Area of study- /education programme code is such a classification. These codes supplement the NUS2000 standard, but with exception from ISCED97, they do not have status as official standards in Statistics Norway.</Indtroduction>
      </IntroductionGrp>
      <ContactInformation>
        <Person xmlns="http://www.ssb.no/ns/meta/common">gki</Person>
        <Division xmlns="http://www.ssb.no/ns/meta/common">360</Division>
      </ContactInformation>
      <ExternalDocumentGrp>
        <ExternalDocument xml:lang="nn">NOS C 676   http://www.ssb.no/emner/04/90/nos_c617/nos_c676.pdf</ExternalDocument>
        <ExternalDocument xml:lang="nb">NOS C 617   http://www.ssb.no/emner/04/90/nos_c617/nos_c617.pdf</ExternalDocument>
        <ExternalDocument xml:lang="en">http://www.ssb.no/english/subjects/04/90/nos_c751_en/nos_c751_en.pdf</ExternalDocument>
      </ExternalDocumentGrp>
      <ChangesGrp>
        <Change xml:lang="nn">Ikkje relevant</Change>
        <Change xml:lang="nb">Ikke relevant</Change>
        <Change xml:lang="en">Not relevant</Change>
      </ChangesGrp>
      <DerivedFromGrp>
        <DerviedFrom xml:lang="nn">Ikkje relevant</DerviedFrom>
        <DerviedFrom xml:lang="nb">Ikke relevant</DerviedFrom>
        <DerviedFrom xml:lang="en">Not relevant</DerviedFrom>
      </DerivedFromGrp>
      <LegalBaseGrp>
        <LegalBase xml:lang="nn">Ikkje relevant</LegalBase>
        <LegalBase xml:lang="nb">Ikke relevant</LegalBase>
        <LegalBase xml:lang="en">Not relevant</LegalBase>
      </LegalBaseGrp>
      <Level levelNumber="1" id="urn:ssb:classlevel:stabas:8416311" codeStructure="99">
        <TitleGrp>
          <Title xml:lang="nn">Studieretning/utdanningsprogram (NUS 2012/2): Studieretning</Title>
          <Title xml:lang="nb">Studieretning/utdanningsprogram (NUS 2012/2): Studieretning</Title>
          <Title xml:lang="en">Areas of study- /education programmes (NUS 2012/2): Study direction</Title>
        </TitleGrp>
        <CodelistReference>urn:ssb:codelist:stabas:8416311</CodelistReference>
        <Level levelNumber="2" id="urn:ssb:classlevel:stabas:8416313" codeStructure="999999">
          <TitleGrp>
            <Title xml:lang="nn">Studieretning/utdanningsprogram (NUS 2012/2): Utdanningskode</Title>
            <Title xml:lang="nb">Studieretning/utdanningsprogram (NUS 2012/2): Utdanningskode</Title>
            <Title xml:lang="en">Areas of study- /education programmes (NUS 2012/2): Education code</Title>
          </TitleGrp>
          <CodelistReference>urn:ssb:codelist:stabas:8416313</CodelistReference>
        </Level>
      </Level>
    </ClassificationVersion>
    <ClassificationVersion id="urn:ssb:classversion:stabas:8150181" isCurrentVersion="false" validFrom="2012-01-01" validTo="2012-06-30" isUnderConstruction="false" updatesPossible="false" disseminationAllowed="true" lastChangedDate="2012-07-31" showIntranet="true" showInternet="true">
      <TitleGrp>
        <Title xml:lang="nn">Studieretning/utdanningsprogram (NUS 2012/1)</Title>
        <Title xml:lang="nb">Studieretning/utdanningsprogram (NUS 2012/1)</Title>
        <Title xml:lang="en">Areas of study- /education programmes (NUS 2012/1)</Title>
      </TitleGrp>
      <DescriptionGrp>
        <Description xml:lang="nn">Studieretnings-/utdanningsprogramkode blir brukt for å gruppere utdanningar på nivå 3-5. Dette er ei skjematisk standardgruppering som framfor alt er tenkt som ei forenkling i samband med presentasjonen av offisiell utdanningsstatistikk. Studieretningskodane 21-50, samt 99, høyrer inn under Reform 94. Utdanningsprogramkodane 60-98 høyrer inn under reforma Kunnskapsløftet frå 2006, men  Alternativ opplæring (kode 98) er ikkje eit utdanningsprogram. For meir informasjon, sjå pkt. 3.2.4. i NOS C 676 (under publikasjonar).
</Description>
        <Description xml:lang="nb">Studieretnings-/utdanningsprogramkode brukes for å gruppere utdanninger på nivå 3-5. Dette er en grovere standardgruppering som først og fremst er tenkt som en forenkling i forbindelse med presentasjon av offisiell utdanningsstatistikk. Studieretningskodene 21-50, samt 99, hører inn under Reform 94. Utdanningsprogramkodene 60-98 hører inn under reformen Kunnskapsløftet fra 2006, men  Alternativ opplæring (kode 98) er ikke et utdanningsprogram. For mer informasjon, se pkt. 3.2.4. i NOS C 617  (under publikasjoner).
</Description>
        <Description xml:lang="en">An area of study- /education programme code is used to classify educations at level 3-5. This is a course standard classification primarily for simplifying the presentation of official education statistics. The area of study codes 21-50, and 99, belong to Reform 94. The education programmes 60-98 belong to The Knowledge Promotion from 2006, but Alternative education (code 98) is not an education programme. For more information, see 3.2.4. in NOS C 751 (under publications). 
</Description>
      </DescriptionGrp>
      <IntroductionGrp>
        <Indtroduction xml:lang="nn">NUS2000 inneheld, i tillegg til den sekssifra NUS-koden, også andre kodar knytte til utdanning. Studieretnings-/utdanningsprogramkode er ei slik gruppering. Desse supplerer NUS2000-standarden, men har, med unntak av ISCED97, ikkje status som offisielle standardar i SSB. 
</Indtroduction>
        <Indtroduction xml:lang="nb">NUS2000 inneholder, i tillegg til den sekssifrede NUS-koden, også andre koder knyttet til utdanning. Studieretnings-/utdanningsprogramkode er en slik gruppering. Disse supplerer NUS2000-standarden, men har, med unntak av ISCED97, ikke status som offisielle standarder i SSB.</Indtroduction>
        <Indtroduction xml:lang="en">In addition to the six digit NUS code, NUS2000 also consist of other codes concerning education. Area of study- /education programme code is such a classification. These codes supplement the NUS2000 standard, but with exception from ISCED97, they do not have status as official standards in Statistics Norway.</Indtroduction>
      </IntroductionGrp>
      <ContactInformation>
        <Person xmlns="http://www.ssb.no/ns/meta/common">gki</Person>
        <Division xmlns="http://www.ssb.no/ns/meta/common">360</Division>
      </ContactInformation>
      <ExternalDocumentGrp>
        <ExternalDocument xml:lang="nn">NOS C 676   http://www.ssb.no/emner/04/90/nos_c617/nos_c676.pdf</ExternalDocument>
        <ExternalDocument xml:lang="nb">NOS C 617   http://www.ssb.no/emner/04/90/nos_c617/nos_c617.pdf</ExternalDocument>
        <ExternalDocument xml:lang="en">http://www.ssb.no/english/subjects/04/90/nos_c751_en/nos_c751_en.pdf</ExternalDocument>
      </ExternalDocumentGrp>
      <ChangesGrp>
        <Change xml:lang="nn">Ikkje relevant</Change>
        <Change xml:lang="nb">Ikke relevant</Change>
        <Change xml:lang="en">Not relevant</Change>
      </ChangesGrp>
      <DerivedFromGrp>
        <DerviedFrom xml:lang="nn">Ikkje relevant</DerviedFrom>
        <DerviedFrom xml:lang="nb">Ikke relevant</DerviedFrom>
        <DerviedFrom xml:lang="en">Not relevant</DerviedFrom>
      </DerivedFromGrp>
      <LegalBaseGrp>
        <LegalBase xml:lang="nn">Ikkje relevant</LegalBase>
        <LegalBase xml:lang="nb">Ikke relevant</LegalBase>
        <LegalBase xml:lang="en">Not relevant</LegalBase>
      </LegalBaseGrp>
      <Level levelNumber="1" id="urn:ssb:classlevel:stabas:8150183" codeStructure="99">
        <TitleGrp>
          <Title xml:lang="nn">Studieretning/utdanningsprogram (NUS 2012/1): Studieretning</Title>
          <Title xml:lang="nb">Studieretning/utdanningsprogram (NUS 2012/1): Studieretning</Title>
          <Title xml:lang="en">Areas of study- /education programmes (NUS 2012/1): Study direction</Title>
        </TitleGrp>
        <CodelistReference>urn:ssb:codelist:stabas:8150183</CodelistReference>
        <Level levelNumber="2" id="urn:ssb:classlevel:stabas:8150185" codeStructure="999999">
          <TitleGrp>
            <Title xml:lang="nn">Studieretning/utdanningsprogram (NUS 2012/1): Utdanningskode</Title>
            <Title xml:lang="nb">Studieretning/utdanningsprogram (NUS 2012/1): Utdanningskode</Title>
            <Title xml:lang="en">Areas of study- /education programmes (NUS 2012/1): Education code</Title>
          </TitleGrp>
          <CodelistReference>urn:ssb:codelist:stabas:8150185</CodelistReference>
        </Level>
      </Level>
    </ClassificationVersion>
    <ClassificationVersion id="urn:ssb:classversion:stabas:8043333" isCurrentVersion="false" validFrom="2011-07-01" validTo="2011-12-31" isUnderConstruction="false" updatesPossible="false" disseminationAllowed="true" lastChangedDate="2012-01-04" showIntranet="true" showInternet="true">
      <TitleGrp>
        <Title xml:lang="nn">Studieretning/utdanningsprogram (NUS 2011/2)</Title>
        <Title xml:lang="nb">Studieretning/utdanningsprogram (NUS 2011/2)</Title>
        <Title xml:lang="en">Areas of study- /education programmes (NUS 2011/2)</Title>
      </TitleGrp>
      <DescriptionGrp>
        <Description xml:lang="nn">Studieretnings-/utdanningsprogramkode blir brukt for å gruppere utdanningar på nivå 3-5. Dette er ei skjematisk standardgruppering som framfor alt er tenkt som ei forenkling i samband med presentasjonen av offisiell utdanningsstatistikk. Studieretningskodane 21-50, samt 99, høyrer inn under Reform 94. Utdanningsprogramkodane 60-98 høyrer inn under reforma Kunnskapsløftet frå 2006, men  Alternativ opplæring (kode 98) er ikkje eit utdanningsprogram. For meir informasjon, sjå pkt. 3.2.4. i NOS C 676 (under publikasjonar).</Description>
        <Description xml:lang="nb">Studieretnings-/utdanningsprogramkode brukes for å gruppere utdanninger på nivå 3-5. Dette er en grovere standardgruppering som først og fremst er tenkt som en forenkling i forbindelse med presentasjon av offisiell utdanningsstatistikk. Studieretningskodene 21-50, samt 99, hører inn under Reform 94. Utdanningsprogramkodene 60-98 hører inn under reformen Kunnskapsløftet fra 2006, men  Alternativ opplæring (kode 98) er ikke et utdanningsprogram. For mer informasjon, se pkt. 3.2.4. i NOS C 617  (under publikasjoner).
</Description>
        <Description xml:lang="en">An area of study- /education programme code is used to classify educations at level 3-5. This is a course standard classification primarily for simplifying the presentation of official education statistics. The area of study codes 21-50, and 99, belong to Reform 94. The education programmes 60-98 belong to The Knowledge Promotion from 2006, but Alternative education (code 98) is not an education programme. For more information, see 3.2.4. in NOS C 751 (under publications). 
</Description>
      </DescriptionGrp>
      <IntroductionGrp>
        <Indtroduction xml:lang="nn">NUS2000 inneheld, i tillegg til den sekssifra NUS-koden, også andre kodar knytte til utdanning. Studieretnings-/utdanningsprogramkode er ei slik gruppering. Desse supplerer NUS2000-standarden, men har, med unntak av ISCED97, ikkje status som offisielle standardar i SSB. 
</Indtroduction>
        <Indtroduction xml:lang="nb">NUS2000 inneholder, i tillegg til den sekssifrede NUS-koden, også andre koder knyttet til utdanning. Studieretnings-/utdanningsprogramkode er en slik gruppering. Disse supplerer NUS2000-standarden, men har, med unntak av ISCED97, ikke status som offisielle standarder i SSB.</Indtroduction>
        <Indtroduction xml:lang="en">In addition to the six digit NUS code, NUS2000 also consist of other codes concerning education. Area of study- /education programme code is such a classification. These codes supplement the NUS2000 standard, but with exception from ISCED97, they do not have status as official standards in Statistics Norway.</Indtroduction>
      </IntroductionGrp>
      <ContactInformation>
        <Person xmlns="http://www.ssb.no/ns/meta/common">gki</Person>
        <Division xmlns="http://www.ssb.no/ns/meta/common">360</Division>
      </ContactInformation>
      <ExternalDocumentGrp>
        <ExternalDocument xml:lang="nn">NOS C 676   http://www.ssb.no/emner/04/90/nos_c617/nos_c676.pdf</ExternalDocument>
        <ExternalDocument xml:lang="nb">NOS C 617   http://www.ssb.no/emner/04/90/nos_c617/nos_c617.pdf</ExternalDocument>
        <ExternalDocument xml:lang="en">http://www.ssb.no/english/subjects/04/90/nos_c751_en/nos_c751_en.pdf</ExternalDocument>
      </ExternalDocumentGrp>
      <ChangesGrp>
        <Change xml:lang="nn">Ikkje relevant</Change>
        <Change xml:lang="nb">Ikke relevant</Change>
        <Change xml:lang="en">Not relevant</Change>
      </ChangesGrp>
      <DerivedFromGrp>
        <DerviedFrom xml:lang="nn">Ikkje relevant</DerviedFrom>
        <DerviedFrom xml:lang="nb">Ikke relevant</DerviedFrom>
        <DerviedFrom xml:lang="en">Not relevant</DerviedFrom>
      </DerivedFromGrp>
      <LegalBaseGrp>
        <LegalBase xml:lang="nn">Ikkje relevant</LegalBase>
        <LegalBase xml:lang="nb">Ikke relevant</LegalBase>
        <LegalBase xml:lang="en">Not relevant</LegalBase>
      </LegalBaseGrp>
      <Level levelNumber="1" id="urn:ssb:classlevel:stabas:8043335" codeStructure="99">
        <TitleGrp>
          <Title xml:lang="nn">Studieretning/utdanningsprogram (NUS 2011/2): Studieretning</Title>
          <Title xml:lang="nb">Studieretning/utdanningsprogram (NUS 2011/2): Studieretning</Title>
          <Title xml:lang="en">Areas of study- /education programmes (NUS 2011/2): Study direction</Title>
        </TitleGrp>
        <CodelistReference>urn:ssb:codelist:stabas:8043335</CodelistReference>
        <Level levelNumber="2" id="urn:ssb:classlevel:stabas:8043337" codeStructure="999999">
          <TitleGrp>
            <Title xml:lang="nn">Studieretning/utdanningsprogram (NUS 2011/2): Utdanningskode</Title>
            <Title xml:lang="nb">Studieretning/utdanningsprogram (NUS 2011/2): Utdanningskode</Title>
            <Title xml:lang="en">Areas of study- /education programmes (NUS 2011/2): Education code</Title>
          </TitleGrp>
          <CodelistReference>urn:ssb:codelist:stabas:8043337</CodelistReference>
        </Level>
      </Level>
    </ClassificationVersion>
    <ClassificationVersion id="urn:ssb:classversion:stabas:7255363" isCurrentVersion="false" validFrom="2011-01-01" validTo="2011-06-30" isUnderConstruction="false" updatesPossible="false" disseminationAllowed="true" lastChangedDate="2011-06-30" showIntranet="true" showInternet="true">
      <TitleGrp>
        <Title xml:lang="nn">Studieretning/utdanningsprogram (NUS 2011/1)</Title>
        <Title xml:lang="nb">Studieretning/utdanningsprogram (NUS 2011/1)</Title>
        <Title xml:lang="en">Areas of study- /education programmes (NUS 2011/1)</Title>
      </TitleGrp>
      <DescriptionGrp>
        <Description xml:lang="nn">Studieretnings-/utdanningsprogramkode blir brukt for å gruppere utdanningar på nivå 3-5. Dette er ei skjematisk standardgruppering som framfor alt er tenkt som ei forenkling i samband med presentasjonen av offisiell utdanningsstatistikk. Studieretningskodane 21-50, samt 99, høyrer inn under Reform 94. Utdanningsprogramkodane 60-98 høyrer inn under reforma Kunnskapsløftet frå 2006, men  Alternativ opplæring (kode 98) er ikkje eit utdanningsprogram. For meir informasjon, sjå pkt. 3.2.4. i NOS C 676 (under publikasjonar).</Description>
        <Description xml:lang="nb">Studieretnings-/utdanningsprogramkode brukes for å gruppere utdanninger på nivå 3-5. Dette er en grovere standardgruppering som først og fremst er tenkt som en forenkling i forbindelse med presentasjon av offisiell utdanningsstatistikk. Studieretningskodene 21-50, samt 99, hører inn under Reform 94. Utdanningsprogramkodene 60-98 hører inn under reformen Kunnskapsløftet fra 2006, men  Alternativ opplæring (kode 98) er ikke et utdanningsprogram. For mer informasjon, se pkt. 3.2.4. i NOS C 617  (under publikasjoner).
</Description>
        <Description xml:lang="en">An area of study- /education programme code is used to classify educations at level 3-5. This is a course standard classification primarily for simplifying the presentation of official education statistics. The area of study codes 21-50, and 99, belong to Reform 94. The education programmes 60-98 belong to The Knowledge Promotion from 2006, but Alternative education (code 98) is not an education programme. For more information, see 3.2.4. in NOS C 751 (under publications). 
</Description>
      </DescriptionGrp>
      <IntroductionGrp>
        <Indtroduction xml:lang="nn">NUS2000 inneheld, i tillegg til den sekssifra NUS-koden, også andre kodar knytte til utdanning. Studieretnings-/utdanningsprogramkode er ei slik gruppering. Desse supplerer NUS2000-standarden, men har, med unntak av ISCED97, ikkje status som offisielle standardar i SSB. 
</Indtroduction>
        <Indtroduction xml:lang="nb">NUS2000 inneholder, i tillegg til den sekssifrede NUS-koden, også andre koder knyttet til utdanning. Studieretnings-/utdanningsprogramkode er en slik gruppering. Disse supplerer NUS2000-standarden, men har, med unntak av ISCED97, ikke status som offisielle standarder i SSB.</Indtroduction>
        <Indtroduction xml:lang="en">In addition to the six digit NUS code, NUS2000 also consist of other codes concerning education. Area of study- /education programme code is such a classification. These codes supplement the NUS2000 standard, but with exception from ISCED97, they do not have status as official standards in Statistics Norway.</Indtroduction>
      </IntroductionGrp>
      <ContactInformation>
        <Person xmlns="http://www.ssb.no/ns/meta/common">gki</Person>
        <Division xmlns="http://www.ssb.no/ns/meta/common">360</Division>
      </ContactInformation>
      <ExternalDocumentGrp>
        <ExternalDocument xml:lang="nn">NOS C 676   http://www.ssb.no/emner/04/90/nos_c617/nos_c676.pdf</ExternalDocument>
        <ExternalDocument xml:lang="nb">NOS C 617   http://www.ssb.no/emner/04/90/nos_c617/nos_c617.pdf</ExternalDocument>
        <ExternalDocument xml:lang="en">http://www.ssb.no/english/subjects/04/90/nos_c751_en/nos_c751_en.pdf</ExternalDocument>
      </ExternalDocumentGrp>
      <ChangesGrp>
        <Change xml:lang="nn">Ikkje relevant</Change>
        <Change xml:lang="nb">Ikke relevant</Change>
        <Change xml:lang="en">Not relevant</Change>
      </ChangesGrp>
      <DerivedFromGrp>
        <DerviedFrom xml:lang="nn">Ikkje relevant</DerviedFrom>
        <DerviedFrom xml:lang="nb">Ikke relevant</DerviedFrom>
        <DerviedFrom xml:lang="en">Not relevant</DerviedFrom>
      </DerivedFromGrp>
      <LegalBaseGrp>
        <LegalBase xml:lang="nn">Ikkje relevant</LegalBase>
        <LegalBase xml:lang="nb">Ikke relevant</LegalBase>
        <LegalBase xml:lang="en">Not relevant</LegalBase>
      </LegalBaseGrp>
      <Level levelNumber="1" id="urn:ssb:classlevel:stabas:7255365" codeStructure="99">
        <TitleGrp>
          <Title xml:lang="nn">Studieretning/utdanningsprogram (NUS 2011/1): Studieretning</Title>
          <Title xml:lang="nb">Studieretning/utdanningsprogram (NUS 2011/1): Studieretning</Title>
          <Title xml:lang="en">Areas of study- /education programmes (NUS 2011/1): Study direction</Title>
        </TitleGrp>
        <CodelistReference>urn:ssb:codelist:stabas:7255365</CodelistReference>
        <Level levelNumber="2" id="urn:ssb:classlevel:stabas:7255367" codeStructure="999999">
          <TitleGrp>
            <Title xml:lang="nn">Studieretning/utdanningsprogram (NUS 2011/1): Utdanningskode</Title>
            <Title xml:lang="nb">Studieretning/utdanningsprogram (NUS 2011/1): Utdanningskode</Title>
            <Title xml:lang="en">Areas of study- /education programmes (NUS 2011/1): Education code</Title>
          </TitleGrp>
          <CodelistReference>urn:ssb:codelist:stabas:7255367</CodelistReference>
        </Level>
      </Level>
    </ClassificationVersion>
    <ClassificationVersion id="urn:ssb:classversion:stabas:6979631" isCurrentVersion="false" validFrom="2010-07-01" validTo="2010-12-31" isUnderConstruction="false" updatesPossible="false" disseminationAllowed="true" lastChangedDate="2011-01-24" showIntranet="true" showInternet="true">
      <TitleGrp>
        <Title xml:lang="nn">Studieretning/utdanningsprogram (NUS 2010/2)</Title>
        <Title xml:lang="nb">Studieretning/utdanningsprogram (NUS 2010/2)</Title>
        <Title xml:lang="en">Areas of study- /education programmes (NUS 2010/2)</Title>
      </TitleGrp>
      <DescriptionGrp>
        <Description xml:lang="nn">Studieretnings-/utdanningsprogramkode blir brukt for å gruppere utdanningar på nivå 3-5. Dette er ei skjematisk standardgruppering som framfor alt er tenkt som ei forenkling i samband med presentasjonen av offisiell utdanningsstatistikk. Studieretningskodane 21-50, samt 99, høyrer inn under Reform 94. Utdanningsprogramkodane 60-98 høyrer inn under reforma Kunnskapsløftet frå 2006, men  Alternativ opplæring (kode 98) er ikkje eit utdanningsprogram. For meir informasjon, sjå pkt. 3.2.4. i NOS C 676 (under publikasjonar).
</Description>
        <Description xml:lang="nb">Studieretnings-/utdanningsprogramkode brukes for å gruppere utdanninger på nivå 3-5. Dette er en grovere standardgruppering som først og fremst er tenkt som en forenkling i forbindelse med presentasjon av offisiell utdanningsstatistikk. Studieretningskodene 21-50, samt 99, hører inn under Reform 94. Utdanningsprogramkodene 60-98 hører inn under reformen Kunnskapsløftet fra 2006, men  Alternativ opplæring (kode 98) er ikke et utdanningsprogram. For mer informasjon, se pkt. 3.2.4. i NOS C 617  (under publikasjoner).
</Description>
        <Description xml:lang="en">An area of study- /education programme code is used to classify educations at level 3-5. This is a course standard classification primarily for simplifying the presentation of official education statistics. The area of study codes 21-50, and 99, belong to Reform 94. The education programmes 60-98 belong to The Knowledge Promotion from 2006, but Alternative education (code 98) is not an education programme. For more information, see 3.2.4. in NOS C 751 (under publications). 
</Description>
      </DescriptionGrp>
      <IntroductionGrp>
        <Indtroduction xml:lang="nn">NUS2000 inneheld, i tillegg til den sekssifra NUS-koden, også andre kodar knytte til utdanning. Studieretnings-/utdanningsprogramkode er ei slik gruppering. Desse supplerer NUS2000-standarden, men har, med unntak av ISCED97, ikkje status som offisielle standardar i SSB. 
</Indtroduction>
        <Indtroduction xml:lang="nb">NUS2000 inneholder, i tillegg til den sekssifrede NUS-koden, også andre koder knyttet til utdanning. Studieretnings-/utdanningsprogramkode er en slik gruppering. Disse supplerer NUS2000-standarden, men har, med unntak av ISCED97, ikke status som offisielle standarder i SSB.</Indtroduction>
        <Indtroduction xml:lang="en">In addition to the six digit NUS code, NUS2000 also consist of other codes concerning education. Area of study- /education programme code is such a classification. These codes supplement the NUS2000 standard, but with exception from ISCED97, they do not have status as official standards in Statistics Norway.</Indtroduction>
      </IntroductionGrp>
      <ContactInformation>
        <Person xmlns="http://www.ssb.no/ns/meta/common">gki</Person>
        <Division xmlns="http://www.ssb.no/ns/meta/common">360</Division>
      </ContactInformation>
      <ExternalDocumentGrp>
        <ExternalDocument xml:lang="nn">NOS C 676   http://www.ssb.no/emner/04/90/nos_c617/nos_c676.pdf</ExternalDocument>
        <ExternalDocument xml:lang="nb">NOS C 617   http://www.ssb.no/emner/04/90/nos_c617/nos_c617.pdf</ExternalDocument>
        <ExternalDocument xml:lang="en">http://www.ssb.no/english/subjects/04/90/nos_c751_en/nos_c751_en.pdf</ExternalDocument>
      </ExternalDocumentGrp>
      <ChangesGrp>
        <Change xml:lang="nn">Ikkje relevant</Change>
        <Change xml:lang="nb">Ikke relevant</Change>
        <Change xml:lang="en">Not relevant</Change>
      </ChangesGrp>
      <DerivedFromGrp>
        <DerviedFrom xml:lang="nn">Ikkje relevant</DerviedFrom>
        <DerviedFrom xml:lang="nb">Ikke relevant</DerviedFrom>
        <DerviedFrom xml:lang="en">Not relevant</DerviedFrom>
      </DerivedFromGrp>
      <LegalBaseGrp>
        <LegalBase xml:lang="nn">Ikkje relevant</LegalBase>
        <LegalBase xml:lang="nb">Ikke relevant</LegalBase>
        <LegalBase xml:lang="en">Not relevant</LegalBase>
      </LegalBaseGrp>
      <Level levelNumber="1" id="urn:ssb:classlevel:stabas:6979633" codeStructure="99">
        <TitleGrp>
          <Title xml:lang="nn">Studieretning/utdanningsprogram (NUS 2010/2): Studieretning</Title>
          <Title xml:lang="nb">Studieretning/utdanningsprogram (NUS 2010/2): Studieretning</Title>
          <Title xml:lang="en">Areas of study- /education programmes (NUS 2010/2): Study direction</Title>
        </TitleGrp>
        <CodelistReference>urn:ssb:codelist:stabas:6979633</CodelistReference>
        <Level levelNumber="2" id="urn:ssb:classlevel:stabas:6979635" codeStructure="999999">
          <TitleGrp>
            <Title xml:lang="nn">Studieretning/utdanningsprogram (NUS 2010/2): Utdanningskode</Title>
            <Title xml:lang="nb">Studieretning/utdanningsprogram (NUS 2010/2): Utdanningskode</Title>
            <Title xml:lang="en">Areas of study- /education programmes (NUS 2010/2): Education code</Title>
          </TitleGrp>
          <CodelistReference>urn:ssb:codelist:stabas:6979635</CodelistReference>
        </Level>
      </Level>
    </ClassificationVersion>
    <ClassificationVersion id="urn:ssb:classversion:stabas:6354937" isCurrentVersion="false" validFrom="2010-01-01" validTo="2010-06-30" isUnderConstruction="false" updatesPossible="false" disseminationAllowed="true" lastChangedDate="2011-01-24" showIntranet="true" showInternet="true">
      <TitleGrp>
        <Title xml:lang="nn">Studieretning/utdanningsprogram (NUS 2010/1)</Title>
        <Title xml:lang="nb">Studieretning/utdanningsprogram (NUS 2010/1)</Title>
        <Title xml:lang="en">Areas of study- /education programmes (NUS 2010/1)</Title>
      </TitleGrp>
      <DescriptionGrp>
        <Description xml:lang="nn">Studieretnings-/utdanningsprogramkode blir brukt for å gruppere utdanningar på nivå 3-5. Dette er ei skjematisk standardgruppering som framfor alt er tenkt som ei forenkling i samband med presentasjonen av offisiell utdanningsstatistikk. Studieretningskodane 21-50, samt 99, høyrer inn under Reform 94. Utdanningsprogramkodane 60-98 høyrer inn under reforma Kunnskapsløftet frå 2006, men  Alternativ opplæring (kode 98) er ikkje eit utdanningsprogram. For meir informasjon, sjå pkt. 3.2.4. i NOS C 676 (under publikasjonar).

</Description>
        <Description xml:lang="nb">Studieretnings-/utdanningsprogramkode brukes for å gruppere utdanninger på nivå 3-5. Dette er en grovere standardgruppering som først og fremst er tenkt som en forenkling i forbindelse med presentasjon av offisiell utdanningsstatistikk. Studieretningskodene 21-50, samt 99, hører inn under Reform 94. Utdanningsprogramkodene 60-98 hører inn under reformen Kunnskapsløftet fra 2006, men  Alternativ opplæring (kode 98) er ikke et utdanningsprogram. For mer informasjon, se pkt. 3.2.4. i NOS C 617  (under publikasjoner).
</Description>
        <Description xml:lang="en">An area of study- /education programme code is used to classify educations at level 3-5. This is a course standard classification primarily for simplifying the presentation of official education statistics. The area of study codes 21-50, and 99, belong to Reform 94. The education programmes 60-98 belong to The Knowledge Promotion from 2006, but Alternative education (code 98) is not an education programme. For more information, see 3.2.4. in NOS C 751 (under publications). 
</Description>
      </DescriptionGrp>
      <IntroductionGrp>
        <Indtroduction xml:lang="nn">NUS2000 inneheld, i tillegg til den sekssifra NUS-koden, også andre kodar knytte til utdanning. Studieretnings-/utdanningsprogramkode er ei slik gruppering. Desse supplerer NUS2000-standarden, men har, med unntak av ISCED97, ikkje status som offisielle standardar i SSB. 
</Indtroduction>
        <Indtroduction xml:lang="nb">NUS2000 inneholder, i tillegg til den sekssifrede NUS-koden, også andre koder knyttet til utdanning. Studieretnings-/utdanningsprogramkode er en slik gruppering. Disse supplerer NUS2000-standarden, men har, med unntak av ISCED97, ikke status som offisielle standarder i SSB.</Indtroduction>
        <Indtroduction xml:lang="en">In addition to the six digit NUS code, NUS2000 also consist of other codes concerning education. Area of study- /education programme code is such a classification. These codes supplement the NUS2000 standard, but with exception from ISCED97, they do not have status as official standards in Statistics Norway.</Indtroduction>
      </IntroductionGrp>
      <ContactInformation>
        <Person xmlns="http://www.ssb.no/ns/meta/common">gki</Person>
        <Division xmlns="http://www.ssb.no/ns/meta/common">360</Division>
      </ContactInformation>
      <ExternalDocumentGrp>
        <ExternalDocument xml:lang="nn">NOS C 676   http://www.ssb.no/emner/04/90/nos_c617/nos_c676.pdf</ExternalDocument>
        <ExternalDocument xml:lang="nb">NOS C 617   http://www.ssb.no/emner/04/90/nos_c617/nos_c617.pdf</ExternalDocument>
        <ExternalDocument xml:lang="en">http://www.ssb.no/english/subjects/04/90/nos_c751_en/nos_c751_en.pdf</ExternalDocument>
      </ExternalDocumentGrp>
      <ChangesGrp>
        <Change xml:lang="nn">Ikkje relevant</Change>
        <Change xml:lang="nb">Ikke relevant</Change>
        <Change xml:lang="en">Not relevant</Change>
      </ChangesGrp>
      <DerivedFromGrp>
        <DerviedFrom xml:lang="nn">Ikkje relevant</DerviedFrom>
        <DerviedFrom xml:lang="nb">Ikke relevant</DerviedFrom>
        <DerviedFrom xml:lang="en">Not relevant</DerviedFrom>
      </DerivedFromGrp>
      <LegalBaseGrp>
        <LegalBase xml:lang="nn">Ikkje relevant</LegalBase>
        <LegalBase xml:lang="nb">Ikke relevant</LegalBase>
        <LegalBase xml:lang="en">Not relevant</LegalBase>
      </LegalBaseGrp>
      <Level levelNumber="1" id="urn:ssb:classlevel:stabas:6354939" codeStructure="99">
        <TitleGrp>
          <Title xml:lang="nn">Studieretning/utdanningsprogram (NUS 2010/1): Studieretning</Title>
          <Title xml:lang="nb">Studieretning/utdanningsprogram (NUS 2010/1): Studieretning</Title>
          <Title xml:lang="en">Areas of study- /education programmes (NUS 2010/1): Study direction</Title>
        </TitleGrp>
        <CodelistReference>urn:ssb:codelist:stabas:6354939</CodelistReference>
        <Level levelNumber="2" id="urn:ssb:classlevel:stabas:6354941" codeStructure="999999">
          <TitleGrp>
            <Title xml:lang="nn">Studieretning/utdanningsprogram (NUS 2010/1): Utdanningskode</Title>
            <Title xml:lang="nb">Studieretning/utdanningsprogram (NUS 2010/1): Utdanningskode</Title>
            <Title xml:lang="en">Areas of study- /education programmes (NUS 2010/1): Education code</Title>
          </TitleGrp>
          <CodelistReference>urn:ssb:codelist:stabas:6354941</CodelistReference>
        </Level>
      </Level>
    </ClassificationVersion>
    <ClassificationVersion id="urn:ssb:classversion:stabas:5971681" isCurrentVersion="false" validFrom="2009-07-01" validTo="2009-12-31" isUnderConstruction="false" updatesPossible="false" disseminationAllowed="true" lastChangedDate="2011-01-24" showIntranet="true" showInternet="true">
      <TitleGrp>
        <Title xml:lang="nn">Studieretning/utdanningsprogram (NUS 2009/2)</Title>
        <Title xml:lang="nb">Studieretning/utdanningsprogram (NUS 2009/2)</Title>
        <Title xml:lang="en">Areas of study- /education programmes (NUS 2009/2)</Title>
      </TitleGrp>
      <DescriptionGrp>
        <Description xml:lang="nn">Studieretnings-/utdanningsprogramkode blir brukt for å gruppere utdanningar på nivå 3-5. Dette er ei skjematisk standardgruppering som framfor alt er tenkt som ei forenkling i samband med presentasjonen av offisiell utdanningsstatistikk. Studieretningskodane 21-50, samt 99, høyrer inn under Reform 94. Utdanningsprogramkodane 60-98 høyrer inn under reforma Kunnskapsløftet frå 2006, men  Alternativ opplæring (kode 98) er ikkje eit utdanningsprogram. For meir informasjon, sjå pkt. 3.2.4. i NOS C 676 (under publikasjonar).
</Description>
        <Description xml:lang="nb">Studieretnings-/utdanningsprogramkode brukes for å gruppere utdanninger på nivå 3-5. Dette er en grovere standardgruppering som først og fremst er tenkt som en forenkling i forbindelse med presentasjon av offisiell utdanningsstatistikk. Studieretningskodene 21-50, samt 99, hører inn under Reform 94. Utdanningsprogramkodene 60-98 hører inn under reformen Kunnskapsløftet fra 2006, men  Alternativ opplæring (kode 98) er ikke et utdanningsprogram. For mer informasjon, se pkt. 3.2.4. i NOS C 617  (under publikasjoner).
</Description>
        <Description xml:lang="en">An area of study- /education programme code is used to classify educations at level 3-5. This is a course standard classification primarily for simplifying the presentation of official education statistics. The area of study codes 21-50, and 99, belong to Reform 94. The education programmes 60-98 belong to The Knowledge Promotion from 2006, but Alternative education (code 98) is not an education programme. For more information, see 3.2.4. in NOS C 751 (under publications). 
</Description>
      </DescriptionGrp>
      <IntroductionGrp>
        <Indtroduction xml:lang="nn">NUS2000 inneheld, i tillegg til den sekssifra NUS-koden, også andre kodar knytte til utdanning. Studieretnings-/utdanningsprogramkode er ei slik gruppering. Desse supplerer NUS2000-standarden, men har, med unntak av ISCED97, ikkje status som offisielle standardar i SSB. 
</Indtroduction>
        <Indtroduction xml:lang="nb">NUS2000 inneholder, i tillegg til den sekssifrede NUS-koden, også andre koder knyttet til utdanning. Studieretnings-/utdanningsprogramkode er en slik gruppering. Disse supplerer NUS2000-standarden, men har, med unntak av ISCED97, ikke status som offisielle standarder i SSB.</Indtroduction>
        <Indtroduction xml:lang="en">In addition to the six digit NUS code, NUS2000 also consist of other codes concerning education. Area of study- /education programme code is such a classification. These codes supplement the NUS2000 standard, but with exception from ISCED97, they do not have status as official standards in Statistics Norway.</Indtroduction>
      </IntroductionGrp>
      <ContactInformation>
        <Person xmlns="http://www.ssb.no/ns/meta/common">gki</Person>
        <Division xmlns="http://www.ssb.no/ns/meta/common">360</Division>
      </ContactInformation>
      <ExternalDocumentGrp>
        <ExternalDocument xml:lang="nn">NOS C 676   http://www.ssb.no/emner/04/90/nos_c617/nos_c676.pdf</ExternalDocument>
        <ExternalDocument xml:lang="nb">NOS C 617   http://www.ssb.no/emner/04/90/nos_c617/nos_c617.pdf</ExternalDocument>
        <ExternalDocument xml:lang="en">http://www.ssb.no/english/subjects/04/90/nos_c751_en/nos_c751_en.pdf</ExternalDocument>
      </ExternalDocumentGrp>
      <ChangesGrp>
        <Change xml:lang="nn">Ikkje relevant</Change>
        <Change xml:lang="nb">Ikke relevant</Change>
        <Change xml:lang="en">Not relevant</Change>
      </ChangesGrp>
      <DerivedFromGrp>
        <DerviedFrom xml:lang="nn">Ikkje relevant</DerviedFrom>
        <DerviedFrom xml:lang="nb">Ikke relevant</DerviedFrom>
        <DerviedFrom xml:lang="en">Not relevant</DerviedFrom>
      </DerivedFromGrp>
      <LegalBaseGrp>
        <LegalBase xml:lang="nn">Ikkje relevant</LegalBase>
        <LegalBase xml:lang="nb">Ikke relevant</LegalBase>
        <LegalBase xml:lang="en">Not relevant</LegalBase>
      </LegalBaseGrp>
      <Level levelNumber="1" id="urn:ssb:classlevel:stabas:5971683" codeStructure="99">
        <TitleGrp>
          <Title xml:lang="nn">Studieretning/utdanningsprogram (NUS 2009/2): Studieretning</Title>
          <Title xml:lang="nb">Studieretning/utdanningsprogram (NUS 2009/2): Studieretning</Title>
          <Title xml:lang="en">Areas of study- /education programmes (NUS 2009/2): Study direction</Title>
        </TitleGrp>
        <CodelistReference>urn:ssb:codelist:stabas:5971683</CodelistReference>
        <Level levelNumber="2" id="urn:ssb:classlevel:stabas:5971685" codeStructure="999999">
          <TitleGrp>
            <Title xml:lang="nn">Studieretning/utdanningsprogram (NUS 2009/2): Utdanningskode</Title>
            <Title xml:lang="nb">Studieretning/utdanningsprogram (NUS 2009/2): Utdanningskode</Title>
            <Title xml:lang="en">Areas of study- /education programmes (NUS 2009/2): Education code</Title>
          </TitleGrp>
          <CodelistReference>urn:ssb:codelist:stabas:5971685</CodelistReference>
        </Level>
      </Level>
    </ClassificationVersion>
    <ClassificationVersion id="urn:ssb:classversion:stabas:5726335" isCurrentVersion="false" validFrom="2009-01-01" validTo="2009-06-30" isUnderConstruction="false" updatesPossible="false" disseminationAllowed="true" lastChangedDate="2011-01-24" showIntranet="true" showInternet="true">
      <TitleGrp>
        <Title xml:lang="nn">Studieretning/utdanningsprogram (NUS 2009/1)</Title>
        <Title xml:lang="nb">Studieretning/utdanningsprogram (NUS 2009/1)</Title>
        <Title xml:lang="en">Areas of study- /education programmes (NUS 2009/1)</Title>
      </TitleGrp>
      <DescriptionGrp>
        <Description xml:lang="nn">Studieretnings-/utdanningsprogramkode blir brukt for å gruppere utdanningar på nivå 3-5. Dette er ei skjematisk standardgruppering som framfor alt er tenkt som ei forenkling i samband med presentasjonen av offisiell utdanningsstatistikk. Studieretningskodane 21-50, samt 99, høyrer inn under Reform 94. Utdanningsprogramkodane 60-98 høyrer inn under reforma Kunnskapsløftet frå 2006, men  Alternativ opplæring (kode 98) er ikkje eit utdanningsprogram. For meir informasjon, sjå pkt. 3.2.4. i NOS C 676 (under publikasjoner).

</Description>
        <Description xml:lang="nb">Studieretnings-/utdanningsprogramkode brukes for å gruppere utdanninger på nivå 3-5. Dette er en grovere standardgruppering som først og fremst er tenkt som en forenkling i forbindelse med presentasjon av offisiell utdanningsstatistikk. Studieretningskodene 21-50, samt 99, hører inn under Reform 94. Utdanningsprogramkodene 60-98 hører inn under reformen Kunnskapsløftet fra 2006, men  Alternativ opplæring (kode 98) er ikke et utdanningsprogram. For mer informasjon, se pkt. 3.2.4. i NOS C 617  (under publikasjoner).

</Description>
        <Description xml:lang="en">An area of study- /education programme code is used to classify educations at level 3-5. This is a course standard classification primarily for simplifying the presentation of official education statistics. The area of study codes 21-50, and 99, belong to Reform 94. The education programmes 60-98 belong to The Knowledge Promotion from 2006, but Alternative education (code 98) is not an education programme. For more information, see 3.2.4. in NOS C 751 (under publications). 




</Description>
      </DescriptionGrp>
      <IntroductionGrp>
        <Indtroduction xml:lang="nn">NUS2000 inneheld, i tillegg til den sekssifra NUS-koden, også andre kodar knytte til utdanning. Studieretnings-/utdanningsprogramkode er ei slik gruppering. Desse supplerer NUS2000-standarden, men har, med unntak av ISCED97, ikkje status som offisielle standardar i SSB. 
</Indtroduction>
        <Indtroduction xml:lang="nb">NUS2000 inneholder, i tillegg til den sekssifrede NUS-koden, også andre koder knyttet til utdanning. Studieretnings-/utdanningsprogramkode er en slik gruppering. Disse supplerer NUS2000-standarden, men har, med unntak av ISCED97, ikke status som offisielle standarder i SSB.</Indtroduction>
        <Indtroduction xml:lang="en">In addition to the six digit NUS code, NUS2000 also consist of other codes concerning education. Area of study- /education programme code is such a classification. These codes supplement the NUS2000 standard, but with exception from ISCED97, they do not have status as official standards in Statistics Norway.</Indtroduction>
      </IntroductionGrp>
      <ContactInformation>
        <Person xmlns="http://www.ssb.no/ns/meta/common">gki</Person>
        <Division xmlns="http://www.ssb.no/ns/meta/common">360</Division>
      </ContactInformation>
      <ExternalDocumentGrp>
        <ExternalDocument xml:lang="nn">NOS C 676   http://www.ssb.no/emner/04/90/nos_c617/nos_c676.pdf</ExternalDocument>
        <ExternalDocument xml:lang="nb">NOS C 617   http://www.ssb.no/emner/04/90/nos_c617/nos_c617.pdf</ExternalDocument>
        <ExternalDocument xml:lang="en">http://www.ssb.no/english/subjects/04/90/nos_c751_en/nos_c751_en.pdf</ExternalDocument>
      </ExternalDocumentGrp>
      <ChangesGrp>
        <Change xml:lang="nn">Ikkje relevant</Change>
        <Change xml:lang="nb">Ikke relevant</Change>
        <Change xml:lang="en">Not relevant</Change>
      </ChangesGrp>
      <DerivedFromGrp>
        <DerviedFrom xml:lang="nn">Ikkje relevant</DerviedFrom>
        <DerviedFrom xml:lang="nb">Ikke relevant</DerviedFrom>
        <DerviedFrom xml:lang="en">Not relevant</DerviedFrom>
      </DerivedFromGrp>
      <LegalBaseGrp>
        <LegalBase xml:lang="nn">Ikkje relevant</LegalBase>
        <LegalBase xml:lang="nb">Ikke relevant</LegalBase>
        <LegalBase xml:lang="en">Not relevant</LegalBase>
      </LegalBaseGrp>
      <Level levelNumber="1" id="urn:ssb:classlevel:stabas:5726337" codeStructure="99">
        <TitleGrp>
          <Title xml:lang="nn">Studieretning/utdanningsprogram (NUS 2009/1): Studieretning</Title>
          <Title xml:lang="nb">Studieretning/utdanningsprogram (NUS 2009/1): Studieretning</Title>
          <Title xml:lang="en">Areas of study- /education programmes (NUS 2009/1): Study direction</Title>
        </TitleGrp>
        <CodelistReference>urn:ssb:codelist:stabas:5726337</CodelistReference>
        <Level levelNumber="2" id="urn:ssb:classlevel:stabas:5726339" codeStructure="999999">
          <TitleGrp>
            <Title xml:lang="nn">Studieretning/utdanningsprogram (NUS 2009/1): Utdanningskode</Title>
            <Title xml:lang="nb">Studieretning/utdanningsprogram (NUS 2009/1): Utdanningskode</Title>
            <Title xml:lang="en">Areas of study- /education programmes (NUS 2009/1): Education code</Title>
          </TitleGrp>
          <CodelistReference>urn:ssb:codelist:stabas:5726339</CodelistReference>
        </Level>
      </Level>
    </ClassificationVersion>
    <ClassificationVersion id="urn:ssb:classversion:stabas:5392187" isCurrentVersion="false" validFrom="2008-07-01" validTo="2008-12-31" isUnderConstruction="false" updatesPossible="false" disseminationAllowed="true" lastChangedDate="2011-01-24" showIntranet="true" showInternet="true">
      <TitleGrp>
        <Title xml:lang="nn">Studieretning/utdanningsprogram (NUS 2008/2)</Title>
        <Title xml:lang="nb">Studieretning/utdanningsprogram (NUS 2008/2)</Title>
        <Title xml:lang="en">Areas of study- /education programmes (NUS 2008/2)</Title>
      </TitleGrp>
      <DescriptionGrp>
        <Description xml:lang="nn">Studieretnings-/utdanningsprogramkode blir brukt for å gruppere utdanningar på nivå 3-5. Dette er ei skjematisk standardgruppering som framfor alt er tenkt som ei forenkling i samband med presentasjonen av offisiell utdanningsstatistikk. Studieretningskodane 21-50, samt 99, høyrer inn under Reform 94. Utdanningsprogramkodane 60-98 høyrer inn under reforma Kunnskapsløftet frå 2006, men  Alternativ opplæring (kode 98) er ikkje eit utdanningsprogram. For meir informasjon, sjå pkt. 3.2.4. i NOS C 676 (under publikasjoner).

</Description>
        <Description xml:lang="nb">Studieretnings-/utdanningsprogramkode brukes for å gruppere utdanninger på nivå 3-5. Dette er en grovere standardgruppering som først og fremst er tenkt som en forenkling i forbindelse med presentasjon av offisiell utdanningsstatistikk. Studieretningskodene 21-50, samt 99, hører inn under Reform 94. Utdanningsprogramkodene 60-98 hører inn under reformen Kunnskapsløftet fra 2006, men  Alternativ opplæring (kode 98) er ikke et utdanningsprogram. For mer informasjon, se pkt. 3.2.4. i NOS C 617  (under publikasjoner).

</Description>
        <Description xml:lang="en">An area of study- /education programme code is used to classify educations at level 3-5. This is a course standard classification primarily for simplifying the presentation of official education statistics. The area of study codes 21-50, and 99, belong to Reform 94. The education programmes 60-98 belong to The Knowledge Promotion from 2006, but Alternative education (code 98) is not an education programme. For more information, see 3.2.4. in NOS C 751 (under publications). 




</Description>
      </DescriptionGrp>
      <IntroductionGrp>
        <Indtroduction xml:lang="nn">NUS2000 inneheld, i tillegg til den sekssifra NUS-koden, også andre kodar knytte til utdanning. Studieretnings-/utdanningsprogramkode er ei slik gruppering. Desse supplerer NUS2000-standarden, men har, med unntak av ISCED97, ikkje status som offisielle standardar i SSB. 
</Indtroduction>
        <Indtroduction xml:lang="nb">NUS2000 inneholder, i tillegg til den sekssifrede NUS-koden, også andre koder knyttet til utdanning. Studieretnings-/utdanningsprogramkode er en slik gruppering. Disse supplerer NUS2000-standarden, men har, med unntak av ISCED97, ikke status som offisielle standarder i SSB.</Indtroduction>
        <Indtroduction xml:lang="en">In addition to the six digit NUS code, NUS2000 also consist of other codes concerning education. Area of study- /education programme code is such a classification. These codes supplement the NUS2000 standard, but with exception from ISCED97, they do not have status as official standards in Statistics Norway.</Indtroduction>
      </IntroductionGrp>
      <ContactInformation>
        <Person xmlns="http://www.ssb.no/ns/meta/common">gki</Person>
        <Division xmlns="http://www.ssb.no/ns/meta/common">360</Division>
      </ContactInformation>
      <ExternalDocumentGrp>
        <ExternalDocument xml:lang="nn">NOS C 676   http://www.ssb.no/emner/04/90/nos_c617/nos_c676.pdf</ExternalDocument>
        <ExternalDocument xml:lang="nb">NOS C 617   http://www.ssb.no/emner/04/90/nos_c617/nos_c617.pdf</ExternalDocument>
        <ExternalDocument xml:lang="en">http://www.ssb.no/english/subjects/04/90/nos_c751_en/nos_c751_en.pdf</ExternalDocument>
      </ExternalDocumentGrp>
      <ChangesGrp>
        <Change xml:lang="nn">Ikkje relevant</Change>
        <Change xml:lang="nb">Ikke relevant</Change>
        <Change xml:lang="en">Not relevant</Change>
      </ChangesGrp>
      <DerivedFromGrp>
        <DerviedFrom xml:lang="nn">Ikkje relevant</DerviedFrom>
        <DerviedFrom xml:lang="nb">Ikke relevant</DerviedFrom>
        <DerviedFrom xml:lang="en">Not relevant</DerviedFrom>
      </DerivedFromGrp>
      <LegalBaseGrp>
        <LegalBase xml:lang="nn">Ikkje relevant</LegalBase>
        <LegalBase xml:lang="nb">Ikke relevant</LegalBase>
        <LegalBase xml:lang="en">Not relevant</LegalBase>
      </LegalBaseGrp>
      <Level levelNumber="1" id="urn:ssb:classlevel:stabas:5392189" codeStructure="99">
        <TitleGrp>
          <Title xml:lang="nn">Studieretning/utdanningsprogram (NUS 2008/2): Studieretning</Title>
          <Title xml:lang="nb">Studieretning/utdanningsprogram (NUS 2008/2): Studieretning</Title>
          <Title xml:lang="en">Areas of study- /education programmes (NUS 2008/2): Study direction</Title>
        </TitleGrp>
        <CodelistReference>urn:ssb:codelist:stabas:5392189</CodelistReference>
        <Level levelNumber="2" id="urn:ssb:classlevel:stabas:5392191" codeStructure="999999">
          <TitleGrp>
            <Title xml:lang="nn">Studieretning/utdanningsprogram (NUS 2008/2): Utdanningskode</Title>
            <Title xml:lang="nb">Studieretning/utdanningsprogram (NUS 2008/2): Utdanningskode</Title>
            <Title xml:lang="en">Areas of study- /education programmes (NUS 2008/2): Education code</Title>
          </TitleGrp>
          <CodelistReference>urn:ssb:codelist:stabas:5392191</CodelistReference>
        </Level>
      </Level>
    </ClassificationVersion>
    <ClassificationVersion id="urn:ssb:classversion:stabas:5204401" isCurrentVersion="false" validFrom="2008-01-01" validTo="2008-06-30" isUnderConstruction="false" updatesPossible="false" disseminationAllowed="true" lastChangedDate="2011-01-24" showIntranet="true" showInternet="true">
      <TitleGrp>
        <Title xml:lang="nn">Studieretning/utdanningsprogram (NUS 2008/1)</Title>
        <Title xml:lang="nb">Studieretning/utdanningsprogram (NUS 2008/1)</Title>
        <Title xml:lang="en">Areas of study- /education programmes (NUS 2008/1)</Title>
      </TitleGrp>
      <DescriptionGrp>
        <Description xml:lang="nn">Studieretnings-/utdanningsprogramkode blir brukt for å gruppere utdanningar på nivå 3-5. Dette er ei skjematisk standardgruppering som framfor alt er tenkt som ei forenkling i samband med presentasjonen av offisiell utdanningsstatistikk. Studieretningskodane 21-50, samt 99, høyrer inn under Reform 94. Utdanningsprogramkodane 60-98 høyrer inn under reforma Kunnskapsløftet frå 2006, men  Alternativ opplæring (kode 98) er ikkje eit utdanningsprogram. For meir informasjon, sjå pkt. 3.2.4. i NOS C 676 (under publikasjoner).

</Description>
        <Description xml:lang="nb">Studieretnings-/utdanningsprogramkode brukes for å gruppere utdanninger på nivå 3-5. Dette er en grovere standardgruppering som først og fremst er tenkt som en forenkling i forbindelse med presentasjon av offisiell utdanningsstatistikk. Studieretningskodene 21-50, samt 99, hører inn under Reform 94. Utdanningsprogramkodene 60-98 hører inn under reformen Kunnskapsløftet fra 2006, men  Alternativ opplæring (kode 98) er ikke et utdanningsprogram. For mer informasjon, se pkt. 3.2.4. i NOS C 617  (under publikasjoner).

</Description>
        <Description xml:lang="en">An area of study- /education programme code is used to classify educations at level 3-5. This is a course standard classification primarily for simplifying the presentation of official education statistics. The area of study codes 21-50, and 99, belong to Reform 94. The education programmes 60-98 belong to The Knowledge Promotion from 2006, but Alternative education (code 98) is not an education programme. For more information, see 3.2.4. in NOS C 751 (under publications). 




</Description>
      </DescriptionGrp>
      <IntroductionGrp>
        <Indtroduction xml:lang="nn">NUS2000 inneheld, i tillegg til den sekssifra NUS-koden, også andre kodar knytte til utdanning. Studieretnings-/utdanningsprogramkode er ei slik gruppering. Desse supplerer NUS2000-standarden, men har, med unntak av ISCED97, ikkje status som offisielle standardar i SSB. 
</Indtroduction>
        <Indtroduction xml:lang="nb">NUS2000 inneholder, i tillegg til den sekssifrede NUS-koden, også andre koder knyttet til utdanning. Studieretnings-/utdanningsprogramkode er en slik gruppering. Disse supplerer NUS2000-standarden, men har, med unntak av ISCED97, ikke status som offisielle standarder i SSB.</Indtroduction>
        <Indtroduction xml:lang="en">In addition to the six digit NUS code, NUS2000 also consist of other codes concerning education. Area of study- /education programme code is such a classification. These codes supplement the NUS2000 standard, but with exception from ISCED97, they do not have status as official standards in Statistics Norway.</Indtroduction>
      </IntroductionGrp>
      <ContactInformation>
        <Person xmlns="http://www.ssb.no/ns/meta/common">gki</Person>
        <Division xmlns="http://www.ssb.no/ns/meta/common">360</Division>
      </ContactInformation>
      <ExternalDocumentGrp>
        <ExternalDocument xml:lang="nn">NOS C 676   http://www.ssb.no/emner/04/90/nos_c617/nos_c676.pdf</ExternalDocument>
        <ExternalDocument xml:lang="nb">NOS C 617   http://www.ssb.no/emner/04/90/nos_c617/nos_c617.pdf</ExternalDocument>
        <ExternalDocument xml:lang="en">http://www.ssb.no/english/subjects/04/90/nos_c751_en/nos_c751_en.pdf</ExternalDocument>
      </ExternalDocumentGrp>
      <ChangesGrp>
        <Change xml:lang="nn">Ikkje relevant</Change>
        <Change xml:lang="nb">Ikke relevant</Change>
        <Change xml:lang="en">Not relevant</Change>
      </ChangesGrp>
      <DerivedFromGrp>
        <DerviedFrom xml:lang="nn">Ikkje relevant</DerviedFrom>
        <DerviedFrom xml:lang="nb">Ikke relevant</DerviedFrom>
        <DerviedFrom xml:lang="en">Not relevant</DerviedFrom>
      </DerivedFromGrp>
      <LegalBaseGrp>
        <LegalBase xml:lang="nn">Ikkje relevant</LegalBase>
        <LegalBase xml:lang="nb">Ikke relevant</LegalBase>
        <LegalBase xml:lang="en">Not relevant</LegalBase>
      </LegalBaseGrp>
      <Level levelNumber="1" id="urn:ssb:classlevel:stabas:5204403" codeStructure="99">
        <TitleGrp>
          <Title xml:lang="nn">Studieretning/utdanningsprogram (NUS 2008/1): Studieretning</Title>
          <Title xml:lang="nb">Studieretning/utdanningsprogram (NUS 2008/1): Studieretning</Title>
          <Title xml:lang="en">Areas of study- /education programmes (NUS 2008/1): Study direction</Title>
        </TitleGrp>
        <CodelistReference>urn:ssb:codelist:stabas:5204403</CodelistReference>
        <Level levelNumber="2" id="urn:ssb:classlevel:stabas:5204405" codeStructure="999999">
          <TitleGrp>
            <Title xml:lang="nn">Studieretning/utdanningsprogram (NUS 2008/1): Utdanningskode</Title>
            <Title xml:lang="nb">Studieretning/utdanningsprogram (NUS 2008/1): Utdanningskode</Title>
            <Title xml:lang="en">Areas of study- /education programmes (NUS 2008/1): Education code</Title>
          </TitleGrp>
          <CodelistReference>urn:ssb:codelist:stabas:5204405</CodelistReference>
        </Level>
      </Level>
    </ClassificationVersion>
    <ClassificationVersion id="urn:ssb:classversion:stabas:4969001" isCurrentVersion="false" validFrom="2007-07-01" validTo="2007-12-31" isUnderConstruction="false" updatesPossible="false" disseminationAllowed="true" lastChangedDate="2011-01-24" showIntranet="true" showInternet="true">
      <TitleGrp>
        <Title xml:lang="nn">Studieretning/utdanningsprogram (NUS 2007/2)</Title>
        <Title xml:lang="nb">Studieretning/utdanningsprogram (NUS 2007/2)</Title>
        <Title xml:lang="en">Areas of study- /education programmes (NUS 2007/2)</Title>
      </TitleGrp>
      <DescriptionGrp>
        <Description xml:lang="nn">Studieretnings-/utdanningsprogramkode blir brukt for å gruppere utdanningar på nivå 3-5. Dette er ei skjematisk standardgruppering som framfor alt er tenkt som ei forenkling i samband med presentasjonen av offisiell utdanningsstatistikk. Studieretningskodane 21-50, samt 99, høyrer inn under Reform 94. Utdanningsprogramkodane 60-98 høyrer inn under reforma Kunnskapsløftet frå 2006, men  Alternativ opplæring (kode 98) er ikkje eit utdanningsprogram. For meir informasjon, sjå pkt. 3.2.4. i NOS C 676 (under publikasjoner).

</Description>
        <Description xml:lang="nb">Studieretnings-/utdanningsprogramkode brukes for å gruppere utdanninger på nivå 3-5. Dette er en grovere standardgruppering som først og fremst er tenkt som en forenkling i forbindelse med presentasjon av offisiell utdanningsstatistikk. Studieretningskodene 21-50, samt 99, hører inn under Reform 94. Utdanningsprogramkodene 60-98 hører inn under reformen Kunnskapsløftet fra 2006, men  Alternativ opplæring (kode 98) er ikke et utdanningsprogram. For mer informasjon, se pkt. 3.2.4. i NOS C 617  (under publikasjoner).

</Description>
        <Description xml:lang="en">An area of study- /education programme code is used to classify educations at level 3-5. This is a course standard classification primarily for simplifying the presentation of official education statistics. The area of study codes 21-50, and 99, belong to Reform 94. The education programmes 60-98 belong to The Knowledge Promotion from 2006, but Alternative education (code 98) is not an education programme. For more information, see 3.2.4. in NOS C 751 (under publications). 




</Description>
      </DescriptionGrp>
      <IntroductionGrp>
        <Indtroduction xml:lang="nn">NUS2000 inneheld, i tillegg til den sekssifra NUS-koden, også andre kodar knytte til utdanning. Studieretnings-/utdanningsprogramkode er ei slik gruppering. Desse supplerer NUS2000-standarden, men har, med unntak av ISCED97, ikkje status som offisielle standardar i SSB. 
</Indtroduction>
        <Indtroduction xml:lang="nb">NUS2000 inneholder, i tillegg til den sekssifrede NUS-koden, også andre koder knyttet til utdanning. Studieretnings-/utdanningsprogramkode er en slik gruppering. Disse supplerer NUS2000-standarden, men har, med unntak av ISCED97, ikke status som offisielle standarder i SSB.</Indtroduction>
        <Indtroduction xml:lang="en">In addition to the six digit NUS code, NUS2000 also consist of other codes concerning education. Area of study- /education programme code is such a classification. These codes supplement the NUS2000 standard, but with exception from ISCED97, they do not have status as official standards in Statistics Norway.</Indtroduction>
      </IntroductionGrp>
      <ContactInformation>
        <Person xmlns="http://www.ssb.no/ns/meta/common">gki</Person>
        <Division xmlns="http://www.ssb.no/ns/meta/common">360</Division>
      </ContactInformation>
      <ExternalDocumentGrp>
        <ExternalDocument xml:lang="nn">NOS C 676   http://www.ssb.no/emner/04/90/nos_c617/nos_c676.pdf</ExternalDocument>
        <ExternalDocument xml:lang="nb">NOS C 617   http://www.ssb.no/emner/04/90/nos_c617/nos_c617.pdf</ExternalDocument>
        <ExternalDocument xml:lang="en">http://www.ssb.no/english/subjects/04/90/nos_c751_en/nos_c751_en.pdf</ExternalDocument>
      </ExternalDocumentGrp>
      <ChangesGrp>
        <Change xml:lang="nn">Ikkje relevant</Change>
        <Change xml:lang="nb">Ikke relevant</Change>
        <Change xml:lang="en">Not relevant</Change>
      </ChangesGrp>
      <DerivedFromGrp>
        <DerviedFrom xml:lang="nn">Ikkje relevant</DerviedFrom>
        <DerviedFrom xml:lang="nb">Ikke relevant</DerviedFrom>
        <DerviedFrom xml:lang="en">Not relevant</DerviedFrom>
      </DerivedFromGrp>
      <LegalBaseGrp>
        <LegalBase xml:lang="nn">Ikkje relevant</LegalBase>
        <LegalBase xml:lang="nb">Ikke relevant</LegalBase>
        <LegalBase xml:lang="en">Not relevant</LegalBase>
      </LegalBaseGrp>
      <Level levelNumber="1" id="urn:ssb:classlevel:stabas:4969003" codeStructure="99">
        <TitleGrp>
          <Title xml:lang="nn">Studieretning/utdanningsprogram (NUS 2007/2): Studieretning</Title>
          <Title xml:lang="nb">Studieretning/utdanningsprogram (NUS 2007/2): Studieretning utdanningsprogram</Title>
          <Title xml:lang="en">Areas of study- /education programmes (NUS 2007/2): Study direction</Title>
        </TitleGrp>
        <CodelistReference>urn:ssb:codelist:stabas:4969003</CodelistReference>
        <Level levelNumber="2" id="urn:ssb:classlevel:stabas:4969005" codeStructure="999999">
          <TitleGrp>
            <Title xml:lang="nn">Studieretning/utdanningsprogram (NUS 2007/2): Utdanningskode</Title>
            <Title xml:lang="nb">Studieretning/utdanningsprogram (NUS 2007/2): Utdanningskode</Title>
            <Title xml:lang="en">Areas of study- /education programmes (NUS 2007/2): Education code</Title>
          </TitleGrp>
          <CodelistReference>urn:ssb:codelist:stabas:4969005</CodelistReference>
        </Level>
      </Level>
    </ClassificationVersion>
    <ClassificationVersion id="urn:ssb:classversion:stabas:4732520" isCurrentVersion="false" validFrom="2007-01-01" validTo="2007-06-30" isUnderConstruction="false" updatesPossible="false" disseminationAllowed="true" lastChangedDate="2011-01-24" showIntranet="true" showInternet="true">
      <TitleGrp>
        <Title xml:lang="nn">Studieretning/utdanningsprogram (NUS 2007/1)</Title>
        <Title xml:lang="nb">Studieretning/utdanningsprogram (NUS 2007/1)</Title>
        <Title xml:lang="en">Areas of study- /education programmes (NUS 2007/1)</Title>
      </TitleGrp>
      <DescriptionGrp>
        <Description xml:lang="nn">Studieretnings-/utdanningsprogramkode blir brukt for å gruppere utdanningar på nivå 3-5. Dette er ei skjematisk standardgruppering som framfor alt er tenkt som ei forenkling i samband med presentasjonen av offisiell utdanningsstatistikk. Studieretningskodane 21-50, samt 99, høyrer inn under Reform 94. Utdanningsprogramkodane 60-98 høyrer inn under reforma Kunnskapsløftet frå 2006, men  Alternativ opplæring (kode 98) er ikkje eit utdanningsprogram. For meir informasjon, sjå pkt. 3.2.4. i NOS C 676 (under publikasjoner).





</Description>
        <Description xml:lang="nb">Studieretnings-/utdanningsprogramkode brukes for å gruppere utdanninger på nivå 3-5. Dette er en grovere standardgruppering som først og fremst er tenkt som en forenkling i forbindelse med presentasjon av offisiell utdanningsstatistikk. Studieretningskodene 21-50, samt 99, hører inn under Reform 94. Utdanningsprogramkodene 60-98 hører inn under reformen Kunnskapsløftet fra 2006, men  Alternativ opplæring (kode 98) er ikke et utdanningsprogram. For mer informasjon, se pkt. 3.2.4. i NOS C 617  (under publikasjoner).





</Description>
        <Description xml:lang="en">An area of study- /education programme code is used to classify educations at level 3-5. This is a course standard classification primarily for simplifying the presentation of official education statistics. The area of study codes 21-50, and 99, belong to Reform 94. The education programmes 60-98 belong to The Knowledge Promotion from 2006, but Alternative education (code 98) is not an education programme. For more information, see 3.2.4. in NOS C 751 (under publications). 









</Description>
      </DescriptionGrp>
      <IntroductionGrp>
        <Indtroduction xml:lang="nn">NUS2000 inneheld, i tillegg til den sekssifra NUS-koden, også andre kodar knytte til utdanning. Studieretnings-/utdanningsprogramkode er ei slik gruppering. Desse supplerer NUS2000-standarden, men har, med unntak av ISCED97, ikkje status som offisielle standardar i SSB. 
</Indtroduction>
        <Indtroduction xml:lang="nb">NUS2000 inneholder, i tillegg til den sekssifrede NUS-koden, også andre koder knyttet til utdanning. Studieretnings-/utdanningsprogramkode er en slik gruppering. Disse supplerer NUS2000-standarden, men har, med unntak av ISCED97, ikke status som offisielle standarder i SSB. </Indtroduction>
        <Indtroduction xml:lang="en">In addition to the six digit NUS code, NUS2000 also consist of other codes concerning education. Area of study- /education programme code is such a classification. These codes supplement the NUS2000 standard, but with exception from ISCED97, they do not have status as official standards in Statistics Norway. </Indtroduction>
      </IntroductionGrp>
      <ContactInformation>
        <Person xmlns="http://www.ssb.no/ns/meta/common">gki </Person>
        <Division xmlns="http://www.ssb.no/ns/meta/common">360</Division>
      </ContactInformation>
      <ExternalDocumentGrp>
        <ExternalDocument xml:lang="nn">NOS C 676   http://www.ssb.no/emner/04/90/nos_c617/nos_c676.pdf</ExternalDocument>
        <ExternalDocument xml:lang="nb">NOS C 617   http://www.ssb.no/emner/04/90/nos_c617/nos_c617.pdf</ExternalDocument>
        <ExternalDocument xml:lang="en">http://www.ssb.no/english/subjects/04/90/nos_c751_en/nos_c751_en.pdf</ExternalDocument>
      </ExternalDocumentGrp>
      <ChangesGrp>
        <Change xml:lang="nn">Ikkje relevant</Change>
        <Change xml:lang="nb">Ikke relevant</Change>
        <Change xml:lang="en">Not relevant</Change>
      </ChangesGrp>
      <DerivedFromGrp>
        <DerviedFrom xml:lang="nn">Ikkje relevant</DerviedFrom>
        <DerviedFrom xml:lang="nb">Ikke relevant</DerviedFrom>
        <DerviedFrom xml:lang="en">Not relevant</DerviedFrom>
      </DerivedFromGrp>
      <LegalBaseGrp>
        <LegalBase xml:lang="nn">Ikkje relevant</LegalBase>
        <LegalBase xml:lang="nb">Ikke relevant</LegalBase>
        <LegalBase xml:lang="en">Not relevant</LegalBase>
      </LegalBaseGrp>
      <Level levelNumber="1" id="urn:ssb:classlevel:stabas:4732522" codeStructure="99">
        <TitleGrp>
          <Title xml:lang="nn">Studieretning/utdanningsprogram (NUS 2007/1): Studieretning/utdanningsprogram</Title>
          <Title xml:lang="nb">Studieretning/utdanningsprogram (NUS 2007/1): Studieretning utdanningsprogram</Title>
          <Title xml:lang="en">Areas of study- /education programmes (NUS 2007/1): Areas of study- /education programmes</Title>
        </TitleGrp>
        <CodelistReference>urn:ssb:codelist:stabas:4732522</CodelistReference>
        <Level levelNumber="2" id="urn:ssb:classlevel:stabas:4732524" codeStructure="999999">
          <TitleGrp>
            <Title xml:lang="nn">Studieretning/utdanningsprogram (NUS 2007/1): Utdanningskode</Title>
            <Title xml:lang="nb">Studieretning/utdanningsprogram (NUS 2007/1): Utdanningskode</Title>
            <Title xml:lang="en">Areas of study- /education programmes (NUS 2007/1): Education code</Title>
          </TitleGrp>
          <CodelistReference>urn:ssb:codelist:stabas:4732524</CodelistReference>
        </Level>
      </Level>
    </ClassificationVersion>
  </ClassificationVersions>
</Classification>