<?xml version="1.0" encoding="utf-8"?>
<Classification xmlns:xsi="http://www.w3.org/2001/XMLSchema-instance" xmlns:xsd="http://www.w3.org/2001/XMLSchema" id="urn:ssb:classification:stabas:4739601" currentVersionId="urn:ssb:classversion:stabas:8919169" xmlns="http://www.ssb.no/ns/meta/classification">
  <TitleGrp>
    <Title xml:lang="nn">Standard for universitets- og høgskolegruppering(NUS)</Title>
    <Title xml:lang="nb">Standard for kompetansekode (NUS)</Title>
    <Title xml:lang="en">Classification for Tertiary classification (NUS)</Title>
  </TitleGrp>
  <DescriptionGrp>
    <Description xml:lang="nb">Kompetansekoden gir oversikt over ulike typer av kompetanse fra videregående opplæring. I videregående opplæring skilles det mellom studieforberedende og yrkesfaglig opplæring. Den studieforberedende opplæringen legger mest vekt på teoretisk kunnskap og fører frem til studiekompetanse, mens den yrkesfaglige opplæringen fører frem til et yrke og gir yrkeskompetanse med vitnemål eller  fag-/svennebrev. For mer informasjon, se pkt. 3.2.6. i NOS C 617  (under publikasjoner).</Description>
  </DescriptionGrp>
  <StatisticalUnitGrp>
    <StatisticalUnit xml:lang="nb">Utdanningsaktiviteter som har en formell skolemessig ramme, innrettet mot en systematisk formidling av kunnskap og ferdigheter, og som har en viss lengde.</StatisticalUnit>
  </StatisticalUnitGrp>
  <OwnerGrp>
    <Owner xml:lang="nn">Statistisk sentralbyrå (SSB)</Owner>
    <Owner xml:lang="nb">Statistisk sentralbyrå (SSB)</Owner>
    <Owner xml:lang="en">Statistics Norway</Owner>
  </OwnerGrp>
  <SubjectArea>04</SubjectArea>
  <ClassificationVersions>
    <ClassificationVersion id="urn:ssb:classversion:stabas:8919169" isCurrentVersion="true" validFrom="2014-01-01" validTo="2015-11-09" isUnderConstruction="false" updatesPossible="false" disseminationAllowed="true" lastChangedDate="2015-12-14" showIntranet="true" showInternet="true">
      <TitleGrp>
        <Title xml:lang="nn">Kompetansekode (NUS 2014/1)</Title>
        <Title xml:lang="nb">Kompetansekode (NUS 2014/1) ugyldig f.o.m. 9. nov 2015</Title>
        <Title xml:lang="en">Competence code (NUS 2014/1)</Title>
      </TitleGrp>
      <DescriptionGrp>
        <Description xml:lang="nn">Versjon  2014_1 er ikkje lenger gyldig, for oppdatert versjon av Norsk standard for utdanningsgruppering sjå: http://www.ssb.no/utdanning/norsk-standard-for-utdanningsgruppering
Kompetansekoden gir ei oversikt over ulike typar av kompetanse frå vidaregåande opplæring. I den vidare-gåande opplæringa skil vi mellom studieførebuande og yrkesfagleg opplæring. Den studieførebuande opplæringa legg mest vekt på teoretiske kunnskapar og fører fram til studiekompetanse, mens den yrkesfaglege opplæringa fører fram til eit yrke og gir yrkeskompetanse med vitnemål eller fag-/sveinebrev. </Description>
        <Description xml:lang="nb">Versjon  2014_1 er ikke lenger gyldig, for oppdatert versjon av Norsk standard for utdanningsgruppering se: http://www.ssb.no/utdanning/norsk-standard-for-utdanningsgruppering
Kompetansekoden gir oversikt over ulike typer av kompetanse fra videregående opplæring. I videregående opplæring skilles det mellom studieforberedende og yrkesfaglig opplæring. Den studieforberedende opplæringen legger mest vekt på teoretisk kunnskap og fører frem til studiekompetanse, mens den yrkesfaglige opplæringen fører frem til et yrke og gir yrkeskompetanse med vitnemål eller  fag-/svennebrev.</Description>
        <Description xml:lang="en">NUS 2014/1 is available including 8 November 2015. The new version, applicable from 9 November 2015, is not available in Database for Standard Classifications.
The new version is available here: http://www.ssb.no/utdanning/norsk-standard-for-utdanningsgruppering
The competence code provides an overview of alternative qualification for tertiary education or vocational skills in upper secondary education and training. In upper secondary education and training, a distinction is drawn between college preparatory and vocational education. College preparatory training places the most emphasis on theoretical knowledge, and leads to entrance qualifications for tertiary education. The vocational programmes lead to an occupation and provide occupational qualification with a vocational certificate. </Description>
      </DescriptionGrp>
      <IntroductionGrp>
        <Indtroduction xml:lang="nn">NUS2000 inneheld, i tillegg til den sekssifra NUS-koden, også andre kodar knytte til utdanning. Kompetansekode er ei slik gruppering. Desse supplerer NUS2000-standarden, men har, med unntak av ISCED97, ikkje status som offisielle standardar i SSB.</Indtroduction>
        <Indtroduction xml:lang="nb">NUS2000 inneholder, i tillegg til den sekssifrede NUS-koden, også andre koder knyttet til utdanning. Kompetansekode er en slik gruppering. Disse supplerer NUS2000-standarden, men har, med unntak av ISCED97, ikke status som offisielle standarder i SSB.</Indtroduction>
        <Indtroduction xml:lang="en">In addition to the six digit NUS code, NUS2000 also consist of other codes concerning education. Competence code is such a classification. These codes supplement the NUS2000 standard, but with exception from ISCED97, they do not have status as official standards in Statistics Norway.</Indtroduction>
      </IntroductionGrp>
      <ContactInformation>
        <Person xmlns="http://www.ssb.no/ns/meta/common">gki</Person>
        <Division xmlns="http://www.ssb.no/ns/meta/common">360</Division>
      </ContactInformation>
      <ExternalDocumentGrp>
        <ExternalDocument xml:lang="nn">http://www.ssb.no/utdanning/norsk-standard-for-utdanningsgruppering</ExternalDocument>
        <ExternalDocument xml:lang="nb">http://www.ssb.no/utdanning/norsk-standard-for-utdanningsgruppering</ExternalDocument>
        <ExternalDocument xml:lang="en">http://www.ssb.no/utdanning/norsk-standard-for-utdanningsgruppering</ExternalDocument>
      </ExternalDocumentGrp>
      <ChangesGrp>
        <Change xml:lang="nn">Ikkje relevant</Change>
        <Change xml:lang="nb">Ikke relevant</Change>
        <Change xml:lang="en">Not relevant</Change>
      </ChangesGrp>
      <DerivedFromGrp>
        <DerviedFrom xml:lang="nn">Ikkje relevant</DerviedFrom>
        <DerviedFrom xml:lang="nb">Ikke relevant</DerviedFrom>
        <DerviedFrom xml:lang="en">Not relevant</DerviedFrom>
      </DerivedFromGrp>
      <LegalBaseGrp>
        <LegalBase xml:lang="nn">Ikkje relevant</LegalBase>
        <LegalBase xml:lang="nb">Ikke relevant</LegalBase>
        <LegalBase xml:lang="en">Not relevant</LegalBase>
      </LegalBaseGrp>
      <Level levelNumber="1" id="urn:ssb:classlevel:stabas:8919171" codeStructure="9">
        <TitleGrp>
          <Title xml:lang="nn">Kompetansekode (NUS 2014/1): Kompetansekode</Title>
          <Title xml:lang="nb">Kompetansekode (NUS 2014/1) ugyldig f.o.m. 9. nov 2015: Kompetansekode</Title>
          <Title xml:lang="en">Competence code (NUS 2014/1): Competence code</Title>
        </TitleGrp>
        <CodelistReference>urn:ssb:codelist:stabas:8919171</CodelistReference>
        <Level levelNumber="2" id="urn:ssb:classlevel:stabas:8919173" codeStructure="999999">
          <TitleGrp>
            <Title xml:lang="nn">Kompetansekode (NUS 2014/1): Utdanningskode</Title>
            <Title xml:lang="nb">Kompetansekode (NUS 2014/1) ugyldig f.o.m. 9. nov 2015: Utdanningskode</Title>
            <Title xml:lang="en">Competence code (NUS 2014/1): Education code</Title>
          </TitleGrp>
          <CodelistReference>urn:ssb:codelist:stabas:8919173</CodelistReference>
        </Level>
      </Level>
    </ClassificationVersion>
    <ClassificationVersion id="urn:ssb:classversion:stabas:8772997" isCurrentVersion="false" validFrom="2013-07-01" validTo="2013-12-31" isUnderConstruction="false" updatesPossible="false" disseminationAllowed="true" lastChangedDate="2014-01-01" showIntranet="true" showInternet="true">
      <TitleGrp>
        <Title xml:lang="nn">Kompetansekode (NUS 2013/2)</Title>
        <Title xml:lang="nb">Kompetansekode (NUS 2013/2)</Title>
        <Title xml:lang="en">Competence code (NUS 2013/2)</Title>
      </TitleGrp>
      <DescriptionGrp>
        <Description xml:lang="nn">Kompetansekoden gir ei oversikt over ulike typar av kompetanse frå vidaregåande opplæring. I den vidare-gåande opplæringa skil vi mellom studieførebuande og yrkesfagleg opplæring. Den studieførebuande opplæringa legg mest vekt på teoretiske kunnskapar og fører fram til studiekompetanse, mens den yrkesfaglege opplæringa fører fram til eit yrke og gir yrkeskompetanse med vitnemål eller fag-/sveinebrev. For meir informasjon, sjå pkt. 3.2.6. i NOS C 676 (under publikasjonar).</Description>
        <Description xml:lang="nb">Kompetansekoden gir oversikt over ulike typer av kompetanse fra videregående opplæring. I videregående opplæring skilles det mellom studieforberedende og yrkesfaglig opplæring. Den studieforberedende opplæringen legger mest vekt på teoretisk kunnskap og fører frem til studiekompetanse, mens den yrkesfaglige opplæringen fører frem til et yrke og gir yrkeskompetanse med vitnemål eller  fag-/svennebrev. For mer informasjon, se pkt. 3.2.6. i NOS C 617  (under publikasjoner).</Description>
        <Description xml:lang="en">The competence code provides an overview of alternative qualification for tertiary education or vocational skills in upper secondary education and training. In upper secondary education and training, a distinction is drawn between college preparatory and vocational education. College preparatory training places the most emphasis on theoretical knowledge, and leads to entrance qualifications for tertiary education. The vocational programmes lead to an occupation and provide occupational qualification with a vocational certificate. For more information, see 3.2.6. in NOS C 751 (under publications).</Description>
      </DescriptionGrp>
      <IntroductionGrp>
        <Indtroduction xml:lang="nn">NUS2000 inneheld, i tillegg til den sekssifra NUS-koden, også andre kodar knytte til utdanning. Kompetansekode er ei slik gruppering. Desse supplerer NUS2000-standarden, men har, med unntak av ISCED97, ikkje status som offisielle standardar i SSB.</Indtroduction>
        <Indtroduction xml:lang="nb">NUS2000 inneholder, i tillegg til den sekssifrede NUS-koden, også andre koder knyttet til utdanning. Kompetansekode er en slik gruppering. Disse supplerer NUS2000-standarden, men har, med unntak av ISCED97, ikke status som offisielle standarder i SSB.</Indtroduction>
        <Indtroduction xml:lang="en">In addition to the six digit NUS code, NUS2000 also consist of other codes concerning education. Competence code is such a classification. These codes supplement the NUS2000 standard, but with exception from ISCED97, they do not have status as official standards in Statistics Norway.</Indtroduction>
      </IntroductionGrp>
      <ContactInformation>
        <Person xmlns="http://www.ssb.no/ns/meta/common">gki</Person>
        <Division xmlns="http://www.ssb.no/ns/meta/common">360</Division>
      </ContactInformation>
      <ExternalDocumentGrp>
        <ExternalDocument xml:lang="nn">NOS C 676   http://www.ssb.no/emner/04/90/nos_c617/nos_c676.pdf</ExternalDocument>
        <ExternalDocument xml:lang="nb">NOS C 617   http://www.ssb.no/emner/04/90/nos_c617/nos_c617.pd</ExternalDocument>
        <ExternalDocument xml:lang="en">http://www.ssb.no/english/subjects/04/90/nos_c751_en/nos_c751_en.pdf</ExternalDocument>
      </ExternalDocumentGrp>
      <ChangesGrp>
        <Change xml:lang="nn">Ikkje relevant</Change>
        <Change xml:lang="nb">Ikke relevant</Change>
        <Change xml:lang="en">Not relevant</Change>
      </ChangesGrp>
      <DerivedFromGrp>
        <DerviedFrom xml:lang="nn">Ikkje relevant</DerviedFrom>
        <DerviedFrom xml:lang="nb">Ikke relevant</DerviedFrom>
        <DerviedFrom xml:lang="en">Not relevant</DerviedFrom>
      </DerivedFromGrp>
      <LegalBaseGrp>
        <LegalBase xml:lang="nn">Ikkje relevant</LegalBase>
        <LegalBase xml:lang="nb">Ikke relevant</LegalBase>
        <LegalBase xml:lang="en">Not relevant</LegalBase>
      </LegalBaseGrp>
      <Level levelNumber="1" id="urn:ssb:classlevel:stabas:8772999" codeStructure="9">
        <TitleGrp>
          <Title xml:lang="nn">Kompetansekode (NUS 2013/2): Kompetansekode</Title>
          <Title xml:lang="nb">Kompetansekode (NUS 2013/2): Kompetansekode</Title>
          <Title xml:lang="en">Competence code (NUS 2013/2): Competence code</Title>
        </TitleGrp>
        <CodelistReference>urn:ssb:codelist:stabas:8772999</CodelistReference>
        <Level levelNumber="2" id="urn:ssb:classlevel:stabas:8773001" codeStructure="999999">
          <TitleGrp>
            <Title xml:lang="nn">Kompetansekode (NUS 2013/2): Utdanningskode</Title>
            <Title xml:lang="nb">Kompetansekode (NUS 2013/2): Utdanningskode</Title>
            <Title xml:lang="en">Competence code (NUS 2013/2): Education code</Title>
          </TitleGrp>
          <CodelistReference>urn:ssb:codelist:stabas:8773001</CodelistReference>
        </Level>
      </Level>
    </ClassificationVersion>
    <ClassificationVersion id="urn:ssb:classversion:stabas:8543939" isCurrentVersion="false" validFrom="2013-01-01" validTo="2013-06-30" isUnderConstruction="false" updatesPossible="false" disseminationAllowed="true" lastChangedDate="2013-07-01" showIntranet="true" showInternet="true">
      <TitleGrp>
        <Title xml:lang="nn">Kompetansekode (NUS 2013/1)</Title>
        <Title xml:lang="nb">Kompetansekode (NUS 2013/1)</Title>
        <Title xml:lang="en">Competence code (NUS 2013/1)</Title>
      </TitleGrp>
      <DescriptionGrp>
        <Description xml:lang="nn">Kompetansekoden gir ei oversikt over ulike typar av kompetanse frå vidaregåande opplæring. I den vidare-gåande opplæringa skil vi mellom studieførebuande og yrkesfagleg opplæring. Den studieførebuande opplæringa legg mest vekt på teoretiske kunnskapar og fører fram til studiekompetanse, mens den yrkesfaglege opplæringa fører fram til eit yrke og gir yrkeskompetanse med vitnemål eller fag-/sveinebrev. For meir informasjon, sjå pkt. 3.2.6. i NOS C 676 (under publikasjonar).</Description>
        <Description xml:lang="nb">Kompetansekoden gir oversikt over ulike typer av kompetanse fra videregående opplæring. I videregående opplæring skilles det mellom studieforberedende og yrkesfaglig opplæring. Den studieforberedende opplæringen legger mest vekt på teoretisk kunnskap og fører frem til studiekompetanse, mens den yrkesfaglige opplæringen fører frem til et yrke og gir yrkeskompetanse med vitnemål eller  fag-/svennebrev. For mer informasjon, se pkt. 3.2.6. i NOS C 617  (under publikasjoner).</Description>
        <Description xml:lang="en">The competence code provides an overview of alternative qualification for tertiary education or vocational skills in upper secondary education and training. In upper secondary education and training, a distinction is drawn between college preparatory and vocational education. College preparatory training places the most emphasis on theoretical knowledge, and leads to entrance qualifications for tertiary education. The vocational programmes lead to an occupation and provide occupational qualification with a vocational certificate. For more information, see 3.2.6. in NOS C 751 (under publications).</Description>
      </DescriptionGrp>
      <IntroductionGrp>
        <Indtroduction xml:lang="nn">NUS2000 inneheld, i tillegg til den sekssifra NUS-koden, også andre kodar knytte til utdanning. Kompetansekode er ei slik gruppering. Desse supplerer NUS2000-standarden, men har, med unntak av ISCED97, ikkje status som offisielle standardar i SSB.</Indtroduction>
        <Indtroduction xml:lang="nb">NUS2000 inneholder, i tillegg til den sekssifrede NUS-koden, også andre koder knyttet til utdanning. Kompetansekode er en slik gruppering. Disse supplerer NUS2000-standarden, men har, med unntak av ISCED97, ikke status som offisielle standarder i SSB.</Indtroduction>
        <Indtroduction xml:lang="en">In addition to the six digit NUS code, NUS2000 also consist of other codes concerning education. Competence code is such a classification. These codes supplement the NUS2000 standard, but with exception from ISCED97, they do not have status as official standards in Statistics Norway.</Indtroduction>
      </IntroductionGrp>
      <ContactInformation>
        <Person xmlns="http://www.ssb.no/ns/meta/common">gki</Person>
        <Division xmlns="http://www.ssb.no/ns/meta/common">360</Division>
      </ContactInformation>
      <ExternalDocumentGrp>
        <ExternalDocument xml:lang="nn">NOS C 676   http://www.ssb.no/emner/04/90/nos_c617/nos_c676.pdf</ExternalDocument>
        <ExternalDocument xml:lang="nb">NOS C 617   http://www.ssb.no/emner/04/90/nos_c617/nos_c617.pdf</ExternalDocument>
        <ExternalDocument xml:lang="en">http://www.ssb.no/english/subjects/04/90/nos_c751_en/nos_c751_en.pdf</ExternalDocument>
      </ExternalDocumentGrp>
      <ChangesGrp>
        <Change xml:lang="nn">Ikkje relevant</Change>
        <Change xml:lang="nb">Ikke relevant</Change>
        <Change xml:lang="en">Not relevant</Change>
      </ChangesGrp>
      <DerivedFromGrp>
        <DerviedFrom xml:lang="nn">Ikkje relevant</DerviedFrom>
        <DerviedFrom xml:lang="nb">Ikke relevant</DerviedFrom>
        <DerviedFrom xml:lang="en">Not relevant</DerviedFrom>
      </DerivedFromGrp>
      <LegalBaseGrp>
        <LegalBase xml:lang="nn">Ikkje relevant</LegalBase>
        <LegalBase xml:lang="nb">Ikke relevant</LegalBase>
        <LegalBase xml:lang="en">Not relevant</LegalBase>
      </LegalBaseGrp>
      <Level levelNumber="1" id="urn:ssb:classlevel:stabas:8543941" codeStructure="9">
        <TitleGrp>
          <Title xml:lang="nn">Kompetansekode (NUS 2013/1): Kompetansekode</Title>
          <Title xml:lang="nb">Kompetansekode (NUS 2013/1): Kompetansekode</Title>
          <Title xml:lang="en">Competence code (NUS 2013/1): Competence code</Title>
        </TitleGrp>
        <CodelistReference>urn:ssb:codelist:stabas:8543941</CodelistReference>
        <Level levelNumber="2" id="urn:ssb:classlevel:stabas:8543943" codeStructure="999999">
          <TitleGrp>
            <Title xml:lang="nn">Kompetansekode (NUS 2013/1): Utdanningskode</Title>
            <Title xml:lang="nb">Kompetansekode (NUS 2013/1): Utdanningskode</Title>
            <Title xml:lang="en">Competence code (NUS 2013/1): Education code</Title>
          </TitleGrp>
          <CodelistReference>urn:ssb:codelist:stabas:8543943</CodelistReference>
        </Level>
      </Level>
    </ClassificationVersion>
    <ClassificationVersion id="urn:ssb:classversion:stabas:8418446" isCurrentVersion="false" validFrom="2012-07-01" validTo="2012-12-31" isUnderConstruction="false" updatesPossible="false" disseminationAllowed="true" lastChangedDate="2013-01-09" showIntranet="true" showInternet="true">
      <TitleGrp>
        <Title xml:lang="nn">Kompetansekode (NUS 2012/2)</Title>
        <Title xml:lang="nb">Kompetansekode (NUS 2012/2)</Title>
        <Title xml:lang="en">Competence code (NUS 2012/2)</Title>
      </TitleGrp>
      <DescriptionGrp>
        <Description xml:lang="nn">Kompetansekoden gir ei oversikt over ulike typar av kompetanse frå vidaregåande opplæring. I den vidare-gåande opplæringa skil vi mellom studieførebuande og yrkesfagleg opplæring. Den studieførebuande opplæringa legg mest vekt på teoretiske kunnskapar og fører fram til studiekompetanse, mens den yrkesfaglege opplæringa fører fram til eit yrke og gir yrkeskompetanse med vitnemål eller fag-/sveinebrev. For meir informasjon, sjå pkt. 3.2.6. i NOS C 676 (under publikasjonar).</Description>
        <Description xml:lang="nb">Kompetansekoden gir oversikt over ulike typer av kompetanse fra videregående opplæring. I videregående opplæring skilles det mellom studieforberedende og yrkesfaglig opplæring. Den studieforberedende opplæringen legger mest vekt på teoretisk kunnskap og fører frem til studiekompetanse, mens den yrkesfaglige opplæringen fører frem til et yrke og gir yrkeskompetanse med vitnemål eller  fag-/svennebrev. For mer informasjon, se pkt. 3.2.6. i NOS C 617  (under publikasjoner).</Description>
        <Description xml:lang="en">The competence code provides an overview of alternative qualification for tertiary education or vocational skills in upper secondary education and training. In upper secondary education and training, a distinction is drawn between college preparatory and vocational education. College preparatory training places the most emphasis on theoretical knowledge, and leads to entrance qualifications for tertiary education. The vocational programmes lead to an occupation and provide occupational qualification with a vocational certificate. For more information, see 3.2.6. in NOS C 751 (under publications).</Description>
      </DescriptionGrp>
      <IntroductionGrp>
        <Indtroduction xml:lang="nn">NUS2000 inneheld, i tillegg til den sekssifra NUS-koden, også andre kodar knytte til utdanning. Kompetansekode er ei slik gruppering. Desse supplerer NUS2000-standarden, men har, med unntak av ISCED97, ikkje status som offisielle standardar i SSB.</Indtroduction>
        <Indtroduction xml:lang="nb">NUS2000 inneholder, i tillegg til den sekssifrede NUS-koden, også andre koder knyttet til utdanning. Kompetansekode er en slik gruppering. Disse supplerer NUS2000-standarden, men har, med unntak av ISCED97, ikke status som offisielle standarder i SSB.</Indtroduction>
        <Indtroduction xml:lang="en">In addition to the six digit NUS code, NUS2000 also consist of other codes concerning education. Competence code is such a classification. These codes supplement the NUS2000 standard, but with exception from ISCED97, they do not have status as official standards in Statistics Norway.</Indtroduction>
      </IntroductionGrp>
      <ContactInformation>
        <Person xmlns="http://www.ssb.no/ns/meta/common">gki</Person>
        <Division xmlns="http://www.ssb.no/ns/meta/common">360</Division>
      </ContactInformation>
      <ExternalDocumentGrp>
        <ExternalDocument xml:lang="nn">NOS C 676   http://www.ssb.no/emner/04/90/nos_c617/nos_c676.pdf</ExternalDocument>
        <ExternalDocument xml:lang="nb">NOS C 617   http://www.ssb.no/emner/04/90/nos_c617/nos_c617.pdf</ExternalDocument>
        <ExternalDocument xml:lang="en">http://www.ssb.no/english/subjects/04/90/nos_c751_en/nos_c751_en.pdf</ExternalDocument>
      </ExternalDocumentGrp>
      <ChangesGrp>
        <Change xml:lang="nn">Ikkje relevant</Change>
        <Change xml:lang="nb">Ikke relevant</Change>
        <Change xml:lang="en">Not relevant</Change>
      </ChangesGrp>
      <DerivedFromGrp>
        <DerviedFrom xml:lang="nn">Ikkje relevant</DerviedFrom>
        <DerviedFrom xml:lang="nb">Ikke relevant</DerviedFrom>
        <DerviedFrom xml:lang="en">Not relevant</DerviedFrom>
      </DerivedFromGrp>
      <LegalBaseGrp>
        <LegalBase xml:lang="nn">Ikkje relevant</LegalBase>
        <LegalBase xml:lang="nb">Ikke relevant</LegalBase>
        <LegalBase xml:lang="en">Not relevant</LegalBase>
      </LegalBaseGrp>
      <Level levelNumber="1" id="urn:ssb:classlevel:stabas:8418448" codeStructure="9">
        <TitleGrp>
          <Title xml:lang="nn">Kompetansekode (NUS 2012/2): Kompetansekode</Title>
          <Title xml:lang="nb">Kompetansekode (NUS 2012/2): Kompetansekode</Title>
          <Title xml:lang="en">Competence code (NUS 2012/2): Competence code</Title>
        </TitleGrp>
        <CodelistReference>urn:ssb:codelist:stabas:8418448</CodelistReference>
        <Level levelNumber="2" id="urn:ssb:classlevel:stabas:8418450" codeStructure="999999">
          <TitleGrp>
            <Title xml:lang="nn">Kompetansekode (NUS 2012/2): Utdanningskode</Title>
            <Title xml:lang="nb">Kompetansekode (NUS 2012/2): Utdanningskode</Title>
            <Title xml:lang="en">Competence code (NUS 2012/2): Education code</Title>
          </TitleGrp>
          <CodelistReference>urn:ssb:codelist:stabas:8418450</CodelistReference>
        </Level>
      </Level>
    </ClassificationVersion>
    <ClassificationVersion id="urn:ssb:classversion:stabas:8152319" isCurrentVersion="false" validFrom="2012-01-01" validTo="2012-06-30" isUnderConstruction="false" updatesPossible="false" disseminationAllowed="true" lastChangedDate="2012-07-31" showIntranet="true" showInternet="true">
      <TitleGrp>
        <Title xml:lang="nn">Kompetansekode (NUS 2012/1)</Title>
        <Title xml:lang="nb">Kompetansekode (NUS 2012/1)</Title>
        <Title xml:lang="en">Competence code (NUS 2012/1)</Title>
      </TitleGrp>
      <DescriptionGrp>
        <Description xml:lang="nn">Kompetansekoden gir ei oversikt over ulike typar av kompetanse frå vidaregåande opplæring. I den vidare-gåande opplæringa skil vi mellom studieførebuande og yrkesfagleg opplæring. Den studieførebuande opplæringa legg mest vekt på teoretiske kunnskapar og fører fram til studiekompetanse, mens den yrkesfaglege opplæringa fører fram til eit yrke og gir yrkeskompetanse med vitnemål eller fag-/sveinebrev. For meir informasjon, sjå pkt. 3.2.6. i NOS C 676 (under publikasjonar).</Description>
        <Description xml:lang="nb">Kompetansekoden gir oversikt over ulike typer av kompetanse fra videregående opplæring. I videregående opplæring skilles det mellom studieforberedende og yrkesfaglig opplæring. Den studieforberedende opplæringen legger mest vekt på teoretisk kunnskap og fører frem til studiekompetanse, mens den yrkesfaglige opplæringen fører frem til et yrke og gir yrkeskompetanse med vitnemål eller  fag-/svennebrev. For mer informasjon, se pkt. 3.2.6. i NOS C 617  (under publikasjoner).</Description>
        <Description xml:lang="en">The competence code provides an overview of alternative qualification for tertiary education or vocational skills in upper secondary education and training. In upper secondary education and training, a distinction is drawn between college preparatory and vocational education. College preparatory training places the most emphasis on theoretical knowledge, and leads to entrance qualifications for tertiary education. The vocational programmes lead to an occupation and provide occupational qualification with a vocational certificate. For more information, see 3.2.6. in NOS C 751 (under publications).</Description>
      </DescriptionGrp>
      <IntroductionGrp>
        <Indtroduction xml:lang="nn">NUS2000 inneheld, i tillegg til den sekssifra NUS-koden, også andre kodar knytte til utdanning. Kompetansekode er ei slik gruppering. Desse supplerer NUS2000-standarden, men har, med unntak av ISCED97, ikkje status som offisielle standardar i SSB.</Indtroduction>
        <Indtroduction xml:lang="nb">NUS2000 inneholder, i tillegg til den sekssifrede NUS-koden, også andre koder knyttet til utdanning. Kompetansekode er en slik gruppering. Disse supplerer NUS2000-standarden, men har, med unntak av ISCED97, ikke status som offisielle standarder i SSB.</Indtroduction>
        <Indtroduction xml:lang="en">In addition to the six digit NUS code, NUS2000 also consist of other codes concerning education. Competence code is such a classification. These codes supplement the NUS2000 standard, but with exception from ISCED97, they do not have status as official standards in Statistics Norway.</Indtroduction>
      </IntroductionGrp>
      <ContactInformation>
        <Person xmlns="http://www.ssb.no/ns/meta/common">gki</Person>
        <Division xmlns="http://www.ssb.no/ns/meta/common">360</Division>
      </ContactInformation>
      <ExternalDocumentGrp>
        <ExternalDocument xml:lang="nn">NOS C 676   http://www.ssb.no/emner/04/90/nos_c617/nos_c676.pdf</ExternalDocument>
        <ExternalDocument xml:lang="nb">NOS C 617   http://www.ssb.no/emner/04/90/nos_c617/nos_c617.pdf</ExternalDocument>
        <ExternalDocument xml:lang="en">http://www.ssb.no/english/subjects/04/90/nos_c751_en/nos_c751_en.pdf</ExternalDocument>
      </ExternalDocumentGrp>
      <ChangesGrp>
        <Change xml:lang="nn">Ikkje relevant</Change>
        <Change xml:lang="nb">Ikke relevant</Change>
        <Change xml:lang="en">Not relevant</Change>
      </ChangesGrp>
      <DerivedFromGrp>
        <DerviedFrom xml:lang="nn">Ikkje relevant</DerviedFrom>
        <DerviedFrom xml:lang="nb">Ikke relevant</DerviedFrom>
        <DerviedFrom xml:lang="en">Not relevant</DerviedFrom>
      </DerivedFromGrp>
      <LegalBaseGrp>
        <LegalBase xml:lang="nn">Ikkje relevant</LegalBase>
        <LegalBase xml:lang="nb">Ikke relevant</LegalBase>
        <LegalBase xml:lang="en">Not relevant</LegalBase>
      </LegalBaseGrp>
      <Level levelNumber="1" id="urn:ssb:classlevel:stabas:8152321" codeStructure="9">
        <TitleGrp>
          <Title xml:lang="nn">Kompetansekode (NUS 2012/1): Kompetansekode</Title>
          <Title xml:lang="nb">Kompetansekode (NUS 2012/1): Kompetansekode</Title>
          <Title xml:lang="en">Competence code (NUS 2012/1): Competence code</Title>
        </TitleGrp>
        <CodelistReference>urn:ssb:codelist:stabas:8152321</CodelistReference>
        <Level levelNumber="2" id="urn:ssb:classlevel:stabas:8152323" codeStructure="999999">
          <TitleGrp>
            <Title xml:lang="nn">Kompetansekode (NUS 2012/1): Utdanningskode</Title>
            <Title xml:lang="nb">Kompetansekode (NUS 2012/1): Utdanningskode</Title>
            <Title xml:lang="en">Competence code (NUS 2012/1): Education code</Title>
          </TitleGrp>
          <CodelistReference>urn:ssb:codelist:stabas:8152323</CodelistReference>
        </Level>
      </Level>
    </ClassificationVersion>
    <ClassificationVersion id="urn:ssb:classversion:stabas:7947781" isCurrentVersion="false" validFrom="2011-07-01" validTo="2011-12-31" isUnderConstruction="false" updatesPossible="false" disseminationAllowed="true" lastChangedDate="2012-01-04" showIntranet="true" showInternet="true">
      <TitleGrp>
        <Title xml:lang="nn">Kompetansekode (NUS 2011/2)</Title>
        <Title xml:lang="nb">Kompetansekode (NUS 2011/2)</Title>
        <Title xml:lang="en">Competence code (NUS 2011/2)</Title>
      </TitleGrp>
      <DescriptionGrp>
        <Description xml:lang="nn">Kompetansekoden gir ei oversikt over ulike typar av kompetanse frå vidaregåande opplæring. I den vidare-gåande opplæringa skil vi mellom studieførebuande og yrkesfagleg opplæring. Den studieførebuande opplæringa legg mest vekt på teoretiske kunnskapar og fører fram til studiekompetanse, mens den yrkesfaglege opplæringa fører fram til eit yrke og gir yrkeskompetanse med vitnemål eller fag-/sveinebrev. For meir informasjon, sjå pkt. 3.2.6. i NOS C 676 (under publikasjonar).</Description>
        <Description xml:lang="nb">Kompetansekoden gir oversikt over ulike typer av kompetanse fra videregående opplæring. I videregående opplæring skilles det mellom studieforberedende og yrkesfaglig opplæring. Den studieforberedende opplæringen legger mest vekt på teoretisk kunnskap og fører frem til studiekompetanse, mens den yrkesfaglige opplæringen fører frem til et yrke og gir yrkeskompetanse med vitnemål eller  fag-/svennebrev. For mer informasjon, se pkt. 3.2.6. i NOS C 617  (under publikasjoner).</Description>
        <Description xml:lang="en">The competence code provides an overview of alternative qualification for tertiary education or vocational skills in upper secondary education and training. In upper secondary education and training, a distinction is drawn between college preparatory and vocational education. College preparatory training places the most emphasis on theoretical knowledge, and leads to entrance qualifications for tertiary education. The vocational programmes lead to an occupation and provide occupational qualification with a vocational certificate. For more information, see 3.2.6. in NOS C 751 (under publications).</Description>
      </DescriptionGrp>
      <IntroductionGrp>
        <Indtroduction xml:lang="nn">NUS2000 inneheld, i tillegg til den sekssifra NUS-koden, også andre kodar knytte til utdanning. Kompetansekode er ei slik gruppering. Desse supplerer NUS2000-standarden, men har, med unntak av ISCED97, ikkje status som offisielle standardar i SSB.</Indtroduction>
        <Indtroduction xml:lang="nb">NUS2000 inneholder, i tillegg til den sekssifrede NUS-koden, også andre koder knyttet til utdanning. Kompetansekode er en slik gruppering. Disse supplerer NUS2000-standarden, men har, med unntak av ISCED97, ikke status som offisielle standarder i SSB.</Indtroduction>
        <Indtroduction xml:lang="en">In addition to the six digit NUS code, NUS2000 also consist of other codes concerning education. Competence code is such a classification. These codes supplement the NUS2000 standard, but with exception from ISCED97, they do not have status as official standards in Statistics Norway.</Indtroduction>
      </IntroductionGrp>
      <ContactInformation>
        <Person xmlns="http://www.ssb.no/ns/meta/common">gki</Person>
        <Division xmlns="http://www.ssb.no/ns/meta/common">360</Division>
      </ContactInformation>
      <ExternalDocumentGrp>
        <ExternalDocument xml:lang="nn">NOS C 676   http://www.ssb.no/emner/04/90/nos_c617/nos_c676.pdf</ExternalDocument>
        <ExternalDocument xml:lang="nb">NOS C 617   http://www.ssb.no/emner/04/90/nos_c617/nos_c617.pdf</ExternalDocument>
        <ExternalDocument xml:lang="en">http://www.ssb.no/english/subjects/04/90/nos_c751_en/nos_c751_en.pdf</ExternalDocument>
      </ExternalDocumentGrp>
      <ChangesGrp>
        <Change xml:lang="nn"> Ikkje relevant</Change>
        <Change xml:lang="nb">Ikke relevant</Change>
        <Change xml:lang="en">Not relevant</Change>
      </ChangesGrp>
      <DerivedFromGrp>
        <DerviedFrom xml:lang="nn">Ikkje relevant</DerviedFrom>
        <DerviedFrom xml:lang="nb">Ikke relevant</DerviedFrom>
        <DerviedFrom xml:lang="en">Not relevant</DerviedFrom>
      </DerivedFromGrp>
      <LegalBaseGrp>
        <LegalBase xml:lang="nn">Ikkje relevant</LegalBase>
        <LegalBase xml:lang="nb">Ikke relevant</LegalBase>
        <LegalBase xml:lang="en">Not relevant</LegalBase>
      </LegalBaseGrp>
      <Level levelNumber="1" id="urn:ssb:classlevel:stabas:7947783" codeStructure="9">
        <TitleGrp>
          <Title xml:lang="nn">Kompetansekode (NUS 2011/2): Kompetansekode</Title>
          <Title xml:lang="nb">Kompetansekode (NUS 2011/2): Kompetansekode</Title>
          <Title xml:lang="en">Competence code (NUS 2011/2): Competence code</Title>
        </TitleGrp>
        <CodelistReference>urn:ssb:codelist:stabas:7947783</CodelistReference>
        <Level levelNumber="2" id="urn:ssb:classlevel:stabas:7947785" codeStructure="999999">
          <TitleGrp>
            <Title xml:lang="nn">Kompetansekode (NUS 2011/2): Utdanningskode</Title>
            <Title xml:lang="nb">Kompetansekode (NUS 2011/2): Utdanningskode</Title>
            <Title xml:lang="en">Competence code (NUS 2011/2): Education code</Title>
          </TitleGrp>
          <CodelistReference>urn:ssb:codelist:stabas:7947785</CodelistReference>
        </Level>
      </Level>
    </ClassificationVersion>
    <ClassificationVersion id="urn:ssb:classversion:stabas:7257433" isCurrentVersion="false" validFrom="2011-01-01" validTo="2011-06-30" isUnderConstruction="false" updatesPossible="false" disseminationAllowed="true" lastChangedDate="2011-06-30" showIntranet="true" showInternet="true">
      <TitleGrp>
        <Title xml:lang="nn">Kompetansekode (NUS 2011/1)</Title>
        <Title xml:lang="nb">Kompetansekode (NUS 2011/1)</Title>
        <Title xml:lang="en">Competence code (NUS 2011/1)</Title>
      </TitleGrp>
      <DescriptionGrp>
        <Description xml:lang="nn">Kompetansekoden gir ei oversikt over ulike typar av kompetanse frå vidaregåande opplæring. I den vidare-gåande opplæringa skil vi mellom studieførebuande og yrkesfagleg opplæring. Den studieførebuande opplæringa legg mest vekt på teoretiske kunnskapar og fører fram til studiekompetanse, mens den yrkesfaglege opplæringa fører fram til eit yrke og gir yrkeskompetanse med vitnemål eller fag-/sveinebrev. For meir informasjon, sjå pkt. 3.2.6. i NOS C 676 (under publikasjonar).</Description>
        <Description xml:lang="nb">Kompetansekoden gir oversikt over ulike typer av kompetanse fra videregående opplæring. I videregående opplæring skilles det mellom studieforberedende og yrkesfaglig opplæring. Den studieforberedende opplæringen legger mest vekt på teoretisk kunnskap og fører frem til studiekompetanse, mens den yrkesfaglige opplæringen fører frem til et yrke og gir yrkeskompetanse med vitnemål eller  fag-/svennebrev. For mer informasjon, se pkt. 3.2.6. i NOS C 617  (under publikasjoner).</Description>
        <Description xml:lang="en">The competence code provides an overview of alternative qualification for tertiary education or vocational skills in upper secondary education and training. In upper secondary education and training, a distinction is drawn between college preparatory and vocational education. College preparatory training places the most emphasis on theoretical knowledge, and leads to entrance qualifications for tertiary education. The vocational programmes lead to an occupation and provide occupational qualification with a vocational certificate. For more information, see 3.2.6. in NOS C 751 (under publications).</Description>
      </DescriptionGrp>
      <IntroductionGrp>
        <Indtroduction xml:lang="nn">NUS2000 inneheld, i tillegg til den sekssifra NUS-koden, også andre kodar knytte til utdanning. Kompetansekode er ei slik gruppering. Desse supplerer NUS2000-standarden, men har, med unntak av ISCED97, ikkje status som offisielle standardar i SSB.</Indtroduction>
        <Indtroduction xml:lang="nb">NUS2000 inneholder, i tillegg til den sekssifrede NUS-koden, også andre koder knyttet til utdanning. Kompetansekode er en slik gruppering. Disse supplerer NUS2000-standarden, men har, med unntak av ISCED97, ikke status som offisielle standarder i SSB.</Indtroduction>
        <Indtroduction xml:lang="en">In addition to the six digit NUS code, NUS2000 also consist of other codes concerning education. Competence code is such a classification. These codes supplement the NUS2000 standard, but with exception from ISCED97, they do not have status as official standards in Statistics Norway.</Indtroduction>
      </IntroductionGrp>
      <ContactInformation>
        <Person xmlns="http://www.ssb.no/ns/meta/common">gki</Person>
        <Division xmlns="http://www.ssb.no/ns/meta/common">360</Division>
      </ContactInformation>
      <ExternalDocumentGrp>
        <ExternalDocument xml:lang="nn">NOS C 676   http://www.ssb.no/emner/04/90/nos_c617/nos_c676.pdf</ExternalDocument>
        <ExternalDocument xml:lang="nb">NOS C 617   http://www.ssb.no/emner/04/90/nos_c617/nos_c617.pdf</ExternalDocument>
        <ExternalDocument xml:lang="en">http://www.ssb.no/english/subjects/04/90/nos_c751_en/nos_c751_en.pdf</ExternalDocument>
      </ExternalDocumentGrp>
      <ChangesGrp>
        <Change xml:lang="nn">Ikkje relevant</Change>
        <Change xml:lang="nb">Ikke relevant</Change>
        <Change xml:lang="en">Not relevant</Change>
      </ChangesGrp>
      <DerivedFromGrp>
        <DerviedFrom xml:lang="nn">Ikkje relevant</DerviedFrom>
        <DerviedFrom xml:lang="nb">Ikke relevant</DerviedFrom>
        <DerviedFrom xml:lang="en">Not relevant</DerviedFrom>
      </DerivedFromGrp>
      <LegalBaseGrp>
        <LegalBase xml:lang="nn">Ikkje relevant</LegalBase>
        <LegalBase xml:lang="nb">Ikke relevant</LegalBase>
        <LegalBase xml:lang="en">Not relevant</LegalBase>
      </LegalBaseGrp>
      <Level levelNumber="1" id="urn:ssb:classlevel:stabas:7257435" codeStructure="9">
        <TitleGrp>
          <Title xml:lang="nn">Kompetansekode (NUS 2011/1): Kompetansekode</Title>
          <Title xml:lang="nb">Kompetansekode (NUS 2011/1): Kompetansekode</Title>
          <Title xml:lang="en">Competence code (NUS 2011/1): Competence code</Title>
        </TitleGrp>
        <CodelistReference>urn:ssb:codelist:stabas:7257435</CodelistReference>
        <Level levelNumber="2" id="urn:ssb:classlevel:stabas:7257437" codeStructure="999999">
          <TitleGrp>
            <Title xml:lang="nn">Kompetansekode (NUS 2011/1): Utdanningskode</Title>
            <Title xml:lang="nb">Kompetansekode (NUS 2011/1): Utdanningskode</Title>
            <Title xml:lang="en">Competence code (NUS 2011/1): Education code</Title>
          </TitleGrp>
          <CodelistReference>urn:ssb:codelist:stabas:7257437</CodelistReference>
        </Level>
      </Level>
    </ClassificationVersion>
    <ClassificationVersion id="urn:ssb:classversion:stabas:6981701" isCurrentVersion="false" validFrom="2010-07-01" validTo="2010-12-31" isUnderConstruction="false" updatesPossible="false" disseminationAllowed="true" lastChangedDate="2011-01-25" showIntranet="true" showInternet="true">
      <TitleGrp>
        <Title xml:lang="nn">Kompetansekode (NUS 2010/2)</Title>
        <Title xml:lang="nb">Kompetansekode (NUS 2010/2)</Title>
        <Title xml:lang="en">Competence code (NUS 2010/2)</Title>
      </TitleGrp>
      <DescriptionGrp>
        <Description xml:lang="nn">Kompetansekoden gir ei oversikt over ulike typar av kompetanse frå vidaregåande opplæring. I den vidare-gåande opplæringa skil vi mellom studieførebuande og yrkesfagleg opplæring. Den studieførebuande opplæringa legg mest vekt på teoretiske kunnskapar og fører fram til studiekompetanse, mens den yrkesfaglege opplæringa fører fram til eit yrke og gir yrkeskompetanse med vitnemål eller fag-/sveinebrev. For meir informasjon, sjå pkt. 3.2.6. i NOS C 676 (under publikasjonar).</Description>
        <Description xml:lang="nb">Kompetansekoden gir oversikt over ulike typer av kompetanse fra videregående opplæring. I videregående opplæring skilles det mellom studieforberedende og yrkesfaglig opplæring. Den studieforberedende opplæringen legger mest vekt på teoretisk kunnskap og fører frem til studiekompetanse, mens den yrkesfaglige opplæringen fører frem til et yrke og gir yrkeskompetanse med vitnemål eller  fag-/svennebrev. For mer informasjon, se pkt. 3.2.6. i NOS C 617  (under publikasjoner).</Description>
        <Description xml:lang="en">The competence code provides an overview of alternative qualification for tertiary education or vocational skills in upper secondary education and training. In upper secondary education and training, a distinction is drawn between college preparatory and vocational education. College preparatory training places the most emphasis on theoretical knowledge, and leads to entrance qualifications for tertiary education. The vocational programmes lead to an occupation and provide occupational qualification with a vocational certificate. For more information, see 3.2.6. in NOS C 751 (under publications).</Description>
      </DescriptionGrp>
      <IntroductionGrp>
        <Indtroduction xml:lang="nn">NUS2000 inneheld, i tillegg til den sekssifra NUS-koden, også andre kodar knytte til utdanning. Kompetansekode er ei slik gruppering. Desse supplerer NUS2000-standarden, men har, med unntak av ISCED97, ikkje status som offisielle standardar i SSB.</Indtroduction>
        <Indtroduction xml:lang="nb">NUS2000 inneholder, i tillegg til den sekssifrede NUS-koden, også andre koder knyttet til utdanning. Kompetansekode er en slik gruppering. Disse supplerer NUS2000-standarden, men har, med unntak av ISCED97, ikke status som offisielle standarder i SSB.</Indtroduction>
        <Indtroduction xml:lang="en">In addition to the six digit NUS code, NUS2000 also consist of other codes concerning education. Competence code is such a classification. These codes supplement the NUS2000 standard, but with exception from ISCED97, they do not have status as official standards in Statistics Norway.</Indtroduction>
      </IntroductionGrp>
      <ContactInformation>
        <Person xmlns="http://www.ssb.no/ns/meta/common">gki</Person>
        <Division xmlns="http://www.ssb.no/ns/meta/common">360</Division>
      </ContactInformation>
      <ExternalDocumentGrp>
        <ExternalDocument xml:lang="nn">NOS C 676   http://www.ssb.no/emner/04/90/nos_c617/nos_c676.pdf</ExternalDocument>
        <ExternalDocument xml:lang="nb">NOS C 617   http://www.ssb.no/emner/04/90/nos_c617/nos_c617.pdf</ExternalDocument>
        <ExternalDocument xml:lang="en">http://www.ssb.no/english/subjects/04/90/nos_c751_en/nos_c751_en.pdf</ExternalDocument>
      </ExternalDocumentGrp>
      <ChangesGrp>
        <Change xml:lang="nn">Ikkje relevant</Change>
        <Change xml:lang="nb">Ikke relevant</Change>
        <Change xml:lang="en">Not relevant</Change>
      </ChangesGrp>
      <DerivedFromGrp>
        <DerviedFrom xml:lang="nn">Ikkje relevant</DerviedFrom>
        <DerviedFrom xml:lang="nb">Ikke relevant</DerviedFrom>
        <DerviedFrom xml:lang="en">Not relevant</DerviedFrom>
      </DerivedFromGrp>
      <LegalBaseGrp>
        <LegalBase xml:lang="nn">Ikkje relevant</LegalBase>
        <LegalBase xml:lang="nb">Ikke relevant</LegalBase>
        <LegalBase xml:lang="en">Not relevant</LegalBase>
      </LegalBaseGrp>
      <Level levelNumber="1" id="urn:ssb:classlevel:stabas:6981703" codeStructure="9">
        <TitleGrp>
          <Title xml:lang="nn">Kompetansekode (NUS 2010/2): Kompetansekode</Title>
          <Title xml:lang="nb">Kompetansekode (NUS 2010/2): Kompetansekode</Title>
          <Title xml:lang="en">Competence code (NUS 2010/2): Competence code</Title>
        </TitleGrp>
        <CodelistReference>urn:ssb:codelist:stabas:6981703</CodelistReference>
        <Level levelNumber="2" id="urn:ssb:classlevel:stabas:6981705" codeStructure="999999">
          <TitleGrp>
            <Title xml:lang="nn">Kompetansekode (NUS 2010/2): Utdanningskode</Title>
            <Title xml:lang="nb">Kompetansekode (NUS 2010/2): Utdanningskode</Title>
            <Title xml:lang="en">Competence code (NUS 2010/2): Education code</Title>
          </TitleGrp>
          <CodelistReference>urn:ssb:codelist:stabas:6981705</CodelistReference>
        </Level>
      </Level>
    </ClassificationVersion>
    <ClassificationVersion id="urn:ssb:classversion:stabas:6357015" isCurrentVersion="false" validFrom="2010-01-01" validTo="2010-06-30" isUnderConstruction="false" updatesPossible="false" disseminationAllowed="true" lastChangedDate="2011-01-24" showIntranet="true" showInternet="true">
      <TitleGrp>
        <Title xml:lang="nn">Kompetansekode (NUS 2010/1)</Title>
        <Title xml:lang="nb">Kompetansekode (NUS 2010/1)</Title>
        <Title xml:lang="en">Competence code (NUS 2010/1)</Title>
      </TitleGrp>
      <DescriptionGrp>
        <Description xml:lang="nn">Kompetansekoden gir ei oversikt over ulike typar av kompetanse frå vidaregåande opplæring. I den vidare-gåande opplæringa skil vi mellom studieførebuande og yrkesfagleg opplæring. Den studieførebuande opplæringa legg mest vekt på teoretiske kunnskapar og fører fram til studiekompetanse, mens den yrkesfaglege opplæringa fører fram til eit yrke og gir yrkeskompetanse med vitnemål eller fag-/sveinebrev. For meir informasjon, sjå pkt. 3.2.6. i NOS C 676 (under publikasjonar).</Description>
        <Description xml:lang="nb">Kompetansekoden gir oversikt over ulike typer av kompetanse fra videregående opplæring. I videregående opplæring skilles det mellom studieforberedende og yrkesfaglig opplæring. Den studieforberedende opplæringen legger mest vekt på teoretisk kunnskap og fører frem til studiekompetanse, mens den yrkesfaglige opplæringen fører frem til et yrke og gir yrkeskompetanse med vitnemål eller  fag-/svennebrev. For mer informasjon, se pkt. 3.2.6. i NOS C 617  (under publikasjoner).</Description>
        <Description xml:lang="en">The competence code provides an overview of alternative qualification for tertiary education or vocational skills in upper secondary education and training. In upper secondary education and training, a distinction is drawn between college preparatory and vocational education. College preparatory training places the most emphasis on theoretical knowledge, and leads to entrance qualifications for tertiary education. The vocational programmes lead to an occupation and provide occupational qualification with a vocational certificate. For more information, see 3.2.6. in NOS C 751 (under publications).</Description>
      </DescriptionGrp>
      <IntroductionGrp>
        <Indtroduction xml:lang="nn">NUS2000 inneheld, i tillegg til den sekssifra NUS-koden, også andre kodar knytte til utdanning. Kompetansekode er ei slik gruppering. Desse supplerer NUS2000-standarden, men har, med unntak av ISCED97, ikkje status som offisielle standardar i SSB.</Indtroduction>
        <Indtroduction xml:lang="nb">NUS2000 inneholder, i tillegg til den sekssifrede NUS-koden, også andre koder knyttet til utdanning. Kompetansekode er en slik gruppering. Disse supplerer NUS2000-standarden, men har, med unntak av ISCED97, ikke status som offisielle standarder i SSB.</Indtroduction>
        <Indtroduction xml:lang="en">In addition to the six digit NUS code, NUS2000 also consist of other codes concerning education. Competence code is such a classification. These codes supplement the NUS2000 standard, but with exception from ISCED97, they do not have status as official standards in Statistics Norway.</Indtroduction>
      </IntroductionGrp>
      <ContactInformation>
        <Person xmlns="http://www.ssb.no/ns/meta/common">gki</Person>
        <Division xmlns="http://www.ssb.no/ns/meta/common">360</Division>
      </ContactInformation>
      <ExternalDocumentGrp>
        <ExternalDocument xml:lang="nn">NOS C 676   http://www.ssb.no/emner/04/90/nos_c617/nos_c676.pdf</ExternalDocument>
        <ExternalDocument xml:lang="nb">NOS C 617   http://www.ssb.no/emner/04/90/nos_c617/nos_c617.pdf</ExternalDocument>
        <ExternalDocument xml:lang="en">http://www.ssb.no/english/subjects/04/90/nos_c751_en/nos_c751_en.pdf</ExternalDocument>
      </ExternalDocumentGrp>
      <ChangesGrp>
        <Change xml:lang="nn">Ikkje relevant</Change>
        <Change xml:lang="nb">Ikke relevant</Change>
        <Change xml:lang="en">Not relevant</Change>
      </ChangesGrp>
      <DerivedFromGrp>
        <DerviedFrom xml:lang="nn">Ikkje relevant</DerviedFrom>
        <DerviedFrom xml:lang="nb">Ikke relevant</DerviedFrom>
        <DerviedFrom xml:lang="en">Not relevant</DerviedFrom>
      </DerivedFromGrp>
      <LegalBaseGrp>
        <LegalBase xml:lang="nn">Ikkje relevant</LegalBase>
        <LegalBase xml:lang="nb">Ikke relevant</LegalBase>
        <LegalBase xml:lang="en">Not relevant</LegalBase>
      </LegalBaseGrp>
      <Level levelNumber="1" id="urn:ssb:classlevel:stabas:6357017" codeStructure="9">
        <TitleGrp>
          <Title xml:lang="nn">Kompetansekode (NUS 2010/1): Kompetansekode</Title>
          <Title xml:lang="nb">Kompetansekode (NUS 2010/1): Kompetansekode</Title>
          <Title xml:lang="en">Competence code (NUS 2010/1): Competence code</Title>
        </TitleGrp>
        <CodelistReference>urn:ssb:codelist:stabas:6357017</CodelistReference>
        <Level levelNumber="2" id="urn:ssb:classlevel:stabas:6357019" codeStructure="999999">
          <TitleGrp>
            <Title xml:lang="nn">Kompetansekode (NUS 2010/1): Utdanningskode</Title>
            <Title xml:lang="nb">Kompetansekode (NUS 2010/1): Utdanningskode</Title>
            <Title xml:lang="en">Competence code (NUS 2010/1): Education code</Title>
          </TitleGrp>
          <CodelistReference>urn:ssb:codelist:stabas:6357019</CodelistReference>
        </Level>
      </Level>
    </ClassificationVersion>
    <ClassificationVersion id="urn:ssb:classversion:stabas:5973743" isCurrentVersion="false" validFrom="2009-07-01" validTo="2009-12-31" isUnderConstruction="false" updatesPossible="false" disseminationAllowed="true" lastChangedDate="2011-01-24" showIntranet="true" showInternet="true">
      <TitleGrp>
        <Title xml:lang="nn">Kompetansekode (NUS 2009/2)</Title>
        <Title xml:lang="nb">Kompetansekode (NUS 2009/2)</Title>
        <Title xml:lang="en">Competence code (NUS 2009/2)</Title>
      </TitleGrp>
      <DescriptionGrp>
        <Description xml:lang="nn">Kompetansekoden gir ei oversikt over ulike typar av kompetanse frå vidaregåande opplæring. I den vidare-gåande opplæringa skil vi mellom studieførebuande og yrkesfagleg opplæring. Den studieførebuande opplæringa legg mest vekt på teoretiske kunnskapar og fører fram til studiekompetanse, mens den yrkesfaglege opplæringa fører fram til eit yrke og gir yrkeskompetanse med vitnemål eller fag-/sveinebrev. For meir informasjon, sjå pkt. 3.2.6. i NOS C 676 (under publikasjonar).</Description>
        <Description xml:lang="nb">Kompetansekoden gir oversikt over ulike typer av kompetanse fra videregående opplæring. I videregående opplæring skilles det mellom studieforberedende og yrkesfaglig opplæring. Den studieforberedende opplæringen legger mest vekt på teoretisk kunnskap og fører frem til studiekompetanse, mens den yrkesfaglige opplæringen fører frem til et yrke og gir yrkeskompetanse med vitnemål eller  fag-/svennebrev. For mer informasjon, se pkt. 3.2.6. i NOS C 617  (under publikasjoner).</Description>
        <Description xml:lang="en">The competence code provides an overview of alternative qualification for tertiary education or vocational skills in upper secondary education and training. In upper secondary education and training, a distinction is drawn between college preparatory and vocational education. College preparatory training places the most emphasis on theoretical knowledge, and leads to entrance qualifications for tertiary education. The vocational programmes lead to an occupation and provide occupational qualification with a vocational certificate. For more information, see 3.2.6. in NOS C 751 (under publications).</Description>
      </DescriptionGrp>
      <IntroductionGrp>
        <Indtroduction xml:lang="nn">NUS2000 inneheld, i tillegg til den sekssifra NUS-koden, også andre kodar knytte til utdanning. Kompetansekode er ei slik gruppering. Desse supplerer NUS2000-standarden, men har, med unntak av ISCED97, ikkje status som offisielle standardar i SSB.</Indtroduction>
        <Indtroduction xml:lang="nb">NUS2000 inneholder, i tillegg til den sekssifrede NUS-koden, også andre koder knyttet til utdanning. Kompetansekode er en slik gruppering. Disse supplerer NUS2000-standarden, men har, med unntak av ISCED97, ikke status som offisielle standarder i SSB.</Indtroduction>
        <Indtroduction xml:lang="en">In addition to the six digit NUS code, NUS2000 also consist of other codes concerning education. Competence code is such a classification. These codes supplement the NUS2000 standard, but with exception from ISCED97, they do not have status as official standards in Statistics Norway.</Indtroduction>
      </IntroductionGrp>
      <ContactInformation>
        <Person xmlns="http://www.ssb.no/ns/meta/common">gki</Person>
        <Division xmlns="http://www.ssb.no/ns/meta/common">360</Division>
      </ContactInformation>
      <ExternalDocumentGrp>
        <ExternalDocument xml:lang="nn">NOS C 676   http://www.ssb.no/emner/04/90/nos_c617/nos_c676.pdf</ExternalDocument>
        <ExternalDocument xml:lang="nb">NOS C 617   http://www.ssb.no/emner/04/90/nos_c617/nos_c617.pdf</ExternalDocument>
        <ExternalDocument xml:lang="en">http://www.ssb.no/english/subjects/04/90/nos_c751_en/nos_c751_en.pdf</ExternalDocument>
      </ExternalDocumentGrp>
      <ChangesGrp>
        <Change xml:lang="nn">Ikkje relevant</Change>
        <Change xml:lang="nb">Ikke relevant</Change>
        <Change xml:lang="en">Not relevant</Change>
      </ChangesGrp>
      <DerivedFromGrp>
        <DerviedFrom xml:lang="nn">Ikkje relevant</DerviedFrom>
        <DerviedFrom xml:lang="nb">Ikke relevant</DerviedFrom>
        <DerviedFrom xml:lang="en">Not relevant</DerviedFrom>
      </DerivedFromGrp>
      <LegalBaseGrp>
        <LegalBase xml:lang="nn">Ikkje relevant</LegalBase>
        <LegalBase xml:lang="nb">Ikke relevant</LegalBase>
        <LegalBase xml:lang="en">Not relevant</LegalBase>
      </LegalBaseGrp>
      <Level levelNumber="1" id="urn:ssb:classlevel:stabas:5973745" codeStructure="9">
        <TitleGrp>
          <Title xml:lang="nn">Kompetansekode (NUS 2009/2): Kompetansekode</Title>
          <Title xml:lang="nb">Kompetansekode (NUS 2009/2): Kompetansekode</Title>
          <Title xml:lang="en">Competence code (NUS 2009/2): Competence code</Title>
        </TitleGrp>
        <CodelistReference>urn:ssb:codelist:stabas:5973745</CodelistReference>
        <Level levelNumber="2" id="urn:ssb:classlevel:stabas:5973747" codeStructure="999999">
          <TitleGrp>
            <Title xml:lang="nn">Kompetansekode (NUS 2009/2): Utdanningskode</Title>
            <Title xml:lang="nb">Kompetansekode (NUS 2009/2): Utdanningskode</Title>
            <Title xml:lang="en">Competence code (NUS 2009/2): Education code</Title>
          </TitleGrp>
          <CodelistReference>urn:ssb:codelist:stabas:5973747</CodelistReference>
        </Level>
      </Level>
    </ClassificationVersion>
    <ClassificationVersion id="urn:ssb:classversion:stabas:5730001" isCurrentVersion="false" validFrom="2009-01-01" validTo="2009-06-30" isUnderConstruction="false" updatesPossible="false" disseminationAllowed="true" lastChangedDate="2011-01-24" showIntranet="true" showInternet="true">
      <TitleGrp>
        <Title xml:lang="nn">Kompetansekode (NUS 2009/1)</Title>
        <Title xml:lang="nb">Kompetansekode (NUS 2009/1)</Title>
        <Title xml:lang="en">Competence code (NUS 2009/1)</Title>
      </TitleGrp>
      <DescriptionGrp>
        <Description xml:lang="nn">Kompetansekoden gir ei oversikt over ulike typar av kompetanse frå vidaregåande opplæring. I den vidare-gåande opplæringa skil vi mellom studieførebuande og yrkesfagleg opplæring. Den studieførebuande opplæringa legg mest vekt på teoretiske kunnskapar og fører fram til studiekompetanse, mens den yrkesfaglege opplæringa fører fram til eit yrke og gir yrkeskompetanse med vitnemål eller fag-/sveinebrev. For meir informasjon, sjå pkt. 3.2.6. i NOS C 676 (under publikasjonar).</Description>
        <Description xml:lang="nb">Kompetansekoden gir oversikt over ulike typer av kompetanse fra videregående opplæring. I videregående opplæring skilles det mellom studieforberedende og yrkesfaglig opplæring. Den studieforberedende opplæringen legger mest vekt på teoretisk kunnskap og fører frem til studiekompetanse, mens den yrkesfaglige opplæringen fører frem til et yrke og gir yrkeskompetanse med vitnemål eller  fag-/svennebrev. For mer informasjon, se pkt. 3.2.6. i NOS C 617  (under publikasjoner).</Description>
        <Description xml:lang="en">The competence code provides an overview of alternative qualification for tertiary education or vocational skills in upper secondary education and training. In upper secondary education and training, a distinction is drawn between college preparatory and vocational education. College preparatory training places the most emphasis on theoretical knowledge, and leads to entrance qualifications for tertiary education. The vocational programmes lead to an occupation and provide occupational qualification with a vocational certificate. For more information, see 3.2.6. in NOS C 751 (under publications).</Description>
      </DescriptionGrp>
      <IntroductionGrp>
        <Indtroduction xml:lang="nn">NUS2000 inneheld, i tillegg til den sekssifra NUS-koden, også andre kodar knytte til utdanning. Kompetansekode er ei slik gruppering. Desse supplerer NUS2000-standarden, men har, med unntak av ISCED97, ikkje status som offisielle standardar i SSB.</Indtroduction>
        <Indtroduction xml:lang="nb">NUS2000 inneholder, i tillegg til den sekssifrede NUS-koden, også andre koder knyttet til utdanning. Kompetansekode er en slik gruppering. Disse supplerer NUS2000-standarden, men har, med unntak av ISCED97, ikke status som offisielle standarder i SSB.</Indtroduction>
        <Indtroduction xml:lang="en">In addition to the six digit NUS code, NUS2000 also consist of other codes concerning education. Competence code is such a classification. These codes supplement the NUS2000 standard, but with exception from ISCED97, they do not have status as official standards in Statistics Norway.</Indtroduction>
      </IntroductionGrp>
      <ContactInformation>
        <Person xmlns="http://www.ssb.no/ns/meta/common">gki</Person>
        <Division xmlns="http://www.ssb.no/ns/meta/common">360</Division>
      </ContactInformation>
      <ExternalDocumentGrp>
        <ExternalDocument xml:lang="nn">NOS C 676   http://www.ssb.no/emner/04/90/nos_c617/nos_c676.pdf</ExternalDocument>
        <ExternalDocument xml:lang="nb">NOS C 617   http://www.ssb.no/emner/04/90/nos_c617/nos_c617.pdf</ExternalDocument>
        <ExternalDocument xml:lang="en">http://www.ssb.no/english/subjects/04/90/nos_c751_en/nos_c751_en.pdf</ExternalDocument>
      </ExternalDocumentGrp>
      <ChangesGrp>
        <Change xml:lang="nn">Ikkje relevant</Change>
        <Change xml:lang="nb">Ikke relevant</Change>
        <Change xml:lang="en">Not relevant</Change>
      </ChangesGrp>
      <DerivedFromGrp>
        <DerviedFrom xml:lang="nn">Ikkje relevant</DerviedFrom>
        <DerviedFrom xml:lang="nb">Ikke relevant</DerviedFrom>
        <DerviedFrom xml:lang="en">Not relevant</DerviedFrom>
      </DerivedFromGrp>
      <LegalBaseGrp>
        <LegalBase xml:lang="nn">Ikkje relevant</LegalBase>
        <LegalBase xml:lang="nb">Ikke relevant</LegalBase>
        <LegalBase xml:lang="en">Not relevant</LegalBase>
      </LegalBaseGrp>
      <Level levelNumber="1" id="urn:ssb:classlevel:stabas:5730003" codeStructure="9">
        <TitleGrp>
          <Title xml:lang="nn">Kompetansekode (NUS 2009/1): Kompetansekode</Title>
          <Title xml:lang="nb">Kompetansekode (NUS 2009/1): Kompetansekode</Title>
          <Title xml:lang="en">Competence code (NUS 2009/1): Competence code</Title>
        </TitleGrp>
        <CodelistReference>urn:ssb:codelist:stabas:5730003</CodelistReference>
        <Level levelNumber="2" id="urn:ssb:classlevel:stabas:5730005" codeStructure="999999">
          <TitleGrp>
            <Title xml:lang="nn">Kompetansekode (NUS 2009/1): Utdanningskode</Title>
            <Title xml:lang="nb">Kompetansekode (NUS 2009/1): Utdanningskode</Title>
            <Title xml:lang="en">Competence code (NUS 2009/1): Education code</Title>
          </TitleGrp>
          <CodelistReference>urn:ssb:codelist:stabas:5730005</CodelistReference>
        </Level>
      </Level>
    </ClassificationVersion>
    <ClassificationVersion id="urn:ssb:classversion:stabas:5469147" isCurrentVersion="false" validFrom="2008-07-01" validTo="2008-12-31" isUnderConstruction="false" updatesPossible="false" disseminationAllowed="true" lastChangedDate="2011-01-24" showIntranet="true" showInternet="true">
      <TitleGrp>
        <Title xml:lang="nn">Kompetansekode (NUS 2008/2)</Title>
        <Title xml:lang="nb">Kompetansekode (NUS 2008/2)</Title>
        <Title xml:lang="en">Competence code (NUS 2008/2)</Title>
      </TitleGrp>
      <DescriptionGrp>
        <Description xml:lang="nn">Kompetansekoden gir ei oversikt over ulike typar av kompetanse frå vidaregåande opplæring. I den vidare-gåande opplæringa skil vi mellom studieførebuande og yrkesfagleg opplæring. Den studieførebuande opplæringa legg mest vekt på teoretiske kunnskapar og fører fram til studiekompetanse, mens den yrkesfaglege opplæringa fører fram til eit yrke og gir yrkeskompetanse med vitnemål eller fag-/sveinebrev. For meir informasjon, sjå pkt. 3.2.6. i NOS C 676 (under publikasjonar).</Description>
        <Description xml:lang="nb">Kompetansekoden gir oversikt over ulike typer av kompetanse fra videregående opplæring. I videregående opplæring skilles det mellom studieforberedende og yrkesfaglig opplæring. Den studieforberedende opplæringen legger mest vekt på teoretisk kunnskap og fører frem til studiekompetanse, mens den yrkesfaglige opplæringen fører frem til et yrke og gir yrkeskompetanse med vitnemål eller  fag-/svennebrev. For mer informasjon, se pkt. 3.2.6. i NOS C 617  (under publikasjoner).</Description>
        <Description xml:lang="en">The competence code provides an overview of alternative qualification for tertiary education or vocational skills in upper secondary education and training. In upper secondary education and training, a distinction is drawn between college preparatory and vocational education. College preparatory training places the most emphasis on theoretical knowledge, and leads to entrance qualifications for tertiary education. The vocational programmes lead to an occupation and provide occupational qualification with a vocational certificate. For more information, see 3.2.6. in NOS C 751 (under publications).</Description>
      </DescriptionGrp>
      <IntroductionGrp>
        <Indtroduction xml:lang="nn">NUS2000 inneheld, i tillegg til den sekssifra NUS-koden, også andre kodar knytte til utdanning. Kompetansekode er ei slik gruppering. Desse supplerer NUS2000-standarden, men har, med unntak av ISCED97, ikkje status som offisielle standardar i SSB.</Indtroduction>
        <Indtroduction xml:lang="nb">NUS2000 inneholder, i tillegg til den sekssifrede NUS-koden, også andre koder knyttet til utdanning. Kompetansekode er en slik gruppering. Disse supplerer NUS2000-standarden, men har, med unntak av ISCED97, ikke status som offisielle standarder i SSB.</Indtroduction>
        <Indtroduction xml:lang="en">In addition to the six digit NUS code, NUS2000 also consist of other codes concerning education. Competence code is such a classification. These codes supplement the NUS2000 standard, but with exception from ISCED97, they do not have status as official standards in Statistics Norway.</Indtroduction>
      </IntroductionGrp>
      <ContactInformation>
        <Person xmlns="http://www.ssb.no/ns/meta/common">gki</Person>
        <Division xmlns="http://www.ssb.no/ns/meta/common">360</Division>
      </ContactInformation>
      <ExternalDocumentGrp>
        <ExternalDocument xml:lang="nn">NOS C 676   http://www.ssb.no/emner/04/90/nos_c617/nos_c676.pdf</ExternalDocument>
        <ExternalDocument xml:lang="nb">NOS C 617   http://www.ssb.no/emner/04/90/nos_c617/nos_c617.pdf</ExternalDocument>
        <ExternalDocument xml:lang="en">http://www.ssb.no/english/subjects/04/90/nos_c751_en/nos_c751_en.pdf</ExternalDocument>
      </ExternalDocumentGrp>
      <ChangesGrp>
        <Change xml:lang="nn">Ikkje relevant</Change>
        <Change xml:lang="nb">Ikke relevant</Change>
        <Change xml:lang="en">Not relevant</Change>
      </ChangesGrp>
      <DerivedFromGrp>
        <DerviedFrom xml:lang="nn">Ikkje relevant</DerviedFrom>
        <DerviedFrom xml:lang="nb">Ikke relevant</DerviedFrom>
        <DerviedFrom xml:lang="en">Not relevant</DerviedFrom>
      </DerivedFromGrp>
      <LegalBaseGrp>
        <LegalBase xml:lang="nn">Ikkje relevant</LegalBase>
        <LegalBase xml:lang="nb">Ikke relevant</LegalBase>
        <LegalBase xml:lang="en">Not relevant</LegalBase>
      </LegalBaseGrp>
      <Level levelNumber="1" id="urn:ssb:classlevel:stabas:5469149" codeStructure="9">
        <TitleGrp>
          <Title xml:lang="nn">Kompetansekode (NUS 2008/2): Kompetansekode</Title>
          <Title xml:lang="nb">Kompetansekode (NUS 2008/2): Kompetansekode</Title>
          <Title xml:lang="en">Competence code (NUS 2008/2): Competence code</Title>
        </TitleGrp>
        <CodelistReference>urn:ssb:codelist:stabas:5469149</CodelistReference>
        <Level levelNumber="2" id="urn:ssb:classlevel:stabas:5469151" codeStructure="999999">
          <TitleGrp>
            <Title xml:lang="nn">Kompetansekode (NUS 2008/2): Utdanningskode</Title>
            <Title xml:lang="nb">Kompetansekode (NUS 2008/2): Utdanningskode</Title>
            <Title xml:lang="en">Competence code (NUS 2008/2): Education code</Title>
          </TitleGrp>
          <CodelistReference>urn:ssb:codelist:stabas:5469151</CodelistReference>
        </Level>
      </Level>
    </ClassificationVersion>
    <ClassificationVersion id="urn:ssb:classversion:stabas:5179560" isCurrentVersion="false" validFrom="2008-01-01" validTo="2008-06-30" isUnderConstruction="false" updatesPossible="false" disseminationAllowed="true" lastChangedDate="2011-01-24" showIntranet="true" showInternet="true">
      <TitleGrp>
        <Title xml:lang="nn">Kompetansekode (NUS 2008/1)</Title>
        <Title xml:lang="nb">Kompetansekode (NUS 2008/1)</Title>
        <Title xml:lang="en">Competence code (NUS 2008/1)</Title>
      </TitleGrp>
      <DescriptionGrp>
        <Description xml:lang="nn">Kompetansekoden gir ei oversikt over ulike typar av kompetanse frå vidaregåande opplæring. I den vidare-gåande opplæringa skil vi mellom studieførebuande og yrkesfagleg opplæring. Den studieførebuande opplæringa legg mest vekt på teoretiske kunnskapar og fører fram til studiekompetanse, mens den yrkesfaglege opplæringa fører fram til eit yrke og gir yrkeskompetanse med vitnemål eller fag-/sveinebrev. For meir informasjon, sjå pkt. 3.2.6. i NOS C 676 (under publikasjonar).</Description>
        <Description xml:lang="nb">Kompetansekoden gir oversikt over ulike typer av kompetanse fra videregående opplæring. I videregående opplæring skilles det mellom studieforberedende og yrkesfaglig opplæring. Den studieforberedende opplæringen legger mest vekt på teoretisk kunnskap og fører frem til studiekompetanse, mens den yrkesfaglige opplæringen fører frem til et yrke og gir yrkeskompetanse med vitnemål eller  fag-/svennebrev. For mer informasjon, se pkt. 3.2.6. i NOS C 617  (under publikasjoner).</Description>
        <Description xml:lang="en">The competence code provides an overview of alternative qualification for tertiary education or vocational skills in upper secondary education and training. In upper secondary education and training, a distinction is drawn between college preparatory and vocational education. College preparatory training places the most emphasis on theoretical knowledge, and leads to entrance qualifications for tertiary education. The vocational programmes lead to an occupation and provide occupational qualification with a vocational certificate. For more information, see 3.2.6. in NOS C 751 (under publications).</Description>
      </DescriptionGrp>
      <IntroductionGrp>
        <Indtroduction xml:lang="nn">NUS2000 inneheld, i tillegg til den sekssifra NUS-koden, også andre kodar knytte til utdanning. Kompetansekode er ei slik gruppering. Desse supplerer NUS2000-standarden, men har, med unntak av ISCED97, ikkje status som offisielle standardar i SSB.</Indtroduction>
        <Indtroduction xml:lang="nb">NUS2000 inneholder, i tillegg til den sekssifrede NUS-koden, også andre koder knyttet til utdanning. Kompetansekode er en slik gruppering. Disse supplerer NUS2000-standarden, men har, med unntak av ISCED97, ikke status som offisielle standarder i SSB.</Indtroduction>
        <Indtroduction xml:lang="en">In addition to the six digit NUS code, NUS2000 also consist of other codes concerning education. Competence code is such a classification. These codes supplement the NUS2000 standard, but with exception from ISCED97, they do not have status as official standards in Statistics Norway.</Indtroduction>
      </IntroductionGrp>
      <ContactInformation>
        <Person xmlns="http://www.ssb.no/ns/meta/common">gki</Person>
        <Division xmlns="http://www.ssb.no/ns/meta/common">360</Division>
      </ContactInformation>
      <ExternalDocumentGrp>
        <ExternalDocument xml:lang="nn">NOS C 676   http://www.ssb.no/emner/04/90/nos_c617/nos_c676.pdf</ExternalDocument>
        <ExternalDocument xml:lang="nb">NOS C 617   http://www.ssb.no/emner/04/90/nos_c617/nos_c617.pdf</ExternalDocument>
        <ExternalDocument xml:lang="en">http://www.ssb.no/english/subjects/04/90/nos_c751_en/nos_c751_en.pdf</ExternalDocument>
      </ExternalDocumentGrp>
      <ChangesGrp>
        <Change xml:lang="nn">Ikkje relevant</Change>
        <Change xml:lang="nb">Ikke relevant</Change>
        <Change xml:lang="en">Not relevant</Change>
      </ChangesGrp>
      <DerivedFromGrp>
        <DerviedFrom xml:lang="nn">Ikkje relevant</DerviedFrom>
        <DerviedFrom xml:lang="nb">Ikke relevant</DerviedFrom>
        <DerviedFrom xml:lang="en">Not relevant</DerviedFrom>
      </DerivedFromGrp>
      <LegalBaseGrp>
        <LegalBase xml:lang="nn">Ikkje relevant</LegalBase>
        <LegalBase xml:lang="nb">Ikke relevant</LegalBase>
        <LegalBase xml:lang="en">Not relevant</LegalBase>
      </LegalBaseGrp>
      <Level levelNumber="1" id="urn:ssb:classlevel:stabas:5179562" codeStructure="9">
        <TitleGrp>
          <Title xml:lang="nn">Kompetansekode (NUS 2008/1): Kompetansekode</Title>
          <Title xml:lang="nb">Kompetansekode (NUS 2008/1): Kompetansekode</Title>
          <Title xml:lang="en">Competence code (NUS 2008/1): Competence code</Title>
        </TitleGrp>
        <CodelistReference>urn:ssb:codelist:stabas:5179562</CodelistReference>
        <Level levelNumber="2" id="urn:ssb:classlevel:stabas:5179564" codeStructure="999999">
          <TitleGrp>
            <Title xml:lang="nn">Kompetansekode (NUS 2008/1): Utdanningskode</Title>
            <Title xml:lang="nb">Kompetansekode (NUS 2008/1): Utdanningskode</Title>
            <Title xml:lang="en">Competence code (NUS 2008/1): Education code</Title>
          </TitleGrp>
          <CodelistReference>urn:ssb:codelist:stabas:5179564</CodelistReference>
        </Level>
      </Level>
    </ClassificationVersion>
    <ClassificationVersion id="urn:ssb:classversion:stabas:4931117" isCurrentVersion="false" validFrom="2007-07-01" validTo="2007-12-31" isUnderConstruction="false" updatesPossible="false" disseminationAllowed="true" lastChangedDate="2011-01-24" showIntranet="true" showInternet="true">
      <TitleGrp>
        <Title xml:lang="nn">Kompetansekode (NUS 2007/2)</Title>
        <Title xml:lang="nb">Kompetansekode (NUS 2007/2)</Title>
        <Title xml:lang="en">Competence code (NUS 2007/2)</Title>
      </TitleGrp>
      <DescriptionGrp>
        <Description xml:lang="nn">Kompetansekoden gir ei oversikt over ulike typar av kompetanse frå vidaregåande opplæring. I den vidare-gåande opplæringa skil vi mellom studieførebuande og yrkesfagleg opplæring. Den studieførebuande opplæringa legg mest vekt på teoretiske kunnskapar og fører fram til studiekompetanse, mens den yrkesfaglege opplæringa fører fram til eit yrke og gir yrkeskompetanse med vitnemål eller fag-/sveinebrev. For meir informasjon, sjå pkt. 3.2.6. i NOS C 676 (under publikasjonar).</Description>
        <Description xml:lang="nb">Kompetansekoden gir oversikt over ulike typer av kompetanse fra videregående opplæring. I videregående opplæring skilles det mellom studieforberedende og yrkesfaglig opplæring. Den studieforberedende opplæringen legger mest vekt på teoretisk kunnskap og fører frem til studiekompetanse, mens den yrkesfaglige opplæringen fører frem til et yrke og gir yrkeskompetanse med vitnemål eller  fag-/svennebrev. For mer informasjon, se pkt. 3.2.6. i NOS C 617  (under publikasjoner).</Description>
        <Description xml:lang="en">The competence code provides an overview of alternative qualification for tertiary education or vocational skills in upper secondary education and training. In upper secondary education and training, a distinction is drawn between college preparatory and vocational education. College preparatory training places the most emphasis on theoretical knowledge, and leads to entrance qualifications for tertiary education. The vocational programmes lead to an occupation and provide occupational qualification with a vocational certificate. For more information, see 3.2.6. in NOS C 751 (under publications).</Description>
      </DescriptionGrp>
      <IntroductionGrp>
        <Indtroduction xml:lang="nn">NUS2000 inneheld, i tillegg til den sekssifra NUS-koden, også andre kodar knytte til utdanning. Kompetansekode er ei slik gruppering. Desse supplerer NUS2000-standarden, men har, med unntak av ISCED97, ikkje status som offisielle standardar i SSB.</Indtroduction>
        <Indtroduction xml:lang="nb">NUS2000 inneholder, i tillegg til den sekssifrede NUS-koden, også andre koder knyttet til utdanning. Kompetansekode er en slik gruppering. Disse supplerer NUS2000-standarden, men har, med unntak av ISCED97, ikke status som offisielle standarder i SSB.</Indtroduction>
        <Indtroduction xml:lang="en">In addition to the six digit NUS code, NUS2000 also consist of other codes concerning education. Competence code is such a classification. These codes supplement the NUS2000 standard, but with exception from ISCED97, they do not have status as official standards in Statistics Norway.</Indtroduction>
      </IntroductionGrp>
      <ContactInformation>
        <Person xmlns="http://www.ssb.no/ns/meta/common">gki</Person>
        <Division xmlns="http://www.ssb.no/ns/meta/common">360</Division>
      </ContactInformation>
      <ExternalDocumentGrp>
        <ExternalDocument xml:lang="nn">NOS C 676   http://www.ssb.no/emner/04/90/nos_c617/nos_c676.pdf</ExternalDocument>
        <ExternalDocument xml:lang="nb">NOS C 617   http://www.ssb.no/emner/04/90/nos_c617/nos_c617.pdf</ExternalDocument>
        <ExternalDocument xml:lang="en">http://www.ssb.no/english/subjects/04/90/nos_c751_en/nos_c751_en.pdf</ExternalDocument>
      </ExternalDocumentGrp>
      <ChangesGrp>
        <Change xml:lang="nn">Ikkje relevant</Change>
        <Change xml:lang="nb">Ikke relevant</Change>
        <Change xml:lang="en">Not relevant</Change>
      </ChangesGrp>
      <DerivedFromGrp>
        <DerviedFrom xml:lang="nn">Ikkje relevant</DerviedFrom>
        <DerviedFrom xml:lang="nb">Ikke relevant</DerviedFrom>
        <DerviedFrom xml:lang="en">Not relevant</DerviedFrom>
      </DerivedFromGrp>
      <LegalBaseGrp>
        <LegalBase xml:lang="nn">Ikkje relevant</LegalBase>
        <LegalBase xml:lang="nb">Ikke relevant</LegalBase>
        <LegalBase xml:lang="en">Not relevant</LegalBase>
      </LegalBaseGrp>
      <Level levelNumber="1" id="urn:ssb:classlevel:stabas:4931119" codeStructure="9">
        <TitleGrp>
          <Title xml:lang="nn">Kompetansekode (NUS 2007/2): Kompetansekode</Title>
          <Title xml:lang="nb">Kompetansekode (NUS 2007/2): Kompetansekode</Title>
          <Title xml:lang="en">Competence code (NUS 2007/2): Competence code</Title>
        </TitleGrp>
        <CodelistReference>urn:ssb:codelist:stabas:4931119</CodelistReference>
        <Level levelNumber="2" id="urn:ssb:classlevel:stabas:4931121" codeStructure="999999">
          <TitleGrp>
            <Title xml:lang="nn">Kompetansekode (NUS 2007/2): Utdanningskode</Title>
            <Title xml:lang="nb">Kompetansekode (NUS 2007/2): Utdanningskode</Title>
            <Title xml:lang="en">Competence code (NUS 2007/2): Education code</Title>
          </TitleGrp>
          <CodelistReference>urn:ssb:codelist:stabas:4931121</CodelistReference>
        </Level>
      </Level>
    </ClassificationVersion>
    <ClassificationVersion id="urn:ssb:classversion:stabas:4739602" isCurrentVersion="false" validFrom="2007-01-01" validTo="2007-06-30" isUnderConstruction="false" updatesPossible="false" disseminationAllowed="true" lastChangedDate="2011-01-24" showIntranet="true" showInternet="true">
      <TitleGrp>
        <Title xml:lang="nn">Kompetansekode (NUS 2007/1)</Title>
        <Title xml:lang="nb">Kompetansekode (NUS 2007/1)</Title>
        <Title xml:lang="en">Competence code (NUS 2007/1)</Title>
      </TitleGrp>
      <DescriptionGrp>
        <Description xml:lang="nn">Kompetansekoden gir ei oversikt over ulike typar av kompetanse frå vidaregåande opplæring. I den vidare-gåande opplæringa skil vi mellom studieførebuande og yrkesfagleg opplæring. Den studieførebuande opplæringa legg mest vekt på teoretiske kunnskapar og fører fram til studiekompetanse, mens den yrkesfaglege opplæringa fører fram til eit yrke og gir yrkeskompetanse med vitnemål eller fag-/sveinebrev. For meir informasjon, sjå pkt. 3.2.6. i NOS C 676 (under publikasjonar).</Description>
        <Description xml:lang="nb">Kompetansekoden gir oversikt over ulike typer av kompetanse fra videregående opplæring. I videregående opplæring skilles det mellom studieforberedende og yrkesfaglig opplæring. Den studieforberedende opplæringen legger mest vekt på teoretisk kunnskap og fører frem til studiekompetanse, mens den yrkesfaglige opplæringen fører frem til et yrke og gir yrkeskompetanse med vitnemål eller  fag-/svennebrev. For mer informasjon, se pkt. 3.2.6. i NOS C 617  (under publikasjoner).</Description>
        <Description xml:lang="en">The competence code provides an overview of alternative qualification for tertiary education or vocational skills in upper secondary education and training. In upper secondary education and training, a distinction is drawn between college preparatory and vocational education. College preparatory training places the most emphasis on theoretical knowledge, and leads to entrance qualifications for tertiary education. The vocational programmes lead to an occupation and provide occupational qualification with a vocational certificate. For more information, see 3.2.6. in NOS C 751 (under publications).</Description>
      </DescriptionGrp>
      <IntroductionGrp>
        <Indtroduction xml:lang="nn">NUS2000 inneheld, i tillegg til den sekssifra NUS-koden, også andre kodar knytte til utdanning. Kompetansekode er ei slik gruppering. Desse supplerer NUS2000-standarden, men har, med unntak av ISCED97, ikkje status som offisielle standardar i SSB. </Indtroduction>
        <Indtroduction xml:lang="nb">NUS2000 inneholder, i tillegg til den sekssifrede NUS-koden, også andre koder knyttet til utdanning. Kompetansekode er en slik gruppering. Disse supplerer NUS2000-standarden, men har, med unntak av ISCED97, ikke status som offisielle standarder i SSB. </Indtroduction>
        <Indtroduction xml:lang="en">In addition to the six digit NUS code, NUS2000 also consist of other codes concerning education. Competence code is such a classification. These codes supplement the NUS2000 standard, but with exception from ISCED97, they do not have status as official standards in Statistics Norway. </Indtroduction>
      </IntroductionGrp>
      <ContactInformation>
        <Person xmlns="http://www.ssb.no/ns/meta/common">gki</Person>
        <Division xmlns="http://www.ssb.no/ns/meta/common">360</Division>
      </ContactInformation>
      <ExternalDocumentGrp>
        <ExternalDocument xml:lang="nn">NOS C 676   http://www.ssb.no/emner/04/90/nos_c617/nos_c676.pdf</ExternalDocument>
        <ExternalDocument xml:lang="nb">NOS C 617   http://www.ssb.no/emner/04/90/nos_c617/nos_c617.pdf</ExternalDocument>
        <ExternalDocument xml:lang="en">http://www.ssb.no/english/subjects/04/90/nos_c751_en/nos_c751_en.pdf</ExternalDocument>
      </ExternalDocumentGrp>
      <ChangesGrp>
        <Change xml:lang="nn">Ikkje relevant</Change>
        <Change xml:lang="nb">Ikke relevant</Change>
        <Change xml:lang="en">Not relevant</Change>
      </ChangesGrp>
      <DerivedFromGrp>
        <DerviedFrom xml:lang="nn">Ikkje relevant</DerviedFrom>
        <DerviedFrom xml:lang="nb">Ikke relevant</DerviedFrom>
        <DerviedFrom xml:lang="en">Not relevant</DerviedFrom>
      </DerivedFromGrp>
      <LegalBaseGrp>
        <LegalBase xml:lang="nn">Ikkje relevant</LegalBase>
        <LegalBase xml:lang="nb">Ikke relevant</LegalBase>
        <LegalBase xml:lang="en">Not relevant</LegalBase>
      </LegalBaseGrp>
      <Level levelNumber="1" id="urn:ssb:classlevel:stabas:4739604" codeStructure="9">
        <TitleGrp>
          <Title xml:lang="nn">Kompetansekode (NUS 2007/1): Kompetansekode</Title>
          <Title xml:lang="nb">Kompetansekode (NUS 2007/1): Kompetansekode</Title>
          <Title xml:lang="en">Competence code (NUS 2007/1): Competence code</Title>
        </TitleGrp>
        <CodelistReference>urn:ssb:codelist:stabas:4739604</CodelistReference>
        <Level levelNumber="2" id="urn:ssb:classlevel:stabas:4739606" codeStructure="999999">
          <TitleGrp>
            <Title xml:lang="nn">Kompetansekode (NUS 2007/1): Utdanningskode</Title>
            <Title xml:lang="nb">Kompetansekode (NUS 2007/1): Utdanningskode</Title>
            <Title xml:lang="en">Competence code (NUS 2007/1): Education code</Title>
          </TitleGrp>
          <CodelistReference>urn:ssb:codelist:stabas:4739606</CodelistReference>
        </Level>
      </Level>
    </ClassificationVersion>
  </ClassificationVersions>
</Classification>