<?xml version="1.0" encoding="utf-8"?>
<Classification xmlns:xsi="http://www.w3.org/2001/XMLSchema-instance" xmlns:xsd="http://www.w3.org/2001/XMLSchema" id="urn:ssb:classification:stabas:4740146" currentVersionId="urn:ssb:classversion:stabas:8921801" xmlns="http://www.ssb.no/ns/meta/classification">
  <TitleGrp>
    <Title xml:lang="nn">Standard for universitets- og høgskulegruppering (NUS)</Title>
    <Title xml:lang="nb">Standard for universitets- og høgskolegruppering (NUS)</Title>
    <Title xml:lang="en">Stendard for tertiary classification (NUS)</Title>
  </TitleGrp>
  <DescriptionGrp>
    <Description xml:lang="nn">Universitets- og høgskolegrupperinga blir brukt for å gruppere utdanningar på nivå 6-8. Dette er ei skjematisk standardgruppering som framfor alt er tenkt som ei forenkling i samband med presentasjonen av offisiell utdanningsstatistikk. Gradnemningane bachelor, master og ph.d. vart teke i bruk i samband med Kvalitetsreformen innanfor høgare utdanning frå hausten 2002.</Description>
    <Description xml:lang="nb">Universitets- og høgskolegrupperingen brukes for å gruppere utdanninger på nivå 6-8. Dette er en grovere standardgruppering som først og fremst er tenkt som en forenkling i forbindelse med presentasjon av offisiell utdanningsstatistikk. Gradbenevnelsene bachelor, master og ph.d. ble innført i forbindelse med Kvalitetsreformen innen høyere utdanning fra høsten 2002.</Description>
    <Description xml:lang="en">The tertiary classification is used to classify level 6 to 8 programmes. This is a rough standard classification, which above all is meant to simplify the pres-entation of official education statistics. The degree titles bachelor, master and ph.d. were introduced in connection with the Quality  Reform in tertiary education autumn 2002.</Description>
  </DescriptionGrp>
  <StatisticalUnitGrp>
    <StatisticalUnit xml:lang="nn">Utdanningsaktivitetar som har ei formell skolemessig ramme, innretta mot ei systematisk formidling av kunnskap og ferdigheiter, og som har ei viss lengd.</StatisticalUnit>
    <StatisticalUnit xml:lang="nb">Utdanningsaktiviteter som har en formell skolemessig ramme, innrettet mot en systematisk formidling av kunnskap og ferdigheter, og som har en viss lengde.</StatisticalUnit>
    <StatisticalUnit xml:lang="en">Educational activities that take place within the official education system, i.e. educational activities that have a formal academic framework and a predefined duration.</StatisticalUnit>
  </StatisticalUnitGrp>
  <OwnerGrp>
    <Owner xml:lang="nn">Statistisk sentralbyrå (SSB)</Owner>
    <Owner xml:lang="nb">Statistisk sentralbyrå (SSB)</Owner>
    <Owner xml:lang="en">Statistics Norway</Owner>
  </OwnerGrp>
  <SubjectArea>04</SubjectArea>
  <ClassificationVersions>
    <ClassificationVersion id="urn:ssb:classversion:stabas:8921801" isCurrentVersion="true" validFrom="2014-01-01" validTo="2015-11-09" isUnderConstruction="false" updatesPossible="false" disseminationAllowed="true" lastChangedDate="2015-12-14" showIntranet="true" showInternet="true">
      <TitleGrp>
        <Title xml:lang="nn">Universitets- og høgskolegruppering (NUS 2014/1)</Title>
        <Title xml:lang="nb">Universitets- og høgskolegruppering (NUS 2014/1) ugyldig f.o.m. 9. nov 2015</Title>
        <Title xml:lang="en">Tertiary classification (NUS 2014/1)</Title>
      </TitleGrp>
      <DescriptionGrp>
        <Description xml:lang="nn">Versjon  2014_1 er ikkje lenger gyldig, for oppdatert versjon av Norsk standard for utdanningsgruppering sjå: http://www.ssb.no/utdanning/norsk-standard-for-utdanningsgruppering
Universitets- og høgskolegrupperinga blir brukt for å gruppere utdanningar på nivå 6-8. Dette er ei skjematisk standardgruppering som framfor alt er tenkt som ei forenkling i samband med presentasjonen av offisiell utdanningsstatistikk. Gradnemningane bachelor, master og ph.d. vart teke i bruk i samband med Kvalitetsreformen innanfor høgare utdanning frå hausten 2002.</Description>
        <Description xml:lang="nb">Versjon  2014_1 er ikke lenger gyldig, for oppdatert versjon av Norsk standard for utdanningsgruppering se: http://www.ssb.no/utdanning/norsk-standard-for-utdanningsgruppering
Universitets- og høgskolegrupperingen brukes for å gruppere utdanninger på nivå 6-8. Dette er en grovere standardgruppering som først og fremst er tenkt som en forenkling i forbindelse med presentasjon av offisiell utdanningsstatistikk. Gradbenevnelsene bachelor, master og ph.d. ble innført i forbindelse med Kvalitetsreformen innen høyere utdanning fra høsten 2002.</Description>
        <Description xml:lang="en">NUS 2014/1 is available including 8 November 2015. The new version, applicable from 9 November 2015, is not available in Database for Standard Classifications.
The new version is available here: http://www.ssb.no/utdanning/norsk-standard-for-utdanningsgruppering
The tertiary classification is used to classify level 6 to 8 programmes. This is a rough standard classification, which above all is meant to simplify the pres-entation of official education statistics. The degree titles bachelor, master and ph.d. were introduced in connection with the Quality  Reform in tertiary education autumn 2002.</Description>
      </DescriptionGrp>
      <IntroductionGrp>
        <Indtroduction xml:lang="nn">NUS2000 inneheld, i tillegg til den sekssifra NUS-koden, også andre kodar knytte til utdanning. Kode for UH-gruppe er ei slik gruppering. Desse supplerer NUS2000-standarden, men har, med unntak av ISCED97, ikkje status som offisielle standardar i SSB.</Indtroduction>
        <Indtroduction xml:lang="nb">NUS2000 inneholder, i tillegg til den sekssifrede NUS-koden, også andre koder knyttet til utdanning. Kode for UH-gruppe er en slik gruppering. Disse supplerer NUS2000-standarden, men har, med unntak av ISCED97, ikke status som offisielle standarder i SSB.</Indtroduction>
        <Indtroduction xml:lang="en">In addition to the six digit NUS code, NUS2000 also consist of other codes concerning education. Code for tertiary classification is such a classification. These codes supplement the NUS2000 standard, but with exception from ISCED97, they do not have status as official standards in Statistics Norway.</Indtroduction>
      </IntroductionGrp>
      <ContactInformation>
        <Person xmlns="http://www.ssb.no/ns/meta/common">gki</Person>
        <Division xmlns="http://www.ssb.no/ns/meta/common">360</Division>
      </ContactInformation>
      <ExternalDocumentGrp>
        <ExternalDocument xml:lang="nn">http://www.ssb.no/utdanning/norsk-standard-for-utdanningsgruppering</ExternalDocument>
        <ExternalDocument xml:lang="nb">http://www.ssb.no/utdanning/norsk-standard-for-utdanningsgruppering</ExternalDocument>
        <ExternalDocument xml:lang="en">http://www.ssb.no/utdanning/norsk-standard-for-utdanningsgruppering</ExternalDocument>
      </ExternalDocumentGrp>
      <ChangesGrp>
        <Change xml:lang="nn">Ikkje relevant</Change>
        <Change xml:lang="nb">Ikke relevant</Change>
        <Change xml:lang="en">Not relevant</Change>
      </ChangesGrp>
      <DerivedFromGrp>
        <DerviedFrom xml:lang="nn">Ikkje relevant</DerviedFrom>
        <DerviedFrom xml:lang="nb">Ikke relevant</DerviedFrom>
        <DerviedFrom xml:lang="en">Not relevant</DerviedFrom>
      </DerivedFromGrp>
      <LegalBaseGrp>
        <LegalBase xml:lang="nn">1) 398 R 0577 Rådsforordning (EU) nr 577/98 av 9. mars 1998.  2) 32 000 R 1897 Kommisjonsforordning (EU) nr 1897/2000 av 7. september 2000.  3) 32 000 R 1575 Kommisjonsforordning (EU) nr 1575/2000 av 19. juli 2000. </LegalBase>
        <LegalBase xml:lang="nb">1) 398 R 0577 Rådsforordning (EU) nr 577/98 av 9. mars 1998.  2) 32 000 R 1897 Kommisjonsforordning (EU) nr 1897/2000 av 7. september 2000.  3) 32 000 R 1575 Kommisjonsforordning (EU) nr 1575/2000 av 19. juli 2000.</LegalBase>
        <LegalBase xml:lang="en">1) 398 R 0577 Council Regulation No 577/98 of 9 March 1998. 2) 32 000 R 1897 Commission Regulation No 1897/2000 of 7 September 2000. 3) 32 000 R 1575 Commission Regulation No 1575/2000 of 19 July 2000. </LegalBase>
      </LegalBaseGrp>
      <Level levelNumber="1" id="urn:ssb:classlevel:stabas:8921803" codeStructure="99">
        <TitleGrp>
          <Title xml:lang="nn">Universitets- og høgskolegruppering (NUS 2014/1): UH-gruppering</Title>
          <Title xml:lang="nb">Universitets- og høgskolegruppering (NUS 2014/1) ugyldig f.o.m. 9. nov 2015: UH-gruppering</Title>
          <Title xml:lang="en">Tertiary classification (NUS 2014/1): Tertiary classification</Title>
        </TitleGrp>
        <CodelistReference>urn:ssb:codelist:stabas:8921803</CodelistReference>
        <Level levelNumber="2" id="urn:ssb:classlevel:stabas:8921805" codeStructure="999999">
          <TitleGrp>
            <Title xml:lang="nn">Universitets- og høgskolegruppering (NUS 2014/1): Utdanningskode</Title>
            <Title xml:lang="nb">Universitets- og høgskolegruppering (NUS 2014/1) ugyldig f.o.m. 9. nov 2015: Utdanningskode</Title>
            <Title xml:lang="en">Tertiary classification (NUS 2014/1): Education code</Title>
          </TitleGrp>
          <CodelistReference>urn:ssb:codelist:stabas:8921805</CodelistReference>
        </Level>
      </Level>
    </ClassificationVersion>
    <ClassificationVersion id="urn:ssb:classversion:stabas:8773605" isCurrentVersion="false" validFrom="2013-07-01" validTo="2013-12-31" isUnderConstruction="false" updatesPossible="false" disseminationAllowed="true" lastChangedDate="2014-01-01" showIntranet="true" showInternet="true">
      <TitleGrp>
        <Title xml:lang="nn">Universitets- og høgskolegruppering (NUS 2013/2)</Title>
        <Title xml:lang="nb">Universitets- og høgskolegruppering (NUS 2013/2)</Title>
        <Title xml:lang="en">Tertiary classification (NUS 2013/2)</Title>
      </TitleGrp>
      <DescriptionGrp>
        <Description xml:lang="nn">Universitets- og høgskolegrupperinga blir brukt for å gruppere utdanningar på nivå 6-8. Dette er ei skjematisk standardgruppering som framfor alt er tenkt som ei forenkling i samband med presentasjonen av offisiell utdanningsstatistikk. Gradnemningane bachelor, master og ph.d. vart teke i bruk i samband med Kvalitetsreformen innanfor høgare utdanning frå hausten 2002.</Description>
        <Description xml:lang="nb">Universitets- og høgskolegrupperingen brukes for å gruppere utdanninger på nivå 6-8. Dette er en grovere standardgruppering som først og fremst er tenkt som en forenkling i forbindelse med presentasjon av offisiell utdanningsstatistikk. Gradbenevnelsene bachelor, master og ph.d. ble innført i forbindelse med Kvalitetsreformen innen høyere utdanning fra høsten 2002.</Description>
        <Description xml:lang="en">The tertiary classification is used to classify level 6 to 8 programmes. This is a rough standard classification, which above all is meant to simplify the pres-entation of official education statistics. The degree titles bachelor, master and ph.d. were introduced in connection with the Quality  Reform in tertiary education autumn 2002.</Description>
      </DescriptionGrp>
      <IntroductionGrp>
        <Indtroduction xml:lang="nn">NUS2000 inneheld, i tillegg til den sekssifra NUS-koden, også andre kodar knytte til utdanning. Kode for UH-gruppe er ei slik gruppering. Desse supplerer NUS2000-standarden, men har, med unntak av ISCED97, ikkje status som offisielle standardar i SSB.</Indtroduction>
        <Indtroduction xml:lang="nb">NUS2000 inneholder, i tillegg til den sekssifrede NUS-koden, også andre koder knyttet til utdanning. Kode for UH-gruppe er en slik gruppering. Disse supplerer NUS2000-standarden, men har, med unntak av ISCED97, ikke status som offisielle standarder i SSB.</Indtroduction>
        <Indtroduction xml:lang="en">In addition to the six digit NUS code, NUS2000 also consist of other codes concerning education. Code for tertiary classification is such a classification. These codes supplement the NUS2000 standard, but with exception from ISCED97, they do not have status as official standards in Statistics Norway.</Indtroduction>
      </IntroductionGrp>
      <ContactInformation>
        <Person xmlns="http://www.ssb.no/ns/meta/common">gki</Person>
        <Division xmlns="http://www.ssb.no/ns/meta/common">360</Division>
      </ContactInformation>
      <ExternalDocumentGrp>
        <ExternalDocument xml:lang="nn">NOS C 676   http://www.ssb.no/emner/04/90/nos_c617/nos_c676.pdf</ExternalDocument>
        <ExternalDocument xml:lang="nb">NOS C 617   http://www.ssb.no/emner/04/90/nos_c617/nos_c617.pdf</ExternalDocument>
        <ExternalDocument xml:lang="en">NOS C 751 http://www.ssb.no/english/subjects/04/90/nos_c751_en/nos_c751_en.pdf</ExternalDocument>
      </ExternalDocumentGrp>
      <ChangesGrp>
        <Change xml:lang="nn">Ikkje relevant</Change>
        <Change xml:lang="nb">Ikke relevant</Change>
        <Change xml:lang="en">Not relevant</Change>
      </ChangesGrp>
      <DerivedFromGrp>
        <DerviedFrom xml:lang="nn">Ikkje relevant</DerviedFrom>
        <DerviedFrom xml:lang="nb">Ikke relevant</DerviedFrom>
        <DerviedFrom xml:lang="en">Not relevant</DerviedFrom>
      </DerivedFromGrp>
      <LegalBaseGrp>
        <LegalBase xml:lang="nn">1) 398 R 0577 Rådsforordning (EU) nr 577/98 av 9. mars 1998.  2) 32 000 R 1897 Kommisjonsforordning (EU) nr 1897/2000 av 7. september 2000.  3) 32 000 R 1575 Kommisjonsforordning (EU) nr 1575/2000 av 19. juli 2000.   </LegalBase>
        <LegalBase xml:lang="nb">1) 398 R 0577 Rådsforordning (EU) nr 577/98 av 9. mars 1998.  2) 32 000 R 1897 Kommisjonsforordning (EU) nr 1897/2000 av 7. september 2000.  3) 32 000 R 1575 Kommisjonsforordning (EU) nr 1575/2000 av 19. juli 2000.</LegalBase>
        <LegalBase xml:lang="en">1) 398 R 0577 Council Regulation No 577/98 of 9 March 1998. 2) 32 000 R 1897 Commission Regulation No 1897/2000 of 7 September 2000. 3) 32 000 R 1575 Commission Regulation No 1575/2000 of 19 July 2000.</LegalBase>
      </LegalBaseGrp>
      <Level levelNumber="1" id="urn:ssb:classlevel:stabas:8773607" codeStructure="99">
        <TitleGrp>
          <Title xml:lang="nn">Universitets- og høgskolegruppering (NUS 2013/2): UH-gruppering</Title>
          <Title xml:lang="nb">Universitets- og høgskolegruppering (NUS 2013/2): UH-gruppering</Title>
          <Title xml:lang="en">Tertiary classification (NUS 2013/2): Tertiary classification</Title>
        </TitleGrp>
        <CodelistReference>urn:ssb:codelist:stabas:8773607</CodelistReference>
        <Level levelNumber="2" id="urn:ssb:classlevel:stabas:8773609" codeStructure="999999">
          <TitleGrp>
            <Title xml:lang="nn">Universitets- og høgskolegruppering (NUS 2013/2): Utdanningskode</Title>
            <Title xml:lang="nb">Universitets- og høgskolegruppering (NUS 2013/2): Utdanningskode</Title>
            <Title xml:lang="en">Tertiary classification (NUS 2013/2): Education code</Title>
          </TitleGrp>
          <CodelistReference>urn:ssb:codelist:stabas:8773609</CodelistReference>
        </Level>
      </Level>
    </ClassificationVersion>
    <ClassificationVersion id="urn:ssb:classversion:stabas:8544547" isCurrentVersion="false" validFrom="2013-01-01" validTo="2013-06-30" isUnderConstruction="false" updatesPossible="false" disseminationAllowed="true" lastChangedDate="2013-07-01" showIntranet="true" showInternet="true">
      <TitleGrp>
        <Title xml:lang="nn">Universitets- og høgskolegruppering (NUS 2013/1)</Title>
        <Title xml:lang="nb">Universitets- og høgskolegruppering (NUS 2013/1)</Title>
        <Title xml:lang="en">Tertiary classification (NUS 2013/1)</Title>
      </TitleGrp>
      <DescriptionGrp>
        <Description xml:lang="nn">Universitets- og høgskolegrupperinga blir brukt for å gruppere utdanningar på nivå 6-8. Dette er ei skjematisk standardgruppering som framfor alt er tenkt som ei forenkling i samband med presentasjonen av offisiell utdanningsstatistikk. Gradnemningane bachelor, master og ph.d. vart teke i bruk i samband med Kvalitetsreformen innanfor høgare utdanning frå hausten 2002.</Description>
        <Description xml:lang="nb">Universitets- og høgskolegrupperingen brukes for å gruppere utdanninger på nivå 6-8. Dette er en grovere standardgruppering som først og fremst er tenkt som en forenkling i forbindelse med presentasjon av offisiell utdanningsstatistikk. Gradbenevnelsene bachelor, master og ph.d. ble innført i forbindelse med Kvalitetsreformen innen høyere utdanning fra høsten 2002.</Description>
        <Description xml:lang="en">The tertiary classification is used to classify level 6 to 8 programmes. This is a rough standard classification, which above all is meant to simplify the pres-entation of official education statistics. The degree titles bachelor, master and ph.d. were introduced in connection with the Quality  Reform in tertiary education autumn 2002.</Description>
      </DescriptionGrp>
      <IntroductionGrp>
        <Indtroduction xml:lang="nn">NUS2000 inneheld, i tillegg til den sekssifra NUS-koden, også andre kodar knytte til utdanning. Kode for UH-gruppe er ei slik gruppering. Desse supplerer NUS2000-standarden, men har, med unntak av ISCED97, ikkje status som offisielle standardar i SSB.</Indtroduction>
        <Indtroduction xml:lang="nb">NUS2000 inneholder, i tillegg til den sekssifrede NUS-koden, også andre koder knyttet til utdanning. Kode for UH-gruppe er en slik gruppering. Disse supplerer NUS2000-standarden, men har, med unntak av ISCED97, ikke status som offisielle standarder i SSB.</Indtroduction>
        <Indtroduction xml:lang="en">In addition to the six digit NUS code, NUS2000 also consist of other codes concerning education. Code for tertiary classification is such a classification. These codes supplement the NUS2000 standard, but with exception from ISCED97, they do not have status as official standards in Statistics Norway.</Indtroduction>
      </IntroductionGrp>
      <ContactInformation>
        <Person xmlns="http://www.ssb.no/ns/meta/common">gki</Person>
        <Division xmlns="http://www.ssb.no/ns/meta/common">360</Division>
      </ContactInformation>
      <ExternalDocumentGrp>
        <ExternalDocument xml:lang="nn">NOS C 676   http://www.ssb.no/emner/04/90/nos_c617/nos_c676.pdf</ExternalDocument>
        <ExternalDocument xml:lang="nb">NOS C 617   http://www.ssb.no/emner/04/90/nos_c617/nos_c617.pdf</ExternalDocument>
        <ExternalDocument xml:lang="en">NOS C 751 http://www.ssb.no/english/subjects/04/90/nos_c751_en/nos_c751_en.pdf</ExternalDocument>
      </ExternalDocumentGrp>
      <ChangesGrp>
        <Change xml:lang="nn">Ikkje relevant</Change>
        <Change xml:lang="nb">Ikke relevant</Change>
        <Change xml:lang="en">Not relevant</Change>
      </ChangesGrp>
      <DerivedFromGrp>
        <DerviedFrom xml:lang="nn">Ikkje relevant</DerviedFrom>
        <DerviedFrom xml:lang="nb">Ikke relevant</DerviedFrom>
        <DerviedFrom xml:lang="en">Not relevant</DerviedFrom>
      </DerivedFromGrp>
      <LegalBaseGrp>
        <LegalBase xml:lang="nn">1) 398 R 0577 Rådsforordning (EU) nr 577/98 av 9. mars 1998.  2) 32 000 R 1897 Kommisjonsforordning (EU) nr 1897/2000 av 7. september 2000.  3) 32 000 R 1575 Kommisjonsforordning (EU) nr 1575/2000 av 19. juli 2000 </LegalBase>
        <LegalBase xml:lang="nb">1) 398 R 0577 Rådsforordning (EU) nr 577/98 av 9. mars 1998.  2) 32 000 R 1897 Kommisjonsforordning (EU) nr 1897/2000 av 7. september 2000.  3) 32 000 R 1575 Kommisjonsforordning (EU) nr 1575/2000 av 19. juli 2000</LegalBase>
        <LegalBase xml:lang="en">1) 398 R 0577 Council Regulation No 577/98 of 9 March 1998. 2) 32 000 R 1897 Commission Regulation No 1897/2000 of 7 September 2000. 3) 32 000 R 1575 Commission Regulation No 1575/2000 of 19 July 2000.</LegalBase>
      </LegalBaseGrp>
      <Level levelNumber="1" id="urn:ssb:classlevel:stabas:8544549" codeStructure="99">
        <TitleGrp>
          <Title xml:lang="nn">Universitets- og høgskolegruppering (NUS 2013/1): UH-gruppering</Title>
          <Title xml:lang="nb">Universitets- og høgskolegruppering (NUS 2013/1): UH-gruppering</Title>
          <Title xml:lang="en">Tertiary classification (NUS 2013/1): Tertiary classification</Title>
        </TitleGrp>
        <CodelistReference>urn:ssb:codelist:stabas:8544549</CodelistReference>
        <Level levelNumber="2" id="urn:ssb:classlevel:stabas:8544551" codeStructure="999999">
          <TitleGrp>
            <Title xml:lang="nn">Universitets- og høgskolegruppering (NUS 2013/1): Utdanningskode</Title>
            <Title xml:lang="nb">Universitets- og høgskolegruppering (NUS 2013/1): Utdanningskode</Title>
            <Title xml:lang="en">Tertiary classification (NUS 2013/1): Education code</Title>
          </TitleGrp>
          <CodelistReference>urn:ssb:codelist:stabas:8544551</CodelistReference>
        </Level>
      </Level>
    </ClassificationVersion>
    <ClassificationVersion id="urn:ssb:classversion:stabas:8419054" isCurrentVersion="false" validFrom="2012-07-01" validTo="2012-12-31" isUnderConstruction="false" updatesPossible="false" disseminationAllowed="true" lastChangedDate="2013-01-09" showIntranet="true" showInternet="true">
      <TitleGrp>
        <Title xml:lang="nn">Universitets- og høgskolegruppering (NUS 2012/2)</Title>
        <Title xml:lang="nb">Universitets- og høgskolegruppering (NUS 2012/2)</Title>
        <Title xml:lang="en">Tertiary classification (NUS 2012/2)</Title>
      </TitleGrp>
      <DescriptionGrp>
        <Description xml:lang="nn">Universitets- og høgskolegrupperinga blir brukt for å gruppere utdanningar på nivå 6-8. Dette er ei skjematisk standardgruppering som framfor alt er tenkt som ei forenkling i samband med presentasjonen av offisiell utdanningsstatistikk. Gradnemningane bachelor, master og ph.d. vart teke i bruk i samband med Kvalitetsreformen innanfor høgare utdanning frå hausten 2002.</Description>
        <Description xml:lang="nb">Universitets- og høgskolegrupperingen brukes for å gruppere utdanninger på nivå 6-8. Dette er en grovere standardgruppering som først og fremst er tenkt som en forenkling i forbindelse med presentasjon av offisiell utdanningsstatistikk. Gradbenevnelsene bachelor, master og ph.d. ble innført i forbindelse med Kvalitetsreformen innen høyere utdanning fra høsten 2002.</Description>
        <Description xml:lang="en">The tertiary classification is used to classify level 6 to 8 programmes. This is a rough standard classification, which above all is meant to simplify the pres-entation of official education statistics. The degree titles bachelor, master and ph.d. were introduced in connection with the Quality  Reform in tertiary education autumn 2002.</Description>
      </DescriptionGrp>
      <IntroductionGrp>
        <Indtroduction xml:lang="nn">NUS2000 inneheld, i tillegg til den sekssifra NUS-koden, også andre kodar knytte til utdanning. Kode for UH-gruppe er ei slik gruppering. Desse supplerer NUS2000-standarden, men har, med unntak av ISCED97, ikkje status som offisielle standardar i SSB. </Indtroduction>
        <Indtroduction xml:lang="nb">NUS2000 inneholder, i tillegg til den sekssifrede NUS-koden, også andre koder knyttet til utdanning. Kode for UH-gruppe er en slik gruppering. Disse supplerer NUS2000-standarden, men har, med unntak av ISCED97, ikke status som offisielle standarder i SSB.</Indtroduction>
        <Indtroduction xml:lang="en">In addition to the six digit NUS code, NUS2000 also consist of other codes concerning education. Code for tertiary classification is such a classification. These codes supplement the NUS2000 standard, but with exception from ISCED97, they do not have status as official standards in Statistics Norway.</Indtroduction>
      </IntroductionGrp>
      <ContactInformation>
        <Person xmlns="http://www.ssb.no/ns/meta/common">gki</Person>
        <Division xmlns="http://www.ssb.no/ns/meta/common">360</Division>
      </ContactInformation>
      <ExternalDocumentGrp>
        <ExternalDocument xml:lang="nn">NOS C 676   http://www.ssb.no/emner/04/90/nos_c617/nos_c676.pdf</ExternalDocument>
        <ExternalDocument xml:lang="nb">NOS C 617   http://www.ssb.no/emner/04/90/nos_c617/nos_c617.pdf</ExternalDocument>
        <ExternalDocument xml:lang="en">NOS C 751 http://www.ssb.no/english/subjects/04/90/nos_c751_en/nos_c751_en.pdf</ExternalDocument>
      </ExternalDocumentGrp>
      <ChangesGrp>
        <Change xml:lang="nn">Ikkje relevant</Change>
        <Change xml:lang="nb">Ikke relevant</Change>
        <Change xml:lang="en">Not relevant</Change>
      </ChangesGrp>
      <DerivedFromGrp>
        <DerviedFrom xml:lang="nn">Ikkje relevant</DerviedFrom>
        <DerviedFrom xml:lang="nb">Ikke relevant</DerviedFrom>
        <DerviedFrom xml:lang="en">Not relevant</DerviedFrom>
      </DerivedFromGrp>
      <LegalBaseGrp>
        <LegalBase xml:lang="nn">1) 398 R 0577 Rådsforordning (EU) nr 577/98 av 9. mars 1998.  2) 32 000 R 1897 Kommisjonsforordning (EU) nr 1897/2000 av 7. september 2000.  3) 32 000 R 1575 Kommisjonsforordning (EU) nr 1575/2000 av 19. juli 2000
 </LegalBase>
        <LegalBase xml:lang="nb">1) 398 R 0577 Rådsforordning (EU) nr 577/98 av 9. mars 1998.  2) 32 000 R 1897 Kommisjonsforordning (EU) nr 1897/2000 av 7. september 2000.  3) 32 000 R 1575 Kommisjonsforordning (EU) nr 1575/2000 av 19. juli 2000
</LegalBase>
        <LegalBase xml:lang="en">1) 398 R 0577 Council Regulation No 577/98 of 9 March 1998. 2) 32 000 R 1897 Commission Regulation No 1897/2000 of 7 September 2000. 3) 32 000 R 1575 Commission Regulation No 1575/2000 of 19 July 2000.
</LegalBase>
      </LegalBaseGrp>
      <Level levelNumber="1" id="urn:ssb:classlevel:stabas:8419056" codeStructure="99">
        <TitleGrp>
          <Title xml:lang="nn">Universitets- og høgskolegruppering (NUS 2012/2): UH-gruppering</Title>
          <Title xml:lang="nb">Universitets- og høgskolegruppering (NUS 2012/2): UH-gruppering</Title>
          <Title xml:lang="en">Tertiary classification (NUS 2012/2): Tertiary classification</Title>
        </TitleGrp>
        <CodelistReference>urn:ssb:codelist:stabas:8419056</CodelistReference>
        <Level levelNumber="2" id="urn:ssb:classlevel:stabas:8419058" codeStructure="999999">
          <TitleGrp>
            <Title xml:lang="nn">Universitets- og høgskolegruppering (NUS 2012/2): Utdanningskode</Title>
            <Title xml:lang="nb">Universitets- og høgskolegruppering (NUS 2012/2): Utdanningskode</Title>
            <Title xml:lang="en">Tertiary classification (NUS 2012/2): Education code</Title>
          </TitleGrp>
          <CodelistReference>urn:ssb:codelist:stabas:8419058</CodelistReference>
        </Level>
      </Level>
    </ClassificationVersion>
    <ClassificationVersion id="urn:ssb:classversion:stabas:8237801" isCurrentVersion="false" validFrom="2012-01-01" validTo="2012-06-30" isUnderConstruction="false" updatesPossible="false" disseminationAllowed="true" lastChangedDate="2012-07-31" showIntranet="true" showInternet="true">
      <TitleGrp>
        <Title xml:lang="nn">Universitets- og høgskolegruppering (NUS 2012/1)</Title>
        <Title xml:lang="nb">Universitets- og høgskolegruppering (NUS 2012/1)</Title>
        <Title xml:lang="en">Tertiary classification (NUS 2012/1)</Title>
      </TitleGrp>
      <DescriptionGrp>
        <Description xml:lang="nn">Universitets- og høgskolegrupperinga blir brukt for å gruppere utdanningar på nivå 6-8. Dette er ei skjematisk standardgruppering som framfor alt er tenkt som ei forenkling i samband med presentasjonen av offisiell utdanningsstatistikk. Gradnemningane bachelor, master og ph.d. vart teke i bruk i samband med Kvalitetsreformen innanfor høgare utdanning frå hausten 2002.
</Description>
        <Description xml:lang="nb">Universitets- og høgskolegrupperingen brukes for å gruppere utdanninger på nivå 6-8. Dette er en grovere standardgruppering som først og fremst er tenkt som en forenkling i forbindelse med presentasjon av offisiell utdanningsstatistikk. Gradbenevnelsene bachelor, master og ph.d. ble innført i forbindelse med Kvalitetsreformen innen høyere utdanning fra høsten 2002.</Description>
        <Description xml:lang="en">The tertiary classification is used to classify level 6 to 8 programmes. This is a rough standard classification, which above all is meant to simplify the pres-entation of official education statistics. The degree titles bachelor, master and ph.d. were introduced in connection with the Quality  Reform in tertiary education autumn 2002.
</Description>
      </DescriptionGrp>
      <IntroductionGrp>
        <Indtroduction xml:lang="nn">NUS2000 inneheld, i tillegg til den sekssifra NUS-koden, også andre kodar knytte til utdanning. Kode for UH-gruppe er ei slik gruppering. Desse supplerer NUS2000-standarden, men har, med unntak av ISCED97, ikkje status som offisielle standardar i SSB. 
</Indtroduction>
        <Indtroduction xml:lang="nb">NUS2000 inneholder, i tillegg til den sekssifrede NUS-koden, også andre koder knyttet til utdanning. Kode for UH-gruppe er en slik gruppering. Disse supplerer NUS2000-standarden, men har, med unntak av ISCED97, ikke status som offisielle standarder i SSB.</Indtroduction>
        <Indtroduction xml:lang="en">In addition to the six digit NUS code, NUS2000 also consist of other codes concerning education. Code for tertiary classification is such a classification. These codes supplement the NUS2000 standard, but with exception from ISCED97, they do not have status as official standards in Statistics Norway.
</Indtroduction>
      </IntroductionGrp>
      <ContactInformation>
        <Person xmlns="http://www.ssb.no/ns/meta/common">gki</Person>
        <Division xmlns="http://www.ssb.no/ns/meta/common">360</Division>
      </ContactInformation>
      <ExternalDocumentGrp>
        <ExternalDocument xml:lang="nn">NOS C 676   http://www.ssb.no/emner/04/90/nos_c617/nos_c676.pdf
</ExternalDocument>
        <ExternalDocument xml:lang="nb">NOS C 617   http://www.ssb.no/emner/04/90/nos_c617/nos_c617.pdf</ExternalDocument>
        <ExternalDocument xml:lang="en">NOS C 751 http://www.ssb.no/english/subjects/04/90/nos_c751_en/nos_c751_en.pdf
</ExternalDocument>
      </ExternalDocumentGrp>
      <ChangesGrp>
        <Change xml:lang="nn">Ikkje relevant</Change>
        <Change xml:lang="nb">Ikke relevant</Change>
        <Change xml:lang="en">Not relevant</Change>
      </ChangesGrp>
      <DerivedFromGrp>
        <DerviedFrom xml:lang="nn">Ikkje relevant</DerviedFrom>
        <DerviedFrom xml:lang="nb">Ikke relevant</DerviedFrom>
        <DerviedFrom xml:lang="en">Not relevant</DerviedFrom>
      </DerivedFromGrp>
      <LegalBaseGrp>
        <LegalBase xml:lang="nn">1) 398 R 0577 Rådsforordning (EU) nr 577/98 av 9. mars 1998.  2) 32 000 R 1897 Kommisjonsforordning (EU) nr 1897/2000 av 7. september 2000.  3) 32 000 R 1575 Kommisjonsforordning (EU) nr 1575/2000 av 19. juli 2000
 
</LegalBase>
        <LegalBase xml:lang="nb">1) 398 R 0577 Rådsforordning (EU) nr 577/98 av 9. mars 1998.  2) 32 000 R 1897 Kommisjonsforordning (EU) nr 1897/2000 av 7. september 2000.  3) 32 000 R 1575 Kommisjonsforordning (EU) nr 1575/2000 av 19. juli 2000
</LegalBase>
        <LegalBase xml:lang="en">1) 398 R 0577 Council Regulation No 577/98 of 9 March 1998. 2) 32 000 R 1897 Commission Regulation No 1897/2000 of 7 September 2000. 3) 32 000 R 1575 Commission Regulation No 1575/2000 of 19 July 2000.

</LegalBase>
      </LegalBaseGrp>
      <Level levelNumber="1" id="urn:ssb:classlevel:stabas:8237803" codeStructure="99">
        <TitleGrp>
          <Title xml:lang="nn">Universitets- og høgskolegruppering (NUS 2012/1): UH-gruppering</Title>
          <Title xml:lang="nb">Universitets- og høgskolegruppering (NUS 2012/1): UH-gruppering</Title>
          <Title xml:lang="en">Tertiary classification (NUS 2012/1): Tertiary classification</Title>
        </TitleGrp>
        <CodelistReference>urn:ssb:codelist:stabas:8237803</CodelistReference>
        <Level levelNumber="2" id="urn:ssb:classlevel:stabas:8237805" codeStructure="999999">
          <TitleGrp>
            <Title xml:lang="nn">Universitets- og høgskolegruppering (NUS 2012/1): Utdanningskode</Title>
            <Title xml:lang="nb">Universitets- og høgskolegruppering (NUS 2012/1): Utdanningskode</Title>
            <Title xml:lang="en">Tertiary classification (NUS 2012/1): Education code</Title>
          </TitleGrp>
          <CodelistReference>urn:ssb:codelist:stabas:8237805</CodelistReference>
        </Level>
      </Level>
    </ClassificationVersion>
    <ClassificationVersion id="urn:ssb:classversion:stabas:7948379" isCurrentVersion="false" validFrom="2011-07-01" validTo="2011-12-31" isUnderConstruction="false" updatesPossible="false" disseminationAllowed="true" lastChangedDate="2012-01-04" showIntranet="true" showInternet="true">
      <TitleGrp>
        <Title xml:lang="nn">Universitets- og høgskolegruppering (NUS 2011/2)</Title>
        <Title xml:lang="nb">Universitets- og høgskolegruppering (NUS 2011/2)</Title>
        <Title xml:lang="en">Tertiary classification (NUS 2011/2)</Title>
      </TitleGrp>
      <DescriptionGrp>
        <Description xml:lang="nn">Universitets- og høgskolegrupperinga blir brukt for å gruppere utdanningar på nivå 6-8. Dette er ei skjematisk standardgruppering som framfor alt er tenkt som ei forenkling i samband med presentasjonen av offisiell utdanningsstatistikk. Gradnemningane bachelor, master og ph.d. vart teke i bruk i samband med Kvalitetsreformen innanfor høgare utdanning frå hausten 2002.</Description>
        <Description xml:lang="nb">Universitets- og høgskolegrupperingen brukes for å gruppere utdanninger på nivå 6-8. Dette er en grovere standardgruppering som først og fremst er tenkt som en forenkling i forbindelse med presentasjon av offisiell utdanningsstatistikk. Gradbenevnelsene bachelor, master og ph.d. ble innført i forbindelse med Kvalitetsreformen innen høyere utdanning fra høsten 2002.</Description>
        <Description xml:lang="en">The tertiary classification is used to classify level 6 to 8 programmes. This is a rough standard classification, which above all is meant to simplify the pres-entation of official education statistics. The degree titles bachelor, master and ph.d. were introduced in connection with the Quality  Reform in tertiary education autumn 2002.</Description>
      </DescriptionGrp>
      <IntroductionGrp>
        <Indtroduction xml:lang="nn">NUS2000 inneheld, i tillegg til den sekssifra NUS-koden, også andre kodar knytte til utdanning. Kode for UH-gruppe er ei slik gruppering. Desse supplerer NUS2000-standarden, men har, med unntak av ISCED97, ikkje status som offisielle standardar i SSB. 
</Indtroduction>
        <Indtroduction xml:lang="nb">NUS2000 inneholder, i tillegg til den sekssifrede NUS-koden, også andre koder knyttet til utdanning. Kode for UH-gruppe er en slik gruppering. Disse supplerer NUS2000-standarden, men har, med unntak av ISCED97, ikke status som offisielle standarder i SSB.</Indtroduction>
        <Indtroduction xml:lang="en">In addition to the six digit NUS code, NUS2000 also consist of other codes concerning education. Code for tertiary classification is such a classification. These codes supplement the NUS2000 standard, but with exception from ISCED97, they do not have status as official standards in Statistics Norway.</Indtroduction>
      </IntroductionGrp>
      <ContactInformation>
        <Person xmlns="http://www.ssb.no/ns/meta/common">gki</Person>
        <Division xmlns="http://www.ssb.no/ns/meta/common">360</Division>
      </ContactInformation>
      <ExternalDocumentGrp>
        <ExternalDocument xml:lang="nn">NOS C 676   http://www.ssb.no/emner/04/90/nos_c617/nos_c676.pdf</ExternalDocument>
        <ExternalDocument xml:lang="nb">NOS C 617   http://www.ssb.no/emner/04/90/nos_c617/nos_c617.pdf</ExternalDocument>
        <ExternalDocument xml:lang="en">http://www.ssb.no/english/subjects/04/90/nos_c751_en/nos_c751_en.pdf</ExternalDocument>
      </ExternalDocumentGrp>
      <ChangesGrp>
        <Change xml:lang="nn">Ikkje relevant</Change>
        <Change xml:lang="nb">Ikke relevant</Change>
        <Change xml:lang="en">Not relevant</Change>
      </ChangesGrp>
      <DerivedFromGrp>
        <DerviedFrom xml:lang="nn">Ikkje relevant</DerviedFrom>
        <DerviedFrom xml:lang="nb">Ikke relevant</DerviedFrom>
        <DerviedFrom xml:lang="en">Not relevant</DerviedFrom>
      </DerivedFromGrp>
      <LegalBaseGrp>
        <LegalBase xml:lang="nn">Ikkje relevant</LegalBase>
        <LegalBase xml:lang="nb">Ikke relevant</LegalBase>
        <LegalBase xml:lang="en">Not relevant</LegalBase>
      </LegalBaseGrp>
      <Level levelNumber="1" id="urn:ssb:classlevel:stabas:7948381" codeStructure="99">
        <TitleGrp>
          <Title xml:lang="nn">Universitets- og høgskolegruppering (NUS 2011/2): UH-gruppering</Title>
          <Title xml:lang="nb">Universitets- og høgskolegruppering (NUS 2011/2): UH-gruppering</Title>
          <Title xml:lang="en">Tertiary classification (NUS 2011/2): Tertiary classification</Title>
        </TitleGrp>
        <CodelistReference>urn:ssb:codelist:stabas:7948381</CodelistReference>
        <Level levelNumber="2" id="urn:ssb:classlevel:stabas:7948383" codeStructure="999999">
          <TitleGrp>
            <Title xml:lang="nn">Universitets- og høgskolegruppering (NUS 2011/2): Utdanningskode</Title>
            <Title xml:lang="nb">Universitets- og høgskolegruppering (NUS 2011/2): Utdanningskode</Title>
            <Title xml:lang="en">Tertiary classification (NUS 2011/2): Education code</Title>
          </TitleGrp>
          <CodelistReference>urn:ssb:codelist:stabas:7948383</CodelistReference>
        </Level>
      </Level>
    </ClassificationVersion>
    <ClassificationVersion id="urn:ssb:classversion:stabas:7258031" isCurrentVersion="false" validFrom="2011-01-01" validTo="2011-06-30" isUnderConstruction="false" updatesPossible="false" disseminationAllowed="true" lastChangedDate="2011-06-30" showIntranet="true" showInternet="true">
      <TitleGrp>
        <Title xml:lang="nn">Universitets- og høgskolegruppering (NUS 2011/1)</Title>
        <Title xml:lang="nb">Universitets- og høgskolegruppering (NUS 2011/1)</Title>
        <Title xml:lang="en">Tertiary classification (NUS 2011/1)</Title>
      </TitleGrp>
      <DescriptionGrp>
        <Description xml:lang="nn">Universitets- og høgskolegrupperinga blir brukt for å gruppere utdanningar på nivå 6-8. Dette er ei skjematisk standardgruppering som framfor alt er tenkt som ei forenkling i samband med presentasjonen av offisiell utdanningsstatistikk. Gradnemningane bachelor, master og ph.d. vart teke i bruk i samband med Kvalitetsreformen innanfor høgare utdanning frå hausten 2002.</Description>
        <Description xml:lang="nb">Universitets- og høgskolegrupperingen brukes for å gruppere utdanninger på nivå 6-8. Dette er en grovere standardgruppering som først og fremst er tenkt som en forenkling i forbindelse med presentasjon av offisiell utdanningsstatistikk. Gradbenevnelsene bachelor, master og ph.d. ble innført i forbindelse med Kvalitetsreformen innen høyere utdanning fra høsten 2002.</Description>
        <Description xml:lang="en">The tertiary classification is used to classify level 6 to 8 programmes. This is a rough standard classification, which above all is meant to simplify the pres-entation of official education statistics. The degree titles bachelor, master and ph.d. were introduced in connection with the Quality  Reform in tertiary education autumn 2002.
</Description>
      </DescriptionGrp>
      <IntroductionGrp>
        <Indtroduction xml:lang="nn">NUS2000 inneheld, i tillegg til den sekssifra NUS-koden, også andre kodar knytte til utdanning. Kode for UH-gruppe er ei slik gruppering. Desse supplerer NUS2000-standarden, men har, med unntak av ISCED97, ikkje status som offisielle standardar i SSB. 
</Indtroduction>
        <Indtroduction xml:lang="nb">NUS2000 inneholder, i tillegg til den sekssifrede NUS-koden, også andre koder knyttet til utdanning. Kode for UH-gruppe er en slik gruppering. Disse supplerer NUS2000-standarden, men har, med unntak av ISCED97, ikke status som offisielle standarder i SSB.</Indtroduction>
        <Indtroduction xml:lang="en">In addition to the six digit NUS code, NUS2000 also consist of other codes concerning education. Code for tertiary classification is such a classification. These codes supplement the NUS2000 standard, but with exception from ISCED97, they do not have status as official standards in Statistics Norway.</Indtroduction>
      </IntroductionGrp>
      <ContactInformation>
        <Person xmlns="http://www.ssb.no/ns/meta/common">gki</Person>
        <Division xmlns="http://www.ssb.no/ns/meta/common">360</Division>
      </ContactInformation>
      <ExternalDocumentGrp>
        <ExternalDocument xml:lang="nn">NOS C 676   http://www.ssb.no/emner/04/90/nos_c617/nos_c676.pdf</ExternalDocument>
        <ExternalDocument xml:lang="nb">NOS C 617   http://www.ssb.no/emner/04/90/nos_c617/nos_c617.pdf</ExternalDocument>
        <ExternalDocument xml:lang="en">http://www.ssb.no/english/subjects/04/90/nos_c751_en/nos_c751_en.pdf</ExternalDocument>
      </ExternalDocumentGrp>
      <ChangesGrp>
        <Change xml:lang="nn">Ikkje relevant</Change>
        <Change xml:lang="nb">Ikke relevant</Change>
        <Change xml:lang="en">Not relevant</Change>
      </ChangesGrp>
      <DerivedFromGrp>
        <DerviedFrom xml:lang="nn">Ikkje relevant</DerviedFrom>
        <DerviedFrom xml:lang="nb">Ikke relevant</DerviedFrom>
        <DerviedFrom xml:lang="en">Not relevant</DerviedFrom>
      </DerivedFromGrp>
      <LegalBaseGrp>
        <LegalBase xml:lang="nn">Ikkje relevant</LegalBase>
        <LegalBase xml:lang="nb">Ikke relevant</LegalBase>
        <LegalBase xml:lang="en">Not relevant</LegalBase>
      </LegalBaseGrp>
      <Level levelNumber="1" id="urn:ssb:classlevel:stabas:7258033" codeStructure="99">
        <TitleGrp>
          <Title xml:lang="nn">Universitets- og høgskolegruppering (NUS 2011/1): UH-gruppering</Title>
          <Title xml:lang="nb">Universitets- og høgskolegruppering (NUS 2011/1): UH-gruppering</Title>
          <Title xml:lang="en">Tertiary classification (NUS 2011/1): Tertiary classification</Title>
        </TitleGrp>
        <CodelistReference>urn:ssb:codelist:stabas:7258033</CodelistReference>
        <Level levelNumber="2" id="urn:ssb:classlevel:stabas:7258035" codeStructure="999999">
          <TitleGrp>
            <Title xml:lang="nn">Universitets- og høgskolegruppering (NUS 2011/1): Utdanningskode</Title>
            <Title xml:lang="nb">Universitets- og høgskolegruppering (NUS 2011/1): Utdanningskode</Title>
            <Title xml:lang="en">Tertiary classification (NUS 2011/1): Education code</Title>
          </TitleGrp>
          <CodelistReference>urn:ssb:codelist:stabas:7258035</CodelistReference>
        </Level>
      </Level>
    </ClassificationVersion>
    <ClassificationVersion id="urn:ssb:classversion:stabas:6982299" isCurrentVersion="false" validFrom="2010-07-01" validTo="2010-12-31" isUnderConstruction="false" updatesPossible="false" disseminationAllowed="true" lastChangedDate="2011-01-25" showIntranet="true" showInternet="true">
      <TitleGrp>
        <Title xml:lang="nn">Universitets- og høgskolegruppering (NUS 2010/2)</Title>
        <Title xml:lang="nb">Universitets- og høgskolegruppering (NUS 2010/2)</Title>
        <Title xml:lang="en">Tertiary classification (NUS 2010/2)</Title>
      </TitleGrp>
      <DescriptionGrp>
        <Description xml:lang="nn">Universitets- og høgskolegrupperinga blir brukt for å gruppere utdanningar på nivå 6-8. Dette er ei skjematisk standardgruppering som framfor alt er tenkt som ei forenkling i samband med presentasjonen av offisiell utdanningsstatistikk. Gradnemningane bachelor, master og ph.d. vart teke i bruk i samband med Kvalitetsreformen innanfor høgare utdanning frå hausten 2002.</Description>
        <Description xml:lang="nb">Universitets- og høgskolegrupperingen brukes for å gruppere utdanninger på nivå 6-8. Dette er en grovere standardgruppering som først og fremst er tenkt som en forenkling i forbindelse med presentasjon av offisiell utdanningsstatistikk. Gradbenevnelsene bachelor, master og ph.d. ble innført i forbindelse med Kvalitetsreformen innen høyere utdanning fra høsten 2002.</Description>
        <Description xml:lang="en">The tertiary classification is used to classify level 6 to 8 programmes. This is a rough standard classification, which above all is meant to simplify the pres-entation of official education statistics. The degree titles bachelor, master and ph.d. were introduced in connection with the Quality  Reform in tertiary education autumn 2002.
</Description>
      </DescriptionGrp>
      <IntroductionGrp>
        <Indtroduction xml:lang="nn">NUS2000 inneheld, i tillegg til den sekssifra NUS-koden, også andre kodar knytte til utdanning. Kode for UH-gruppe er ei slik gruppering. Desse supplerer NUS2000-standarden, men har, med unntak av ISCED97, ikkje status som offisielle standardar i SSB. 
</Indtroduction>
        <Indtroduction xml:lang="nb">NUS2000 inneholder, i tillegg til den sekssifrede NUS-koden, også andre koder knyttet til utdanning. Kode for UH-gruppe er en slik gruppering. Disse supplerer NUS2000-standarden, men har, med unntak av ISCED97, ikke status som offisielle standarder i SSB.</Indtroduction>
        <Indtroduction xml:lang="en">In addition to the six digit NUS code, NUS2000 also consist of other codes concerning education. Code for tertiary classification is such a classification. These codes supplement the NUS2000 standard, but with exception from ISCED97, they do not have status as official standards in Statistics Norway.</Indtroduction>
      </IntroductionGrp>
      <ContactInformation>
        <Person xmlns="http://www.ssb.no/ns/meta/common">gki</Person>
        <Division xmlns="http://www.ssb.no/ns/meta/common">360</Division>
      </ContactInformation>
      <ExternalDocumentGrp>
        <ExternalDocument xml:lang="nn">NOS C 676   http://www.ssb.no/emner/04/90/nos_c617/nos_c676.pdf</ExternalDocument>
        <ExternalDocument xml:lang="nb">NOS C 617   http://www.ssb.no/emner/04/90/nos_c617/nos_c617.pdf</ExternalDocument>
        <ExternalDocument xml:lang="en">http://www.ssb.no/english/subjects/04/90/nos_c751_en/nos_c751_en.pdf</ExternalDocument>
      </ExternalDocumentGrp>
      <ChangesGrp>
        <Change xml:lang="nn">Ikkje relevant</Change>
        <Change xml:lang="nb">Ikke relevant</Change>
        <Change xml:lang="en">Not relevant</Change>
      </ChangesGrp>
      <DerivedFromGrp>
        <DerviedFrom xml:lang="nn">Ikkje relevant</DerviedFrom>
        <DerviedFrom xml:lang="nb">Ikke relevant</DerviedFrom>
        <DerviedFrom xml:lang="en">Not relevant</DerviedFrom>
      </DerivedFromGrp>
      <LegalBaseGrp>
        <LegalBase xml:lang="nn">Ikkje relevant</LegalBase>
        <LegalBase xml:lang="nb">Ikke relevant</LegalBase>
        <LegalBase xml:lang="en">Not relevant</LegalBase>
      </LegalBaseGrp>
      <Level levelNumber="1" id="urn:ssb:classlevel:stabas:6982301" codeStructure="99">
        <TitleGrp>
          <Title xml:lang="nn">Universitets- og høgskolegruppering (NUS 2010/2): UH-gruppering</Title>
          <Title xml:lang="nb">Universitets- og høgskolegruppering (NUS 2010/2): UH-gruppering</Title>
          <Title xml:lang="en">Tertiary classification (NUS 2010/2): Tertiary classification</Title>
        </TitleGrp>
        <CodelistReference>urn:ssb:codelist:stabas:6982301</CodelistReference>
        <Level levelNumber="2" id="urn:ssb:classlevel:stabas:6982303" codeStructure="999999">
          <TitleGrp>
            <Title xml:lang="nn">Universitets- og høgskolegruppering (NUS 2010/2): Utdanningskode</Title>
            <Title xml:lang="nb">Universitets- og høgskolegruppering (NUS 2010/2): Utdanningskode</Title>
            <Title xml:lang="en">Tertiary classification (NUS 2010/2): Education code</Title>
          </TitleGrp>
          <CodelistReference>urn:ssb:codelist:stabas:6982303</CodelistReference>
        </Level>
      </Level>
    </ClassificationVersion>
    <ClassificationVersion id="urn:ssb:classversion:stabas:6357613" isCurrentVersion="false" validFrom="2010-01-01" validTo="2010-06-30" isUnderConstruction="false" updatesPossible="false" disseminationAllowed="true" lastChangedDate="2011-01-25" showIntranet="true" showInternet="true">
      <TitleGrp>
        <Title xml:lang="nn">Universitets- og høgskolegruppering (NUS 2010/1)</Title>
        <Title xml:lang="nb">Universitets- og høgskolegruppering (NUS 2010/1)</Title>
        <Title xml:lang="en">Tertiary classification (NUS 2010/1)</Title>
      </TitleGrp>
      <DescriptionGrp>
        <Description xml:lang="nn">Universitets- og høgskolegrupperinga blir brukt for å gruppere utdanningar på nivå 6-8. Dette er ei skjematisk standardgruppering som framfor alt er tenkt som ei forenkling i samband med presentasjonen av offisiell utdanningsstatistikk. Gradnemningane bachelor, master og ph.d. vart teke i bruk i samband med Kvalitetsreformen innanfor høgare utdanning frå hausten 2002.</Description>
        <Description xml:lang="nb">Universitets- og høgskolegrupperingen brukes for å gruppere utdanninger på nivå 6-8. Dette er en grovere standardgruppering som først og fremst er tenkt som en forenkling i forbindelse med presentasjon av offisiell utdanningsstatistikk. Gradbenevnelsene bachelor, master og ph.d. ble innført i forbindelse med Kvalitetsreformen innen høyere utdanning fra høsten 2002.</Description>
        <Description xml:lang="en">The tertiary classification is used to classify level 6 to 8 programmes. This is a rough standard classification, which above all is meant to simplify the pres-entation of official education statistics. The degree titles bachelor, master and ph.d. were introduced in connection with the Quality  Reform in tertiary education autumn 2002.
</Description>
      </DescriptionGrp>
      <IntroductionGrp>
        <Indtroduction xml:lang="nn">NUS2000 inneheld, i tillegg til den sekssifra NUS-koden, også andre kodar knytte til utdanning. Kode for UH-gruppe er ei slik gruppering. Desse supplerer NUS2000-standarden, men har, med unntak av ISCED97, ikkje status som offisielle standardar i SSB. 
</Indtroduction>
        <Indtroduction xml:lang="nb">NUS2000 inneholder, i tillegg til den sekssifrede NUS-koden, også andre koder knyttet til utdanning. Kode for UH-gruppe er en slik gruppering. Disse supplerer NUS2000-standarden, men har, med unntak av ISCED97, ikke status som offisielle standarder i SSB.</Indtroduction>
        <Indtroduction xml:lang="en">In addition to the six digit NUS code, NUS2000 also consist of other codes concerning education. Code for tertiary classification is such a classification. These codes supplement the NUS2000 standard, but with exception from ISCED97, they do not have status as official standards in Statistics Norway.</Indtroduction>
      </IntroductionGrp>
      <ContactInformation>
        <Person xmlns="http://www.ssb.no/ns/meta/common">gki</Person>
        <Division xmlns="http://www.ssb.no/ns/meta/common">360</Division>
      </ContactInformation>
      <ExternalDocumentGrp>
        <ExternalDocument xml:lang="nn">NOS C 676   http://www.ssb.no/emner/04/90/nos_c617/nos_c676.pdf</ExternalDocument>
        <ExternalDocument xml:lang="nb">NOS C 617   http://www.ssb.no/emner/04/90/nos_c617/nos_c617.pdf</ExternalDocument>
        <ExternalDocument xml:lang="en">http://www.ssb.no/english/subjects/04/90/nos_c751_en/nos_c751_en.pdf</ExternalDocument>
      </ExternalDocumentGrp>
      <ChangesGrp>
        <Change xml:lang="nn">Ikkje relevant</Change>
        <Change xml:lang="nb">Ikke relevant</Change>
        <Change xml:lang="en">Not  relevant</Change>
      </ChangesGrp>
      <DerivedFromGrp>
        <DerviedFrom xml:lang="nn">Ikkje relevant</DerviedFrom>
        <DerviedFrom xml:lang="nb">Ikke relevant</DerviedFrom>
        <DerviedFrom xml:lang="en">Not  relevant</DerviedFrom>
      </DerivedFromGrp>
      <LegalBaseGrp>
        <LegalBase xml:lang="nn">Ikkje relevant</LegalBase>
        <LegalBase xml:lang="nb">Ikke relevant</LegalBase>
        <LegalBase xml:lang="en">Not  relevant</LegalBase>
      </LegalBaseGrp>
      <Level levelNumber="1" id="urn:ssb:classlevel:stabas:6357615" codeStructure="99">
        <TitleGrp>
          <Title xml:lang="nn">Universitets- og høgskolegruppering (NUS 2010/1): UH-gruppering</Title>
          <Title xml:lang="nb">Universitets- og høgskolegruppering (NUS 2010/1): UH-gruppering</Title>
          <Title xml:lang="en">Tertiary classification (NUS 2010/1): Tertiary classification</Title>
        </TitleGrp>
        <CodelistReference>urn:ssb:codelist:stabas:6357615</CodelistReference>
        <Level levelNumber="2" id="urn:ssb:classlevel:stabas:6357617" codeStructure="999999">
          <TitleGrp>
            <Title xml:lang="nn">Universitets- og høgskolegruppering (NUS 2010/1): Utdanningskode</Title>
            <Title xml:lang="nb">Universitets- og høgskolegruppering (NUS 2010/1): Utdanningskode</Title>
            <Title xml:lang="en">Tertiary classification (NUS 2010/1): Education code</Title>
          </TitleGrp>
          <CodelistReference>urn:ssb:codelist:stabas:6357617</CodelistReference>
        </Level>
      </Level>
    </ClassificationVersion>
    <ClassificationVersion id="urn:ssb:classversion:stabas:5974339" isCurrentVersion="false" validFrom="2009-07-01" validTo="2009-12-31" isUnderConstruction="false" updatesPossible="false" disseminationAllowed="true" lastChangedDate="2011-01-25" showIntranet="true" showInternet="true">
      <TitleGrp>
        <Title xml:lang="nn">Universitets- og høgskolegruppering (NUS 2009/2)</Title>
        <Title xml:lang="nb">Universitets- og høgskolegruppering (NUS 2009/2)</Title>
        <Title xml:lang="en">Tertiary classification (NUS 2009/2)</Title>
      </TitleGrp>
      <DescriptionGrp>
        <Description xml:lang="nn">Universitets- og høgskolegrupperinga blir brukt for å gruppere utdanningar på nivå 6-8. Dette er ei skjematisk standardgruppering som framfor alt er tenkt som ei forenkling i samband med presentasjonen av offisiell utdanningsstatistikk. Gradnemningane bachelor, master og ph.d. vart teke i bruk i samband med Kvalitetsreformen innanfor høgare utdanning frå hausten 2002.</Description>
        <Description xml:lang="nb">Universitets- og høgskolegrupperingen brukes for å gruppere utdanninger på nivå 6-8. Dette er en grovere standardgruppering som først og fremst er tenkt som en forenkling i forbindelse med presentasjon av offisiell utdanningsstatistikk. Gradbenevnelsene bachelor, master og ph.d. ble innført i forbindelse med Kvalitetsreformen innen høyere utdanning fra høsten 2002.</Description>
        <Description xml:lang="en">The tertiary classification is used to classify level 6 to 8 programmes. This is a rough standard classification, which above all is meant to simplify the pres-entation of official education statistics. The degree titles bachelor, master and ph.d. were introduced in connection with the Quality  Reform in tertiary education autumn 2002.
</Description>
      </DescriptionGrp>
      <IntroductionGrp>
        <Indtroduction xml:lang="nn">NUS2000 inneheld, i tillegg til den sekssifra NUS-koden, også andre kodar knytte til utdanning. Kode for UH-gruppe er ei slik gruppering. Desse supplerer NUS2000-standarden, men har, med unntak av ISCED97, ikkje status som offisielle standardar i SSB. 
</Indtroduction>
        <Indtroduction xml:lang="nb">NUS2000 inneholder, i tillegg til den sekssifrede NUS-koden, også andre koder knyttet til utdanning. Kode for UH-gruppe er en slik gruppering. Disse supplerer NUS2000-standarden, men har, med unntak av ISCED97, ikke status som offisielle standarder i SSB.</Indtroduction>
        <Indtroduction xml:lang="en">In addition to the six digit NUS code, NUS2000 also consist of other codes concerning education. Code for tertiary classification is such a classification. These codes supplement the NUS2000 standard, but with exception from ISCED97, they do not have status as official standards in Statistics Norway.</Indtroduction>
      </IntroductionGrp>
      <ContactInformation>
        <Person xmlns="http://www.ssb.no/ns/meta/common">gki</Person>
        <Division xmlns="http://www.ssb.no/ns/meta/common">360</Division>
      </ContactInformation>
      <ExternalDocumentGrp>
        <ExternalDocument xml:lang="nn">NOS C 676   http://www.ssb.no/emner/04/90/nos_c617/nos_c676.pdf</ExternalDocument>
        <ExternalDocument xml:lang="nb">NOS C 617   http://www.ssb.no/emner/04/90/nos_c617/nos_c617.pdf</ExternalDocument>
        <ExternalDocument xml:lang="en">http://www.ssb.no/english/subjects/04/90/nos_c751_en/nos_c751_en.pdf</ExternalDocument>
      </ExternalDocumentGrp>
      <ChangesGrp>
        <Change xml:lang="nn">Ikkje relevant</Change>
        <Change xml:lang="nb">Ikke relevant</Change>
        <Change xml:lang="en">Not relevant</Change>
      </ChangesGrp>
      <DerivedFromGrp>
        <DerviedFrom xml:lang="nn">Ikkje relevant</DerviedFrom>
        <DerviedFrom xml:lang="nb">Ikke relevant</DerviedFrom>
        <DerviedFrom xml:lang="en">Not relevant</DerviedFrom>
      </DerivedFromGrp>
      <LegalBaseGrp>
        <LegalBase xml:lang="nn">Ikkje relevant</LegalBase>
        <LegalBase xml:lang="nb">Ikke relevant</LegalBase>
        <LegalBase xml:lang="en">Not relevant</LegalBase>
      </LegalBaseGrp>
      <Level levelNumber="1" id="urn:ssb:classlevel:stabas:5974341" codeStructure="99">
        <TitleGrp>
          <Title xml:lang="nn">Universitets- og høgskolegruppering (NUS 2009/2): UH-gruppering</Title>
          <Title xml:lang="nb">Universitets- og høgskolegruppering (NUS 2009/2): UH-gruppering</Title>
          <Title xml:lang="en">Tertiary classification (NUS 2009/2): Tertiary classification</Title>
        </TitleGrp>
        <CodelistReference>urn:ssb:codelist:stabas:5974341</CodelistReference>
        <Level levelNumber="2" id="urn:ssb:classlevel:stabas:5974343" codeStructure="999999">
          <TitleGrp>
            <Title xml:lang="nn">Universitets- og høgskolegruppering (NUS 2009/2): Utdanningskode</Title>
            <Title xml:lang="nb">Universitets- og høgskolegruppering (NUS 2009/2): Utdanningskode</Title>
            <Title xml:lang="en">Tertiary classification (NUS 2009/2): Education code</Title>
          </TitleGrp>
          <CodelistReference>urn:ssb:codelist:stabas:5974343</CodelistReference>
        </Level>
      </Level>
    </ClassificationVersion>
    <ClassificationVersion id="urn:ssb:classversion:stabas:5730597" isCurrentVersion="false" validFrom="2009-01-01" validTo="2009-06-30" isUnderConstruction="false" updatesPossible="false" disseminationAllowed="true" lastChangedDate="2011-01-25" showIntranet="true" showInternet="true">
      <TitleGrp>
        <Title xml:lang="nn">Universitets- og høgskolegruppering (NUS 2009/1)</Title>
        <Title xml:lang="nb">Universitets- og høgskolegruppering (NUS 2009/1)</Title>
        <Title xml:lang="en">Tertiary classification (NUS 2009/1)</Title>
      </TitleGrp>
      <DescriptionGrp>
        <Description xml:lang="nn">Universitets- og høgskolegrupperinga blir brukt for å gruppere utdanningar på nivå 6-8. Dette er ei skjematisk standardgruppering som framfor alt er tenkt som ei forenkling i samband med presentasjonen av offisiell utdanningsstatistikk. Gradnemningane bachelor, master og ph.d. vart teke i bruk i samband med Kvalitetsreformen innanfor høgare utdanning frå hausten 2002.</Description>
        <Description xml:lang="nb">Universitets- og høgskolegrupperingen brukes for å gruppere utdanninger på nivå 6-8. Dette er en grovere standardgruppering som først og fremst er tenkt som en forenkling i forbindelse med presentasjon av offisiell utdanningsstatistikk. Gradbenevnelsene bachelor, master og ph.d. ble innført i forbindelse med Kvalitetsreformen innen høyere utdanning fra høsten 2002.</Description>
        <Description xml:lang="en">The tertiary classification is used to classify level 6 to 8 programmes. This is a rough standard classification, which above all is meant to simplify the pres-entation of official education statistics. The degree titles bachelor, master and ph.d. were introduced in connection with the Quality  Reform in tertiary education autumn 2002.
</Description>
      </DescriptionGrp>
      <IntroductionGrp>
        <Indtroduction xml:lang="nn">NUS2000 inneheld, i tillegg til den sekssifra NUS-koden, også andre kodar knytte til utdanning. Kode for UH-gruppe er ei slik gruppering. Desse supplerer NUS2000-standarden, men har, med unntak av ISCED97, ikkje status som offisielle standardar i SSB. 
</Indtroduction>
        <Indtroduction xml:lang="nb">NUS2000 inneholder, i tillegg til den sekssifrede NUS-koden, også andre koder knyttet til utdanning. Kode for UH-gruppe er en slik gruppering. Disse supplerer NUS2000-standarden, men har, med unntak av ISCED97, ikke status som offisielle standarder i SSB.</Indtroduction>
        <Indtroduction xml:lang="en">In addition to the six digit NUS code, NUS2000 also consist of other codes concerning education. Code for tertiary classification is such a classification. These codes supplement the NUS2000 standard, but with exception from ISCED97, they do not have status as official standards in Statistics Norway.</Indtroduction>
      </IntroductionGrp>
      <ContactInformation>
        <Person xmlns="http://www.ssb.no/ns/meta/common">gki</Person>
        <Division xmlns="http://www.ssb.no/ns/meta/common">360</Division>
      </ContactInformation>
      <ExternalDocumentGrp>
        <ExternalDocument xml:lang="nn">NOS C 676   http://www.ssb.no/emner/04/90/nos_c617/nos_c676.pdf</ExternalDocument>
        <ExternalDocument xml:lang="nb">NOS C 617   http://www.ssb.no/emner/04/90/nos_c617/nos_c617.pdf</ExternalDocument>
        <ExternalDocument xml:lang="en">http://www.ssb.no/english/subjects/04/90/nos_c751_en/nos_c751_en.pdf</ExternalDocument>
      </ExternalDocumentGrp>
      <ChangesGrp>
        <Change xml:lang="nn">Ikkje relevant</Change>
        <Change xml:lang="nb">Ikke relevant</Change>
        <Change xml:lang="en">Not relevant</Change>
      </ChangesGrp>
      <DerivedFromGrp>
        <DerviedFrom xml:lang="nn">Ikkje relevant</DerviedFrom>
        <DerviedFrom xml:lang="nb">Ikke relevant</DerviedFrom>
        <DerviedFrom xml:lang="en">Not relevant</DerviedFrom>
      </DerivedFromGrp>
      <LegalBaseGrp>
        <LegalBase xml:lang="nn">Ikkje relevant</LegalBase>
        <LegalBase xml:lang="nb">Ikke relevant</LegalBase>
        <LegalBase xml:lang="en">Not relevant</LegalBase>
      </LegalBaseGrp>
      <Level levelNumber="1" id="urn:ssb:classlevel:stabas:5730599" codeStructure="99">
        <TitleGrp>
          <Title xml:lang="nn">Universitets- og høgskolegruppering (NUS 2009/1): UH-gruppering</Title>
          <Title xml:lang="nb">Universitets- og høgskolegruppering (NUS 2009/1): UH-gruppering</Title>
          <Title xml:lang="en">Tertiary classification (NUS 2009/1): Tertiary classification</Title>
        </TitleGrp>
        <CodelistReference>urn:ssb:codelist:stabas:5730599</CodelistReference>
        <Level levelNumber="2" id="urn:ssb:classlevel:stabas:5730601" codeStructure="999999">
          <TitleGrp>
            <Title xml:lang="nn">Universitets- og høgskolegruppering (NUS 2009/1): Utdanningskode</Title>
            <Title xml:lang="nb">Universitets- og høgskolegruppering (NUS 2009/1): Utdanningskode</Title>
            <Title xml:lang="en">Tertiary classification (NUS 2009/1): Education code</Title>
          </TitleGrp>
          <CodelistReference>urn:ssb:codelist:stabas:5730601</CodelistReference>
        </Level>
      </Level>
    </ClassificationVersion>
    <ClassificationVersion id="urn:ssb:classversion:stabas:5463471" isCurrentVersion="false" validFrom="2008-07-01" validTo="2008-12-31" isUnderConstruction="false" updatesPossible="false" disseminationAllowed="true" lastChangedDate="2011-01-25" showIntranet="true" showInternet="true">
      <TitleGrp>
        <Title xml:lang="nn">Universitets- og høgskolegruppering (NUS 2008/2)</Title>
        <Title xml:lang="nb">Universitets- og høgskolegruppering (NUS 2008/2)</Title>
        <Title xml:lang="en">Tertiary classification (NUS 2008/2)</Title>
      </TitleGrp>
      <DescriptionGrp>
        <Description xml:lang="nn">Universitets- og høgskolegrupperinga blir brukt for å gruppere utdanningar på nivå 6-8. Dette er ei skjematisk standardgruppering som framfor alt er tenkt som ei forenkling i samband med presentasjonen av offisiell utdanningsstatistikk. Gradnemningane bachelor, master og ph.d. vart teke i bruk i samband med Kvalitetsreformen innanfor høgare utdanning frå hausten 2002.</Description>
        <Description xml:lang="nb">Universitets- og høgskolegrupperingen brukes for å gruppere utdanninger på nivå 6-8. Dette er en grovere standardgruppering som først og fremst er tenkt som en forenkling i forbindelse med presentasjon av offisiell utdanningsstatistikk. Gradbenevnelsene bachelor, master og ph.d. ble innført i forbindelse med Kvalitetsreformen innen høyere utdanning fra høsten 2002.</Description>
        <Description xml:lang="en">The tertiary classification is used to classify level 6 to 8 programmes. This is a rough standard classification, which above all is meant to simplify the pres-entation of official education statistics. The degree titles bachelor, master and ph.d. were introduced in connection with the Quality  Reform in tertiary education autumn 2002.
</Description>
      </DescriptionGrp>
      <IntroductionGrp>
        <Indtroduction xml:lang="nn">NUS2000 inneheld, i tillegg til den sekssifra NUS-koden, også andre kodar knytte til utdanning. Kode for UH-gruppe er ei slik gruppering. Desse supplerer NUS2000-standarden, men har, med unntak av ISCED97, ikkje status som offisielle standardar i SSB. 
</Indtroduction>
        <Indtroduction xml:lang="nb">NUS2000 inneholder, i tillegg til den sekssifrede NUS-koden, også andre koder knyttet til utdanning. Kode for UH-gruppe er en slik gruppering. Disse supplerer NUS2000-standarden, men har, med unntak av ISCED97, ikke status som offisielle standarder i SSB.</Indtroduction>
        <Indtroduction xml:lang="en">In addition to the six digit NUS code, NUS2000 also consist of other codes concerning education. Code for tertiary classification is such a classification. These codes supplement the NUS2000 standard, but with exception from ISCED97, they do not have status as official standards in Statistics Norway.</Indtroduction>
      </IntroductionGrp>
      <ContactInformation>
        <Person xmlns="http://www.ssb.no/ns/meta/common">gki</Person>
        <Division xmlns="http://www.ssb.no/ns/meta/common">360</Division>
      </ContactInformation>
      <ExternalDocumentGrp>
        <ExternalDocument xml:lang="nn">NOS C 676   http://www.ssb.no/emner/04/90/nos_c617/nos_c676.pdf</ExternalDocument>
        <ExternalDocument xml:lang="nb">NOS C 617   http://www.ssb.no/emner/04/90/nos_c617/nos_c617.pdf</ExternalDocument>
        <ExternalDocument xml:lang="en">http://www.ssb.no/english/subjects/04/90/nos_c751_en/nos_c751_en.pdf</ExternalDocument>
      </ExternalDocumentGrp>
      <ChangesGrp>
        <Change xml:lang="nn">Ikkje relevant</Change>
        <Change xml:lang="nb">Ikke relevant</Change>
        <Change xml:lang="en">Not relevant</Change>
      </ChangesGrp>
      <DerivedFromGrp>
        <DerviedFrom xml:lang="nn">Ikkje relevant</DerviedFrom>
        <DerviedFrom xml:lang="nb">Ikke relevant</DerviedFrom>
        <DerviedFrom xml:lang="en">Not relevant</DerviedFrom>
      </DerivedFromGrp>
      <LegalBaseGrp>
        <LegalBase xml:lang="nn">Ikkje relevant</LegalBase>
        <LegalBase xml:lang="nb">Ikke relevant</LegalBase>
        <LegalBase xml:lang="en">Not relevant</LegalBase>
      </LegalBaseGrp>
      <Level levelNumber="1" id="urn:ssb:classlevel:stabas:5463473" codeStructure="99">
        <TitleGrp>
          <Title xml:lang="nn">Universitets- og høgskolegruppering (NUS 2008/2): UH-gruppering</Title>
          <Title xml:lang="nb">Universitets- og høgskolegruppering (NUS 2008/2): UH-gruppering</Title>
          <Title xml:lang="en">Tertiary classification (NUS 2008/2): Tertiary classification</Title>
        </TitleGrp>
        <CodelistReference>urn:ssb:codelist:stabas:5463473</CodelistReference>
        <Level levelNumber="2" id="urn:ssb:classlevel:stabas:5463475" codeStructure="999999">
          <TitleGrp>
            <Title xml:lang="nn">Universitets- og høgskolegruppering (NUS 2008/2): Utdanningskode</Title>
            <Title xml:lang="nb">Universitets- og høgskolegruppering (NUS 2008/2): Utdanningskode</Title>
            <Title xml:lang="en">Tertiary classification (NUS 2008/2): Education code</Title>
          </TitleGrp>
          <CodelistReference>urn:ssb:codelist:stabas:5463475</CodelistReference>
        </Level>
      </Level>
    </ClassificationVersion>
    <ClassificationVersion id="urn:ssb:classversion:stabas:5172480" isCurrentVersion="false" validFrom="2008-01-01" validTo="2008-06-30" isUnderConstruction="false" updatesPossible="false" disseminationAllowed="true" lastChangedDate="2011-01-25" showIntranet="true" showInternet="true">
      <TitleGrp>
        <Title xml:lang="nn">Universitets- og høgskolegruppering (NUS 2008/1)</Title>
        <Title xml:lang="nb">Universitets- og høgskolegruppering (NUS 2008/1)</Title>
        <Title xml:lang="en">Tertiary classification (NUS 2008/1)</Title>
      </TitleGrp>
      <DescriptionGrp>
        <Description xml:lang="nn">Universitets- og høgskolegrupperinga blir brukt for å gruppere utdanningar på nivå 6-8. Dette er ei skjematisk standardgruppering som framfor alt er tenkt som ei forenkling i samband med presentasjonen av offisiell utdanningsstatistikk. Gradnemningane bachelor, master og ph.d. vart teke i bruk i samband med Kvalitetsreformen innanfor høgare utdanning frå hausten 2002.</Description>
        <Description xml:lang="nb">Universitets- og høgskolegrupperingen brukes for å gruppere utdanninger på nivå 6-8. Dette er en grovere standardgruppering som først og fremst er tenkt som en forenkling i forbindelse med presentasjon av offisiell utdanningsstatistikk. Gradbenevnelsene bachelor, master og ph.d. ble innført i forbindelse med Kvalitetsreformen innen høyere utdanning fra høsten 2002.</Description>
        <Description xml:lang="en">The tertiary classification is used to classify level 6 to 8 programmes. This is a rough standard classification, which above all is meant to simplify the pres-entation of official education statistics. The degree titles bachelor, master and ph.d. were introduced in connection with the Quality  Reform in tertiary education autumn 2002.
</Description>
      </DescriptionGrp>
      <IntroductionGrp>
        <Indtroduction xml:lang="nn">NUS2000 inneheld, i tillegg til den sekssifra NUS-koden, også andre kodar knytte til utdanning. Kode for UH-gruppe er ei slik gruppering. Desse supplerer NUS2000-standarden, men har, med unntak av ISCED97, ikkje status som offisielle standardar i SSB. 
</Indtroduction>
        <Indtroduction xml:lang="nb">NUS2000 inneholder, i tillegg til den sekssifrede NUS-koden, også andre koder knyttet til utdanning. Kode for UH-gruppe er en slik gruppering. Disse supplerer NUS2000-standarden, men har, med unntak av ISCED97, ikke status som offisielle standarder i SSB.</Indtroduction>
        <Indtroduction xml:lang="en">In addition to the six digit NUS code, NUS2000 also consist of other codes concerning education. Code for tertiary classification is such a classification. These codes supplement the NUS2000 standard, but with exception from ISCED97, they do not have status as official standards in Statistics Norway.</Indtroduction>
      </IntroductionGrp>
      <ContactInformation>
        <Person xmlns="http://www.ssb.no/ns/meta/common">gki</Person>
        <Division xmlns="http://www.ssb.no/ns/meta/common">360</Division>
      </ContactInformation>
      <ExternalDocumentGrp>
        <ExternalDocument xml:lang="nn">NOS C 676   http://www.ssb.no/emner/04/90/nos_c617/nos_c676.pdf</ExternalDocument>
        <ExternalDocument xml:lang="nb">NOS C 617   http://www.ssb.no/emner/04/90/nos_c617/nos_c617.pdf</ExternalDocument>
        <ExternalDocument xml:lang="en">http://www.ssb.no/english/subjects/04/90/nos_c751_en/nos_c751_en.pdf</ExternalDocument>
      </ExternalDocumentGrp>
      <ChangesGrp>
        <Change xml:lang="nn">Ikkje relevant</Change>
        <Change xml:lang="nb">Ikke relevant</Change>
        <Change xml:lang="en">Not relevant</Change>
      </ChangesGrp>
      <DerivedFromGrp>
        <DerviedFrom xml:lang="nn">Ikkje relevant</DerviedFrom>
        <DerviedFrom xml:lang="nb">Ikke relevant</DerviedFrom>
        <DerviedFrom xml:lang="en">Not relevant</DerviedFrom>
      </DerivedFromGrp>
      <LegalBaseGrp>
        <LegalBase xml:lang="nn">Ikkje relevant</LegalBase>
        <LegalBase xml:lang="nb">Ikke relevant</LegalBase>
        <LegalBase xml:lang="en">Not relevant</LegalBase>
      </LegalBaseGrp>
      <Level levelNumber="1" id="urn:ssb:classlevel:stabas:5172482" codeStructure="99">
        <TitleGrp>
          <Title xml:lang="nn">Universitets- og høgskolegruppering (NUS 2008/1): UH-gruppering</Title>
          <Title xml:lang="nb">Universitets- og høgskolegruppering (NUS 2008/1): UH-gruppering</Title>
          <Title xml:lang="en">Tertiary classification (NUS 2008/1): Tertiary classification</Title>
        </TitleGrp>
        <CodelistReference>urn:ssb:codelist:stabas:5172482</CodelistReference>
        <Level levelNumber="2" id="urn:ssb:classlevel:stabas:5172484" codeStructure="999999">
          <TitleGrp>
            <Title xml:lang="nn">Universitets- og høgskolegruppering (NUS 2008/1): Utdanningskode</Title>
            <Title xml:lang="nb">Universitets- og høgskolegruppering (NUS 2008/1): Utdanningskode</Title>
            <Title xml:lang="en">Tertiary classification (NUS 2008/1): Education code</Title>
          </TitleGrp>
          <CodelistReference>urn:ssb:codelist:stabas:5172484</CodelistReference>
        </Level>
      </Level>
    </ClassificationVersion>
    <ClassificationVersion id="urn:ssb:classversion:stabas:4925555" isCurrentVersion="false" validFrom="2007-07-01" validTo="2007-12-31" isUnderConstruction="false" updatesPossible="false" disseminationAllowed="true" lastChangedDate="2011-01-25" showIntranet="true" showInternet="true">
      <TitleGrp>
        <Title xml:lang="nn">Universitets- og høgskolegruppering (NUS 2007/2)</Title>
        <Title xml:lang="nb">Universitets- og høgskolegruppering (NUS 2007/2)</Title>
        <Title xml:lang="en">Tertiary classification (NUS 2007/2)</Title>
      </TitleGrp>
      <DescriptionGrp>
        <Description xml:lang="nn">Universitets- og høgskolegrupperinga blir brukt for å gruppere utdanningar på nivå 6-8. Dette er ei skjematisk standardgruppering som framfor alt er tenkt som ei forenkling i samband med presentasjonen av offisiell utdanningsstatistikk. Gradnemningane bachelor, master og ph.d. vart teke i bruk i samband med Kvalitetsreformen innanfor høgare utdanning frå hausten 2002.</Description>
        <Description xml:lang="nb">Universitets- og høgskolegrupperingen brukes for å gruppere utdanninger på nivå 6-8. Dette er en grovere standardgruppering som først og fremst er tenkt som en forenkling i forbindelse med presentasjon av offisiell utdanningsstatistikk. Gradbenevnelsene bachelor, master og ph.d. ble innført i forbindelse med Kvalitetsreformen innen høyere utdanning fra høsten 2002.</Description>
        <Description xml:lang="en">The tertiary classification is used to classify level 6 to 8 programmes. This is a rough standard classification, which above all is meant to simplify the pres-entation of official education statistics. The degree titles bachelor, master and ph.d. were introduced in connection with the Quality  Reform in tertiary education autumn 2002.
</Description>
      </DescriptionGrp>
      <IntroductionGrp>
        <Indtroduction xml:lang="nn">NUS2000 inneheld, i tillegg til den sekssifra NUS-koden, også andre kodar knytte til utdanning. Kode for UH-gruppe er ei slik gruppering. Desse supplerer NUS2000-standarden, men har, med unntak av ISCED97, ikkje status som offisielle standardar i SSB. 
</Indtroduction>
        <Indtroduction xml:lang="nb">NUS2000 inneholder, i tillegg til den sekssifrede NUS-koden, også andre koder knyttet til utdanning. Kode for UH-gruppe er en slik gruppering. Disse supplerer NUS2000-standarden, men har, med unntak av ISCED97, ikke status som offisielle standarder i SSB.</Indtroduction>
        <Indtroduction xml:lang="en">In addition to the six digit NUS code, NUS2000 also consist of other codes concerning education. Code for tertiary classification is such a classification. These codes supplement the NUS2000 standard, but with exception from ISCED97, they do not have status as official standards in Statistics Norway.</Indtroduction>
      </IntroductionGrp>
      <ContactInformation>
        <Person xmlns="http://www.ssb.no/ns/meta/common">gki</Person>
        <Division xmlns="http://www.ssb.no/ns/meta/common">360</Division>
      </ContactInformation>
      <ExternalDocumentGrp>
        <ExternalDocument xml:lang="nn">NOS C 676   http://www.ssb.no/emner/04/90/nos_c617/nos_c676.pdf</ExternalDocument>
        <ExternalDocument xml:lang="nb">NOS C 617   http://www.ssb.no/emner/04/90/nos_c617/nos_c617.pdf</ExternalDocument>
        <ExternalDocument xml:lang="en">http://www.ssb.no/english/subjects/04/90/nos_c751_en/nos_c751_en.pdf</ExternalDocument>
      </ExternalDocumentGrp>
      <ChangesGrp>
        <Change xml:lang="nn">Ikkje relevant</Change>
        <Change xml:lang="nb">Ikke relevant</Change>
        <Change xml:lang="en">Not relevant</Change>
      </ChangesGrp>
      <DerivedFromGrp>
        <DerviedFrom xml:lang="nn">Ikkje relevant</DerviedFrom>
        <DerviedFrom xml:lang="nb">Ikke relevant</DerviedFrom>
        <DerviedFrom xml:lang="en">Not relevant</DerviedFrom>
      </DerivedFromGrp>
      <LegalBaseGrp>
        <LegalBase xml:lang="nn">Ikkje relevant</LegalBase>
        <LegalBase xml:lang="nb">Ikke relevant</LegalBase>
        <LegalBase xml:lang="en">Not relevant</LegalBase>
      </LegalBaseGrp>
      <Level levelNumber="1" id="urn:ssb:classlevel:stabas:4925557" codeStructure="99">
        <TitleGrp>
          <Title xml:lang="nn">Universitets- og høgskolegruppering (NUS 2007/2): UH-gruppering</Title>
          <Title xml:lang="nb">Universitets- og høgskolegruppering (NUS 2007/2): UH-gruppering</Title>
          <Title xml:lang="en">Tertiary classification (NUS 2007/2): Tertiary classification</Title>
        </TitleGrp>
        <CodelistReference>urn:ssb:codelist:stabas:4925557</CodelistReference>
        <Level levelNumber="2" id="urn:ssb:classlevel:stabas:4925559" codeStructure="999999">
          <TitleGrp>
            <Title xml:lang="nn">Universitets- og høgskolegruppering (NUS 2007/2): Utdanningskode</Title>
            <Title xml:lang="nb">Universitets- og høgskolegruppering (NUS 2007/2): Utdanningskode</Title>
            <Title xml:lang="en">Tertiary classification (NUS 2007/2): Education code</Title>
          </TitleGrp>
          <CodelistReference>urn:ssb:codelist:stabas:4925559</CodelistReference>
        </Level>
      </Level>
    </ClassificationVersion>
    <ClassificationVersion id="urn:ssb:classversion:stabas:4740147" isCurrentVersion="false" validFrom="2007-01-01" validTo="2007-06-30" isUnderConstruction="false" updatesPossible="false" disseminationAllowed="true" lastChangedDate="2011-01-25" showIntranet="true" showInternet="true">
      <TitleGrp>
        <Title xml:lang="nn">Universitets- og høgskolegruppering (NUS 2007/1)</Title>
        <Title xml:lang="nb">Universitets- og høgskolegruppering (NUS 2007/1)</Title>
        <Title xml:lang="en">Tertiary classification (NUS 2007/1)</Title>
      </TitleGrp>
      <DescriptionGrp>
        <Description xml:lang="nn">Universitets- og høgskolegrupperinga blir brukt for å gruppere utdanningar på nivå 6-8. Dette er ei skjematisk standardgruppering som framfor alt er tenkt som ei forenkling i samband med presentasjonen av offisiell utdanningsstatistikk. Gradnemningane bachelor, master og ph.d. vart teke i bruk i samband med Kvalitetsreformen innanfor høgare utdanning frå hausten 2002.</Description>
        <Description xml:lang="nb">Universitets- og høgskolegrupperingen brukes for å gruppere utdanninger på nivå 6-8. Dette er en grovere standardgruppering som først og fremst er tenkt som en forenkling i forbindelse med presentasjon av offisiell utdanningsstatistikk. Gradbenevnelsene bachelor, master og ph.d. ble innført i forbindelse med Kvalitetsreformen innen høyere utdanning fra høsten 2002. </Description>
        <Description xml:lang="en">The tertiary classification is used to classify level 6 to 8 programmes. This is a rough standard classification, which above all is meant to simplify the pres-entation of official education statistics. The degree titles bachelor, master and ph.d. were introduced in connection with the Quality  Reform in tertiary education autumn 2002.
</Description>
      </DescriptionGrp>
      <IntroductionGrp>
        <Indtroduction xml:lang="nn">NUS2000 inneheld, i tillegg til den sekssifra NUS-koden, også andre kodar knytte til utdanning. Kode for UH-gruppe er ei slik gruppering. Desse supplerer NUS2000-standarden, men har, med unntak av ISCED97, ikkje status som offisielle standardar i SSB. 
</Indtroduction>
        <Indtroduction xml:lang="nb">NUS2000 inneholder, i tillegg til den sekssifrede NUS-koden, også andre koder knyttet til utdanning. Kode for UH-gruppe er en slik gruppering. Disse supplerer NUS2000-standarden, men har, med unntak av ISCED97, ikke status som offisielle standarder i SSB.</Indtroduction>
        <Indtroduction xml:lang="en">In addition to the six digit NUS code, NUS2000 also consist of other codes concerning education. Code for tertiary classification is such a classification. These codes supplement the NUS2000 standard, but with exception from ISCED97, they do not have status as official standards in Statistics Norway.</Indtroduction>
      </IntroductionGrp>
      <ContactInformation>
        <Person xmlns="http://www.ssb.no/ns/meta/common">gki</Person>
        <Division xmlns="http://www.ssb.no/ns/meta/common">360</Division>
      </ContactInformation>
      <ExternalDocumentGrp>
        <ExternalDocument xml:lang="nn">NOS C 676   http://www.ssb.no/emner/04/90/nos_c617/nos_c676.pdf</ExternalDocument>
        <ExternalDocument xml:lang="nb">NOS C 617   http://www.ssb.no/emner/04/90/nos_c617/nos_c617.pdf</ExternalDocument>
        <ExternalDocument xml:lang="en">http://www.ssb.no/english/subjects/04/90/nos_c751_en/nos_c751_en.pdf</ExternalDocument>
      </ExternalDocumentGrp>
      <ChangesGrp>
        <Change xml:lang="nn">Ikkje relevant</Change>
        <Change xml:lang="nb">Ikke relevant</Change>
        <Change xml:lang="en">Not relevant</Change>
      </ChangesGrp>
      <DerivedFromGrp>
        <DerviedFrom xml:lang="nn">Ikkje relevant</DerviedFrom>
        <DerviedFrom xml:lang="nb">Ikke relevant</DerviedFrom>
        <DerviedFrom xml:lang="en">Not relevant</DerviedFrom>
      </DerivedFromGrp>
      <LegalBaseGrp>
        <LegalBase xml:lang="nn">Ikkje relevant</LegalBase>
        <LegalBase xml:lang="nb">Ikke relevant</LegalBase>
        <LegalBase xml:lang="en">Not relevant</LegalBase>
      </LegalBaseGrp>
      <Level levelNumber="1" id="urn:ssb:classlevel:stabas:4740149" codeStructure="99">
        <TitleGrp>
          <Title xml:lang="nn">Universitets- og høgskolegruppering (NUS 2007/1): UH-gruppering</Title>
          <Title xml:lang="nb">Universitets- og høgskolegruppering (NUS 2007/1): UH-gruppering</Title>
          <Title xml:lang="en">Tertiary classification (NUS 2007/1): Tertiary classification</Title>
        </TitleGrp>
        <CodelistReference>urn:ssb:codelist:stabas:4740149</CodelistReference>
        <Level levelNumber="2" id="urn:ssb:classlevel:stabas:4740151" codeStructure="999999">
          <TitleGrp>
            <Title xml:lang="nn">Universitets- og høgskolegruppering (NUS 2007/1): Utdanningskode</Title>
            <Title xml:lang="nb">Universitets- og høgskolegruppering (NUS 2007/1): Utdanningskode</Title>
            <Title xml:lang="en">Tertiary classification (NUS 2007/1): Education code</Title>
          </TitleGrp>
          <CodelistReference>urn:ssb:codelist:stabas:4740151</CodelistReference>
        </Level>
      </Level>
    </ClassificationVersion>
  </ClassificationVersions>
</Classification>