<?xml version="1.0" encoding="utf-8"?>
<Classification xmlns:xsi="http://www.w3.org/2001/XMLSchema-instance" xmlns:xsd="http://www.w3.org/2001/XMLSchema" id="urn:ssb:classification:stabas:4777940" currentVersionId="urn:ssb:classversion:stabas:8965728" xmlns="http://www.ssb.no/ns/meta/classification">
  <TitleGrp>
    <Title xml:lang="nn">Standard for fagskolepoeng (NUS)</Title>
    <Title xml:lang="nb">Standard for ISCED97 grad (NUS)</Title>
    <Title xml:lang="en">Classification for Post-secondary vocational credit points (NUS)</Title>
  </TitleGrp>
  <DescriptionGrp>
    <Description xml:lang="nb">ISCED97 er på samme måte som Norsk standard for utdanningsgruppering, bygget opp ved hjelp av nivå- og faginndeling. I tillegg har ISCED97 fire tilleggsdimensjoner (Destination, Orientation, National Degree Structure og Duration). Disse benyttes kun på enkelte nivåer. Standarden har følgende struktur:
1. siffer:	Level (nivå)
2. siffer:	Broad field (fagfelt)
3. siffer:	Narrow field (Fields of education) (utdanningsfelt)
4. siffer:	Detailed field (Fields of education and training) (fordypningsfelt)
Pos 5:	Destination (destinasjon)
Pos 6:	Orientation (orientering)
Pos 7:	Duration (varighet)
Pos 8:      National Degree Structure (grad)
For mer informasjon, se pkt. 4.1.6. i NOS C 617  (under publikasjoner).
</Description>
  </DescriptionGrp>
  <StatisticalUnitGrp>
    <StatisticalUnit xml:lang="nb">Utdanningsaktiviteter som har en formell skolemessig ramme, innrettet mot en systematisk formidling av kunnskap og ferdigheter, og som har en viss lengde.</StatisticalUnit>
  </StatisticalUnitGrp>
  <OwnerGrp>
    <Owner xml:lang="nn">Statistisk sentralbyrå (SSB)</Owner>
    <Owner xml:lang="nb">Statistisk sentralbyrå (SSB)</Owner>
    <Owner xml:lang="en">Statistics Norway</Owner>
  </OwnerGrp>
  <SubjectArea>04</SubjectArea>
  <ClassificationVersions>
    <ClassificationVersion id="urn:ssb:classversion:stabas:8965728" isCurrentVersion="true" validFrom="2014-01-01" validTo="2015-11-09" isUnderConstruction="false" updatesPossible="false" disseminationAllowed="true" lastChangedDate="2015-12-14" showIntranet="true" showInternet="true">
      <TitleGrp>
        <Title xml:lang="nn">ISCED97 grad (NUS 2014/1)</Title>
        <Title xml:lang="nb">ISCED97 grad (NUS 2014/1) ugyldig f.o.m. 9. nov 2015</Title>
        <Title xml:lang="en">ISCED97 National Degree Structure (NUS 2014/1)</Title>
      </TitleGrp>
      <DescriptionGrp>
        <Description xml:lang="nn">Versjon  2014_1 er ikkje lenger gyldig, for oppdatert versjon av Norsk standard for utdanningsgruppering sjå: http://www.ssb.no/utdanning/norsk-standard-for-utdanningsgruppering
ISCED97 er, som Norsk standard for utdanningsgruppering, oppbygd ved hjelp av nivå- og faginndeling. I tillegg har ISCED97 fire tilleggsdimensjonar (Destination, Orientation, National Degree Structure og Duration). Desse blir berre nytta på enkelte nivå. Standarden har denne strukturen:
1. siffer:	Level (nivå)
2. siffer:	Broad field (fagfelt)
3. siffer:	Narrow field (Fields of education) (utdanningsfelt)
4. siffer:	Detailed field (Fields of education and training) (fordjupingsfelt)
Pos 5:	Destination (destinasjon)
Pos 6:	Orientation (orientering)
Pos 7:	Duration (tidslengd)
Pos 8:      National Degree Structure (grad)</Description>
        <Description xml:lang="nb">Versjon  2014_1 er ikke lenger gyldig, for oppdatert versjon av Norsk standard for utdanningsgruppering se: http://www.ssb.no/utdanning/norsk-standard-for-utdanningsgruppering
ISCED97 er på samme måte som Norsk standard for utdanningsgruppering, bygget opp ved hjelp av nivå- og faginndeling. I tillegg har ISCED97 fire tilleggsdimensjoner (Destination, Orientation, National Degree Structure og Duration). Disse benyttes kun på enkelte nivåer. Standarden har følgende struktur:
1. siffer:	Level (nivå)
2. siffer:	Broad field (fagfelt)
3. siffer:	Narrow field (Fields of education) (utdanningsfelt)
4. siffer:	Detailed field (Fields of education and training) (fordypningsfelt)
Pos 5:	Destination (destinasjon)
Pos 6:	Orientation (orientering)
Pos 7:	Duration (varighet)
Pos 8:      National Degree Structure (grad)</Description>
        <Description xml:lang="en">NUS 2014/1 is available including 8 November 2015. The new version, applicable from 9 November 2015, is not available in Database for Standard Classifications.
The new version is available here: http://www.ssb.no/utdanning/norsk-standard-for-utdanningsgruppering
ISCED97 is organized according to level and field of education in the same way as the Norwegian Standard Classification of Education. In addition, ISCED97 has four complementary dimensions (Destination, Orientation, National degree structure and Duration). These are used only for certain levels of education. The classification has the following structure:
1st digit:	 Level
2nd digit:	 Broad field of education
3rd digit:	 Narrow field of education
4th digit:	 Detailed field of education
Position 5: Destination
Position 6: Orientation
Position 7: Duration
Position 8: National degree structure </Description>
      </DescriptionGrp>
      <IntroductionGrp>
        <Indtroduction xml:lang="nn">I tråd med internasjonale retningslinjer blir ISCED97 brukt som en offisiell standard i SSB. </Indtroduction>
        <Indtroduction xml:lang="nb">I tråd med internasjonale retningslinjer blir ISCED97 brukt som en offisiell standard i SSB.</Indtroduction>
        <Indtroduction xml:lang="en">According to international guidelines ISCED97 is used as an official standard in Statistics Norway.</Indtroduction>
      </IntroductionGrp>
      <ContactInformation>
        <Person xmlns="http://www.ssb.no/ns/meta/common">gki</Person>
        <Division xmlns="http://www.ssb.no/ns/meta/common">360</Division>
      </ContactInformation>
      <ExternalDocumentGrp>
        <ExternalDocument xml:lang="nn">http://www.ssb.no/utdanning/norsk-standard-for-utdanningsgruppering</ExternalDocument>
        <ExternalDocument xml:lang="nb">http://www.ssb.no/utdanning/norsk-standard-for-utdanningsgruppering</ExternalDocument>
        <ExternalDocument xml:lang="en">http://www.ssb.no/utdanning/norsk-standard-for-utdanningsgruppering</ExternalDocument>
      </ExternalDocumentGrp>
      <ChangesGrp>
        <Change xml:lang="nn">Ikkje relevant</Change>
        <Change xml:lang="nb">Ikke relevant</Change>
        <Change xml:lang="en">Not relevant</Change>
      </ChangesGrp>
      <DerivedFromGrp>
        <DerviedFrom xml:lang="nn">Ikkje relevant</DerviedFrom>
        <DerviedFrom xml:lang="nb">Ikke relevant</DerviedFrom>
        <DerviedFrom xml:lang="en">Not relevant</DerviedFrom>
      </DerivedFromGrp>
      <LegalBaseGrp>
        <LegalBase xml:lang="nn">1) 398 R 0577 Rådsforordning (EU) nr 577/98 av 9. mars 1998.  2) 32 000 R 1897 Kommisjonsforordning (EU) nr 1897/2000 av 7. september 2000.  3) 32 000 R 1575 Kommisjonsforordning (EU) nr 1575/2000 av 19. juli 2000. </LegalBase>
        <LegalBase xml:lang="nb">1) 398 R 0577 Rådsforordning (EU) nr 577/98 av 9. mars 1998.  2) 32 000 R 1897 Kommisjonsforordning (EU) nr 1897/2000 av 7. september 2000.  3) 32 000 R 1575 Kommisjonsforordning (EU) nr 1575/2000 av 19. juli 2000.</LegalBase>
        <LegalBase xml:lang="en">1) 398 R 0577 Council Regulation No 577/98 of 9 March 1998. 2) 32 000 R 1897 Commission Regulation No 1897/2000 of 7 September 2000. 3) 32 000 R 1575 Commission Regulation No 1575/2000 of 19 July 2000.</LegalBase>
      </LegalBaseGrp>
      <Level levelNumber="1" id="urn:ssb:classlevel:stabas:8965730" codeStructure="9">
        <TitleGrp>
          <Title xml:lang="nn">ISCED97 grad (NUS 2014/1): ISCED97 grad</Title>
          <Title xml:lang="nb">ISCED97 grad (NUS 2014/1) ugyldig f.o.m. 9. nov 2015: ISCED97 grad</Title>
          <Title xml:lang="en">ISCED97 National Degree Structure (NUS 2014/1): ISCED97 Grade</Title>
        </TitleGrp>
        <CodelistReference>urn:ssb:codelist:stabas:8965730</CodelistReference>
        <Level levelNumber="2" id="urn:ssb:classlevel:stabas:8965732" codeStructure="999999">
          <TitleGrp>
            <Title xml:lang="nn">ISCED97 grad (NUS 2014/1): Utdanningskode</Title>
            <Title xml:lang="nb">ISCED97 grad (NUS 2014/1) ugyldig f.o.m. 9. nov 2015: Utdanningskode</Title>
            <Title xml:lang="en">ISCED97 National Degree Structure (NUS 2014/1): Education code</Title>
          </TitleGrp>
          <CodelistReference>urn:ssb:codelist:stabas:8965732</CodelistReference>
        </Level>
      </Level>
    </ClassificationVersion>
    <ClassificationVersion id="urn:ssb:classversion:stabas:8817390" isCurrentVersion="false" validFrom="2013-07-01" validTo="2013-12-31" isUnderConstruction="false" updatesPossible="false" disseminationAllowed="true" lastChangedDate="2014-01-01" showIntranet="true" showInternet="true">
      <TitleGrp>
        <Title xml:lang="nn">ISCED97 grad (NUS 2013/2)</Title>
        <Title xml:lang="nb">ISCED97 grad (NUS 2013/2)</Title>
        <Title xml:lang="en">ISCED97 National Degree Structure (NUS 2013/2)</Title>
      </TitleGrp>
      <DescriptionGrp>
        <Description xml:lang="nn">ISCED97 er, som Norsk standard for utdanningsgruppering, oppbygd ved hjelp av nivå- og faginndeling. I tillegg har ISCED97 fire tilleggsdimensjonar (Destination, Orientation, National Degree Structure og Duration). Desse blir berre nytta på enkelte nivå. Standarden har denne strukturen:
1. siffer:	Level (nivå)
2. siffer:	Broad field (fagfelt)
3. siffer:	Narrow field (Fields of education) (utdanningsfelt)
4. siffer:	Detailed field (Fields of education and training) (fordjupingsfelt)
Pos 5:	Destination (destinasjon)
Pos 6:	Orientation (orientering)
Pos 7:	Duration (tidslengd)
Pos 8:      National Degree Structure (grad)
For meir informasjon, sjå pkt. 4.1.6. i NOS C 676  (under publikasjonar).</Description>
        <Description xml:lang="nb">ISCED97 er på samme måte som Norsk standard for utdanningsgruppering, bygget opp ved hjelp av nivå- og faginndeling. I tillegg har ISCED97 fire tilleggsdimensjoner (Destination, Orientation, National Degree Structure og Duration). Disse benyttes kun på enkelte nivåer. Standarden har følgende struktur:
1. siffer:	Level (nivå)
2. siffer:	Broad field (fagfelt)
3. siffer:	Narrow field (Fields of education) (utdanningsfelt)
4. siffer:	Detailed field (Fields of education and training) (fordypningsfelt)
Pos 5:	Destination (destinasjon)
Pos 6:	Orientation (orientering)
Pos 7:	Duration (varighet)
Pos 8:      National Degree Structure (grad)
For mer informasjon, se pkt. 4.1.6. i NOS C 617  (under publikasjoner).</Description>
        <Description xml:lang="en">ISCED97 is organized according to level and field of education in the same way as the Norwegian Standard Classification of Education. In addition, ISCED97 has four complementary dimensions (Destination, Orientation, National degree structure and Duration). These are used only for certain levels of education. The classification has the following structure:
1st digit:	 Level
2nd digit:	 Broad field of education
3rd digit:	 Narrow field of education
4th digit:	 Detailed field of education
Position 5: Destination
Position 6: Orientation
Position 7: Duration
Position 8: National degree structure 
For more information, see 4.1.6. in NOS C 751 (under publications).</Description>
      </DescriptionGrp>
      <IntroductionGrp>
        <Indtroduction xml:lang="nn">I tråd med internasjonale retningslinjer blir ISCED97 brukt som en offisiell standard i SSB. </Indtroduction>
        <Indtroduction xml:lang="nb">I tråd med internasjonale retningslinjer blir ISCED97 brukt som en offisiell standard i SSB.</Indtroduction>
        <Indtroduction xml:lang="en">According to international guidelines ISCED97 is used as an official standard in Statistics Norway.</Indtroduction>
      </IntroductionGrp>
      <ContactInformation>
        <Person xmlns="http://www.ssb.no/ns/meta/common">gki</Person>
        <Division xmlns="http://www.ssb.no/ns/meta/common">360</Division>
      </ContactInformation>
      <ExternalDocumentGrp>
        <ExternalDocument xml:lang="nn">NOS C 676   http://www.ssb.no/emner/04/90/nos_c617/nos_c676.pdf</ExternalDocument>
        <ExternalDocument xml:lang="nb">NOS C 617   http://www.ssb.no/emner/04/90/nos_c617/nos_c617.pdf</ExternalDocument>
        <ExternalDocument xml:lang="en">http://www.ssb.no/english/subjects/04/90/nos_c751_en/nos_c751_en.pdf</ExternalDocument>
      </ExternalDocumentGrp>
      <ChangesGrp>
        <Change xml:lang="nn">Ikkje relevant</Change>
        <Change xml:lang="nb">Ikke relevant</Change>
        <Change xml:lang="en">Not relevant</Change>
      </ChangesGrp>
      <DerivedFromGrp>
        <DerviedFrom xml:lang="nn">Ikkje relevant</DerviedFrom>
        <DerviedFrom xml:lang="nb">Ikke relevant</DerviedFrom>
        <DerviedFrom xml:lang="en">Not relevant</DerviedFrom>
      </DerivedFromGrp>
      <LegalBaseGrp>
        <LegalBase xml:lang="nn">1) 398 R 0577 Rådsforordning (EU) nr 577/98 av 9. mars 1998.  2) 32 000 R 1897 Kommisjonsforordning (EU) nr 1897/2000 av 7. september 2000.  3) 32 000 R 1575 Kommisjonsforordning (EU) nr 1575/2000 av 19. juli 2000.   </LegalBase>
        <LegalBase xml:lang="nb">1) 398 R 0577 Rådsforordning (EU) nr 577/98 av 9. mars 1998.  2) 32 000 R 1897 Kommisjonsforordning (EU) nr 1897/2000 av 7. september 2000.  3) 32 000 R 1575 Kommisjonsforordning (EU) nr 1575/2000 av 19. juli 2000.</LegalBase>
        <LegalBase xml:lang="en">1) 398 R 0577 Council Regulation No 577/98 of 9 March 1998. 2) 32 000 R 1897 Commission Regulation No 1897/2000 of 7 September 2000. 3) 32 000 R 1575 Commission Regulation No 1575/2000 of 19 July 2000.</LegalBase>
      </LegalBaseGrp>
      <Level levelNumber="1" id="urn:ssb:classlevel:stabas:8817392" codeStructure="9">
        <TitleGrp>
          <Title xml:lang="nn">ISCED97 grad (NUS 2013/2): ISCED97 grad</Title>
          <Title xml:lang="nb">ISCED97 grad (NUS 2013/2): ISCED97 grad</Title>
          <Title xml:lang="en">ISCED97 National Degree Structure (NUS 2013/2): ISCED97 Grade</Title>
        </TitleGrp>
        <CodelistReference>urn:ssb:codelist:stabas:8817392</CodelistReference>
        <Level levelNumber="2" id="urn:ssb:classlevel:stabas:8817394" codeStructure="999999">
          <TitleGrp>
            <Title xml:lang="nn">ISCED97 grad (NUS 2013/2): Utdanningskode</Title>
            <Title xml:lang="nb">ISCED97 grad (NUS 2013/2): Utdanningskode</Title>
            <Title xml:lang="en">ISCED97 National Degree Structure (NUS 2013/2): Education code</Title>
          </TitleGrp>
          <CodelistReference>urn:ssb:codelist:stabas:8817394</CodelistReference>
        </Level>
      </Level>
    </ClassificationVersion>
    <ClassificationVersion id="urn:ssb:classversion:stabas:8587697" isCurrentVersion="false" validFrom="2013-01-01" validTo="2013-06-30" isUnderConstruction="false" updatesPossible="false" disseminationAllowed="true" lastChangedDate="2013-07-01" showIntranet="true" showInternet="true">
      <TitleGrp>
        <Title xml:lang="nn">ISCED97 grad (NUS 2013/1)</Title>
        <Title xml:lang="nb">ISCED97 grad (NUS 2013/1)</Title>
        <Title xml:lang="en">ISCED97 National Degree Structure (NUS 2013/1)</Title>
      </TitleGrp>
      <DescriptionGrp>
        <Description xml:lang="nn">ISCED97 er, som Norsk standard for utdanningsgruppering, oppbygd ved hjelp av nivå- og faginndeling. I tillegg har ISCED97 fire tilleggsdimensjonar (Destination, Orientation, National Degree Structure og Duration). Desse blir berre nytta på enkelte nivå. Standarden har denne strukturen:
1. siffer:	Level (nivå)
2. siffer:	Broad field (fagfelt)
3. siffer:	Narrow field (Fields of education) (utdanningsfelt)
4. siffer:	Detailed field (Fields of education and training) (fordjupingsfelt)
Pos 5:	Destination (destinasjon)
Pos 6:	Orientation (orientering)
Pos 7:	Duration (tidslengd)
Pos 8:      National Degree Structure (grad)
For meir informasjon, sjå pkt. 4.1.6. i NOS C 676  (under publikasjonar).</Description>
        <Description xml:lang="nb">ISCED97 er på samme måte som Norsk standard for utdanningsgruppering, bygget opp ved hjelp av nivå- og faginndeling. I tillegg har ISCED97 fire tilleggsdimensjoner (Destination, Orientation, National Degree Structure og Duration). Disse benyttes kun på enkelte nivåer. Standarden har følgende struktur:
1. siffer:	Level (nivå)
2. siffer:	Broad field (fagfelt)
3. siffer:	Narrow field (Fields of education) (utdanningsfelt)
4. siffer:	Detailed field (Fields of education and training) (fordypningsfelt)
Pos 5:	Destination (destinasjon)
Pos 6:	Orientation (orientering)
Pos 7:	Duration (varighet)
Pos 8:      National Degree Structure (grad)
For mer informasjon, se pkt. 4.1.6. i NOS C 617  (under publikasjoner).</Description>
        <Description xml:lang="en">ISCED97 is organized according to level and field of education in the same way as the Norwegian Standard Classification of Education. In addition, ISCED97 has four complementary dimensions (Destination, Orientation, National degree structure and Duration). These are used only for certain levels of education. The classification has the following structure:
1st digit:	 Level
2nd digit:	 Broad field of education
3rd digit:	 Narrow field of education
4th digit:	 Detailed field of education
Position 5: Destination
Position 6: Orientation
Position 7: Duration
Position 8: National degree structure 
For more information, see 4.1.6. in NOS C 751 (under publications).</Description>
      </DescriptionGrp>
      <IntroductionGrp>
        <Indtroduction xml:lang="nn">I tråd med internasjonale retningslinjer blir ISCED97 brukt som en offisiell standard i SSB. </Indtroduction>
        <Indtroduction xml:lang="nb">I tråd med internasjonale retningslinjer blir ISCED97 brukt som en offisiell standard i SSB.</Indtroduction>
        <Indtroduction xml:lang="en">According to international guidelines ISCED97 is used as an official standard in Statistics Norway.</Indtroduction>
      </IntroductionGrp>
      <ContactInformation>
        <Person xmlns="http://www.ssb.no/ns/meta/common">gki</Person>
        <Division xmlns="http://www.ssb.no/ns/meta/common">360</Division>
      </ContactInformation>
      <ExternalDocumentGrp>
        <ExternalDocument xml:lang="nn">NOS C 676   http://www.ssb.no/emner/04/90/nos_c617/nos_c676.pdf</ExternalDocument>
        <ExternalDocument xml:lang="nb">NOS C 617   http://www.ssb.no/emner/04/90/nos_c617/nos_c617.pdf</ExternalDocument>
        <ExternalDocument xml:lang="en">http://www.ssb.no/english/subjects/04/90/nos_c751_en/nos_c751_en.pdf</ExternalDocument>
      </ExternalDocumentGrp>
      <ChangesGrp>
        <Change xml:lang="nn">Ikkje relevant</Change>
        <Change xml:lang="nb">Ikke relevant</Change>
        <Change xml:lang="en">Not relevant</Change>
      </ChangesGrp>
      <DerivedFromGrp>
        <DerviedFrom xml:lang="nn">Ikkje relevant</DerviedFrom>
        <DerviedFrom xml:lang="nb">Ikke relevant</DerviedFrom>
        <DerviedFrom xml:lang="en">Not relevant</DerviedFrom>
      </DerivedFromGrp>
      <LegalBaseGrp>
        <LegalBase xml:lang="nn">1) 398 R 0577 Rådsforordning (EU) nr 577/98 av 9. mars 1998.  2) 32 000 R 1897 Kommisjonsforordning (EU) nr 1897/2000 av 7. september 2000.  3) 32 000 R 1575 Kommisjonsforordning (EU) nr 1575/2000 av 19. juli 2000. </LegalBase>
        <LegalBase xml:lang="nb">1) 398 R 0577 Rådsforordning (EU) nr 577/98 av 9. mars 1998.  2) 32 000 R 1897 Kommisjonsforordning (EU) nr 1897/2000 av 7. september 2000.  3) 32 000 R 1575 Kommisjonsforordning (EU) nr 1575/2000 av 19. juli 2000.</LegalBase>
        <LegalBase xml:lang="en">1) 398 R 0577 Council Regulation No 577/98 of 9 March 1998. 2) 32 000 R 1897 Commission Regulation No 1897/2000 of 7 September 2000. 3) 32 000 R 1575 Commission Regulation No 1575/2000 of 19 July 2000.</LegalBase>
      </LegalBaseGrp>
      <Level levelNumber="1" id="urn:ssb:classlevel:stabas:8587699" codeStructure="9">
        <TitleGrp>
          <Title xml:lang="nn">ISCED97 grad (NUS 2013/1): ISCED97 grad</Title>
          <Title xml:lang="nb">ISCED97 grad (NUS 2013/1): ISCED97 grad</Title>
          <Title xml:lang="en">ISCED97 National Degree Structure (NUS 2013/1): ISCED97 Grade</Title>
        </TitleGrp>
        <CodelistReference>urn:ssb:codelist:stabas:8587699</CodelistReference>
        <Level levelNumber="2" id="urn:ssb:classlevel:stabas:8587701" codeStructure="999999">
          <TitleGrp>
            <Title xml:lang="nn">ISCED97 grad (NUS 2013/1): Utdanningskode</Title>
            <Title xml:lang="nb">ISCED97 grad (NUS 2013/1): Utdanningskode</Title>
            <Title xml:lang="en">ISCED97 National Degree Structure (NUS 2013/1): Education code</Title>
          </TitleGrp>
          <CodelistReference>urn:ssb:codelist:stabas:8587701</CodelistReference>
        </Level>
      </Level>
    </ClassificationVersion>
    <ClassificationVersion id="urn:ssb:classversion:stabas:8462048" isCurrentVersion="false" validFrom="2012-07-01" validTo="2012-12-31" isUnderConstruction="false" updatesPossible="false" disseminationAllowed="true" lastChangedDate="2013-01-09" showIntranet="true" showInternet="true">
      <TitleGrp>
        <Title xml:lang="nn">ISCED97 grad (NUS 2012/2)</Title>
        <Title xml:lang="nb">ISCED97 grad (NUS 2012/2)</Title>
        <Title xml:lang="en">ISCED97 National Degree Structure (NUS 2012/2)</Title>
      </TitleGrp>
      <DescriptionGrp>
        <Description xml:lang="nn">ISCED97 er, som Norsk standard for utdanningsgruppering, oppbygd ved hjelp av nivå- og faginndeling. I tillegg har ISCED97 fire tilleggsdimensjonar (Destination, Orientation, National Degree Structure og Duration). Desse blir berre nytta på enkelte nivå. Standarden har denne strukturen:
1. siffer:	Level (nivå)
2. siffer:	Broad field (fagfelt)
3. siffer:	Narrow field (Fields of education) (utdanningsfelt)
4. siffer:	Detailed field (Fields of education and training) (fordjupingsfelt)
Pos 5:	Destination (destinasjon)
Pos 6:	Orientation (orientering)
Pos 7:	Duration (tidslengd)
Pos 8:      National Degree Structure (grad)
For meir informasjon, sjå pkt. 4.1.6. i NOS C 676  (under publikasjonar).</Description>
        <Description xml:lang="nb">ISCED97 er på samme måte som Norsk standard for utdanningsgruppering, bygget opp ved hjelp av nivå- og faginndeling. I tillegg har ISCED97 fire tilleggsdimensjoner (Destination, Orientation, National Degree Structure og Duration). Disse benyttes kun på enkelte nivåer. Standarden har følgende struktur:
1. siffer:	Level (nivå)
2. siffer:	Broad field (fagfelt)
3. siffer:	Narrow field (Fields of education) (utdanningsfelt)
4. siffer:	Detailed field (Fields of education and training) (fordypningsfelt)
Pos 5:	Destination (destinasjon)
Pos 6:	Orientation (orientering)
Pos 7:	Duration (varighet)
Pos 8:      National Degree Structure (grad)
For mer informasjon, se pkt. 4.1.6. i NOS C 617  (under publikasjoner).</Description>
        <Description xml:lang="en">ISCED97 is organized according to level and field of education in the same way as the Norwegian Standard Classification of Education. In addition, ISCED97 has four complementary dimensions (Destination, Orientation, National degree structure and Duration). These are used only for certain levels of education. The classification has the following structure:
1st digit:	 Level
2nd digit:	 Broad field of education
3rd digit:	 Narrow field of education
4th digit:	 Detailed field of education
Position 5: Destination
Position 6: Orientation
Position 7: Duration
Position 8: National degree structure 
For more information, see 4.1.6. in NOS C 751 (under publications).</Description>
      </DescriptionGrp>
      <IntroductionGrp>
        <Indtroduction xml:lang="nn">I tråd med internasjonale retningslinjer blir ISCED97 brukt som en offisiell standard i SSB. </Indtroduction>
        <Indtroduction xml:lang="nb">I tråd med internasjonale retningslinjer blir ISCED97 brukt som en offisiell standard i SSB.</Indtroduction>
        <Indtroduction xml:lang="en">According to international guidelines ISCED97 is used as an official standard in Statistics Norway.</Indtroduction>
      </IntroductionGrp>
      <ContactInformation>
        <Person xmlns="http://www.ssb.no/ns/meta/common">gki</Person>
        <Division xmlns="http://www.ssb.no/ns/meta/common">360</Division>
      </ContactInformation>
      <ExternalDocumentGrp>
        <ExternalDocument xml:lang="nn">NOS C 676   http://www.ssb.no/emner/04/90/nos_c617/nos_c676.pdf</ExternalDocument>
        <ExternalDocument xml:lang="nb">NOS C 617   http://www.ssb.no/emner/04/90/nos_c617/nos_c617.pdf</ExternalDocument>
        <ExternalDocument xml:lang="en">http://www.ssb.no/english/subjects/04/90/nos_c751_en/nos_c751_en.pdf</ExternalDocument>
      </ExternalDocumentGrp>
      <ChangesGrp>
        <Change xml:lang="nn">Ikkje relevant</Change>
        <Change xml:lang="nb">Ikke relevant</Change>
        <Change xml:lang="en">Not relevant</Change>
      </ChangesGrp>
      <DerivedFromGrp>
        <DerviedFrom xml:lang="nn">Ikkje relevant</DerviedFrom>
        <DerviedFrom xml:lang="nb">Ikke relevant</DerviedFrom>
        <DerviedFrom xml:lang="en">Not relevant</DerviedFrom>
      </DerivedFromGrp>
      <LegalBaseGrp>
        <LegalBase xml:lang="nn">1) 398 R 0577 Rådsforordning (EU) nr 577/98 av 9. mars 1998.  2) 32 000 R 1897 Kommisjonsforordning (EU) nr 1897/2000 av 7. september 2000.  3) 32 000 R 1575 Kommisjonsforordning (EU) nr 1575/2000 av 19. juli 2000. </LegalBase>
        <LegalBase xml:lang="nb">1) 398 R 0577 Rådsforordning (EU) nr 577/98 av 9. mars 1998.  2) 32 000 R 1897 Kommisjonsforordning (EU) nr 1897/2000 av 7. september 2000.  3) 32 000 R 1575 Kommisjonsforordning (EU) nr 1575/2000 av 19. juli 2000</LegalBase>
        <LegalBase xml:lang="en">1) 398 R 0577 Council Regulation No 577/98 of 9 March 1998. 2) 32 000 R 1897 Commission Regulation No 1897/2000 of 7 September 2000. 3) 32 000 R 1575 Commission Regulation No 1575/2000 of 19 July 2000.</LegalBase>
      </LegalBaseGrp>
      <Level levelNumber="1" id="urn:ssb:classlevel:stabas:8462050" codeStructure="9">
        <TitleGrp>
          <Title xml:lang="nn">ISCED97 grad (NUS 2012/2): ISCED97 grad</Title>
          <Title xml:lang="nb">ISCED97 grad (NUS 2012/2): ISCED97 grad</Title>
          <Title xml:lang="en">ISCED97 National Degree Structure (NUS 2012/2): ISCED97 Grade</Title>
        </TitleGrp>
        <CodelistReference>urn:ssb:codelist:stabas:8462050</CodelistReference>
        <Level levelNumber="2" id="urn:ssb:classlevel:stabas:8462052" codeStructure="999999">
          <TitleGrp>
            <Title xml:lang="nn">ISCED97 grad (NUS 2012/2): Utdanningskode</Title>
            <Title xml:lang="nb">ISCED97 grad (NUS 2012/2): Utdanningskode</Title>
            <Title xml:lang="en">ISCED97 National Degree Structure (NUS 2012/2): Education code</Title>
          </TitleGrp>
          <CodelistReference>urn:ssb:codelist:stabas:8462052</CodelistReference>
        </Level>
      </Level>
    </ClassificationVersion>
    <ClassificationVersion id="urn:ssb:classversion:stabas:8195449" isCurrentVersion="false" validFrom="2012-01-01" validTo="2012-06-30" isUnderConstruction="false" updatesPossible="false" disseminationAllowed="true" lastChangedDate="2012-07-31" showIntranet="true" showInternet="true">
      <TitleGrp>
        <Title xml:lang="nn">ISCED97 grad (NUS 2012/1)</Title>
        <Title xml:lang="nb">ISCED97 grad (NUS 2012/1)</Title>
        <Title xml:lang="en">ISCED97 National Degree Structure (NUS 2012/1)</Title>
      </TitleGrp>
      <DescriptionGrp>
        <Description xml:lang="nn">ISCED97 er, som Norsk standard for utdanningsgruppering, oppbygd ved hjelp av nivå- og faginndeling. I tillegg har ISCED97 fire tilleggsdimensjonar (Destination, Orientation, National Degree Structure og Duration). Desse blir berre nytta på enkelte nivå. Standarden har denne strukturen:
1. siffer:	Level (nivå)
2. siffer:	Broad field (fagfelt)
3. siffer:	Narrow field (Fields of education) (utdanningsfelt)
4. siffer:	Detailed field (Fields of education and training) (fordjupingsfelt)
Pos 5:	Destination (destinasjon)
Pos 6:	Orientation (orientering)
Pos 7:	Duration (tidslengd)
Pos 8:      National Degree Structure (grad)
For meir informasjon, sjå pkt. 4.1.6. i NOS C 676  (under publikasjonar).</Description>
        <Description xml:lang="nb">ISCED97 er på samme måte som Norsk standard for utdanningsgruppering, bygget opp ved hjelp av nivå- og faginndeling. I tillegg har ISCED97 fire tilleggsdimensjoner (Destination, Orientation, National Degree Structure og Duration). Disse benyttes kun på enkelte nivåer. Standarden har følgende struktur:
1. siffer:	Level (nivå)
2. siffer:	Broad field (fagfelt)
3. siffer:	Narrow field (Fields of education) (utdanningsfelt)
4. siffer:	Detailed field (Fields of education and training) (fordypningsfelt)
Pos 5:	Destination (destinasjon)
Pos 6:	Orientation (orientering)
Pos 7:	Duration (varighet)
Pos 8:      National Degree Structure (grad)
For mer informasjon, se pkt. 4.1.6. i NOS C 617  (under publikasjoner).</Description>
        <Description xml:lang="en">ISCED97 is organized according to level and field of education in the same way as the Norwegian Standard Classification of Education. In addition, ISCED97 has four complementary dimensions (Destination, Orientation, National degree structure and Duration). These are used only for certain levels of education. The classification has the following structure:
1st digit:	 Level
2nd digit:	 Broad field of education
3rd digit:	 Narrow field of education
4th digit:	 Detailed field of education
Position 5: Destination
Position 6: Orientation
Position 7: Duration
Position 8: National degree structure 
For more information, see 4.1.6. in NOS C 751 (under publications).</Description>
      </DescriptionGrp>
      <IntroductionGrp>
        <Indtroduction xml:lang="nn">I tråd med internasjonale retningslinjer blir ISCED97 brukt som en offisiell standard i SSB. </Indtroduction>
        <Indtroduction xml:lang="nb">I tråd med internasjonale retningslinjer blir ISCED97 brukt som en offisiell standard i SSB.</Indtroduction>
        <Indtroduction xml:lang="en">According to international guidelines ISCED97 is used as an official standard in Statistics Norway.</Indtroduction>
      </IntroductionGrp>
      <ContactInformation>
        <Person xmlns="http://www.ssb.no/ns/meta/common">gki</Person>
        <Division xmlns="http://www.ssb.no/ns/meta/common">360</Division>
      </ContactInformation>
      <ExternalDocumentGrp>
        <ExternalDocument xml:lang="nn">NOS C 676   http://www.ssb.no/emner/04/90/nos_c617/nos_c676.pdf</ExternalDocument>
        <ExternalDocument xml:lang="nb">NOS C 617   http://www.ssb.no/emner/04/90/nos_c617/nos_c617.pdf</ExternalDocument>
        <ExternalDocument xml:lang="en">http://www.ssb.no/english/subjects/04/90/nos_c751_en/nos_c751_en.pdf</ExternalDocument>
      </ExternalDocumentGrp>
      <ChangesGrp>
        <Change xml:lang="nn">Ikkje relevant</Change>
        <Change xml:lang="nb">Ikke relevant</Change>
        <Change xml:lang="en">Not  relevant</Change>
      </ChangesGrp>
      <DerivedFromGrp>
        <DerviedFrom xml:lang="nn">Ikkje relevant</DerviedFrom>
        <DerviedFrom xml:lang="nb">Ikke relevant</DerviedFrom>
        <DerviedFrom xml:lang="en">Not  relevant</DerviedFrom>
      </DerivedFromGrp>
      <LegalBaseGrp>
        <LegalBase xml:lang="nn">1) 398 R 0577 Rådsforordning (EU) nr 577/98 av 9. mars 1998.  2) 32 000 R 1897 Kommisjonsforordning (EU) nr 1897/2000 av 7. september 2000.  3) 32 000 R 1575 Kommisjonsforordning (EU) nr 1575/2000 av 19. juli 2000. </LegalBase>
        <LegalBase xml:lang="nb">1) 398 R 0577 Rådsforordning (EU) nr 577/98 av 9. mars 1998.  2) 32 000 R 1897 Kommisjonsforordning (EU) nr 1897/2000 av 7. september 2000.  3) 32 000 R 1575 Kommisjonsforordning (EU) nr 1575/2000 av 19. juli 2000</LegalBase>
        <LegalBase xml:lang="en">1) 398 R 0577 Council Regulation No 577/98 of 9 March 1998. 2) 32 000 R 1897 Commission Regulation No 1897/2000 of 7 September 2000. 3) 32 000 R 1575 Commission Regulation No 1575/2000 of 19 July 2000.</LegalBase>
      </LegalBaseGrp>
      <Level levelNumber="1" id="urn:ssb:classlevel:stabas:8195451" codeStructure="9">
        <TitleGrp>
          <Title xml:lang="nn">ISCED97 grad (NUS 2012/1): ISCED97 grad</Title>
          <Title xml:lang="nb">ISCED97 grad (NUS 2012/1): ISCED97 grad</Title>
          <Title xml:lang="en">ISCED97 National Degree Structure (NUS 2012/1): ISCED97 Grade</Title>
        </TitleGrp>
        <CodelistReference>urn:ssb:codelist:stabas:8195451</CodelistReference>
        <Level levelNumber="2" id="urn:ssb:classlevel:stabas:8195453" codeStructure="999999">
          <TitleGrp>
            <Title xml:lang="nn">ISCED97 grad (NUS 2012/1): Utdanningskode</Title>
            <Title xml:lang="nb">ISCED97 grad (NUS 2012/1): Utdanningskode</Title>
            <Title xml:lang="en">ISCED97 National Degree Structure (NUS 2012/1): Education code</Title>
          </TitleGrp>
          <CodelistReference>urn:ssb:codelist:stabas:8195453</CodelistReference>
        </Level>
      </Level>
    </ClassificationVersion>
    <ClassificationVersion id="urn:ssb:classversion:stabas:8070870" isCurrentVersion="false" validFrom="2011-07-01" validTo="2011-12-31" isUnderConstruction="false" updatesPossible="false" disseminationAllowed="true" lastChangedDate="2012-01-04" showIntranet="true" showInternet="true">
      <TitleGrp>
        <Title xml:lang="nn">ISCED97 grad (NUS 2011/2)</Title>
        <Title xml:lang="nb">ISCED97 grad (NUS 2011/2)</Title>
        <Title xml:lang="en">ISCED97 National Degree Structure (NUS 2011/2)</Title>
      </TitleGrp>
      <DescriptionGrp>
        <Description xml:lang="nn">ISCED97 er, som Norsk standard for utdanningsgruppering, oppbygd ved hjelp av nivå- og faginndeling. I tillegg har ISCED97 fire tilleggsdimensjonar (Destination, Orientation, National Degree Structure og Duration). Desse blir berre nytta på enkelte nivå. Standarden har denne strukturen:
1. siffer:	Level (nivå)
2. siffer:	Broad field (fagfelt)
3. siffer:	Narrow field (Fields of education) (utdanningsfelt)
4. siffer:	Detailed field (Fields of education and training) (fordjupingsfelt)
Pos 5:	Destination (destinasjon)
Pos 6:	Orientation (orientering)
Pos 7:	Duration (tidslengd)
Pos 8:      National Degree Structure (grad)
For meir informasjon, sjå pkt. 4.1.6. i NOS C 676  (under publikasjonar).</Description>
        <Description xml:lang="nb">ISCED97 er på samme måte som Norsk standard for utdanningsgruppering, bygget opp ved hjelp av nivå- og faginndeling. I tillegg har ISCED97 fire tilleggsdimensjoner (Destination, Orientation, National Degree Structure og Duration). Disse benyttes kun på enkelte nivåer. Standarden har følgende struktur:
1. siffer:	Level (nivå)
2. siffer:	Broad field (fagfelt)
3. siffer:	Narrow field (Fields of education) (utdanningsfelt)
4. siffer:	Detailed field (Fields of education and training) (fordypningsfelt)
Pos 5:	Destination (destinasjon)
Pos 6:	Orientation (orientering)
Pos 7:	Duration (varighet)
Pos 8:      National Degree Structure (grad)
For mer informasjon, se pkt. 4.1.6. i NOS C 617  (under publikasjoner).
</Description>
        <Description xml:lang="en">ISCED97 is organized according to level and field of education in the same way as the Norwegian Standard Classification of Education. In addition, ISCED97 has four complementary dimensions (Destination, Orientation, National degree structure and Duration). These are used only for certain levels of education. The classification has the following structure:
1st digit:	 Level
2nd digit:	 Broad field of education
3rd digit:	 Narrow field of education
4th digit:	 Detailed field of education
Position 5: Destination
Position 6: Orientation
Position 7: Duration
Position 8: National degree structure 
For more information, see 4.1.6. in NOS C 751 (under publications).</Description>
      </DescriptionGrp>
      <IntroductionGrp>
        <Indtroduction xml:lang="nn">I tråd med internasjonale retningslinjer blir ISCED97 brukt som en offisiell standard i SSB. </Indtroduction>
        <Indtroduction xml:lang="nb">I tråd med internasjonale retningslinjer blir ISCED97 brukt som en offisiell standard i SSB.</Indtroduction>
        <Indtroduction xml:lang="en">According to international guidelines ISCED97 is used as an official standard in Statistics Norway.</Indtroduction>
      </IntroductionGrp>
      <ContactInformation>
        <Person xmlns="http://www.ssb.no/ns/meta/common">gki</Person>
        <Division xmlns="http://www.ssb.no/ns/meta/common">360</Division>
      </ContactInformation>
      <ExternalDocumentGrp>
        <ExternalDocument xml:lang="nn">NOS C 676   http://www.ssb.no/emner/04/90/nos_c617/nos_c676.pdf</ExternalDocument>
        <ExternalDocument xml:lang="nb">NOS C 617   http://www.ssb.no/emner/04/90/nos_c617/nos_c617.pdf</ExternalDocument>
        <ExternalDocument xml:lang="en">http://www.ssb.no/english/subjects/04/90/nos_c751_en/nos_c751_en.pdf</ExternalDocument>
      </ExternalDocumentGrp>
      <ChangesGrp>
        <Change xml:lang="nn">Ikkje relevant</Change>
        <Change xml:lang="nb">Ikke relevant</Change>
        <Change xml:lang="en">Not relevant</Change>
      </ChangesGrp>
      <DerivedFromGrp>
        <DerviedFrom xml:lang="nn">Ikkje relevant</DerviedFrom>
        <DerviedFrom xml:lang="nb">Ikke relevant</DerviedFrom>
        <DerviedFrom xml:lang="en">Not relevant</DerviedFrom>
      </DerivedFromGrp>
      <LegalBaseGrp>
        <LegalBase xml:lang="nn">1) 398 R 0577 Rådsforordning (EU) nr 577/98 av 9. mars 1998.  2) 32 000 R 1897 Kommisjonsforordning (EU) nr 1897/2000 av 7. september 2000.  3) 32 000 R 1575 Kommisjonsforordning (EU) nr 1575/2000 av 19. juli 2000.</LegalBase>
        <LegalBase xml:lang="nb">1) 398 R 0577 Rådsforordning (EU) nr 577/98 av 9. mars 1998.  2) 32 000 R 1897 Kommisjonsforordning (EU) nr 1897/2000 av 7. september 2000.  3) 32 000 R 1575 Kommisjonsforordning (EU) nr 1575/2000 av 19. juli 2000</LegalBase>
        <LegalBase xml:lang="en">1) 398 R 0577 Council Regulation No 577/98 of 9 March 1998. 2) 32 000 R 1897 Commission Regulation No 1897/2000 of 7 September 2000. 3) 32 000 R 1575 Commission Regulation No 1575/2000 of 19 July 2000.</LegalBase>
      </LegalBaseGrp>
      <Level levelNumber="1" id="urn:ssb:classlevel:stabas:8070872" codeStructure="9">
        <TitleGrp>
          <Title xml:lang="nn">ISCED97 grad (NUS 2011/2): ISCED97 grad</Title>
          <Title xml:lang="nb">ISCED97 grad (NUS 2011/2): ISCED97 grad</Title>
          <Title xml:lang="en">ISCED97 National Degree Structure (NUS 2011/2): ISCED97 Grade</Title>
        </TitleGrp>
        <CodelistReference>urn:ssb:codelist:stabas:8070872</CodelistReference>
        <Level levelNumber="2" id="urn:ssb:classlevel:stabas:8070874" codeStructure="999999">
          <TitleGrp>
            <Title xml:lang="nn">ISCED97 grad (NUS 2011/2): Utdanningskode</Title>
            <Title xml:lang="nb">ISCED97 grad (NUS 2011/2): Utdanningskode</Title>
            <Title xml:lang="en">ISCED97 National Degree Structure (NUS 2011/2): Education code</Title>
          </TitleGrp>
          <CodelistReference>urn:ssb:codelist:stabas:8070874</CodelistReference>
        </Level>
      </Level>
    </ClassificationVersion>
    <ClassificationVersion id="urn:ssb:classversion:stabas:7356023" isCurrentVersion="false" validFrom="2011-01-01" validTo="2011-06-30" isUnderConstruction="false" updatesPossible="false" disseminationAllowed="true" lastChangedDate="2011-06-30" showIntranet="true" showInternet="true">
      <TitleGrp>
        <Title xml:lang="nn">ISCED97 grad (NUS 2011/1)</Title>
        <Title xml:lang="nb">ISCED97 grad (NUS 2011/1)</Title>
        <Title xml:lang="en">ISCED97 National Degree Structure  (NUS 2011/1)</Title>
      </TitleGrp>
      <DescriptionGrp>
        <Description xml:lang="nn">ISCED97 er, som Norsk standard for utdanningsgruppering, oppbygd ved hjelp av nivå- og faginndeling. I tillegg har ISCED97 fire tilleggsdimensjonar (Destination, Orientation, National Degree Structure og Duration). Desse blir berre nytta på enkelte nivå. Standarden har denne strukturen:
1. siffer:	Level (nivå)
2. siffer:	Broad field (fagfelt)
3. siffer:	Narrow field (Fields of education) (utdanningsfelt)
4. siffer:	Detailed field (Fields of education and training) (fordjupingsfelt)
Pos 5:	Destination (destinasjon)
Pos 6:	Orientation (orientering)
Pos 7:	Duration (tidslengd)
Pos 8:      National Degree Structure (grad)
For meir informasjon, sjå pkt. 4.1.6. i NOS C 676  (under publikasjonar).</Description>
        <Description xml:lang="nb">ISCED97 er på samme måte som Norsk standard for utdanningsgruppering, bygget opp ved hjelp av nivå- og faginndeling. I tillegg har ISCED97 fire tilleggsdimensjoner (Destination, Orientation, National Degree Structure og Duration). Disse benyttes kun på enkelte nivåer. Standarden har følgende struktur:
1. siffer:	Level (nivå)
2. siffer:	Broad field (fagfelt)
3. siffer:	Narrow field (Fields of education) (utdanningsfelt)
4. siffer:	Detailed field (Fields of education and training) (fordypningsfelt)
Pos 5:	Destination (destinasjon)
Pos 6:	Orientation (orientering)
Pos 7:	Duration (varighet)
Pos 8:      National Degree Structure (grad)
For mer informasjon, se pkt. 4.1.6. i NOS C 617  (under publikasjoner).
</Description>
        <Description xml:lang="en">ISCED97 is organized according to level and field of education in the same way as the Norwegian Standard Classification of Education. In addition, ISCED97 has four complementary dimensions (Destination, Orientation, National degree structure and Duration). These are used only for certain levels of education. The classification has the following structure:
1st digit:	 Level
2nd digit:	 Broad field of education
3rd digit:	 Narrow field of education
4th digit:	 Detailed field of education
Position 5: Destination
Position 6: Orientation
Position 7: Duration
Position 8: National degree structure 
For more information, see 4.1.6. in NOS C 751 (under publications).

</Description>
      </DescriptionGrp>
      <IntroductionGrp>
        <Indtroduction xml:lang="nn">I tråd med internasjonale retningslinjer blir ISCED97 brukt som en offisiell standard i SSB. </Indtroduction>
        <Indtroduction xml:lang="nb">I tråd med internasjonale retningslinjer blir ISCED97 brukt som en offisiell standard i SSB.</Indtroduction>
        <Indtroduction xml:lang="en">According to international guidelines ISCED97 is used as an official standard in Statistics Norway.</Indtroduction>
      </IntroductionGrp>
      <ContactInformation>
        <Person xmlns="http://www.ssb.no/ns/meta/common">gki</Person>
        <Division xmlns="http://www.ssb.no/ns/meta/common">360</Division>
      </ContactInformation>
      <ExternalDocumentGrp>
        <ExternalDocument xml:lang="nn">NOS C 676   http://www.ssb.no/emner/04/90/nos_c617/nos_c676.pdf</ExternalDocument>
        <ExternalDocument xml:lang="nb">NOS C 617   http://www.ssb.no/emner/04/90/nos_c617/nos_c617.pdf</ExternalDocument>
        <ExternalDocument xml:lang="en">http://www.ssb.no/english/subjects/04/90/nos_c751_en/nos_c751_en.pdf</ExternalDocument>
      </ExternalDocumentGrp>
      <ChangesGrp>
        <Change xml:lang="nn">Ikkje relevant</Change>
        <Change xml:lang="nb">Ikke relevant</Change>
        <Change xml:lang="en">Not relevant</Change>
      </ChangesGrp>
      <DerivedFromGrp>
        <DerviedFrom xml:lang="nn">Ikkje relevant</DerviedFrom>
        <DerviedFrom xml:lang="nb">Ikke relevant</DerviedFrom>
        <DerviedFrom xml:lang="en">Not relevant</DerviedFrom>
      </DerivedFromGrp>
      <LegalBaseGrp>
        <LegalBase xml:lang="nn">1) 398 R 0577 Rådsforordning (EU) nr 577/98 av 9. mars 1998.  2) 32 000 R 1897 Kommisjonsforordning (EU) nr 1897/2000 av 7. september 2000.  3) 32 000 R 1575 Kommisjonsforordning (EU) nr 1575/2000 av 19. juli 2000.</LegalBase>
        <LegalBase xml:lang="nb">1) 398 R 0577 Rådsforordning (EU) nr 577/98 av 9. mars 1998.  2) 32 000 R 1897 Kommisjonsforordning (EU) nr 1897/2000 av 7. september 2000.  3) 32 000 R 1575 Kommisjonsforordning (EU) nr 1575/2000 av 19. juli 2000</LegalBase>
        <LegalBase xml:lang="en">1) 398 R 0577 Council Regulation No 577/98 of 9 March 1998. 2) 32 000 R 1897 Commission Regulation No 1897/2000 of 7 September 2000. 3) 32 000 R 1575 Commission Regulation No 1575/2000 of 19 July 2000.</LegalBase>
      </LegalBaseGrp>
      <Level levelNumber="1" id="urn:ssb:classlevel:stabas:7356025" codeStructure="9">
        <TitleGrp>
          <Title xml:lang="nn">ISCED97 grad (NUS 2011/1): ISCED97 grad</Title>
          <Title xml:lang="nb">ISCED97 grad (NUS 2011/1): ISCED97 grad</Title>
          <Title xml:lang="en">ISCED97 National Degree Structure  (NUS 2011/1): ISCED97 Grade</Title>
        </TitleGrp>
        <CodelistReference>urn:ssb:codelist:stabas:7356025</CodelistReference>
        <Level levelNumber="2" id="urn:ssb:classlevel:stabas:7356027" codeStructure="999999">
          <TitleGrp>
            <Title xml:lang="nn">ISCED97 grad (NUS 2011/1): Utdanningskode</Title>
            <Title xml:lang="nb">ISCED97 grad (NUS 2011/1): Utdanningskode</Title>
            <Title xml:lang="en">ISCED97 National Degree Structure  (NUS 2011/1): Education code</Title>
          </TitleGrp>
          <CodelistReference>urn:ssb:codelist:stabas:7356027</CodelistReference>
        </Level>
      </Level>
    </ClassificationVersion>
    <ClassificationVersion id="urn:ssb:classversion:stabas:7023531" isCurrentVersion="false" validFrom="2010-07-01" validTo="2010-12-31" isUnderConstruction="false" updatesPossible="false" disseminationAllowed="true" lastChangedDate="2011-06-27" showIntranet="true" showInternet="true">
      <TitleGrp>
        <Title xml:lang="nn">ISCED97 grad (NUS 2010/2)</Title>
        <Title xml:lang="nb">ISCED97 grad (NUS 2010/2)</Title>
        <Title xml:lang="en">ISCED97 National Degree Structure  (NUS 2010/2)</Title>
      </TitleGrp>
      <DescriptionGrp>
        <Description xml:lang="nn">ISCED97 er, som Norsk standard for utdanningsgruppering, oppbygd ved hjelp av nivå- og faginndeling. I tillegg har ISCED97 fire tilleggsdimensjonar (Destination, Orientation, National Degree Structure og Duration). Desse blir berre nytta på enkelte nivå. Standarden har denne strukturen:
1. siffer:	Level (nivå)
2. siffer:	Broad field (fagfelt)
3. siffer:	Narrow field (Fields of education) (utdanningsfelt)
4. siffer:	Detailed field (Fields of education and training) (fordjupingsfelt)
Pos 5:	Destination (destinasjon)
Pos 6:	Orientation (orientering)
Pos 7:	Duration (tidslengd)
Pos 8:      National Degree Structure (grad)
For meir informasjon, sjå pkt. 4.1.6. i NOS C 676  (under publikasjonar). </Description>
        <Description xml:lang="nb">ISCED97 er på samme måte som Norsk standard for utdanningsgruppering, bygget opp ved hjelp av nivå- og faginndeling. I tillegg har ISCED97 fire tilleggsdimensjoner (Destination, Orientation, National Degree Structure og Duration). Disse benyttes kun på enkelte nivåer. Standarden har følgende struktur:
1. siffer:	Level (nivå)
2. siffer:	Broad field (fagfelt)
3. siffer:	Narrow field (Fields of education) (utdanningsfelt)
4. siffer:	Detailed field (Fields of education and training) (fordypningsfelt)
Pos 5:	Destination (destinasjon)
Pos 6:	Orientation (orientering)
Pos 7:	Duration (varighet)
Pos 8:      National Degree Structure (grad)
For mer informasjon, se pkt. 4.1.6. i NOS C 617  (under publikasjoner).
</Description>
        <Description xml:lang="en">ISCED97 is organized according to level and field of education in the same way as the Norwegian Standard Classification of Education. In addition, ISCED97 has four complementary dimensions (Destination, Orientation, National degree structure and Duration). These are used only for certain levels of education. The classification has the following structure:
1st digit:	 Level
2nd digit:	 Broad field of education
3rd digit:	 Narrow field of education
4th digit:	 Detailed field of education
Position 5: Destination
Position 6: Orientation
Position 7: Duration
Position 8: National degree structure 
For more information, see 4.1.6. in NOS C 751 (under publications).

</Description>
      </DescriptionGrp>
      <IntroductionGrp>
        <Indtroduction xml:lang="nn">I tråd med internasjonale retningslinjer blir ISCED97 brukt som en offisiell standard i SSB. </Indtroduction>
        <Indtroduction xml:lang="nb">I tråd med internasjonale retningslinjer blir ISCED97 brukt som en offisiell standard i SSB.</Indtroduction>
        <Indtroduction xml:lang="en">According to international guidelines ISCED97 is used as an official standard in Statistics Norway.</Indtroduction>
      </IntroductionGrp>
      <ContactInformation>
        <Person xmlns="http://www.ssb.no/ns/meta/common">gki</Person>
        <Division xmlns="http://www.ssb.no/ns/meta/common">360</Division>
      </ContactInformation>
      <ExternalDocumentGrp>
        <ExternalDocument xml:lang="nn">NOS C 676   http://www.ssb.no/emner/04/90/nos_c617/nos_c676.pdf</ExternalDocument>
        <ExternalDocument xml:lang="nb">NOS C 617   http://www.ssb.no/emner/04/90/nos_c617/nos_c617.pdf</ExternalDocument>
        <ExternalDocument xml:lang="en">http://www.ssb.no/english/subjects/04/90/nos_c751_en/nos_c751_en.pdf</ExternalDocument>
      </ExternalDocumentGrp>
      <ChangesGrp>
        <Change xml:lang="nn">Ikkje relevant</Change>
        <Change xml:lang="nb">Ikke relevant</Change>
        <Change xml:lang="en">Not relevant</Change>
      </ChangesGrp>
      <DerivedFromGrp>
        <DerviedFrom xml:lang="nn">Ikkje relevant</DerviedFrom>
        <DerviedFrom xml:lang="nb">Ikke relevant</DerviedFrom>
        <DerviedFrom xml:lang="en">Not relevant</DerviedFrom>
      </DerivedFromGrp>
      <LegalBaseGrp>
        <LegalBase xml:lang="nn">1) 398 R 0577 Rådsforordning (EU) nr 577/98 av 9. mars 1998.  2) 32 000 R 1897 Kommisjonsforordning (EU) nr 1897/2000 av 7. september 2000.  3) 32 000 R 1575 Kommisjonsforordning (EU) nr 1575/2000 av 19. juli 2000.</LegalBase>
        <LegalBase xml:lang="nb">1) 398 R 0577 Rådsforordning (EU) nr 577/98 av 9. mars 1998.  2) 32 000 R 1897 Kommisjonsforordning (EU) nr 1897/2000 av 7. september 2000.  3) 32 000 R 1575 Kommisjonsforordning (EU) nr 1575/2000 av 19. juli 2000</LegalBase>
        <LegalBase xml:lang="en">1) 398 R 0577 Council Regulation No 577/98 of 9 March 1998. 2) 32 000 R 1897 Commission Regulation No 1897/2000 of 7 September 2000. 3) 32 000 R 1575 Commission Regulation No 1575/2000 of 19 July 2000.</LegalBase>
      </LegalBaseGrp>
      <Level levelNumber="1" id="urn:ssb:classlevel:stabas:7023533" codeStructure="9">
        <TitleGrp>
          <Title xml:lang="nn">ISCED97 grad (NUS 2010/2): ISCED97 grad</Title>
          <Title xml:lang="nb">ISCED97 grad (NUS 2010/2): ISCED97 grad</Title>
          <Title xml:lang="en">ISCED97 National Degree Structure  (NUS 2010/2): ISCED97 Grade</Title>
        </TitleGrp>
        <CodelistReference>urn:ssb:codelist:stabas:7023533</CodelistReference>
        <Level levelNumber="2" id="urn:ssb:classlevel:stabas:7023535" codeStructure="999999">
          <TitleGrp>
            <Title xml:lang="nn">ISCED97 grad (NUS 2010/2): Utdanningskode</Title>
            <Title xml:lang="nb">ISCED97 grad (NUS 2010/2): Utdanningskode</Title>
            <Title xml:lang="en">ISCED97 National Degree Structure  (NUS 2010/2): Education code</Title>
          </TitleGrp>
          <CodelistReference>urn:ssb:codelist:stabas:7023535</CodelistReference>
        </Level>
      </Level>
    </ClassificationVersion>
    <ClassificationVersion id="urn:ssb:classversion:stabas:6398002" isCurrentVersion="false" validFrom="2010-01-01" validTo="2010-06-30" isUnderConstruction="false" updatesPossible="false" disseminationAllowed="true" lastChangedDate="2011-06-27" showIntranet="true" showInternet="true">
      <TitleGrp>
        <Title xml:lang="nn">ISCED97 grad (NUS 2010/1)</Title>
        <Title xml:lang="nb">ISCED97 grad (NUS 2010/1)</Title>
        <Title xml:lang="en">ISCED97 National Degree Structure  (NUS 2010/1)</Title>
      </TitleGrp>
      <DescriptionGrp>
        <Description xml:lang="nb">ISCED97 er på samme måte som Norsk standard for utdanningsgruppering, bygget opp ved hjelp av nivå- og faginndeling. I tillegg har ISCED97 fire tilleggsdimensjoner (Destination, Orientation, National Degree Structure og Duration). Disse benyttes kun på enkelte nivåer. Standarden har følgende struktur:
1. siffer:	Level (nivå)
2. siffer:	Broad field (fagfelt)
3. siffer:	Narrow field (Fields of education) (utdanningsfelt)
4. siffer:	Detailed field (Fields of education and training) (fordypningsfelt)
Pos 5:	Destination (destinasjon)
Pos 6:	Orientation (orientering)
Pos 7:	Duration (varighet)
Pos 8:      National Degree Structure (grad)
For mer informasjon, se pkt. 4.1.6. i NOS C 617  (under publikasjoner).
</Description>
        <Description xml:lang="en">ISCED97 is organized according to level and field of education in the same way as the Norwegian Standard Classification of Education. In addition, ISCED97 has four complementary dimensions (Destination, Orientation, National degree structure and Duration). These are used only for certain levels of education. The classification has the following structure:
1st digit:	 Level
2nd digit:	 Broad field of education
3rd digit:	 Narrow field of education
4th digit:	 Detailed field of education
Position 5: Destination
Position 6: Orientation
Position 7: Duration
Position 8: National degree structure 
For more information, see 4.1.6. in NOS C 751 (under publications).
</Description>
      </DescriptionGrp>
      <IntroductionGrp>
        <Indtroduction xml:lang="nb">I tråd med internasjonale retningslinjer blir ISCED97 brukt som en offisiell standard i SSB.</Indtroduction>
        <Indtroduction xml:lang="en">According to international guidelines ISCED97 is used as an official standard in Statistics Norway.</Indtroduction>
      </IntroductionGrp>
      <ContactInformation>
        <Person xmlns="http://www.ssb.no/ns/meta/common">gki</Person>
        <Division xmlns="http://www.ssb.no/ns/meta/common">360</Division>
      </ContactInformation>
      <ExternalDocumentGrp>
        <ExternalDocument xml:lang="nb">NOS C 617   http://www.ssb.no/emner/04/90/nos_c617/nos_c617.pdf</ExternalDocument>
        <ExternalDocument xml:lang="en">http://www.ssb.no/english/subjects/04/90/nos_c751_en/nos_c751_en.pdf</ExternalDocument>
      </ExternalDocumentGrp>
      <ChangesGrp>
        <Change xml:lang="nb">Ikke relevant</Change>
        <Change xml:lang="en">Not relevant</Change>
      </ChangesGrp>
      <DerivedFromGrp>
        <DerviedFrom xml:lang="nb">Ikke relevant</DerviedFrom>
        <DerviedFrom xml:lang="en">Not relevant</DerviedFrom>
      </DerivedFromGrp>
      <LegalBaseGrp>
        <LegalBase xml:lang="nb">1) 398 R 0577 Rådsforordning (EU) nr 577/98 av 9. mars 1998.  2) 32 000 R 1897 Kommisjonsforordning (EU) nr 1897/2000 av 7. september 2000.  3) 32 000 R 1575 Kommisjonsforordning (EU) nr 1575/2000 av 19. juli 2000</LegalBase>
        <LegalBase xml:lang="en">1) 398 R 0577 Council Regulation No 577/98 of 9 March 1998. 2) 32 000 R 1897 Commission Regulation No 1897/2000 of 7 September 2000. 3) 32 000 R 1575 Commission Regulation No 1575/2000 of 19 July 2000.</LegalBase>
      </LegalBaseGrp>
      <Level levelNumber="1" id="urn:ssb:classlevel:stabas:6398004" codeStructure="9">
        <TitleGrp>
          <Title xml:lang="nn">ISCED97 grad (NUS 2010/1): ISCED97 grad</Title>
          <Title xml:lang="nb">ISCED97 grad (NUS 2010/1): ISCED97 grad</Title>
          <Title xml:lang="en">ISCED97 National Degree Structure  (NUS 2010/1): ISCED97 Grade</Title>
        </TitleGrp>
        <CodelistReference>urn:ssb:codelist:stabas:6398004</CodelistReference>
        <Level levelNumber="2" id="urn:ssb:classlevel:stabas:6398006" codeStructure="999999">
          <TitleGrp>
            <Title xml:lang="nn">ISCED97 grad (NUS 2010/1): Utdanningskode</Title>
            <Title xml:lang="nb">ISCED97 grad (NUS 2010/1): Utdanningskode</Title>
            <Title xml:lang="en">ISCED97 National Degree Structure  (NUS 2010/1): Education code</Title>
          </TitleGrp>
          <CodelistReference>urn:ssb:codelist:stabas:6398006</CodelistReference>
        </Level>
      </Level>
    </ClassificationVersion>
    <ClassificationVersion id="urn:ssb:classversion:stabas:6024001" isCurrentVersion="false" validFrom="2009-07-01" validTo="2009-12-31" isUnderConstruction="false" updatesPossible="false" disseminationAllowed="true" lastChangedDate="2011-01-24" showIntranet="true" showInternet="true">
      <TitleGrp>
        <Title xml:lang="nn">ISCED97 grad (NUS 2009/2)</Title>
        <Title xml:lang="nb">ISCED97 grad (NUS 2009/2)</Title>
        <Title xml:lang="en">ISCED97 National Degree Structure (NUS 2009/2)</Title>
      </TitleGrp>
      <DescriptionGrp>
        <Description xml:lang="nn">ISCED97 er, som Norsk standard for utdanningsgruppering, oppbygd ved hjelp av nivå- og faginndeling. I tillegg har ISCED97 fire tilleggsdimensjonar (Destination, Orientation, National Degree Structure og Duration). Desse blir berre nytta på enkelte nivå. Standarden har denne strukturen:
1. siffer:	Level (nivå)
2. siffer:	Broad field (fagfelt)
3. siffer:	Narrow field (Fields of education) (utdanningsfelt)
4. siffer:	Detailed field (Fields of education and training) (fordjupingsfelt)
Pos 5:	Destination (destinasjon)
Pos 6:	Orientation (orientering)
Pos 7:	Duration (tidslengd)
Pos 8:      National Degree Structure (grad)
For meir informasjon, sjå pkt. 4.1.6. i NOS C 676  (under publikasjonar). 
</Description>
        <Description xml:lang="nb">ISCED97 er på samme måte som Norsk standard for utdanningsgruppering, bygget opp ved hjelp av nivå- og faginndeling. I tillegg har ISCED97 fire tilleggsdimensjoner (Destination, Orientation, National Degree Structure og Duration). Disse benyttes kun på enkelte nivåer. Standarden har følgende struktur:
1. siffer:	Level (nivå)
2. siffer:	Broad field (fagfelt)
3. siffer:	Narrow field (Fields of education) (utdanningsfelt)
4. siffer:	Detailed field (Fields of education and training) (fordypningsfelt)
Pos 5:	Destination (destinasjon)
Pos 6:	Orientation (orientering)
Pos 7:	Duration (varighet)
Pos 8:      National Degree Structure (grad)
For mer informasjon, se pkt. 4.1.6. i NOS C 617  (under publikasjoner).
</Description>
        <Description xml:lang="en">ISCED97 is organized according to level and field of education in the same way as the Norwegian Standard Classification of Education. In addition, ISCED97 has four complementary dimensions (Destination, Orientation, National degree structure and Duration). These are used only for certain levels of education. The classification has the following structure:
1st digit:	 Level
2nd digit:	 Broad field of education
3rd digit:	 Narrow field of education
4th digit:	 Detailed field of education
Position 5: Destination
Position 6: Orientation
Position 7: Duration
Position 8: National degree structure 
For more information, see 4.1.6. in NOS C 751 (under publications).
</Description>
      </DescriptionGrp>
      <IntroductionGrp>
        <Indtroduction xml:lang="nn">I tråd med internasjonale retningslinjer blir ISCED97 brukt som en offisiell standard i SSB. </Indtroduction>
        <Indtroduction xml:lang="nb">I tråd med internasjonale retningslinjer blir ISCED97 brukt som en offisiell standard i SSB.</Indtroduction>
        <Indtroduction xml:lang="en">According to international guidelines ISCED97 is used as an official standard in Statistics Norway.</Indtroduction>
      </IntroductionGrp>
      <ContactInformation>
        <Person xmlns="http://www.ssb.no/ns/meta/common">gki</Person>
        <Division xmlns="http://www.ssb.no/ns/meta/common">360</Division>
      </ContactInformation>
      <ExternalDocumentGrp>
        <ExternalDocument xml:lang="nn">NOS C 676   http://www.ssb.no/emner/04/90/nos_c617/nos_c676.pdf</ExternalDocument>
        <ExternalDocument xml:lang="nb">NOS C 617   http://www.ssb.no/emner/04/90/nos_c617/nos_c617.pdf</ExternalDocument>
        <ExternalDocument xml:lang="en">http://www.ssb.no/english/subjects/04/90/nos_c751_en/nos_c751_en.pdf</ExternalDocument>
      </ExternalDocumentGrp>
      <ChangesGrp>
        <Change xml:lang="nn">Ikkje relevant</Change>
        <Change xml:lang="nb">Ikke relevant</Change>
        <Change xml:lang="en">Not relevant</Change>
      </ChangesGrp>
      <DerivedFromGrp>
        <DerviedFrom xml:lang="nn">Ikkje relevant</DerviedFrom>
        <DerviedFrom xml:lang="nb">Ikke relevant</DerviedFrom>
        <DerviedFrom xml:lang="en">Not relevant</DerviedFrom>
      </DerivedFromGrp>
      <LegalBaseGrp>
        <LegalBase xml:lang="nn">1) 398 R 0577 Rådsforordning (EU) nr 577/98 av 9. mars 1998.  2) 32 000 R 1897 Kommisjonsforordning (EU) nr 1897/2000 av 7. september 2000.  3) 32 000 R 1575 Kommisjonsforordning (EU) nr 1575/2000 av 19. juli 2000.</LegalBase>
        <LegalBase xml:lang="nb">1) 398 R 0577 Rådsforordning (EU) nr 577/98 av 9. mars 1998.  2) 32 000 R 1897 Kommisjonsforordning (EU) nr 1897/2000 av 7. september 2000.  3) 32 000 R 1575 Kommisjonsforordning (EU) nr 1575/2000 av 19. juli 2000</LegalBase>
        <LegalBase xml:lang="en">1) 398 R 0577 Council Regulation No 577/98 of 9 March 1998. 2) 32 000 R 1897 Commission Regulation No 1897/2000 of 7 September 2000. 3) 32 000 R 1575 Commission Regulation No 1575/2000 of 19 July 2000.
</LegalBase>
      </LegalBaseGrp>
      <Level levelNumber="1" id="urn:ssb:classlevel:stabas:6024003" codeStructure="9">
        <TitleGrp>
          <Title xml:lang="nn">ISCED97 grad (NUS 2009/2): ISCED97 grad</Title>
          <Title xml:lang="nb">ISCED97 grad (NUS 2009/2): ISCED97 grad</Title>
          <Title xml:lang="en">ISCED97 National Degree Structure (NUS 2009/2): ISCED97 Grade</Title>
        </TitleGrp>
        <CodelistReference>urn:ssb:codelist:stabas:6024003</CodelistReference>
        <Level levelNumber="2" id="urn:ssb:classlevel:stabas:6024005" codeStructure="999999">
          <TitleGrp>
            <Title xml:lang="nn">ISCED97 grad (NUS 2009/2): Utdanningskode</Title>
            <Title xml:lang="nb">ISCED97 grad (NUS 2009/2): Utdanningskode</Title>
            <Title xml:lang="en">ISCED97 National Degree Structure (NUS 2009/2): Education code</Title>
          </TitleGrp>
          <CodelistReference>urn:ssb:codelist:stabas:6024005</CodelistReference>
        </Level>
      </Level>
    </ClassificationVersion>
    <ClassificationVersion id="urn:ssb:classversion:stabas:5818002" isCurrentVersion="false" validFrom="2009-01-01" validTo="2009-06-30" isUnderConstruction="false" updatesPossible="false" disseminationAllowed="true" lastChangedDate="2011-01-24" showIntranet="true" showInternet="true">
      <TitleGrp>
        <Title xml:lang="nn">ISCED97 grad (NUS 2009/1)</Title>
        <Title xml:lang="nb">ISCED97 grad (NUS 2009/1)</Title>
        <Title xml:lang="en">ISCED97 Grade (NUS 2009/1)</Title>
      </TitleGrp>
      <DescriptionGrp>
        <Description xml:lang="nn">ISCED97 er, som Norsk standard for utdanningsgruppering, oppbygd ved hjelp av nivå- og faginndeling. I tillegg har ISCED97 fire tilleggsdimensjonar (Destination, Orientation, National Degree Structure og Duration). Desse blir berre nytta på enkelte nivå. Standarden har denne strukturen:
1. siffer:	Level (nivå)
2. siffer:	Broad field (fagfelt)
3. siffer:	Narrow field (Fields of education) (utdanningsfelt)
4. siffer:	Detailed field (Fields of education and training) (fordjupingsfelt)
Pos 5:	Destination (destinasjon)
Pos 6:	Orientation (orientering)
Pos 7:	Duration (tidslengd)
Pos 8:      National Degree Structure (grad)
For meir informasjon, sjå pkt. 4.1.6. i NOS C 676  (under publikasjonar). 
</Description>
        <Description xml:lang="nb">ISCED97 er på samme måte som Norsk standard for utdanningsgruppering, bygget opp ved hjelp av nivå- og faginndeling. I tillegg har ISCED97 fire tilleggsdimensjoner (Destination, Orientation, National Degree Structure og Duration). Disse benyttes kun på enkelte nivåer. Standarden har følgende struktur:
1. siffer:	Level (nivå)
2. siffer:	Broad field (fagfelt)
3. siffer:	Narrow field (Fields of education) (utdanningsfelt)
4. siffer:	Detailed field (Fields of education and training) (fordypningsfelt)
Pos 5:	Destination (destinasjon)
Pos 6:	Orientation (orientering)
Pos 7:	Duration (varighet)
Pos 8:      National Degree Structure (grad)
For mer informasjon, se pkt. 4.1.6. i NOS C 617  (under publikasjoner).
</Description>
        <Description xml:lang="en">ISCED97 is organized according to level and field of education in the same way as the Norwegian Standard Classification of Education. In addition, ISCED97 has four complementary dimensions (Destination, Orientation, National degree structure and Duration). These are used only for certain levels of education. The classification has the following structure:
1st digit:	 Level
2nd digit:	 Broad field of education
3rd digit:	 Narrow field of education
4th digit:	 Detailed field of education
Position 5: Destination
Position 6: Orientation
Position 7: Duration
Position 8: National degree structure 
For more information, see 4.1.6. in NOS C 751 (under publications).
</Description>
      </DescriptionGrp>
      <IntroductionGrp>
        <Indtroduction xml:lang="nn">I tråd med internasjonale retningslinjer blir ISCED97 brukt som en offisiell standard i SSB. </Indtroduction>
        <Indtroduction xml:lang="nb">I tråd med internasjonale retningslinjer blir ISCED97 brukt som en offisiell standard i SSB.</Indtroduction>
        <Indtroduction xml:lang="en">According to international guidelines ISCED97 is used as an official standard in Statistics Norway.</Indtroduction>
      </IntroductionGrp>
      <ContactInformation>
        <Person xmlns="http://www.ssb.no/ns/meta/common">gki</Person>
        <Division xmlns="http://www.ssb.no/ns/meta/common">360</Division>
      </ContactInformation>
      <ExternalDocumentGrp>
        <ExternalDocument xml:lang="nn">NOS C 676   http://www.ssb.no/emner/04/90/nos_c617/nos_c676.pdf</ExternalDocument>
        <ExternalDocument xml:lang="nb">NOS C 617   http://www.ssb.no/emner/04/90/nos_c617/nos_c617.pdf</ExternalDocument>
        <ExternalDocument xml:lang="en">http://www.ssb.no/english/subjects/04/90/nos_c751_en/nos_c751_en.pdf</ExternalDocument>
      </ExternalDocumentGrp>
      <ChangesGrp>
        <Change xml:lang="nn">Ikkje relevant</Change>
        <Change xml:lang="nb">Ikke relevant</Change>
        <Change xml:lang="en">Not relevant</Change>
      </ChangesGrp>
      <DerivedFromGrp>
        <DerviedFrom xml:lang="nn">Ikkje relevant</DerviedFrom>
        <DerviedFrom xml:lang="nb">Ikke relevant</DerviedFrom>
        <DerviedFrom xml:lang="en">Not relevant</DerviedFrom>
      </DerivedFromGrp>
      <LegalBaseGrp>
        <LegalBase xml:lang="nn">1) 398 R 0577 Rådsforordning (EU) nr 577/98 av 9. mars 1998.  2) 32 000 R 1897 Kommisjonsforordning (EU) nr 1897/2000 av 7. september 2000.  3) 32 000 R 1575 Kommisjonsforordning (EU) nr 1575/2000 av 19. juli 2000</LegalBase>
        <LegalBase xml:lang="nb">1) 398 R 0577 Rådsforordning (EU) nr 577/98 av 9. mars 1998.  2) 32 000 R 1897 Kommisjonsforordning (EU) nr 1897/2000 av 7. september 2000.  3) 32 000 R 1575 Kommisjonsforordning (EU) nr 1575/2000 av 19. juli 2000</LegalBase>
        <LegalBase xml:lang="en">1) 398 R 0577 Council Regulation No 577/98 of 9 March 1998. 2) 32 000 R 1897 Commission Regulation No 1897/2000 of 7 September 2000. 3) 32 000 R 1575 Commission Regulation No 1575/2000 of 19 July 2000.
</LegalBase>
      </LegalBaseGrp>
      <Level levelNumber="1" id="urn:ssb:classlevel:stabas:5818004" codeStructure="9">
        <TitleGrp>
          <Title xml:lang="nn">ISCED97 grad (NUS 2009/1): ISCED97 grad</Title>
          <Title xml:lang="nb">ISCED97 grad (NUS 2009/1): ISCED97 grad</Title>
          <Title xml:lang="en">ISCED97 Grade (NUS 2009/1): ISCED97 Grade</Title>
        </TitleGrp>
        <CodelistReference>urn:ssb:codelist:stabas:5818004</CodelistReference>
        <Level levelNumber="2" id="urn:ssb:classlevel:stabas:5818006" codeStructure="999999">
          <TitleGrp>
            <Title xml:lang="nn">ISCED97 grad (NUS 2009/1): Utdanningskode</Title>
            <Title xml:lang="nb">ISCED97 grad (NUS 2009/1): Utdanningskode</Title>
            <Title xml:lang="en">ISCED97 Grade (NUS 2009/1): Education code</Title>
          </TitleGrp>
          <CodelistReference>urn:ssb:codelist:stabas:5818006</CodelistReference>
        </Level>
      </Level>
    </ClassificationVersion>
    <ClassificationVersion id="urn:ssb:classversion:stabas:5414301" isCurrentVersion="false" validFrom="2008-07-01" validTo="2008-12-31" isUnderConstruction="false" updatesPossible="false" disseminationAllowed="true" lastChangedDate="2011-01-24" showIntranet="true" showInternet="true">
      <TitleGrp>
        <Title xml:lang="nn">ISCED97 grad (NUS 2008/2)</Title>
        <Title xml:lang="nb">ISCED97 grad (NUS 2008/2)</Title>
        <Title xml:lang="en">ISCED97 Grade (NUS 2008/2)</Title>
      </TitleGrp>
      <DescriptionGrp>
        <Description xml:lang="nn">ISCED97 er, som Norsk standard for utdanningsgruppering, oppbygd ved hjelp av nivå- og faginndeling. I tillegg har ISCED97 fire tilleggsdimensjonar (Destination, Orientation, National Degree Structure og Duration). Desse blir berre nytta på enkelte nivå. Standarden har denne strukturen:
1. siffer:	Level (nivå)
2. siffer:	Broad field (fagfelt)
3. siffer:	Narrow field (Fields of education) (utdanningsfelt)
4. siffer:	Detailed field (Fields of education and training) (fordjupingsfelt)
Pos 5:	Destination (destinasjon)
Pos 6:	Orientation (orientering)
Pos 7:	Duration (tidslengd)
Pos 8:      National Degree Structure (grad)
For meir informasjon, sjå pkt. 4.1.6. i NOS C 676  (under publikasjonar). 
</Description>
        <Description xml:lang="nb">ISCED97 er på samme måte som Norsk standard for utdanningsgruppering, bygget opp ved hjelp av nivå- og faginndeling. I tillegg har ISCED97 fire tilleggsdimensjoner (Destination, Orientation, National Degree Structure og Duration). Disse benyttes kun på enkelte nivåer. Standarden har følgende struktur:
1. siffer:	Level (nivå)
2. siffer:	Broad field (fagfelt)
3. siffer:	Narrow field (Fields of education) (utdanningsfelt)
4. siffer:	Detailed field (Fields of education and training) (fordypningsfelt)
Pos 5:	Destination (destinasjon)
Pos 6:	Orientation (orientering)
Pos 7:	Duration (varighet)
Pos 8:      National Degree Structure (grad)
For mer informasjon, se pkt. 4.1.6. i NOS C 617  (under publikasjoner).
</Description>
        <Description xml:lang="en">ISCED97 is organized according to level and field of education in the same way as the Norwegian Standard Classification of Education. In addition, ISCED97 has four complementary dimensions (Destination, Orientation, National degree structure and Duration). These are used only for certain levels of education. The classification has the following structure:
1st digit:	 Level
2nd digit:	 Broad field of education
3rd digit:	 Narrow field of education
4th digit:	 Detailed field of education
Position 5: Destination
Position 6: Orientation
Position 7: Duration
Position 8: National degree structure 
For more information, see 4.1.6. in NOS C 751 (under publications).
</Description>
      </DescriptionGrp>
      <IntroductionGrp>
        <Indtroduction xml:lang="nn">I tråd med internasjonale retningslinjer blir ISCED97 brukt som en offisiell standard i SSB. </Indtroduction>
        <Indtroduction xml:lang="nb">I tråd med internasjonale retningslinjer blir ISCED97 brukt som en offisiell standard i SSB.</Indtroduction>
        <Indtroduction xml:lang="en">According to international guidelines ISCED97 is used as an official standard in Statistics Norway.</Indtroduction>
      </IntroductionGrp>
      <ContactInformation>
        <Person xmlns="http://www.ssb.no/ns/meta/common">gki</Person>
        <Division xmlns="http://www.ssb.no/ns/meta/common">360</Division>
      </ContactInformation>
      <ExternalDocumentGrp>
        <ExternalDocument xml:lang="nn">NOS C 676   http://www.ssb.no/emner/04/90/nos_c617/nos_c676.pdf</ExternalDocument>
        <ExternalDocument xml:lang="nb">NOS C 617   http://www.ssb.no/emner/04/90/nos_c617/nos_c617.pdf</ExternalDocument>
        <ExternalDocument xml:lang="en">http://www.ssb.no/english/subjects/04/90/nos_c751_en/nos_c751_en.pdf</ExternalDocument>
      </ExternalDocumentGrp>
      <ChangesGrp>
        <Change xml:lang="nn">Ikkje relevant </Change>
        <Change xml:lang="nb">Ikke relevant</Change>
        <Change xml:lang="en">Not relevant</Change>
      </ChangesGrp>
      <DerivedFromGrp>
        <DerviedFrom xml:lang="nn">Ikkje relevant </DerviedFrom>
        <DerviedFrom xml:lang="nb">Ikke relevant</DerviedFrom>
        <DerviedFrom xml:lang="en">Not relevant</DerviedFrom>
      </DerivedFromGrp>
      <LegalBaseGrp>
        <LegalBase xml:lang="nn">1) 398 R 0577 Rådsforordning (EU) nr 577/98 av 9. mars 1998.  2) 32 000 R 1897 Kommisjonsforordning (EU) nr 1897/2000 av 7. september 2000.  3) 32 000 R 1575 Kommisjonsforordning (EU) nr 1575/2000 av 19. juli 2000</LegalBase>
        <LegalBase xml:lang="nb">1) 398 R 0577 Rådsforordning (EU) nr 577/98 av 9. mars 1998.  2) 32 000 R 1897 Kommisjonsforordning (EU) nr 1897/2000 av 7. september 2000.  3) 32 000 R 1575 Kommisjonsforordning (EU) nr 1575/2000 av 19. juli 2000</LegalBase>
        <LegalBase xml:lang="en">1) 398 R 0577 Council Regulation No 577/98 of 9 March 1998. 2) 32 000 R 1897 Commission Regulation No 1897/2000 of 7 September 2000. 3) 32 000 R 1575 Commission Regulation No 1575/2000 of 19 July 2000.
</LegalBase>
      </LegalBaseGrp>
      <Level levelNumber="1" id="urn:ssb:classlevel:stabas:5414303" codeStructure="9">
        <TitleGrp>
          <Title xml:lang="nn">ISCED97 grad (NUS 2008/2): ISCED97 grad</Title>
          <Title xml:lang="nb">ISCED97 grad (NUS 2008/2): ISCED97 grad</Title>
          <Title xml:lang="en">ISCED97 Grade (NUS 2008/2): ISCED97 Grade</Title>
        </TitleGrp>
        <CodelistReference>urn:ssb:codelist:stabas:5414303</CodelistReference>
        <Level levelNumber="2" id="urn:ssb:classlevel:stabas:5414305" codeStructure="999999">
          <TitleGrp>
            <Title xml:lang="nn">ISCED97 grad (NUS 2008/2): Utdanningskode</Title>
            <Title xml:lang="nb">ISCED97 grad (NUS 2008/2): Utdanningskode</Title>
            <Title xml:lang="en">ISCED97 Grade (NUS 2008/2): Education code</Title>
          </TitleGrp>
          <CodelistReference>urn:ssb:codelist:stabas:5414305</CodelistReference>
        </Level>
      </Level>
    </ClassificationVersion>
    <ClassificationVersion id="urn:ssb:classversion:stabas:5143601" isCurrentVersion="false" validFrom="2008-01-01" validTo="2008-06-30" isUnderConstruction="false" updatesPossible="false" disseminationAllowed="true" lastChangedDate="2011-01-24" showIntranet="true" showInternet="true">
      <TitleGrp>
        <Title xml:lang="nn">ISCED97 grad (NUS 2008/1)</Title>
        <Title xml:lang="nb">ISCED97 grad (NUS 2008/1)</Title>
        <Title xml:lang="en">ISCED97 Grade (NUS 2008/1)</Title>
      </TitleGrp>
      <DescriptionGrp>
        <Description xml:lang="nn">ISCED97 er, som Norsk standard for utdanningsgruppering, oppbygd ved hjelp av nivå- og faginndeling. I tillegg har ISCED97 fire tilleggsdimensjonar (Destination, Orientation, National Degree Structure og Duration). Desse blir berre nytta på enkelte nivå. Standarden har denne strukturen:
1. siffer:	Level (nivå)
2. siffer:	Broad field (fagfelt)
3. siffer:	Narrow field (Fields of education) (utdanningsfelt)
4. siffer:	Detailed field (Fields of education and training) (fordjupingsfelt)
Pos 5:	Destination (destinasjon)
Pos 6:	Orientation (orientering)
Pos 7:	Duration (tidslengd)
Pos 8:      National Degree Structure (grad)
For meir informasjon, sjå pkt. 4.1.6. i NOS C 676  (under publikasjonar). 
</Description>
        <Description xml:lang="nb">ISCED97 er på samme måte som Norsk standard for utdanningsgruppering, bygget opp ved hjelp av nivå- og faginndeling. I tillegg har ISCED97 fire tilleggsdimensjoner (Destination, Orientation, National Degree Structure og Duration). Disse benyttes kun på enkelte nivåer. Standarden har følgende struktur:
1. siffer:	Level (nivå)
2. siffer:	Broad field (fagfelt)
3. siffer:	Narrow field (Fields of education) (utdanningsfelt)
4. siffer:	Detailed field (Fields of education and training) (fordypningsfelt)
Pos 5:	Destination (destinasjon)
Pos 6:	Orientation (orientering)
Pos 7:	Duration (varighet)
Pos 8:      National Degree Structure (grad)
For mer informasjon, se pkt. 4.1.6. i NOS C 617  (under publikasjoner).
</Description>
        <Description xml:lang="en">ISCED97 is organized according to level and field of education in the same way as the Norwegian Standard Classification of Education. In addition, ISCED97 has four complementary dimensions (Destination, Orientation, National degree structure and Duration). These are used only for certain levels of education. The classification has the following structure:
1st digit:	 Level
2nd digit:	 Broad field of education
3rd digit:	 Narrow field of education
4th digit:	 Detailed field of education
Position 5: Destination
Position 6: Orientation
Position 7: Duration
Position 8: National degree structure 
For more information, see 4.1.6. in NOS C 751 (under publications).
</Description>
      </DescriptionGrp>
      <IntroductionGrp>
        <Indtroduction xml:lang="nn">I tråd med internasjonale retningslinjer blir ISCED97 brukt som en offisiell standard i SSB. </Indtroduction>
        <Indtroduction xml:lang="nb">I tråd med internasjonale retningslinjer blir ISCED97 brukt som en offisiell standard i SSB.</Indtroduction>
        <Indtroduction xml:lang="en">According to international guidelines ISCED97 is used as an official standard in Statistics Norway.</Indtroduction>
      </IntroductionGrp>
      <ContactInformation>
        <Person xmlns="http://www.ssb.no/ns/meta/common">gki</Person>
        <Division xmlns="http://www.ssb.no/ns/meta/common">360</Division>
      </ContactInformation>
      <ExternalDocumentGrp>
        <ExternalDocument xml:lang="nn">NOS C 676   http://www.ssb.no/emner/04/90/nos_c617/nos_c676.pdf</ExternalDocument>
        <ExternalDocument xml:lang="nb">NOS C 617   http://www.ssb.no/emner/04/90/nos_c617/nos_c617.pdf</ExternalDocument>
        <ExternalDocument xml:lang="en">http://www.ssb.no/english/subjects/04/90/nos_c751_en/nos_c751_en.pdf</ExternalDocument>
      </ExternalDocumentGrp>
      <ChangesGrp>
        <Change xml:lang="nn">Ikkje relevant</Change>
        <Change xml:lang="nb">Ikke relevant</Change>
        <Change xml:lang="en">Not  relevant</Change>
      </ChangesGrp>
      <DerivedFromGrp>
        <DerviedFrom xml:lang="nn">Ikkje relevant</DerviedFrom>
        <DerviedFrom xml:lang="nb">Ikke relevant</DerviedFrom>
        <DerviedFrom xml:lang="en">Not  relevant</DerviedFrom>
      </DerivedFromGrp>
      <LegalBaseGrp>
        <LegalBase xml:lang="nn">1) 398 R 0577 Rådsforordning (EU) nr 577/98 av 9. mars 1998.  2) 32 000 R 1897 Kommisjonsforordning (EU) nr 1897/2000 av 7. september 2000.  3) 32 000 R 1575 1) 398 R 0577 Rådsforordning (EU) nr 577/98 av 9. mars 1998.  2) 32 000 R 1897 Kommisjonsforordning (EU) nr 1897/2000 av 7. september 2000.  3) 32 000 R 1575 Kommisjonsforordning (EU) nr 1575/2000 av 19. juli 2000</LegalBase>
        <LegalBase xml:lang="nb">1) 398 R 0577 Rådsforordning (EU) nr 577/98 av 9. mars 1998.  2) 32 000 R 1897 Kommisjonsforordning (EU) nr 1897/2000 av 7. september 2000.  3) 32 000 R 1575 Kommisjonsforordning (EU) nr 1575/2000 av 19. juli 2000</LegalBase>
        <LegalBase xml:lang="en">1) 398 R 0577 Council Regulation No 577/98 of 9 March 1998. 2) 32 000 R 1897 Commission Regulation No 1897/2000 of 7 September 2000. 3) 32 000 R 1575 Commission Regulation No 1575/2000 of 19 July 2000.
</LegalBase>
      </LegalBaseGrp>
      <Level levelNumber="1" id="urn:ssb:classlevel:stabas:5143603" codeStructure="9">
        <TitleGrp>
          <Title xml:lang="nn">ISCED97 grad (NUS 2008/1): ISCED97 grad</Title>
          <Title xml:lang="nb">ISCED97 grad (NUS 2008/1): ISCED97 grad</Title>
          <Title xml:lang="en">ISCED97 Grade (NUS 2008/1): ISCED97 Grade</Title>
        </TitleGrp>
        <CodelistReference>urn:ssb:codelist:stabas:5143603</CodelistReference>
        <Level levelNumber="2" id="urn:ssb:classlevel:stabas:5143605" codeStructure="999999">
          <TitleGrp>
            <Title xml:lang="nn">ISCED97 grad (NUS 2008/1): Utdanningskode</Title>
            <Title xml:lang="nb">ISCED97 grad (NUS 2008/1): Utdanningskode</Title>
            <Title xml:lang="en">ISCED97 Grade (NUS 2008/1): Education code</Title>
          </TitleGrp>
          <CodelistReference>urn:ssb:codelist:stabas:5143605</CodelistReference>
        </Level>
      </Level>
    </ClassificationVersion>
    <ClassificationVersion id="urn:ssb:classversion:stabas:4889001" isCurrentVersion="false" validFrom="2007-07-01" validTo="2007-12-31" isUnderConstruction="false" updatesPossible="false" disseminationAllowed="true" lastChangedDate="2011-01-24" showIntranet="true" showInternet="true">
      <TitleGrp>
        <Title xml:lang="nn">ISCED97 grad (NUS 2007/2)</Title>
        <Title xml:lang="nb">ISCED97 grad (NUS 2007/2)</Title>
        <Title xml:lang="en">ISCED97 Grade (NUS 2007/2)</Title>
      </TitleGrp>
      <DescriptionGrp>
        <Description xml:lang="nn">ISCED97 er, som Norsk standard for utdanningsgruppering, oppbygd ved hjelp av nivå- og faginndeling. I tillegg har ISCED97 fire tilleggsdimensjonar (Destination, Orientation, National Degree Structure og Duration). Desse blir berre nytta på enkelte nivå. Standarden har denne strukturen:
1. siffer:	Level (nivå)
2. siffer:	Broad field (fagfelt)
3. siffer:	Narrow field (Fields of education) (utdanningsfelt)
4. siffer:	Detailed field (Fields of education and training) (fordjupingsfelt)
Pos 5:	Destination (destinasjon)
Pos 6:	Orientation (orientering)
Pos 7:	Duration (tidslengd)
Pos 8:      National Degree Structure (grad)
For meir informasjon, sjå pkt. 4.1.6. i NOS C 676  (under publikasjonar). 
</Description>
        <Description xml:lang="nb">ISCED97 er på samme måte som Norsk standard for utdanningsgruppering, bygget opp ved hjelp av nivå- og faginndeling. I tillegg har ISCED97 fire tilleggsdimensjoner (Destination, Orientation, National Degree Structure og Duration). Disse benyttes kun på enkelte nivåer. Standarden har følgende struktur:
1. siffer:	Level (nivå)
2. siffer:	Broad field (fagfelt)
3. siffer:	Narrow field (Fields of education) (utdanningsfelt)
4. siffer:	Detailed field (Fields of education and training) (fordypningsfelt)
Pos 5:	Destination (destinasjon)
Pos 6:	Orientation (orientering)
Pos 7:	Duration (varighet)
Pos 8:      National Degree Structure (grad)
For mer informasjon, se pkt. 4.1.6. i NOS C 617  (under publikasjoner).
</Description>
        <Description xml:lang="en">ISCED97 is organized according to level and field of education in the same way as the Norwegian Standard Classification of Education. In addition, ISCED97 has four complementary dimensions (Destination, Orientation, National degree structure and Duration). These are used only for certain levels of education. The classification has the following structure:
1st digit:	 Level
2nd digit:	 Broad field of education
3rd digit:	 Narrow field of education
4th digit:	 Detailed field of education
Position 5: Destination
Position 6: Orientation
Position 7: Duration
Position 8: National degree structure 
For more information, see 4.1.6. in NOS C 751 (under publications).
</Description>
      </DescriptionGrp>
      <IntroductionGrp>
        <Indtroduction xml:lang="nn">I tråd med internasjonale retningslinjer blir ISCED97 brukt som en offisiell standard i SSB. </Indtroduction>
        <Indtroduction xml:lang="nb">I tråd med internasjonale retningslinjer blir ISCED97 brukt som en offisiell standard i SSB.</Indtroduction>
        <Indtroduction xml:lang="en">According to international guidelines ISCED97 is used as an official standard in Statistics Norway.</Indtroduction>
      </IntroductionGrp>
      <ContactInformation>
        <Person xmlns="http://www.ssb.no/ns/meta/common">gki</Person>
        <Division xmlns="http://www.ssb.no/ns/meta/common">360</Division>
      </ContactInformation>
      <ExternalDocumentGrp>
        <ExternalDocument xml:lang="nn">NOS C 676   http://www.ssb.no/emner/04/90/nos_c617/nos_c676.pdf</ExternalDocument>
        <ExternalDocument xml:lang="nb">NOS C 617   http://www.ssb.no/emner/04/90/nos_c617/nos_c617.pdf</ExternalDocument>
        <ExternalDocument xml:lang="en">http://www.ssb.no/english/subjects/04/90/nos_c751_en/nos_c751_en.pdf</ExternalDocument>
      </ExternalDocumentGrp>
      <ChangesGrp>
        <Change xml:lang="nn">Ikkje relevant</Change>
        <Change xml:lang="nb">Ikke relevant</Change>
        <Change xml:lang="en">Not relevant</Change>
      </ChangesGrp>
      <DerivedFromGrp>
        <DerviedFrom xml:lang="nn">Ikkje relevant</DerviedFrom>
        <DerviedFrom xml:lang="nb">Ikke relevant</DerviedFrom>
        <DerviedFrom xml:lang="en">Not relevant</DerviedFrom>
      </DerivedFromGrp>
      <LegalBaseGrp>
        <LegalBase xml:lang="nn">1) 398 R 0577 Rådsforordning (EU) nr 577/98 av 9. mars 1998.  2) 32 000 R 1897 Kommisjonsforordning (EU) nr 1897/2000 av 7. september 2000.  3) 32 000 R 1575 1) 398 R 0577 Rådsforordning (EU) nr 577/98 av 9. mars 1998.  2) 32 000 R 1897 Kommisjonsforordning (EU) nr 1897/2000 av 7. september 2000.  3) 32 000 R 1575 Kommisjonsforordning (EU) nr 1575/2000 av 19. juli 2000</LegalBase>
        <LegalBase xml:lang="nb">1) 398 R 0577 Rådsforordning (EU) nr 577/98 av 9. mars 1998.  2) 32 000 R 1897 Kommisjonsforordning (EU) nr 1897/2000 av 7. september 2000.  3) 32 000 R 1575 Kommisjonsforordning (EU) nr 1575/2000 av 19. juli 2000</LegalBase>
        <LegalBase xml:lang="en">1) 398 R 0577 Council Regulation No 577/98 of 9 March 1998. 2) 32 000 R 1897 Commission Regulation No 1897/2000 of 7 September 2000. 3) 32 000 R 1575 Commission Regulation No 1575/2000 of 19 July 2000.
</LegalBase>
      </LegalBaseGrp>
      <Level levelNumber="1" id="urn:ssb:classlevel:stabas:4889003" codeStructure="9">
        <TitleGrp>
          <Title xml:lang="nn">ISCED97 grad (NUS 2007/2): ISCED97 grad</Title>
          <Title xml:lang="nb">ISCED97 grad (NUS 2007/2): ISCED97 grad</Title>
          <Title xml:lang="en">ISCED97 Grade (NUS 2007/2): ISCED97 Grade</Title>
        </TitleGrp>
        <CodelistReference>urn:ssb:codelist:stabas:4889003</CodelistReference>
        <Level levelNumber="2" id="urn:ssb:classlevel:stabas:4889005" codeStructure="999999">
          <TitleGrp>
            <Title xml:lang="nn">ISCED97 grad (NUS 2007/2): Utdanningskode</Title>
            <Title xml:lang="nb">ISCED97 grad (NUS 2007/2): Utdanningskode</Title>
            <Title xml:lang="en">ISCED97 Grade (NUS 2007/2): Education code</Title>
          </TitleGrp>
          <CodelistReference>urn:ssb:codelist:stabas:4889005</CodelistReference>
        </Level>
      </Level>
    </ClassificationVersion>
    <ClassificationVersion id="urn:ssb:classversion:stabas:4777941" isCurrentVersion="false" validFrom="2007-01-01" validTo="2007-06-30" isUnderConstruction="false" updatesPossible="false" disseminationAllowed="true" lastChangedDate="2011-01-24" showIntranet="true" showInternet="true">
      <TitleGrp>
        <Title xml:lang="nn">ISCED97 grad (NUS 2007/1)</Title>
        <Title xml:lang="nb">ISCED97 grad (NUS 2007/1)</Title>
        <Title xml:lang="en">ISCED97 Grade (NUS 2007/1)</Title>
      </TitleGrp>
      <DescriptionGrp>
        <Description xml:lang="nn">ISCED97 er, som Norsk standard for utdanningsgruppering, oppbygd ved hjelp av nivå- og faginndeling. I tillegg har ISCED97 fire tilleggsdimensjonar (Destination, Orientation, National Degree Structure og Duration). Desse blir berre nytta på enkelte nivå. Standarden har denne strukturen:
1. siffer:	Level (nivå)
2. siffer:	Broad field (fagfelt)
3. siffer:	Narrow field (Fields of education) (utdanningsfelt)
4. siffer:	Detailed field (Fields of education and training) (fordjupingsfelt)
Pos 5:	Destination (destinasjon)
Pos 6:	Orientation (orientering)
Pos 7:	Duration (tidslengd)
Pos 8:      National Degree Structure (grad)
For meir informasjon, sjå pkt. 4.1.6. i NOS C 676  (under publikasjonar). 
</Description>
        <Description xml:lang="nb">ISCED97 er på samme måte som Norsk standard for utdanningsgruppering, bygget opp ved hjelp av nivå- og faginndeling. I tillegg har ISCED97 fire tilleggsdimensjoner (Destination, Orientation, National Degree Structure og Duration). Disse benyttes kun på enkelte nivåer. Standarden har følgende struktur:
1. siffer:	Level (nivå)
2. siffer:	Broad field (fagfelt)
3. siffer:	Narrow field (Fields of education) (utdanningsfelt)
4. siffer:	Detailed field (Fields of education and training) (fordypningsfelt)
Pos 5:	Destination (destinasjon)
Pos 6:	Orientation (orientering)
Pos 7:	Duration (varighet)
Pos 8:      National Degree Structure (grad)
For mer informasjon, se pkt. 4.1.6. i NOS C 617  (under publikasjoner).
</Description>
        <Description xml:lang="en">ISCED97 is organized according to level and field of education in the same way as the Norwegian Standard Classification of Education. In addition, ISCED97 has four complementary dimensions (Destination, Orientation, National degree structure and Duration). These are used only for certain levels of education. The classification has the following structure:
1st digit:	 Level
2nd digit:	 Broad field of education
3rd digit:	 Narrow field of education
4th digit:	 Detailed field of education
Position 5: Destination
Position 6: Orientation
Position 7: Duration
Position 8: National degree structure 
For more information, see 4.1.6. in NOS C 751 (under publications).
</Description>
      </DescriptionGrp>
      <IntroductionGrp>
        <Indtroduction xml:lang="nn">I tråd med internasjonale retningslinjer blir ISCED97 brukt som offisiell standard i SSB.</Indtroduction>
        <Indtroduction xml:lang="nb">I tråd med internasjonale retningslinjer blir ISCED97 brukt som en offisiell standard i SSB.</Indtroduction>
        <Indtroduction xml:lang="en">According to international guidelines ISCED97 is used as an official standard in Statistics Norway.</Indtroduction>
      </IntroductionGrp>
      <ContactInformation>
        <Person xmlns="http://www.ssb.no/ns/meta/common">gki</Person>
        <Division xmlns="http://www.ssb.no/ns/meta/common">360</Division>
      </ContactInformation>
      <ExternalDocumentGrp>
        <ExternalDocument xml:lang="nn">NOS C 676   http://www.ssb.no/emner/04/90/nos_c617/nos_c676.pdf</ExternalDocument>
        <ExternalDocument xml:lang="nb">NOS C 617   http://www.ssb.no/emner/04/90/nos_c617/nos_c617.pdf</ExternalDocument>
        <ExternalDocument xml:lang="en">http://www.ssb.no/english/subjects/04/90/nos_c751_en/nos_c751_en.pdf</ExternalDocument>
      </ExternalDocumentGrp>
      <ChangesGrp>
        <Change xml:lang="nn">Ikkje relevant</Change>
        <Change xml:lang="nb">Ikke relevant</Change>
        <Change xml:lang="en">Not relevant</Change>
      </ChangesGrp>
      <DerivedFromGrp>
        <DerviedFrom xml:lang="nn">Ikkje relevant</DerviedFrom>
        <DerviedFrom xml:lang="nb">Ikke relevant</DerviedFrom>
        <DerviedFrom xml:lang="en">Not relevant</DerviedFrom>
      </DerivedFromGrp>
      <LegalBaseGrp>
        <LegalBase xml:lang="nn">1) 398 R 0577 Rådsforordning (EU) nr 577/98 av 9. mars 1998.  2) 32 000 R 1897 Kommisjonsforordning (EU) nr 1897/2000 av 7. september 2000.  3) 32 000 R 1575 1) 398 R 0577 Rådsforordning (EU) nr 577/98 av 9. mars 1998.  2) 32 000 R 1897 Kommisjonsforordning (EU) nr 1897/2000 av 7. september 2000.  3) 32 000 R 1575 Kommisjonsforordning (EU) nr 1575/2000 av 19. juli 2000</LegalBase>
        <LegalBase xml:lang="nb">1) 398 R 0577 Rådsforordning (EU) nr 577/98 av 9. mars 1998.  2) 32 000 R 1897 Kommisjonsforordning (EU) nr 1897/2000 av 7. september 2000.  3) 32 000 R 1575 Kommisjonsforordning (EU) nr 1575/2000 av 19. juli 2000</LegalBase>
        <LegalBase xml:lang="en">1) 398 R 0577 Council Regulation No 577/98 of 9 March 1998. 2) 32 000 R 1897 Commission Regulation No 1897/2000 of 7 September 2000. 3) 32 000 R 1575 Commission Regulation No 1575/2000 of 19 July 2000.
</LegalBase>
      </LegalBaseGrp>
      <Level levelNumber="1" id="urn:ssb:classlevel:stabas:4777943" codeStructure="9">
        <TitleGrp>
          <Title xml:lang="nn">ISCED97 grad (NUS 2007/1): ISCED97 grad</Title>
          <Title xml:lang="nb">ISCED97 grad (NUS 2007/1): ISCED97 grad</Title>
          <Title xml:lang="en">ISCED97 Grade (NUS 2007/1): ISCED97 National degree structure</Title>
        </TitleGrp>
        <CodelistReference>urn:ssb:codelist:stabas:4777943</CodelistReference>
        <Level levelNumber="2" id="urn:ssb:classlevel:stabas:4777945" codeStructure="999999">
          <TitleGrp>
            <Title xml:lang="nn">ISCED97 grad (NUS 2007/1): Utdanningskode</Title>
            <Title xml:lang="nb">ISCED97 grad (NUS 2007/1): Utdanningskode</Title>
            <Title xml:lang="en">ISCED97 Grade (NUS 2007/1): Education code</Title>
          </TitleGrp>
          <CodelistReference>urn:ssb:codelist:stabas:4777945</CodelistReference>
        </Level>
      </Level>
    </ClassificationVersion>
  </ClassificationVersions>
</Classification>