<?xml version="1.0" encoding="utf-8"?>
<Classification xmlns:xsi="http://www.w3.org/2001/XMLSchema-instance" xmlns:xsd="http://www.w3.org/2001/XMLSchema" id="urn:ssb:classification:stabas:5030001" currentVersionId="urn:ssb:classversion:stabas:5030002" xmlns="http://www.ssb.no/ns/meta/classification">
  <TitleGrp>
    <Title xml:lang="nb">Standardkoder for europeisk forkortet dødårsaksliste</Title>
    <Title xml:lang="en">Classification codes of European short-list for causes of death</Title>
  </TitleGrp>
  <DescriptionGrp>
    <Description xml:lang="nb">Internasjonal standard utviklet av Eurostat som et verktøy for internasjonal sammenligning av dødelighetsdata, primært for analyse på regionalt nivå og for analyse av tidsserier og dødelighetsfremskrivninger.</Description>
    <Description xml:lang="en">International standard prepared by Eurostat as a tool for international comparisons of mortality data, primarily for analysis at regional level and for the analysis of long-term results, such as retrospective studies and mortality projections.</Description>
  </DescriptionGrp>
  <StatisticalUnitGrp>
    <StatisticalUnit xml:lang="nb">Sykdommer</StatisticalUnit>
    <StatisticalUnit xml:lang="en">Diseases</StatisticalUnit>
  </StatisticalUnitGrp>
  <OwnerGrp>
    <Owner xml:lang="nb">Statistisk sentralbyrå (SSB)</Owner>
    <Owner xml:lang="en">Statistics Norway</Owner>
  </OwnerGrp>
  <SubjectArea>03</SubjectArea>
  <ClassificationVersions>
    <ClassificationVersion id="urn:ssb:classversion:stabas:5030002" isCurrentVersion="true" validFrom="1999-09-30" isUnderConstruction="false" updatesPossible="false" disseminationAllowed="true" lastChangedDate="2013-06-19" showIntranet="true" showInternet="true">
      <TitleGrp>
        <Title xml:lang="nb">Europeisk forkortet dødsårsaksliste</Title>
        <Title xml:lang="en">European short-list for causes of death</Title>
      </TitleGrp>
      <DescriptionGrp />
      <IntroductionGrp>
        <Indtroduction xml:lang="nb">Internasjonal standard utviklet av Eurostat som et verktøy for internasjonal sammenligning av dødelighetsdata, primært for analyse på regionalt nivå og for analyse av tidsserier og dødelighetsfremskrivninger.</Indtroduction>
        <Indtroduction xml:lang="en">International standard prepared by Eurostat as a tool for international comparisons of mortality data, primarily for analysis at regional level and for the analysis of long-term results, such as retrospective studies and mortality projections.</Indtroduction>
      </IntroductionGrp>
      <ContactInformation>
        <Person xmlns="http://www.ssb.no/ns/meta/common">aju</Person>
        <Division xmlns="http://www.ssb.no/ns/meta/common">330</Division>
      </ContactInformation>
      <ExternalDocumentGrp>
        <ExternalDocument xml:lang="nb">Ikke relevant</ExternalDocument>
        <ExternalDocument xml:lang="en">Not relevant</ExternalDocument>
      </ExternalDocumentGrp>
      <ChangesGrp>
        <Change xml:lang="nb">Ikke relevant</Change>
        <Change xml:lang="en">Not relevant</Change>
      </ChangesGrp>
      <DerivedFromGrp>
        <DerviedFrom xml:lang="nb">ICD revisjon 8,9 og 10</DerviedFrom>
        <DerviedFrom xml:lang="en">ICD revision 8, 9 and 10</DerviedFrom>
      </DerivedFromGrp>
      <LegalBaseGrp>
        <LegalBase xml:lang="nb">Ikke relevant</LegalBase>
        <LegalBase xml:lang="en">Not relevant</LegalBase>
      </LegalBaseGrp>
      <Level levelNumber="1" id="urn:ssb:classlevel:stabas:5030005">
        <TitleGrp>
          <Title xml:lang="nb">Europeisk forkortet dødsårsaksliste: Dødsårsaker</Title>
          <Title xml:lang="en">European short-list for causes of death: Causes of death</Title>
        </TitleGrp>
        <CodelistReference>urn:ssb:codelist:stabas:5030005</CodelistReference>
      </Level>
    </ClassificationVersion>
  </ClassificationVersions>
</Classification>