<?xml version="1.0" encoding="utf-8"?>
<Classification xmlns:xsi="http://www.w3.org/2001/XMLSchema-instance" xmlns:xsd="http://www.w3.org/2001/XMLSchema" id="urn:ssb:classification:stabas:5048001" currentVersionId="urn:ssb:classversion:stabas:5048002" xmlns="http://www.ssb.no/ns/meta/classification">
  <TitleGrp>
    <Title xml:lang="nn">Standard  klassifisering av registrert avgang av vilt utanom ordinær jakt</Title>
    <Title xml:lang="nb">Standard klassifisering av registrert avgang av vilt utenom ordinær jakt</Title>
    <Title xml:lang="en">Classification of registered non-harvest mortality of cervids and large carnivores, by cause</Title>
  </TitleGrp>
  <DescriptionGrp>
    <Description xml:lang="nn">Standarden klassifiserer rovdyr og hjortevilt som er drepe eller er omkomme av andre årsaker enn jakt etter dødsårsak</Description>
    <Description xml:lang="nb">Standarden klassifiserer rovdyr og hjortevilt som er drept eller er omkommet av andre årsaker enn jakt etter dødsårsak</Description>
    <Description xml:lang="en">The purpose is to classify all registered non-harvest mortality of cervids and large carnivores by cause of death</Description>
  </DescriptionGrp>
  <StatisticalUnitGrp>
    <StatisticalUnit xml:lang="nn">Dyr</StatisticalUnit>
    <StatisticalUnit xml:lang="nb">Dyr</StatisticalUnit>
    <StatisticalUnit xml:lang="en">Animal</StatisticalUnit>
  </StatisticalUnitGrp>
  <OwnerGrp>
    <Owner xml:lang="nn">Statistisk sentralbyrå (SSB)</Owner>
    <Owner xml:lang="nb">Statistisk sentralbyrå (SSB)</Owner>
    <Owner xml:lang="en">Statistics Norway (SSB)</Owner>
  </OwnerGrp>
  <SubjectArea>10</SubjectArea>
  <ClassificationVersions>
    <ClassificationVersion id="urn:ssb:classversion:stabas:5048002" isCurrentVersion="true" validFrom="1994-01-01" isUnderConstruction="false" updatesPossible="false" disseminationAllowed="true" lastChangedDate="2007-11-24" showIntranet="true" showInternet="true">
      <TitleGrp>
        <Title xml:lang="nn">Klassifisering av registrert avgang av vilt utanom ordinær jakt 1994</Title>
        <Title xml:lang="nb">Klassifisering av registrert avgang av vilt utenom ordinær jakt 1994</Title>
        <Title xml:lang="en">Classification of registered non-harvest mortality of cervids and large carnivores, by cause 1994</Title>
      </TitleGrp>
      <DescriptionGrp>
        <Description xml:lang="nn">Standarden klassifiserer rovdyr og hjortevilt som er drepe eller er omkomme av andre årsaker enn jakt etter dødsårsak</Description>
        <Description xml:lang="nb">Standarden klassifiserer rovdyr og hjortevilt som er drept eller er omkommet av andre årsaker enn jakt etter dødsårsak</Description>
        <Description xml:lang="en">The purpose is to classify all registered non-harvest mortality of cervids and large carnivores by cause of death</Description>
      </DescriptionGrp>
      <IntroductionGrp>
        <Indtroduction xml:lang="nn">1965/66</Indtroduction>
        <Indtroduction xml:lang="nb">1965/66</Indtroduction>
        <Indtroduction xml:lang="en">1965/66</Indtroduction>
      </IntroductionGrp>
      <ContactInformation>
        <Person xmlns="http://www.ssb.no/ns/meta/common">tra</Person>
        <Division xmlns="http://www.ssb.no/ns/meta/common">430</Division>
      </ContactInformation>
      <ExternalDocumentGrp>
        <ExternalDocument xml:lang="nn">Ikkje relevant</ExternalDocument>
        <ExternalDocument xml:lang="nb">Ikke relevant</ExternalDocument>
        <ExternalDocument xml:lang="en">Not relevant</ExternalDocument>
      </ExternalDocumentGrp>
      <ChangesGrp>
        <Change xml:lang="nn">1990/91 (fordeling etter hodyr og hanndyr) og 1993/94 (skadeårsaker på rovdyr vart innført)</Change>
        <Change xml:lang="nb">1990/91 (fordeling på hunndyr og hanndyr) og 1993/94 (skadeårsaker på rovdyr ble innført)</Change>
        <Change xml:lang="en">1990/91 (distribution by sex was introduced) and 1993/94 (mortality by cause, large carnivores was introduced)</Change>
      </ChangesGrp>
      <DerivedFromGrp>
        <DerviedFrom xml:lang="nn">Ikkje relevant</DerviedFrom>
        <DerviedFrom xml:lang="nb">Ikke relevant</DerviedFrom>
        <DerviedFrom xml:lang="en">Not relevant</DerviedFrom>
      </DerivedFromGrp>
      <LegalBaseGrp>
        <LegalBase xml:lang="nn">Ikkej relevant</LegalBase>
        <LegalBase xml:lang="nb">Ikke relevant</LegalBase>
        <LegalBase xml:lang="en">Not relevant</LegalBase>
      </LegalBaseGrp>
      <Level levelNumber="1" id="urn:ssb:classlevel:stabas:5048006" codeStructure="9">
        <TitleGrp>
          <Title xml:lang="nn">Klassifisering av registrert avgang av vilt utanom ordinær jakt 1994: Nivå 1</Title>
          <Title xml:lang="nb">Klassifisering av registrert avgang av vilt utenom ordinær jakt 1994: Nivå 1</Title>
          <Title xml:lang="en">Classification of registered non-harvest mortality of cervids and large carnivores, by cause 1994: Level 1</Title>
        </TitleGrp>
        <CodelistReference>urn:ssb:codelist:stabas:5048006</CodelistReference>
      </Level>
    </ClassificationVersion>
  </ClassificationVersions>
</Classification>