<?xml version="1.0" encoding="utf-8"?>
<Classification xmlns:xsi="http://www.w3.org/2001/XMLSchema-instance" xmlns:xsd="http://www.w3.org/2001/XMLSchema" id="urn:ssb:classification:stabas:5048230" currentVersionId="urn:ssb:classversion:stabas:0" xmlns="http://www.ssb.no/ns/meta/classification">
  <TitleGrp>
    <Title xml:lang="nn">Standard klassifisering av villreinområda</Title>
    <Title xml:lang="nb">Standard klassifisering av villreinområder</Title>
    <Title xml:lang="en">Classification of wild reindeer areas</Title>
  </TitleGrp>
  <DescriptionGrp>
    <Description xml:lang="nn">Eit villreinområde er eit geografiske avgrensa område med villrein</Description>
    <Description xml:lang="nb">Standarden deler inn landet i geografiske områder med villrein</Description>
    <Description xml:lang="en">The purpose is to classify all the areas where wild reindeer are living in geographical areas</Description>
  </DescriptionGrp>
  <StatisticalUnitGrp>
    <StatisticalUnit xml:lang="nn">Dyr</StatisticalUnit>
    <StatisticalUnit xml:lang="nb">Dyr</StatisticalUnit>
    <StatisticalUnit xml:lang="en">Animal</StatisticalUnit>
  </StatisticalUnitGrp>
  <OwnerGrp>
    <Owner xml:lang="nn">Statistisk sentralbyrå (SSB)</Owner>
    <Owner xml:lang="nb">Statistisk sentralbyrå (SSB)</Owner>
    <Owner xml:lang="en">Statistics Norway (SSB)</Owner>
  </OwnerGrp>
  <SubjectArea>10</SubjectArea>
  <ClassificationVersions>
    <ClassificationVersion id="urn:ssb:classversion:stabas:5048231" isCurrentVersion="true" validFrom="1973-01-01" isUnderConstruction="false" updatesPossible="false" disseminationAllowed="true" lastChangedDate="2007-12-08" showIntranet="true" showInternet="true">
      <TitleGrp>
        <Title xml:lang="nn">Klassifisering av villreinområde 1973</Title>
        <Title xml:lang="nb">Klassifisering av villreinområder 1973</Title>
        <Title xml:lang="en">Classification of wild reindeer areas 1973</Title>
      </TitleGrp>
      <DescriptionGrp>
        <Description xml:lang="nn">Eit villreinområde er eit geografiske avgrensa område med villrein</Description>
        <Description xml:lang="nb">Standarden deler inn landet i geografiske områder med villrein</Description>
        <Description xml:lang="en">The purpose is to classify all the areas where wild reindeer are living in geographical areas</Description>
      </DescriptionGrp>
      <IntroductionGrp>
        <Indtroduction xml:lang="nn">Statistikken blei fyrste gong publisert etter villreinområde i 1973</Indtroduction>
        <Indtroduction xml:lang="nb">Statistikken ble første gang publisert etter villreinområder i 1973</Indtroduction>
        <Indtroduction xml:lang="en">Statistics for reindeer areas were introduced in 1973</Indtroduction>
      </IntroductionGrp>
      <ContactInformation>
        <Person xmlns="http://www.ssb.no/ns/meta/common">tra</Person>
        <Division xmlns="http://www.ssb.no/ns/meta/common">430</Division>
      </ContactInformation>
      <ExternalDocumentGrp>
        <ExternalDocument xml:lang="nn">Ikkje relevant</ExternalDocument>
        <ExternalDocument xml:lang="nb">Ikke relevant</ExternalDocument>
        <ExternalDocument xml:lang="en">Not relevant</ExternalDocument>
      </ExternalDocumentGrp>
      <ChangesGrp>
        <Change xml:lang="nn">Ikkje relevant</Change>
        <Change xml:lang="nb">Ikke relevant</Change>
        <Change xml:lang="en">Not relevant</Change>
      </ChangesGrp>
      <DerivedFromGrp>
        <DerviedFrom xml:lang="nn">Ikkje relevant</DerviedFrom>
        <DerviedFrom xml:lang="nb">Ikke relevant</DerviedFrom>
        <DerviedFrom xml:lang="en">Not relevant</DerviedFrom>
      </DerivedFromGrp>
      <LegalBaseGrp>
        <LegalBase xml:lang="nn">Ikkje relevant</LegalBase>
        <LegalBase xml:lang="nb">Ikke relevant</LegalBase>
        <LegalBase xml:lang="en">Not relevant</LegalBase>
      </LegalBaseGrp>
      <Level levelNumber="1" id="urn:ssb:classlevel:stabas:5048235" codeStructure="99">
        <TitleGrp>
          <Title xml:lang="nn">Klassifisering av villreinområde 1973: Villreinområde</Title>
          <Title xml:lang="nb">Klassifisering av villreinområder 1973: Villreinområde</Title>
          <Title xml:lang="en">Classification of wild reindeer areas 1973: Reindeer area</Title>
        </TitleGrp>
        <CodelistReference>urn:ssb:codelist:stabas:5048235</CodelistReference>
      </Level>
    </ClassificationVersion>
  </ClassificationVersions>
</Classification>