<?xml version="1.0" encoding="utf-8"?>
<Classification xmlns:xsi="http://www.w3.org/2001/XMLSchema-instance" xmlns:xsd="http://www.w3.org/2001/XMLSchema" id="urn:ssb:classification:stabas:5048087" currentVersionId="urn:ssb:classversion:stabas:5048088" xmlns="http://www.ssb.no/ns/meta/classification">
  <TitleGrp>
    <Title xml:lang="nn">Standard klassifisering av skogeigedommar etter storleiksklasse</Title>
    <Title xml:lang="nb">Standard  klassifisering av skogeiendommer etter størrelsesklasse</Title>
    <Title xml:lang="en">Classification of forest properties by size class</Title>
  </TitleGrp>
  <DescriptionGrp>
    <Description xml:lang="nn">Klassifiseringa deler skogeigedommane etter storleiken på det produktive skogarealet</Description>
    <Description xml:lang="nb">Klassifiseringen fordeler skogeiendommene etter størrelsen på det produktive skogarealet</Description>
    <Description xml:lang="en">The classification classify the forest properties in size classes after the size of the forest property's productive forest area</Description>
  </DescriptionGrp>
  <StatisticalUnitGrp>
    <StatisticalUnit xml:lang="nn">Skogeigedommar</StatisticalUnit>
    <StatisticalUnit xml:lang="nb">Skogeiendommer</StatisticalUnit>
    <StatisticalUnit xml:lang="en">Forest properties</StatisticalUnit>
  </StatisticalUnitGrp>
  <OwnerGrp>
    <Owner xml:lang="nn">Statistisk sentralbyrå (SSB)</Owner>
    <Owner xml:lang="nb">Statistisk sentralbyrå (SSB)</Owner>
    <Owner xml:lang="en">Statistics Norway (SSB)</Owner>
  </OwnerGrp>
  <SubjectArea>10</SubjectArea>
  <ClassificationVersions>
    <ClassificationVersion id="urn:ssb:classversion:stabas:5048088" isCurrentVersion="true" validFrom="1957-01-01" isUnderConstruction="false" updatesPossible="false" disseminationAllowed="true" lastChangedDate="2007-11-23" showIntranet="true" showInternet="true">
      <TitleGrp>
        <Title xml:lang="nn">Klassifisering av skogeigedommar etter storleiksklasse 1957</Title>
        <Title xml:lang="nb">Klassifisering av skogeiendommer etter størrelsesklasse 1957</Title>
        <Title xml:lang="en">Classification of forest properties by size class 1957</Title>
      </TitleGrp>
      <DescriptionGrp>
        <Description xml:lang="nn">Klassifiseringa deler skogeigedommane etter storleiken på det produktive skogarealet</Description>
        <Description xml:lang="nb">Klassifiseringen fordeler skogeiendommene etter størrelsen på det produktive skogarealet</Description>
        <Description xml:lang="en">The classification classify the forest properties in size classes after the size of the forest property's productive forest area</Description>
      </DescriptionGrp>
      <IntroductionGrp>
        <Indtroduction xml:lang="nn">Klassifisering av storleiksklasser vart første gong brukt ved Skogbruksteljing 1957</Indtroduction>
        <Indtroduction xml:lang="nb">Klassifisering etter størrelsesklasser ble første gang brukt ved Skogbrukstelling 1957</Indtroduction>
        <Indtroduction xml:lang="en">Classificaton of forest properties by size classes was introduced in the cencus of forestry 1957</Indtroduction>
      </IntroductionGrp>
      <ContactInformation>
        <Person xmlns="http://www.ssb.no/ns/meta/common">tra</Person>
        <Division xmlns="http://www.ssb.no/ns/meta/common">430</Division>
      </ContactInformation>
      <ExternalDocumentGrp>
        <ExternalDocument xml:lang="nn">Ikkje relevant</ExternalDocument>
        <ExternalDocument xml:lang="nb">Ikke relevant</ExternalDocument>
        <ExternalDocument xml:lang="en">Not relevant</ExternalDocument>
      </ExternalDocumentGrp>
      <ChangesGrp>
        <Change xml:lang="nn">Ikkje relevant</Change>
        <Change xml:lang="nb">Ikke relevant</Change>
        <Change xml:lang="en">Not relevant</Change>
      </ChangesGrp>
      <DerivedFromGrp>
        <DerviedFrom xml:lang="nn">Ikkje relevant</DerviedFrom>
        <DerviedFrom xml:lang="nb">Ikke relevant</DerviedFrom>
        <DerviedFrom xml:lang="en">Not relevant</DerviedFrom>
      </DerivedFromGrp>
      <LegalBaseGrp>
        <LegalBase xml:lang="nn">Ikkje relevant</LegalBase>
        <LegalBase xml:lang="nb">Ikke relevant</LegalBase>
        <LegalBase xml:lang="en">Not relevant</LegalBase>
      </LegalBaseGrp>
      <Level levelNumber="1" id="urn:ssb:classlevel:stabas:5048092" codeStructure="A">
        <TitleGrp>
          <Title xml:lang="nn">Klassifisering av skogeigedommar etter storleiksklasse 1957: Nivå 1</Title>
          <Title xml:lang="nb">Klassifisering av skogeiendommer etter størrelsesklasse 1957: Nivå 1</Title>
          <Title xml:lang="en">Classification of forest properties by size class 1957: Level 1</Title>
        </TitleGrp>
        <CodelistReference>urn:ssb:codelist:stabas:5048092</CodelistReference>
      </Level>
    </ClassificationVersion>
  </ClassificationVersions>
</Classification>