<?xml version="1.0" encoding="utf-8"?>
<Classification xmlns:xsi="http://www.w3.org/2001/XMLSchema-instance" xmlns:xsd="http://www.w3.org/2001/XMLSchema" id="urn:ssb:classification:stabas:5048024" currentVersionId="urn:ssb:classversion:stabas:5048025" xmlns="http://www.ssb.no/ns/meta/classification">
  <TitleGrp>
    <Title xml:lang="nn">Standard klassifisering av hjortevilt etter alder og kjønn</Title>
    <Title xml:lang="nb">Standard klassifisering av hjortevilt etter alder og kjønn</Title>
    <Title xml:lang="en">Classification of cervids after age and sex</Title>
  </TitleGrp>
  <DescriptionGrp>
    <Description xml:lang="nn">Klassifiseringa omfattar elg, hjort og villrein</Description>
    <Description xml:lang="nb">Klassifiseringen omfatter elg, hjort og villrein</Description>
    <Description xml:lang="en">The classification comprises moose, red deer and wild reindeer</Description>
  </DescriptionGrp>
  <StatisticalUnitGrp>
    <StatisticalUnit xml:lang="nn">Dyr</StatisticalUnit>
    <StatisticalUnit xml:lang="nb">Dyr</StatisticalUnit>
    <StatisticalUnit xml:lang="en">Animal</StatisticalUnit>
  </StatisticalUnitGrp>
  <OwnerGrp>
    <Owner xml:lang="nn">Statistisk sentralbyrå (SSB)</Owner>
    <Owner xml:lang="nb">Statistisk sentralbyrå (SSB)</Owner>
    <Owner xml:lang="en">Statistics Norway (SSB)</Owner>
  </OwnerGrp>
  <SubjectArea>10</SubjectArea>
  <ClassificationVersions>
    <ClassificationVersion id="urn:ssb:classversion:stabas:5048025" isCurrentVersion="true" validFrom="1952-01-01" isUnderConstruction="false" updatesPossible="false" disseminationAllowed="true" lastChangedDate="2007-11-23" showIntranet="true" showInternet="true">
      <TitleGrp>
        <Title xml:lang="nn">Klassifisering av hjortevilt etter alder og kjønn 1952</Title>
        <Title xml:lang="nb">Klassifisering av hjortevilt etter alder og kjønn 1952</Title>
        <Title xml:lang="en">Classification of cervids after age and sex 1952</Title>
      </TitleGrp>
      <DescriptionGrp>
        <Description xml:lang="nn">Klassifiseringa omfattar elg, hjort og villrein</Description>
        <Description xml:lang="nb">Klassifiseringen omfatter elg, hjort og villrein</Description>
        <Description xml:lang="en">The classification comprises moose, red deer and wild reindeer</Description>
      </DescriptionGrp>
      <IntroductionGrp>
        <Indtroduction xml:lang="nn">1952</Indtroduction>
        <Indtroduction xml:lang="nb">1952</Indtroduction>
        <Indtroduction xml:lang="en">1952</Indtroduction>
      </IntroductionGrp>
      <ContactInformation>
        <Person xmlns="http://www.ssb.no/ns/meta/common">tra</Person>
        <Division xmlns="http://www.ssb.no/ns/meta/common">430</Division>
      </ContactInformation>
      <ExternalDocumentGrp>
        <ExternalDocument xml:lang="nn">Ikkje relevant</ExternalDocument>
        <ExternalDocument xml:lang="nb">Ikke relevant</ExternalDocument>
        <ExternalDocument xml:lang="en">Not relevant</ExternalDocument>
      </ExternalDocumentGrp>
      <ChangesGrp>
        <Change xml:lang="nn">Ikkje relevant</Change>
        <Change xml:lang="nb">Ikke relevant</Change>
        <Change xml:lang="en">Not relevant</Change>
      </ChangesGrp>
      <DerivedFromGrp>
        <DerviedFrom xml:lang="nn">Ikkje relevant</DerviedFrom>
        <DerviedFrom xml:lang="nb">Ikke relevant</DerviedFrom>
        <DerviedFrom xml:lang="en">Not relevant</DerviedFrom>
      </DerivedFromGrp>
      <LegalBaseGrp>
        <LegalBase xml:lang="nn">Ikkje relevant</LegalBase>
        <LegalBase xml:lang="nb">Ikke relevant</LegalBase>
        <LegalBase xml:lang="en">Not relevant</LegalBase>
      </LegalBaseGrp>
      <Level levelNumber="1" id="urn:ssb:classlevel:stabas:5048029" codeStructure="9">
        <TitleGrp>
          <Title xml:lang="nn">Klassifisering av hjortevilt etter alder og kjønn 1952: Nivå 1</Title>
          <Title xml:lang="nb">Klassifisering av hjortevilt etter alder og kjønn 1952: Nivå 1</Title>
          <Title xml:lang="en">Classification of cervids after age and sex 1952: Level 1</Title>
        </TitleGrp>
        <CodelistReference>urn:ssb:codelist:stabas:5048029</CodelistReference>
        <Level levelNumber="2" id="urn:ssb:classlevel:stabas:5048031" codeStructure="9.9">
          <TitleGrp>
            <Title xml:lang="nn">Klassifisering av hjortevilt etter alder og kjønn 1952: Nivå 2</Title>
            <Title xml:lang="nb">Klassifisering av hjortevilt etter alder og kjønn 1952: Nivå 2</Title>
            <Title xml:lang="en">Classification of cervids after age and sex 1952: Level 2</Title>
          </TitleGrp>
          <CodelistReference>urn:ssb:codelist:stabas:5048031</CodelistReference>
        </Level>
      </Level>
    </ClassificationVersion>
  </ClassificationVersions>
</Classification>