<?xml version="1.0" encoding="utf-8"?>
<Classification xmlns:xsi="http://www.w3.org/2001/XMLSchema-instance" xmlns:xsd="http://www.w3.org/2001/XMLSchema" id="urn:ssb:classification:stabas:5048112" currentVersionId="urn:ssb:classversion:stabas:5048113" xmlns="http://www.ssb.no/ns/meta/classification">
  <TitleGrp>
    <Title xml:lang="nn">Standard klassifisering av skogsvegar for motorkøyrety</Title>
    <Title xml:lang="nb">Standard klassifisering av skogsveger for motorkjøretøyer</Title>
    <Title xml:lang="en">Classification of forest roads</Title>
  </TitleGrp>
  <DescriptionGrp>
    <Description xml:lang="nn">Føremålet er å kunne klassifisere skogsvegen etter standarden på vegen og kva bruk vegen er godkjent for</Description>
    <Description xml:lang="nb">Formålet er å kunne klassifisere skogsvegen etter standarden på vegen og hvilket bruk den er godkjent for</Description>
    <Description xml:lang="en">The purpose is to classify forest roads by quality and use</Description>
  </DescriptionGrp>
  <StatisticalUnitGrp>
    <StatisticalUnit xml:lang="nn">Skogsveg</StatisticalUnit>
    <StatisticalUnit xml:lang="nb">Skogsveg</StatisticalUnit>
    <StatisticalUnit xml:lang="en">Forest road</StatisticalUnit>
  </StatisticalUnitGrp>
  <OwnerGrp>
    <Owner xml:lang="nn">Statistisk sentralbyrå (SSB)</Owner>
    <Owner xml:lang="nb">Statistisk sentralbyrå (SSB)</Owner>
    <Owner xml:lang="en">Statistics Norway (SSB)</Owner>
  </OwnerGrp>
  <SubjectArea>10</SubjectArea>
  <ClassificationVersions>
    <ClassificationVersion id="urn:ssb:classversion:stabas:5048113" isCurrentVersion="true" validFrom="2002-01-01" isUnderConstruction="false" updatesPossible="false" disseminationAllowed="true" lastChangedDate="2007-11-23" showIntranet="true" showInternet="true">
      <TitleGrp>
        <Title xml:lang="nn">Klassifisering av skogsvegar for motorkøyrety 2002</Title>
        <Title xml:lang="nb">Klassifisering av skogsveger for motorkjøretøyer 2002</Title>
        <Title xml:lang="en">Classification of forest roads 2002</Title>
      </TitleGrp>
      <DescriptionGrp>
        <Description xml:lang="nn">Føremålet er å kunne klassifisere skogsvegen etter standarden på vegen og kva bruk vegen er godkjent for</Description>
        <Description xml:lang="nb">Formålet er å kunne klassifisere skogsvegen etter standarden på vegen og hvilket bruk den er godkjent for</Description>
        <Description xml:lang="en">The purpose is to classify forest roads by quality and use</Description>
      </DescriptionGrp>
      <IntroductionGrp>
        <Indtroduction xml:lang="nn">1997</Indtroduction>
        <Indtroduction xml:lang="nb">1997</Indtroduction>
        <Indtroduction xml:lang="en">1997</Indtroduction>
      </IntroductionGrp>
      <ContactInformation>
        <Person xmlns="http://www.ssb.no/ns/meta/common">tra</Person>
        <Division xmlns="http://www.ssb.no/ns/meta/common">430</Division>
      </ContactInformation>
      <ExternalDocumentGrp>
        <ExternalDocument xml:lang="nn">Normalar for landbruksveger - med byggeforklaring (LMD)</ExternalDocument>
        <ExternalDocument xml:lang="nb">Normaler for landbruksveger - med byggebeskrivelser (LMD)</ExternalDocument>
        <ExternalDocument xml:lang="en">Standard for agricultural roads - with construction description (LMD)</ExternalDocument>
      </ExternalDocumentGrp>
      <ChangesGrp>
        <Change xml:lang="nn">Ikkje relevant</Change>
        <Change xml:lang="nb">Ikke relevant</Change>
        <Change xml:lang="en">Not relevant</Change>
      </ChangesGrp>
      <DerivedFromGrp>
        <DerviedFrom xml:lang="nn">Normalar for landbruksveger - med byggeforklaring (LMD)</DerviedFrom>
        <DerviedFrom xml:lang="nb">Normaler for landbruksveger - med byggebeskrivelser (LMD)</DerviedFrom>
        <DerviedFrom xml:lang="en">Standard for agricultural roads - with construction description (LMD)</DerviedFrom>
      </DerivedFromGrp>
      <LegalBaseGrp>
        <LegalBase xml:lang="nn">Ikkje relevant</LegalBase>
        <LegalBase xml:lang="nb">Ikke relevant</LegalBase>
        <LegalBase xml:lang="en">Not relevant</LegalBase>
      </LegalBaseGrp>
      <Level levelNumber="1" id="urn:ssb:classlevel:stabas:5048117" codeStructure="9">
        <TitleGrp>
          <Title xml:lang="nn">Klassifisering av skogsvegar for motorkøyrety 2002: Nivå 1</Title>
          <Title xml:lang="nb">Klassifisering av skogsveger for motorkjøretøyer 2002: Nivå 1</Title>
          <Title xml:lang="en">Classification of forest roads 2002: Level 1</Title>
        </TitleGrp>
        <CodelistReference>urn:ssb:codelist:stabas:5048117</CodelistReference>
        <Level levelNumber="2" id="urn:ssb:classlevel:stabas:5048119" codeStructure="9.9">
          <TitleGrp>
            <Title xml:lang="nn">Klassifisering av skogsvegar for motorkøyrety 2002: Nivå 2</Title>
            <Title xml:lang="nb">Klassifisering av skogsveger for motorkjøretøyer 2002: Nivå 2</Title>
            <Title xml:lang="en">Classification of forest roads 2002: Level 2</Title>
          </TitleGrp>
          <CodelistReference>urn:ssb:codelist:stabas:5048119</CodelistReference>
        </Level>
      </Level>
    </ClassificationVersion>
  </ClassificationVersions>
</Classification>