<?xml version="1.0" encoding="utf-8"?>
<Classification xmlns:xsi="http://www.w3.org/2001/XMLSchema-instance" xmlns:xsd="http://www.w3.org/2001/XMLSchema" id="urn:ssb:classification:stabas:5052001" currentVersionId="urn:ssb:classversion:stabas:5052002" xmlns="http://www.ssb.no/ns/meta/classification">
  <TitleGrp>
    <Title xml:lang="nn">Standard for skipstypar</Title>
    <Title xml:lang="nb">Standard for skipstyper</Title>
    <Title xml:lang="en">Classification of type of vessel </Title>
  </TitleGrp>
  <DescriptionGrp>
    <Description xml:lang="nn">Ei harmonisering av skipstypekodar basert på kodelister frå sjøfartsdirektoratet, Eurostat og Lloyds. Skal brukast for alle statistikkar på sjøfartsområdet. Eksempel er Havnestatistikk, Prisindeks for sjøtransport, Handelsflåtestatistikk og Skipsanløpsstatistikk.</Description>
    <Description xml:lang="nb">En harmonisering av skipstypekoder basert på kodelister fra sjøfartsdirektoratet, Eurostat og Lloyds. Skal brukes for alle statistikker på sjøfartsområdet. Eksempel er Havnestatistikk, Prisindeks for sjøtransport, Handelsflåtestatistikk og Skipsanløpsstatistikk.</Description>
    <Description xml:lang="en">This is a harmonisation of vessel type codes based on codes from the Norwegian Maritime Directorate, Eurostat and Lloyd's. The nomenclature will be used on all statistics on water transport, e.g. Port Statistics, Price index on sea and coastal water transport, Merchant fleet statistics and statistics on Arrival of vessels in international ports.</Description>
  </DescriptionGrp>
  <StatisticalUnitGrp>
    <StatisticalUnit xml:lang="nn">Skip</StatisticalUnit>
    <StatisticalUnit xml:lang="nb">Skip</StatisticalUnit>
    <StatisticalUnit xml:lang="en">Vessel</StatisticalUnit>
  </StatisticalUnitGrp>
  <OwnerGrp>
    <Owner xml:lang="nn">Statistisk sentralbyrå (SSB)</Owner>
    <Owner xml:lang="nb">Statistisk sentralbyrå (SSB)</Owner>
    <Owner xml:lang="en">Statistics Norway (SSB)</Owner>
  </OwnerGrp>
  <SubjectArea>10</SubjectArea>
  <ClassificationVersions>
    <ClassificationVersion id="urn:ssb:classversion:stabas:5052002" isCurrentVersion="true" validFrom="2008-01-01" isUnderConstruction="false" updatesPossible="false" disseminationAllowed="true" lastChangedDate="2012-10-25" showIntranet="true" showInternet="true">
      <TitleGrp>
        <Title xml:lang="nn">Standard for skipstypar 2008</Title>
        <Title xml:lang="nb">Standard for skipstyper 2008</Title>
        <Title xml:lang="en">Classification of type of vessel 2008</Title>
      </TitleGrp>
      <DescriptionGrp>
        <Description xml:lang="nn">Ei harmonisering av skipstypekodar basert på kodelister frå sjøfartsdirektoratet, Eurostat og Lloyds. Skal brukast for alle statistikkar på sjøfartsområdet. Eksempel er Havnestatistikk, Prisindeks for sjøtransport, Handelsflåtestatistikk og Skipsanløpsstatistikk.</Description>
        <Description xml:lang="nb">En harmonisering av skipstypekoder basert på kodelister fra sjøfartsdirektoratet, Eurostat og Lloyds. Skal brukes for alle statistikker på sjøfartsområdet. Eksempel er Havnestatistikk, Prisindeks for sjøtransport, Handelsflåtestatistikk og Skipsanløpsstatistikk.</Description>
        <Description xml:lang="en">This is a harmonisation of vessel type codes based on codes from the Norwegian Maritime Directorate, Eurostat and Lloyd's. The nomenclature will be used on all statistics on water transport, e.g. Port Statistics, Price index on sea and coastal water transport, Merchant fleet statistics and statistics on Arrival of vessels in international ports.</Description>
      </DescriptionGrp>
      <IntroductionGrp>
        <Indtroduction xml:lang="nn">Ikkje relevant</Indtroduction>
        <Indtroduction xml:lang="nb">Ikke relevant</Indtroduction>
        <Indtroduction xml:lang="en">Not relevant</Indtroduction>
      </IntroductionGrp>
      <ContactInformation>
        <Person xmlns="http://www.ssb.no/ns/meta/common">tgj</Person>
        <Division xmlns="http://www.ssb.no/ns/meta/common">440</Division>
      </ContactInformation>
      <ExternalDocumentGrp>
        <ExternalDocument xml:lang="nn">Ikkje relevant</ExternalDocument>
        <ExternalDocument xml:lang="nb">Ikke relevant</ExternalDocument>
        <ExternalDocument xml:lang="en">Not relevant</ExternalDocument>
      </ExternalDocumentGrp>
      <ChangesGrp>
        <Change xml:lang="nn">Ikkje relevant</Change>
        <Change xml:lang="nb">Ikke relevant</Change>
        <Change xml:lang="en">Not relevant</Change>
      </ChangesGrp>
      <DerivedFromGrp>
        <DerviedFrom xml:lang="nn">Ikkje relevant</DerviedFrom>
        <DerviedFrom xml:lang="nb">Ikke relevant</DerviedFrom>
        <DerviedFrom xml:lang="en">Not relevant</DerviedFrom>
      </DerivedFromGrp>
      <LegalBaseGrp>
        <LegalBase xml:lang="nn">Ikkje relevant</LegalBase>
        <LegalBase xml:lang="nb">Ikke relevant</LegalBase>
        <LegalBase xml:lang="en">Not relevant</LegalBase>
      </LegalBaseGrp>
      <Level levelNumber="1" id="urn:ssb:classlevel:stabas:5052006" codeStructure="9">
        <TitleGrp>
          <Title xml:lang="nn">Standard for skipstypar 2008: Nivå 1</Title>
          <Title xml:lang="nb">Standard for skipstyper 2008: Nivå 1</Title>
          <Title xml:lang="en">Classification of type of vessel 2008: Level 1</Title>
        </TitleGrp>
        <CodelistReference>urn:ssb:codelist:stabas:5052006</CodelistReference>
        <Level levelNumber="2" id="urn:ssb:classlevel:stabas:5052008" codeStructure="99">
          <TitleGrp>
            <Title xml:lang="nn">Standard for skipstypar 2008: Nivå 2</Title>
            <Title xml:lang="nb">Standard for skipstyper 2008: Nivå 2</Title>
            <Title xml:lang="en">Classification of type of vessel 2008: Level 2</Title>
          </TitleGrp>
          <CodelistReference>urn:ssb:codelist:stabas:5052008</CodelistReference>
          <Level levelNumber="3" id="urn:ssb:classlevel:stabas:5052010" codeStructure="999">
            <TitleGrp>
              <Title xml:lang="nn">Standard for skipstypar 2008: Nivå 3</Title>
              <Title xml:lang="nb">Standard for skipstyper 2008: Nivå 3</Title>
              <Title xml:lang="en">Classification of type of vessel 2008: Level 3</Title>
            </TitleGrp>
            <CodelistReference>urn:ssb:codelist:stabas:5052010</CodelistReference>
          </Level>
        </Level>
      </Level>
    </ClassificationVersion>
  </ClassificationVersions>
</Classification>