<?xml version="1.0" encoding="utf-8"?>
<Classification xmlns:xsi="http://www.w3.org/2001/XMLSchema-instance" xmlns:xsd="http://www.w3.org/2001/XMLSchema" id="urn:ssb:classification:stabas:5218001" currentVersionId="urn:ssb:classversion:stabas:5218002" xmlns="http://www.ssb.no/ns/meta/classification">
  <TitleGrp>
    <Title xml:lang="nn">Standard for førarkortklasse</Title>
    <Title xml:lang="nb">Standard for førerkortklasse</Title>
    <Title xml:lang="en">Classification of driving licence class</Title>
  </TitleGrp>
  <DescriptionGrp>
    <Description xml:lang="nn">Den som skal føre motorvogn i Noreg må ha gyldig norsk førarkort i vedkomande klasse eller gyldig utanlandsk førarkort som vert godkjent etter visse reglar i førarkortforskriften av 19. januar 2004, nr. 298. Førarkortklassane A til D er internasjonale, medan dei resterande er nasjonale førarkortklassar.</Description>
    <Description xml:lang="nb">Den som skal føre motorvogn i Norge må ha gyldig norsk førerkort i vedkommende klasse eller gyldig utenlandsk førerkort som anerkjennes etter visse regler i førerkortforskiften av 19. januar 2004, nr. 298. Førerkortklassene A til D er internasjonale, mens de resterende er nasjonale førerkortklasser.</Description>
    <Description xml:lang="en">Driver of motor vehicles in Norway must have valid Norwegian driving licence in the relevant class or valid international driving licence approved in accordance with certain rules in the driving licence regulation of 19 January 2004, no. 298. The driving licence classes A to D are international, while the remaining classes are national.</Description>
  </DescriptionGrp>
  <StatisticalUnitGrp>
    <StatisticalUnit xml:lang="nn">Førarkort</StatisticalUnit>
    <StatisticalUnit xml:lang="nb">Førerkort</StatisticalUnit>
    <StatisticalUnit xml:lang="en">Driving licence</StatisticalUnit>
  </StatisticalUnitGrp>
  <OwnerGrp>
    <Owner xml:lang="nn">Statistisk sentralbyrå (SSB)</Owner>
    <Owner xml:lang="nb">Statistisk sentralbyrå (SSB)</Owner>
    <Owner xml:lang="en">Statistics Norway (SSB)</Owner>
  </OwnerGrp>
  <SubjectArea>10</SubjectArea>
  <ClassificationVersions>
    <ClassificationVersion id="urn:ssb:classversion:stabas:5218002" isCurrentVersion="true" validFrom="2004-07-01" isUnderConstruction="false" updatesPossible="false" disseminationAllowed="true" lastChangedDate="2012-10-24" showIntranet="true" showInternet="true">
      <TitleGrp>
        <Title xml:lang="nn">Standard for førarkortklasse 2004</Title>
        <Title xml:lang="nb">Standard for førerkortklasse 2004</Title>
        <Title xml:lang="en">Classification of driving licence class 2004</Title>
      </TitleGrp>
      <DescriptionGrp>
        <Description xml:lang="nn">Den som skal føre motorvogn i Noreg må ha gyldig norsk førarkort i vedkomande klasse eller gyldig utanlandsk førarkort som vert godkjent etter visse reglar i førarkortforskriften av 19. januar 2004, nr. 298. Førarkortklassane A til D er internasjonale, medan dei resterande er nasjonale førarkortklassar.</Description>
        <Description xml:lang="nb">Den som skal føre motorvogn i Norge må ha gyldig norsk førerkort i vedkommende klasse eller gyldig utenlandsk førerkort som anerkjennes etter visse regler i førerkortforskiften av 19. januar 2004, nr. 298. Førerkortklassene A til D er internasjonale, mens de resterende er nasjonale førerkortklasser.</Description>
        <Description xml:lang="en">Driver of motor vehicles in Norway must have valid Norwegian driving licence in the relevant class or valid international driving licence approved in accordance with certain rules in the driving licence regulation of 19 January 2004, no. 298. The driving licence classes A to D are international, while the remaining classes are national.</Description>
      </DescriptionGrp>
      <IntroductionGrp>
        <Indtroduction xml:lang="nn">Ikkje relevant</Indtroduction>
        <Indtroduction xml:lang="nb">Ikke relevant</Indtroduction>
        <Indtroduction xml:lang="en">Not relevant</Indtroduction>
      </IntroductionGrp>
      <ContactInformation>
        <Person xmlns="http://www.ssb.no/ns/meta/common">aww</Person>
        <Division xmlns="http://www.ssb.no/ns/meta/common">440</Division>
      </ContactInformation>
      <ExternalDocumentGrp>
        <ExternalDocument xml:lang="nn">Ikkje relevant</ExternalDocument>
        <ExternalDocument xml:lang="nb">Ikke relevant</ExternalDocument>
        <ExternalDocument xml:lang="en">Not relevant</ExternalDocument>
      </ExternalDocumentGrp>
      <ChangesGrp>
        <Change xml:lang="nn">Ikkje relevant</Change>
        <Change xml:lang="nb">Ikke relevant</Change>
        <Change xml:lang="en">Not relevant</Change>
      </ChangesGrp>
      <DerivedFromGrp>
        <DerviedFrom xml:lang="nn">Ikkje relevant</DerviedFrom>
        <DerviedFrom xml:lang="nb">Ikke relevant</DerviedFrom>
        <DerviedFrom xml:lang="en">Not relevant</DerviedFrom>
      </DerivedFromGrp>
      <LegalBaseGrp>
        <LegalBase xml:lang="nn">Ikkje relevant</LegalBase>
        <LegalBase xml:lang="nb">Ikke relevant</LegalBase>
        <LegalBase xml:lang="en">Not relevant</LegalBase>
      </LegalBaseGrp>
      <Level levelNumber="1" id="urn:ssb:classlevel:stabas:5218006" codeStructure="A">
        <TitleGrp>
          <Title xml:lang="nn">Standard for førarkortklasse 2004: Nivå 1</Title>
          <Title xml:lang="nb">Standard for førerkortklasse 2004: Nivå 1</Title>
          <Title xml:lang="en">Classification of driving licence class 2004: Level 1</Title>
        </TitleGrp>
        <CodelistReference>urn:ssb:codelist:stabas:5218006</CodelistReference>
        <Level levelNumber="2" id="urn:ssb:classlevel:stabas:5218008" codeStructure="AX">
          <TitleGrp>
            <Title xml:lang="nn">Standard for førarkortklasse 2004: Nivå 2</Title>
            <Title xml:lang="nb">Standard for førerkortklasse 2004: Nivå 2</Title>
            <Title xml:lang="en">Classification of driving licence class 2004: Level 2</Title>
          </TitleGrp>
          <CodelistReference>urn:ssb:codelist:stabas:5218008</CodelistReference>
          <Level levelNumber="3" id="urn:ssb:classlevel:stabas:5218010" codeStructure="AXA">
            <TitleGrp>
              <Title xml:lang="nn">Standard for førarkortklasse 2004: Nivå 3</Title>
              <Title xml:lang="nb">Standard for førerkortklasse 2004: Nivå 3</Title>
              <Title xml:lang="en">Classification of driving licence class 2004: Level 3</Title>
            </TitleGrp>
            <CodelistReference>urn:ssb:codelist:stabas:5218010</CodelistReference>
          </Level>
        </Level>
      </Level>
    </ClassificationVersion>
  </ClassificationVersions>
</Classification>