<?xml version="1.0" encoding="utf-8"?>
<Classification xmlns:xsi="http://www.w3.org/2001/XMLSchema-instance" xmlns:xsd="http://www.w3.org/2001/XMLSchema" id="urn:ssb:classification:stabas:5276001" currentVersionId="urn:ssb:classversion:stabas:5276002" xmlns="http://www.ssb.no/ns/meta/classification">
  <TitleGrp>
    <Title xml:lang="nn">Standard for klassifisering av skadestad</Title>
    <Title xml:lang="nb">Standard for klassifisering av skadested</Title>
    <Title xml:lang="en">Classification of location of injury</Title>
  </TitleGrp>
  <DescriptionGrp />
  <StatisticalUnitGrp>
    <StatisticalUnit xml:lang="nb">Region</StatisticalUnit>
  </StatisticalUnitGrp>
  <OwnerGrp>
    <Owner xml:lang="nn">Statistisk sentralbyrå(SSB)</Owner>
    <Owner xml:lang="nb">Statistisk sentralbyrå (SSB)</Owner>
    <Owner xml:lang="en">Statistics Norway (SSB)</Owner>
  </OwnerGrp>
  <SubjectArea>03</SubjectArea>
  <ClassificationVersions>
    <ClassificationVersion id="urn:ssb:classversion:stabas:5276002" isCurrentVersion="true" validFrom="1996-01-01" isUnderConstruction="false" updatesPossible="true" disseminationAllowed="true" lastChangedDate="2016-06-05" showIntranet="true" showInternet="true">
      <TitleGrp>
        <Title xml:lang="nn">Standard for klassifisering av skadestad 1996</Title>
        <Title xml:lang="nb">Standard for klassifisering av skadested 1996</Title>
        <Title xml:lang="en">Location of injury 1996</Title>
      </TitleGrp>
      <DescriptionGrp>
        <Description xml:lang="nn">Klassifikasjonen vert brukt for å kategorisere staden der ein skade inntraff.</Description>
        <Description xml:lang="nb">Klassifikasjonen brukes for å angi stedet der en skade inntraff.</Description>
        <Description xml:lang="en">The classification gives information about the location of an injury.</Description>
      </DescriptionGrp>
      <IntroductionGrp>
        <Indtroduction xml:lang="nn">Ikkje relevant</Indtroduction>
        <Indtroduction xml:lang="nb">Ikke relevant</Indtroduction>
        <Indtroduction xml:lang="en">Not relevant</Indtroduction>
      </IntroductionGrp>
      <ContactInformation>
        <Person xmlns="http://www.ssb.no/ns/meta/common">mwa</Person>
        <Division xmlns="http://www.ssb.no/ns/meta/common">330</Division>
      </ContactInformation>
      <ExternalDocumentGrp>
        <ExternalDocument xml:lang="nn">Ikkje relevant</ExternalDocument>
        <ExternalDocument xml:lang="nb">Ikke relevant</ExternalDocument>
        <ExternalDocument xml:lang="en">Not relevant</ExternalDocument>
      </ExternalDocumentGrp>
      <ChangesGrp>
        <Change xml:lang="nn">Ikkje relevant</Change>
        <Change xml:lang="nb">Ikke relevant</Change>
        <Change xml:lang="en">Not relevant</Change>
      </ChangesGrp>
      <DerivedFromGrp>
        <DerviedFrom xml:lang="nn">Ikkje relevant</DerviedFrom>
        <DerviedFrom xml:lang="nb">Ikke relevant</DerviedFrom>
        <DerviedFrom xml:lang="en">Not relevant</DerviedFrom>
      </DerivedFromGrp>
      <LegalBaseGrp>
        <LegalBase xml:lang="nn">Ikkje relevant</LegalBase>
        <LegalBase xml:lang="nb">Ikke relevant</LegalBase>
        <LegalBase xml:lang="en">Not relevant</LegalBase>
      </LegalBaseGrp>
      <Level levelNumber="1" id="urn:ssb:classlevel:stabas:5276101">
        <TitleGrp>
          <Title xml:lang="nn">Standard for klassifisering av skadestad 1996</Title>
          <Title xml:lang="nb">Standard for klassifisering av skadested 1996: skadested</Title>
          <Title xml:lang="en">Location of injury 1996</Title>
        </TitleGrp>
        <CodelistReference>urn:ssb:codelist:stabas:5276101</CodelistReference>
      </Level>
    </ClassificationVersion>
  </ClassificationVersions>
</Classification>