<?xml version="1.0" encoding="utf-8"?>
<Classification xmlns:xsi="http://www.w3.org/2001/XMLSchema-instance" xmlns:xsd="http://www.w3.org/2001/XMLSchema" id="urn:ssb:classification:stabas:5286115" currentVersionId="urn:ssb:classversion:stabas:5286116" xmlns="http://www.ssb.no/ns/meta/classification">
  <TitleGrp>
    <Title xml:lang="nn">Standard for klassifisering av fødselsvekt </Title>
    <Title xml:lang="nb">Standard for klassifisering av fødselsvekt</Title>
    <Title xml:lang="en">Classification of birthweight</Title>
  </TitleGrp>
  <DescriptionGrp />
  <StatisticalUnitGrp>
    <StatisticalUnit xml:lang="nb">Person</StatisticalUnit>
  </StatisticalUnitGrp>
  <OwnerGrp>
    <Owner xml:lang="nn">Statistisk sentralbyrå (SSB) </Owner>
    <Owner xml:lang="nb">Statistisk sentralbyrå (SSB)</Owner>
    <Owner xml:lang="en">Statistics Norway (SSB)</Owner>
  </OwnerGrp>
  <SubjectArea>03</SubjectArea>
  <ClassificationVersions>
    <ClassificationVersion id="urn:ssb:classversion:stabas:5286116" isCurrentVersion="true" validFrom="1996-01-01" isUnderConstruction="false" updatesPossible="true" disseminationAllowed="false" lastChangedDate="2016-06-14" showIntranet="true" showInternet="false">
      <TitleGrp>
        <Title xml:lang="nn">Standard for klassifisering av fødselsvekt 1996 </Title>
        <Title xml:lang="nb">Standard for klassifisering av fødselsvekt 1996</Title>
        <Title xml:lang="en">Classification of birthweight </Title>
      </TitleGrp>
      <DescriptionGrp>
        <Description xml:lang="nn">Klassifiseringa vert brukt i samband med koding av dødsårsak (for barn som døyr i første leveveke).</Description>
        <Description xml:lang="nb">Klassifiseringen brukes i forbindelse med koding av dødsårsak (for barn som dør i løpet av første leveuke).</Description>
        <Description xml:lang="en">The classification is used when coding causes of death (for children who die the first week after their birth).</Description>
      </DescriptionGrp>
      <IntroductionGrp>
        <Indtroduction xml:lang="nn">Ikkje relevant</Indtroduction>
        <Indtroduction xml:lang="nb">Ikke relevant</Indtroduction>
        <Indtroduction xml:lang="en">Not relevant</Indtroduction>
      </IntroductionGrp>
      <ContactInformation>
        <Person xmlns="http://www.ssb.no/ns/meta/common">mwa</Person>
        <Division xmlns="http://www.ssb.no/ns/meta/common">330</Division>
      </ContactInformation>
      <ExternalDocumentGrp>
        <ExternalDocument xml:lang="nn">http://www.ssb.no/emner/03/01/10/ </ExternalDocument>
        <ExternalDocument xml:lang="nb">http://www.ssb.no/emner/03/01/10/</ExternalDocument>
        <ExternalDocument xml:lang="en">http://www.ssb.no/english/subjects/03/01/10/</ExternalDocument>
      </ExternalDocumentGrp>
      <ChangesGrp>
        <Change xml:lang="nn">Ikkje relevant</Change>
        <Change xml:lang="nb">Ikke relevant</Change>
        <Change xml:lang="en">Not relevant</Change>
      </ChangesGrp>
      <DerivedFromGrp>
        <DerviedFrom xml:lang="nn">Ikkje relevant</DerviedFrom>
        <DerviedFrom xml:lang="nb">Ikke relevant</DerviedFrom>
        <DerviedFrom xml:lang="en">Not relevant</DerviedFrom>
      </DerivedFromGrp>
      <LegalBaseGrp>
        <LegalBase xml:lang="nn">Ikkje relevant</LegalBase>
        <LegalBase xml:lang="nb">Ikke relevant</LegalBase>
        <LegalBase xml:lang="en">Not relevant</LegalBase>
      </LegalBaseGrp>
      <Level levelNumber="1" id="urn:ssb:classlevel:stabas:5286118">
        <TitleGrp>
          <Title xml:lang="nn">Standard for klassifisering av fødselsvekt 1996 </Title>
          <Title xml:lang="nb">Standard for klassifisering av fødselsvekt 1996</Title>
          <Title xml:lang="en">Classification of birthweight </Title>
        </TitleGrp>
        <CodelistReference>urn:ssb:codelist:stabas:5286118</CodelistReference>
      </Level>
    </ClassificationVersion>
  </ClassificationVersions>
</Classification>