<?xml version="1.0" encoding="utf-8"?>
<Classification xmlns:xsi="http://www.w3.org/2001/XMLSchema-instance" xmlns:xsd="http://www.w3.org/2001/XMLSchema" id="urn:ssb:classification:stabas:5536101" currentVersionId="urn:ssb:classversion:stabas:0" xmlns="http://www.ssb.no/ns/meta/classification">
  <TitleGrp>
    <Title xml:lang="nn">Standard for gruppering av personar etter innvandringsbakgrunn</Title>
    <Title xml:lang="nb">Standard for gruppering av personer etter innvandringsbakgrunn</Title>
    <Title xml:lang="en">Classification of immigration category</Title>
  </TitleGrp>
  <DescriptionGrp>
    <Description xml:lang="nb">Denne standarden er gyldig f.o.m. 1. oktober 2008, og den erstatter "Standard for innvandringskategori". Versjonene "Innvandringskategori 1994" og "Innvandringskategori 2003" er flyttet fra utgått standard "Standard for innvandringskategori".</Description>
  </DescriptionGrp>
  <StatisticalUnitGrp>
    <StatisticalUnit xml:lang="nb">Personer</StatisticalUnit>
  </StatisticalUnitGrp>
  <OwnerGrp>
    <Owner xml:lang="nn">Statistisk sentralbyrå (SSB)</Owner>
    <Owner xml:lang="nb">Statistisk sentralbyrå (SSB)</Owner>
    <Owner xml:lang="en">Statistics Norway (SSB)</Owner>
  </OwnerGrp>
  <SubjectArea>02</SubjectArea>
  <ClassificationVersions>
    <ClassificationVersion id="urn:ssb:classversion:stabas:5536193" isCurrentVersion="false" isUnderConstruction="false" updatesPossible="false" disseminationAllowed="false" showIntranet="false" showInternet="false" />
    <ClassificationVersion id="urn:ssb:classversion:stabas:5536158" isCurrentVersion="true" validFrom="2008-10-01" isUnderConstruction="false" updatesPossible="false" disseminationAllowed="true" lastChangedDate="2011-04-04" showIntranet="true" showInternet="true">
      <TitleGrp>
        <Title xml:lang="nn">Innvandringskategori 2008 </Title>
        <Title xml:lang="nb">Innvandringskategori 2008 </Title>
        <Title xml:lang="en">Immigration category 2008</Title>
      </TitleGrp>
      <DescriptionGrp>
        <Description xml:lang="nn">Ikkje relevant</Description>
        <Description xml:lang="nb">Ikke relevant</Description>
        <Description xml:lang="en">Not relevant</Description>
      </DescriptionGrp>
      <IntroductionGrp>
        <Indtroduction xml:lang="nn">Ikkje relevant</Indtroduction>
        <Indtroduction xml:lang="nb">Ikke relevant</Indtroduction>
        <Indtroduction xml:lang="en">Not relevant</Indtroduction>
      </IntroductionGrp>
      <ContactInformation>
        <Person xmlns="http://www.ssb.no/ns/meta/common">dza</Person>
        <Division xmlns="http://www.ssb.no/ns/meta/common">320</Division>
      </ContactInformation>
      <ExternalDocumentGrp>
        <ExternalDocument xml:lang="nn">Ikkje relevant</ExternalDocument>
        <ExternalDocument xml:lang="nb">Ikke relevant</ExternalDocument>
        <ExternalDocument xml:lang="en">Not relevant</ExternalDocument>
      </ExternalDocumentGrp>
      <ChangesGrp>
        <Change xml:lang="nn">Kategori D Utenlandsadopterte er vorte fjerna i høve til Innvandringskategori 1994. Dette skuldast båe produksjonsmessige omsyn (tal for utanlandsadopterte kom inn seinare i høve til anna datagrunnlag), at tilgongen på adopsjonsdata vart vanskelegare og at ein fekk endringar i produksjonsprosessen. Dei utanlandsadopterte vert klassifisert no i dei andre kategoriane, hovudsakeleg i G Fødd i utlandet av norskfødde foreldre.
Gyldig fra 1. oktober 2008.</Change>
        <Change xml:lang="nb">Kategori D Utenlandsadopterte er blitt fjernet i forhold til Innvandringskategori 1994. Dette skyldes både produksjonsmessige hensyn (tall for utenlandsadopterte kom inn seinere enn annet datagrunnlag), at tilgangen på adopsjonsdata ble vanskeligere og at en fikk endringer i produksjonsprosessen. De utenlandsadopterte klassifiseres nå i de andre kategoriene, hovedsakelig i G Født i utlandet av norskfødte foreldre.
Gyldig fra 1. oktober 2008.</Change>
        <Change xml:lang="en">Category D Intercountry adoptions, which was included in Immigration category 1994, has been removed. This is due to production considerations (figures for intercountry adoptions arrived later than the other data), the fact that the access to adoption data became more difficult and changes in the production process. Intercountry adoptions are now classified in the other categories, mainly in G Foreign-born to Norwegian-born parents. Valid as of 1 October 2008</Change>
      </ChangesGrp>
      <DerivedFromGrp>
        <DerviedFrom xml:lang="nn">Innvandringskategori 2003</DerviedFrom>
        <DerviedFrom xml:lang="nb">Innvandringskategori 2003</DerviedFrom>
        <DerviedFrom xml:lang="en">Immigration category 2003</DerviedFrom>
      </DerivedFromGrp>
      <LegalBaseGrp>
        <LegalBase xml:lang="nn">Ikkje relevant</LegalBase>
        <LegalBase xml:lang="nb">Ikke relevant</LegalBase>
        <LegalBase xml:lang="en">Not relevant</LegalBase>
      </LegalBaseGrp>
      <Level levelNumber="1" id="urn:ssb:classlevel:stabas:5536162" codeStructure="A">
        <TitleGrp>
          <Title xml:lang="nn">Innvandringskategori 2008 : Innvandringskategori </Title>
          <Title xml:lang="nb">Innvandringskategori 2008 : Innvandringskategori</Title>
          <Title xml:lang="en">Immigration category 2008</Title>
        </TitleGrp>
        <CodelistReference>urn:ssb:codelist:stabas:5536162</CodelistReference>
      </Level>
    </ClassificationVersion>
    <ClassificationVersion id="urn:ssb:classversion:stabas:5538092" isCurrentVersion="false" validFrom="2003-01-01" validTo="2008-09-30" isUnderConstruction="false" updatesPossible="false" disseminationAllowed="false" lastChangedDate="2008-10-28" showIntranet="true" showInternet="true">
      <TitleGrp>
        <Title xml:lang="nn">Innvandrarbefolkning 2003</Title>
        <Title xml:lang="nb">Innvandrerbefolkning 2003</Title>
        <Title xml:lang="en">Immigration population 2003</Title>
      </TitleGrp>
      <DescriptionGrp />
      <IntroductionGrp />
      <ContactInformation>
        <Person xmlns="http://www.ssb.no/ns/meta/common">dza</Person>
        <Division xmlns="http://www.ssb.no/ns/meta/common">320</Division>
      </ContactInformation>
      <ChangesGrp>
        <Change xml:lang="nn">Denne varianten er gyldig fram til 1. oktober 2008.</Change>
        <Change xml:lang="nb">Denne varianten er gyldig fram til 1. oktober 2008.</Change>
      </ChangesGrp>
      <Level levelNumber="1" id="urn:ssb:classlevel:stabas:5538096">
        <TitleGrp>
          <Title xml:lang="nn">Innvandrarbefolkning 2003</Title>
          <Title xml:lang="nb">Innvandrerbefolkning 2003: ja/nei-nivå</Title>
          <Title xml:lang="en">Immigration population 2003</Title>
        </TitleGrp>
        <CodelistReference>urn:ssb:codelist:stabas:5538096</CodelistReference>
        <Level levelNumber="2" id="urn:ssb:classlevel:stabas:5538098" codeStructure="A">
          <TitleGrp>
            <Title xml:lang="nn">Innvandrarbefolkning 2003</Title>
            <Title xml:lang="nb">Innvandrerbefolkning 2003: Innvandringskategori</Title>
            <Title xml:lang="en">Immigration population 2003</Title>
          </TitleGrp>
          <CodelistReference>urn:ssb:codelist:stabas:5538098</CodelistReference>
        </Level>
      </Level>
    </ClassificationVersion>
    <ClassificationVersion id="urn:ssb:classversion:stabas:5538057" isCurrentVersion="false" validFrom="2003-01-01" validTo="2008-09-30" isUnderConstruction="false" updatesPossible="false" disseminationAllowed="true" lastChangedDate="2016-06-14" showIntranet="true" showInternet="true">
      <TitleGrp>
        <Title xml:lang="nn">Innvandringskategori 2003</Title>
        <Title xml:lang="nb">Innvandringskategori 2003 </Title>
        <Title xml:lang="en">Immigration category 2003 </Title>
      </TitleGrp>
      <DescriptionGrp />
      <IntroductionGrp>
        <Indtroduction xml:lang="nn">Ikkje relevant</Indtroduction>
        <Indtroduction xml:lang="nb">Ikke relevant</Indtroduction>
        <Indtroduction xml:lang="en">Not relevant</Indtroduction>
      </IntroductionGrp>
      <ContactInformation>
        <Person xmlns="http://www.ssb.no/ns/meta/common">dza</Person>
        <Division xmlns="http://www.ssb.no/ns/meta/common">320</Division>
      </ContactInformation>
      <ExternalDocumentGrp>
        <ExternalDocument xml:lang="nn">Ikkje relevant</ExternalDocument>
        <ExternalDocument xml:lang="nb">Ikke relevant</ExternalDocument>
        <ExternalDocument xml:lang="en">Not relevant</ExternalDocument>
      </ExternalDocumentGrp>
      <ChangesGrp>
        <Change xml:lang="nn">Kategori D Utenlandsadopterte er vorte fjerna i høve til Innvandringskategori 1994. Dette skuldast båe produksjonsmessige omsyn (tal for utanlandsadopterte kom inn seinare i høve til anna datagrunnlag), at tilgongen på adopsjonsdata vart vanskelegare og at ein fekk endringar i produksjonsprosessen. Dei utanlandsadopterte vert klassifisert no i dei andre kategoriane, hovudsakeleg i G Fødd i utlandet av norskfødde foreldre.
Denne klassifikasjonsversjonen er gyldig fram til 1. oktober 2008.</Change>
        <Change xml:lang="nb">Kategori D Utenlandsadopterte er blitt fjernet i forhold til Innvandringskategori 1994. Dette skyldes både produksjonsmessige hensyn (tall for utenlandsadopterte kom inn seinere enn annet datagrunnlag), at tilgangen på adopsjonsdata ble vanskeligere og at en fikk endringer i produksjonsprosessen. De utenlandsadopterte klassifiseres nå i de andre kategoriene, hovedsakelig i G Født i utlandet av norskfødte foreldre.
Denne klassifikasjonsversjonen er gyldig fram til 1. oktober 2008.</Change>
      </ChangesGrp>
      <DerivedFromGrp>
        <DerviedFrom xml:lang="nn">Innvandringskategori 1994</DerviedFrom>
        <DerviedFrom xml:lang="nb">Innvandringskategori 1994</DerviedFrom>
        <DerviedFrom xml:lang="en">Immigration category 1994</DerviedFrom>
      </DerivedFromGrp>
      <LegalBaseGrp>
        <LegalBase xml:lang="nn">Ikkje relevant</LegalBase>
        <LegalBase xml:lang="nb">Ikke relevant</LegalBase>
        <LegalBase xml:lang="en">Not relevant</LegalBase>
      </LegalBaseGrp>
      <Level levelNumber="1" id="urn:ssb:classlevel:stabas:5538061" codeStructure="A">
        <TitleGrp>
          <Title xml:lang="nn">Innvandringskategori 2003</Title>
          <Title xml:lang="nb">Innvandringskategori 2003 : Innvandringskategori</Title>
          <Title xml:lang="en">Immigration category 2003 </Title>
        </TitleGrp>
        <CodelistReference>urn:ssb:codelist:stabas:5538061</CodelistReference>
      </Level>
    </ClassificationVersion>
    <ClassificationVersion id="urn:ssb:classversion:stabas:5538075" isCurrentVersion="false" validFrom="2003-01-01" validTo="2008-09-30" isUnderConstruction="false" updatesPossible="false" disseminationAllowed="false" lastChangedDate="2008-10-28" showIntranet="true" showInternet="true">
      <TitleGrp>
        <Title xml:lang="nn">Innvandrarbakgrunn 2003</Title>
        <Title xml:lang="nb">Innvandringsbakgrunn 2003</Title>
        <Title xml:lang="en">Immigrant background 2003</Title>
      </TitleGrp>
      <DescriptionGrp />
      <IntroductionGrp />
      <ContactInformation>
        <Person xmlns="http://www.ssb.no/ns/meta/common">dza</Person>
        <Division xmlns="http://www.ssb.no/ns/meta/common">320</Division>
      </ContactInformation>
      <ChangesGrp>
        <Change xml:lang="nn">Denne varianten er gyldig fram til 1. oktober 2008.</Change>
        <Change xml:lang="nb">Denne varianten er gyldig fram til 1. oktober 2008.</Change>
      </ChangesGrp>
      <Level levelNumber="1" id="urn:ssb:classlevel:stabas:5538079">
        <TitleGrp>
          <Title xml:lang="nn">Innvandrarbakgrunn 2003</Title>
          <Title xml:lang="nb">Innvandringsbakgrunn 2003: Ja/nei-nivå</Title>
          <Title xml:lang="en">Immigrant background 2003</Title>
        </TitleGrp>
        <CodelistReference>urn:ssb:codelist:stabas:5538079</CodelistReference>
        <Level levelNumber="2" id="urn:ssb:classlevel:stabas:5538081" codeStructure="A">
          <TitleGrp>
            <Title xml:lang="nn">Innvandrarbakgrunn 2003</Title>
            <Title xml:lang="nb">Innvandringsbakgrunn 2003: Innvandringskategori</Title>
            <Title xml:lang="en">Immigrant background 2003</Title>
          </TitleGrp>
          <CodelistReference>urn:ssb:codelist:stabas:5538081</CodelistReference>
        </Level>
      </Level>
    </ClassificationVersion>
    <ClassificationVersion id="urn:ssb:classversion:stabas:5538039" isCurrentVersion="false" validFrom="1994-01-01" validTo="2002-12-31" isUnderConstruction="false" updatesPossible="false" disseminationAllowed="false" lastChangedDate="2008-10-28" showIntranet="true" showInternet="true">
      <TitleGrp>
        <Title xml:lang="nn">Invandrerbefolkning 1994</Title>
        <Title xml:lang="nb">Invandrerbefolkning 1994</Title>
        <Title xml:lang="en">Immigration population 1994</Title>
      </TitleGrp>
      <DescriptionGrp />
      <IntroductionGrp>
        <Indtroduction xml:lang="nn">Ikkje relevant</Indtroduction>
        <Indtroduction xml:lang="nb">Ikke relevant</Indtroduction>
        <Indtroduction xml:lang="en">Not relevant</Indtroduction>
      </IntroductionGrp>
      <ContactInformation>
        <Person xmlns="http://www.ssb.no/ns/meta/common">dza</Person>
        <Division xmlns="http://www.ssb.no/ns/meta/common">320</Division>
      </ContactInformation>
      <ExternalDocumentGrp>
        <ExternalDocument xml:lang="nn">Ikkje relevant</ExternalDocument>
        <ExternalDocument xml:lang="nb">Ikke relevant</ExternalDocument>
        <ExternalDocument xml:lang="en">Not relevant</ExternalDocument>
      </ExternalDocumentGrp>
      <ChangesGrp>
        <Change xml:lang="nn">Ikkje relevant</Change>
        <Change xml:lang="nb">Ikke relevant</Change>
        <Change xml:lang="en">Not relevant</Change>
      </ChangesGrp>
      <DerivedFromGrp>
        <DerviedFrom xml:lang="nn">Ikkje relevant</DerviedFrom>
        <DerviedFrom xml:lang="nb">Ikke relevant</DerviedFrom>
        <DerviedFrom xml:lang="en">Not relevant</DerviedFrom>
      </DerivedFromGrp>
      <LegalBaseGrp>
        <LegalBase xml:lang="nn">Ikkje relevant</LegalBase>
        <LegalBase xml:lang="nb">Ikke relevant</LegalBase>
        <LegalBase xml:lang="en">Not relevant</LegalBase>
      </LegalBaseGrp>
      <Level levelNumber="1" id="urn:ssb:classlevel:stabas:5538043" codeStructure="9">
        <TitleGrp>
          <Title xml:lang="nn">Invandrerbefolkning 1994: Invandrerbefolkning</Title>
          <Title xml:lang="nb">Invandrerbefolkning 1994: Invandrerbefolkning</Title>
          <Title xml:lang="en">Immigration population 1994: Immigration population?</Title>
        </TitleGrp>
        <CodelistReference>urn:ssb:codelist:stabas:5538043</CodelistReference>
        <Level levelNumber="2" id="urn:ssb:classlevel:stabas:5538045" codeStructure="A">
          <TitleGrp>
            <Title xml:lang="nn">Invandrerbefolkning 1994: Innvandringskategori</Title>
            <Title xml:lang="nb">Invandrerbefolkning 1994: Innvandringskategori</Title>
            <Title xml:lang="en">Immigration population 1994: Immigration category?</Title>
          </TitleGrp>
          <CodelistReference>urn:ssb:codelist:stabas:5538045</CodelistReference>
        </Level>
      </Level>
    </ClassificationVersion>
    <ClassificationVersion id="urn:ssb:classversion:stabas:5538021" isCurrentVersion="false" validFrom="1994-01-01" validTo="2002-12-31" isUnderConstruction="false" updatesPossible="false" disseminationAllowed="false" lastChangedDate="2008-10-28" showIntranet="true" showInternet="true">
      <TitleGrp>
        <Title xml:lang="nn">Invandrerbakgrunn 1994</Title>
        <Title xml:lang="nb">Invandrerbakgrunn 1994</Title>
        <Title xml:lang="en">Immigrant background 1994</Title>
      </TitleGrp>
      <DescriptionGrp />
      <IntroductionGrp>
        <Indtroduction xml:lang="nn">Ikkje relevant</Indtroduction>
        <Indtroduction xml:lang="nb">Ikke relevant</Indtroduction>
        <Indtroduction xml:lang="en">Not relevant</Indtroduction>
      </IntroductionGrp>
      <ContactInformation>
        <Person xmlns="http://www.ssb.no/ns/meta/common">dza</Person>
        <Division xmlns="http://www.ssb.no/ns/meta/common">320</Division>
      </ContactInformation>
      <ExternalDocumentGrp>
        <ExternalDocument xml:lang="nn">Ikkje relevant</ExternalDocument>
        <ExternalDocument xml:lang="nb">Ikke relevant</ExternalDocument>
        <ExternalDocument xml:lang="en">Not relevant</ExternalDocument>
      </ExternalDocumentGrp>
      <ChangesGrp>
        <Change xml:lang="nn">Ikkje relevant</Change>
        <Change xml:lang="nb">Ikke relevant</Change>
        <Change xml:lang="en">Not relevant</Change>
      </ChangesGrp>
      <DerivedFromGrp>
        <DerviedFrom xml:lang="nn">Ikkje relevant</DerviedFrom>
        <DerviedFrom xml:lang="nb">Ikke relevant</DerviedFrom>
        <DerviedFrom xml:lang="en">Not relevant</DerviedFrom>
      </DerivedFromGrp>
      <LegalBaseGrp>
        <LegalBase xml:lang="nn">Ikkje relevant</LegalBase>
        <LegalBase xml:lang="nb">Ikke relevant</LegalBase>
        <LegalBase xml:lang="en">Not relevant</LegalBase>
      </LegalBaseGrp>
      <Level levelNumber="1" id="urn:ssb:classlevel:stabas:5538025" codeStructure="9">
        <TitleGrp>
          <Title xml:lang="nn">Invandrerbakgrunn 1994: Invandrerbakgrunn</Title>
          <Title xml:lang="nb">Invandrerbakgrunn 1994: Invandrerbakgrunn</Title>
          <Title xml:lang="en">Immigrant background 1994: Immigrant background?</Title>
        </TitleGrp>
        <CodelistReference>urn:ssb:codelist:stabas:5538025</CodelistReference>
        <Level levelNumber="2" id="urn:ssb:classlevel:stabas:5538027" codeStructure="A">
          <TitleGrp>
            <Title xml:lang="nn">Invandrerbakgrunn 1994: Innvandringskategori</Title>
            <Title xml:lang="nb">Invandrerbakgrunn 1994: Innvandringskategori</Title>
            <Title xml:lang="en">Immigrant background 1994: Immigration category?</Title>
          </TitleGrp>
          <CodelistReference>urn:ssb:codelist:stabas:5538027</CodelistReference>
        </Level>
      </Level>
    </ClassificationVersion>
    <ClassificationVersion id="urn:ssb:classversion:stabas:5538001" isCurrentVersion="false" validFrom="1994-01-01" validTo="2002-12-31" isUnderConstruction="false" updatesPossible="false" disseminationAllowed="true" lastChangedDate="2011-03-03" showIntranet="true" showInternet="true">
      <TitleGrp>
        <Title xml:lang="nn">Innvandringskategori 1994 </Title>
        <Title xml:lang="nb">Innvandringskategori 1994 </Title>
        <Title xml:lang="en">Immigration category 1994</Title>
      </TitleGrp>
      <DescriptionGrp />
      <IntroductionGrp>
        <Indtroduction xml:lang="nn">Ikkje relevant</Indtroduction>
        <Indtroduction xml:lang="nb">Ikke relevant</Indtroduction>
        <Indtroduction xml:lang="en">Not relevant</Indtroduction>
      </IntroductionGrp>
      <ContactInformation>
        <Person xmlns="http://www.ssb.no/ns/meta/common">dza</Person>
        <Division xmlns="http://www.ssb.no/ns/meta/common">320</Division>
      </ContactInformation>
      <ExternalDocumentGrp>
        <ExternalDocument xml:lang="nn">Ikkje relevant</ExternalDocument>
        <ExternalDocument xml:lang="nb">Ikke relevant</ExternalDocument>
        <ExternalDocument xml:lang="en">Not relevant</ExternalDocument>
      </ExternalDocumentGrp>
      <ChangesGrp>
        <Change xml:lang="nn">Ikkje relevant</Change>
        <Change xml:lang="nb">Ikke relevant</Change>
        <Change xml:lang="en">Not relevant</Change>
      </ChangesGrp>
      <DerivedFromGrp>
        <DerviedFrom xml:lang="nn">Ikkje relevant</DerviedFrom>
        <DerviedFrom xml:lang="nb">Ikke relevant</DerviedFrom>
        <DerviedFrom xml:lang="en">Not relevant</DerviedFrom>
      </DerivedFromGrp>
      <LegalBaseGrp>
        <LegalBase xml:lang="nn">Ikkje relevant</LegalBase>
        <LegalBase xml:lang="nb">Ikke relevant</LegalBase>
        <LegalBase xml:lang="en">Not relevant</LegalBase>
      </LegalBaseGrp>
      <Level levelNumber="1" id="urn:ssb:classlevel:stabas:5538005" codeStructure="A">
        <TitleGrp>
          <Title xml:lang="nn">Innvandringskategori 1994 : Innvandringskategori</Title>
          <Title xml:lang="nb">Innvandringskategori 1994 : Innvandringskategori</Title>
          <Title xml:lang="en">Immigration category 1994: Immigration category?</Title>
        </TitleGrp>
        <CodelistReference>urn:ssb:codelist:stabas:5538005</CodelistReference>
      </Level>
    </ClassificationVersion>
  </ClassificationVersions>
</Classification>