<?xml version="1.0" encoding="utf-8"?>
<Classification xmlns:xsi="http://www.w3.org/2001/XMLSchema-instance" xmlns:xsd="http://www.w3.org/2001/XMLSchema" id="urn:ssb:classification:stabas:5574001" currentVersionId="urn:ssb:classversion:stabas:9328201" xmlns="http://www.ssb.no/ns/meta/classification">
  <TitleGrp>
    <Title xml:lang="nn">Standard for seksjonsinndeling</Title>
    <Title xml:lang="nb">Standard for seksjonsinndeling</Title>
    <Title xml:lang="en">Organisation Statistics Norway</Title>
  </TitleGrp>
  <DescriptionGrp>
    <Description xml:lang="nn">Inndelinga av SSB i seksjonar og avdelingar.</Description>
    <Description xml:lang="nb">Inndelingen av SSB i seksjoner og avdelinger.</Description>
    <Description xml:lang="en">Organisation of SSB in divisions and departments.</Description>
  </DescriptionGrp>
  <StatisticalUnitGrp>
    <StatisticalUnit xml:lang="nn">Seksjonar</StatisticalUnit>
    <StatisticalUnit xml:lang="nb">Seksjoner</StatisticalUnit>
    <StatisticalUnit xml:lang="en">Divisions</StatisticalUnit>
  </StatisticalUnitGrp>
  <OwnerGrp>
    <Owner xml:lang="nn">Statistisk sentralbyrå (SSB)</Owner>
    <Owner xml:lang="nb">Statistisk sentralbyrå (SSB)</Owner>
    <Owner xml:lang="en">Statistics Norway (SSB)</Owner>
  </OwnerGrp>
  <SubjectArea>00</SubjectArea>
  <ClassificationVersions>
    <ClassificationVersion id="urn:ssb:classversion:stabas:9328201" isCurrentVersion="true" validFrom="2015-12-01" isUnderConstruction="false" updatesPossible="true" disseminationAllowed="true" lastChangedDate="2015-12-09" showIntranet="true" showInternet="false">
      <TitleGrp>
        <Title xml:lang="nn">Seksjonsinndeling 2015_desember</Title>
        <Title xml:lang="nb">Seksjonsinndeling 2015_desember</Title>
        <Title xml:lang="en">Organisation Statistics Norway 2015_december</Title>
      </TitleGrp>
      <DescriptionGrp>
        <Description xml:lang="nn">Oversikten syner dei ulike avdelingene og seksjonane i SSB.</Description>
        <Description xml:lang="nb">Oversikten viser de ulike avdelinger og seksjoner i SSB.</Description>
        <Description xml:lang="en">The overview shows the different departments and divisions in Statistics Norway.</Description>
      </DescriptionGrp>
      <IntroductionGrp>
        <Indtroduction xml:lang="nn">Ikkje relevant</Indtroduction>
        <Indtroduction xml:lang="nb">Ikke relevant</Indtroduction>
        <Indtroduction xml:lang="en">Not relevant</Indtroduction>
      </IntroductionGrp>
      <ContactInformation>
        <Person xmlns="http://www.ssb.no/ns/meta/common">bva</Person>
        <Division xmlns="http://www.ssb.no/ns/meta/common">170</Division>
      </ContactInformation>
      <ExternalDocumentGrp>
        <ExternalDocument xml:lang="nn">Ikkje relevant</ExternalDocument>
        <ExternalDocument xml:lang="nb">Ikke relevant</ExternalDocument>
        <ExternalDocument xml:lang="en">Not relevant</ExternalDocument>
      </ExternalDocumentGrp>
      <ChangesGrp>
        <Change xml:lang="nn">Ikkje relevant</Change>
        <Change xml:lang="nb">Ikke relevant</Change>
        <Change xml:lang="en">Not relevant</Change>
      </ChangesGrp>
      <DerivedFromGrp>
        <DerviedFrom xml:lang="nn">Ikkje relevant</DerviedFrom>
        <DerviedFrom xml:lang="nb">Ikke relevant</DerviedFrom>
        <DerviedFrom xml:lang="en">Not relevant</DerviedFrom>
      </DerivedFromGrp>
      <LegalBaseGrp>
        <LegalBase xml:lang="nn">Ikkje relevant</LegalBase>
        <LegalBase xml:lang="nb">Ikke relevant</LegalBase>
        <LegalBase xml:lang="en">Not relevant</LegalBase>
      </LegalBaseGrp>
      <Level levelNumber="1" id="urn:ssb:classlevel:stabas:9328205">
        <TitleGrp>
          <Title xml:lang="nn">Seksjonsinndeling 2015_desember: Avdeling</Title>
          <Title xml:lang="nb">Seksjonsinndeling 2015_desember: Avdeling</Title>
          <Title xml:lang="en">Organisation Statistics Norway 2015_december: Avdeling</Title>
        </TitleGrp>
        <CodelistReference>urn:ssb:codelist:stabas:9328205</CodelistReference>
        <Level levelNumber="2" id="urn:ssb:classlevel:stabas:9328207">
          <TitleGrp>
            <Title xml:lang="nn">Seksjonsinndeling 2015_desember</Title>
            <Title xml:lang="nb">Seksjonsinndeling 2015_desember: Seksjoner</Title>
            <Title xml:lang="en">Organisation Statistics Norway 2015_december</Title>
          </TitleGrp>
          <CodelistReference>urn:ssb:codelist:stabas:9328207</CodelistReference>
        </Level>
      </Level>
    </ClassificationVersion>
    <ClassificationVersion id="urn:ssb:classversion:stabas:9112101" isCurrentVersion="false" validFrom="2014-10-01" validTo="2015-11-30" isUnderConstruction="false" updatesPossible="false" disseminationAllowed="true" lastChangedDate="2015-12-11" showIntranet="true" showInternet="false">
      <TitleGrp>
        <Title xml:lang="nn">Seksjonsinndeling 2014_oktober</Title>
        <Title xml:lang="nb">Seksjonsinndeling 2014_oktober</Title>
        <Title xml:lang="en">Organisation Statistics Norway 2014_october</Title>
      </TitleGrp>
      <DescriptionGrp>
        <Description xml:lang="nn">Oversikten syner dei ulike avdelingene og seksjonane i SSB.</Description>
        <Description xml:lang="nb">Oversikten viser de ulike avdelinger og seksjoner i SSB.</Description>
        <Description xml:lang="en">The overview shows the different departments and divisions in Statistics Norway.</Description>
      </DescriptionGrp>
      <IntroductionGrp>
        <Indtroduction xml:lang="nn">Ikkje relevant</Indtroduction>
        <Indtroduction xml:lang="nb">Ikke relevant</Indtroduction>
        <Indtroduction xml:lang="en">Not relevant</Indtroduction>
      </IntroductionGrp>
      <ContactInformation>
        <Person xmlns="http://www.ssb.no/ns/meta/common">bva</Person>
        <Division xmlns="http://www.ssb.no/ns/meta/common">170</Division>
      </ContactInformation>
      <ExternalDocumentGrp>
        <ExternalDocument xml:lang="nn">Ikkje relevant</ExternalDocument>
        <ExternalDocument xml:lang="nb">Ikke relevant</ExternalDocument>
        <ExternalDocument xml:lang="en">Not relevant</ExternalDocument>
      </ExternalDocumentGrp>
      <ChangesGrp>
        <Change xml:lang="nn">Ikkje relevant</Change>
        <Change xml:lang="nb">Ikke relevant</Change>
        <Change xml:lang="en">Not relevant</Change>
      </ChangesGrp>
      <DerivedFromGrp>
        <DerviedFrom xml:lang="nn">Ikkje relevant</DerviedFrom>
        <DerviedFrom xml:lang="nb">Ikke relevant</DerviedFrom>
        <DerviedFrom xml:lang="en">Not relevant</DerviedFrom>
      </DerivedFromGrp>
      <LegalBaseGrp>
        <LegalBase xml:lang="nn">Ikkje relevant</LegalBase>
        <LegalBase xml:lang="nb">Ikke relevant</LegalBase>
        <LegalBase xml:lang="en">Not relevant</LegalBase>
      </LegalBaseGrp>
      <Level levelNumber="1" id="urn:ssb:classlevel:stabas:9112103">
        <TitleGrp>
          <Title xml:lang="nn">Seksjonsinndeling 2014_oktober: Avdeling</Title>
          <Title xml:lang="nb">Seksjonsinndeling 2014_oktober: Avdeling</Title>
          <Title xml:lang="en">Organisation Statistics Norway 2014_october: Avdeling</Title>
        </TitleGrp>
        <CodelistReference>urn:ssb:codelist:stabas:9112103</CodelistReference>
        <Level levelNumber="2" id="urn:ssb:classlevel:stabas:9112105">
          <TitleGrp>
            <Title xml:lang="nn">Seksjonsinndeling 2014_oktober</Title>
            <Title xml:lang="nb">Seksjonsinndeling 2014_oktober: Seksjoner</Title>
            <Title xml:lang="en">Organisation Statistics Norway 2014_october</Title>
          </TitleGrp>
          <CodelistReference>urn:ssb:codelist:stabas:9112105</CodelistReference>
        </Level>
      </Level>
    </ClassificationVersion>
    <ClassificationVersion id="urn:ssb:classversion:stabas:9076101" isCurrentVersion="false" validFrom="2014-04-01" validTo="2014-09-30" isUnderConstruction="false" updatesPossible="false" disseminationAllowed="true" lastChangedDate="2014-12-11" showIntranet="true" showInternet="false">
      <TitleGrp>
        <Title xml:lang="nn">Seksjonsinndeling 2014_april</Title>
        <Title xml:lang="nb">Seksjonsinndeling 2014_april</Title>
        <Title xml:lang="en">Organisation Statistics Norway 2014_april</Title>
      </TitleGrp>
      <DescriptionGrp>
        <Description xml:lang="nn">Oversikten syner dei ulike avdelingene og seksjonane i SSB.</Description>
        <Description xml:lang="nb">Oversikten viser de ulike avdelinger og seksjoner i SSB.</Description>
        <Description xml:lang="en">The overview shows the different departments and divisions in Statistics Norway.</Description>
      </DescriptionGrp>
      <IntroductionGrp>
        <Indtroduction xml:lang="nn">Ikkje relevant</Indtroduction>
        <Indtroduction xml:lang="nb">Ikke relevant</Indtroduction>
        <Indtroduction xml:lang="en">Not relevant</Indtroduction>
      </IntroductionGrp>
      <ContactInformation>
        <Person xmlns="http://www.ssb.no/ns/meta/common">bva</Person>
        <Division xmlns="http://www.ssb.no/ns/meta/common">170</Division>
      </ContactInformation>
      <ExternalDocumentGrp>
        <ExternalDocument xml:lang="nn">Ikkje relevant</ExternalDocument>
        <ExternalDocument xml:lang="nb">Ikke relevant</ExternalDocument>
        <ExternalDocument xml:lang="en">Not relevant</ExternalDocument>
      </ExternalDocumentGrp>
      <ChangesGrp>
        <Change xml:lang="nn">Ikkje relevant</Change>
        <Change xml:lang="nb">Ikke relevant</Change>
        <Change xml:lang="en">Not relevant</Change>
      </ChangesGrp>
      <DerivedFromGrp>
        <DerviedFrom xml:lang="nn">Ikkje relevant</DerviedFrom>
        <DerviedFrom xml:lang="nb">Ikke relevant</DerviedFrom>
        <DerviedFrom xml:lang="en">Not relevant</DerviedFrom>
      </DerivedFromGrp>
      <LegalBaseGrp>
        <LegalBase xml:lang="nn">Ikkje relevant</LegalBase>
        <LegalBase xml:lang="nb">Ikke relevant</LegalBase>
        <LegalBase xml:lang="en">Not relevant</LegalBase>
      </LegalBaseGrp>
      <Level levelNumber="1" id="urn:ssb:classlevel:stabas:9076105">
        <TitleGrp>
          <Title xml:lang="nn">Seksjonsinndeling 2014_april: Avdeling</Title>
          <Title xml:lang="nb">Seksjonsinndeling 2014_april: Avdeling</Title>
          <Title xml:lang="en">Organisation Statistics Norway 2014_april: Avdeling</Title>
        </TitleGrp>
        <CodelistReference>urn:ssb:codelist:stabas:9076105</CodelistReference>
        <Level levelNumber="2" id="urn:ssb:classlevel:stabas:9076107">
          <TitleGrp>
            <Title xml:lang="nn">Seksjonsinndeling 2014_april</Title>
            <Title xml:lang="nb">Seksjonsinndeling 2014_april: Seksjoner</Title>
            <Title xml:lang="en">Organisation Statistics Norway 2014_april</Title>
          </TitleGrp>
          <CodelistReference>urn:ssb:codelist:stabas:9076107</CodelistReference>
        </Level>
      </Level>
    </ClassificationVersion>
    <ClassificationVersion id="urn:ssb:classversion:stabas:8736101" isCurrentVersion="false" validFrom="2013-05-01" validTo="2014-03-31" isUnderConstruction="false" updatesPossible="false" disseminationAllowed="false" lastChangedDate="2014-04-08" showIntranet="true" showInternet="false">
      <TitleGrp>
        <Title xml:lang="nn">Seksjonsinndeling 2013</Title>
        <Title xml:lang="nb">Seksjonsinndeling 2013_mai</Title>
        <Title xml:lang="en">Organisation Statistics Norway 2013</Title>
      </TitleGrp>
      <DescriptionGrp>
        <Description xml:lang="nn">Oversikten syner dei ulike avdelingene og seksjonane i SSB.</Description>
        <Description xml:lang="nb">Oversikten viser de ulike avdelinger og seksjoner i SSB.</Description>
        <Description xml:lang="en">The overview shows the different departments and divisions in Statistics Norway.</Description>
      </DescriptionGrp>
      <IntroductionGrp>
        <Indtroduction xml:lang="nn">Ikkje relevant</Indtroduction>
        <Indtroduction xml:lang="nb">Ikke relevant</Indtroduction>
        <Indtroduction xml:lang="en">Not relevant</Indtroduction>
      </IntroductionGrp>
      <ContactInformation>
        <Person xmlns="http://www.ssb.no/ns/meta/common">bva</Person>
        <Division xmlns="http://www.ssb.no/ns/meta/common">170</Division>
      </ContactInformation>
      <ExternalDocumentGrp>
        <ExternalDocument xml:lang="nn">Ikkje relevant</ExternalDocument>
        <ExternalDocument xml:lang="nb">Ikke relevant</ExternalDocument>
        <ExternalDocument xml:lang="en">Not relevant</ExternalDocument>
      </ExternalDocumentGrp>
      <ChangesGrp>
        <Change xml:lang="nn">Ikkje relevant</Change>
        <Change xml:lang="nb">Ikke relevant</Change>
        <Change xml:lang="en">Not relevant</Change>
      </ChangesGrp>
      <DerivedFromGrp>
        <DerviedFrom xml:lang="nn">Ikkje relevant</DerviedFrom>
        <DerviedFrom xml:lang="nb">Ikke relevant</DerviedFrom>
        <DerviedFrom xml:lang="en">Not relevant</DerviedFrom>
      </DerivedFromGrp>
      <LegalBaseGrp>
        <LegalBase xml:lang="nn">Ikkje relevant</LegalBase>
        <LegalBase xml:lang="nb">Ikke relevant</LegalBase>
        <LegalBase xml:lang="en">Not relevant</LegalBase>
      </LegalBaseGrp>
      <Level levelNumber="1" id="urn:ssb:classlevel:stabas:8736105">
        <TitleGrp>
          <Title xml:lang="nn">Seksjonsinndeling 2013: Avdeling</Title>
          <Title xml:lang="nb">Seksjonsinndeling 2013_mai: Avdeling</Title>
          <Title xml:lang="en">Organisation Statistics Norway 2013: Avdeling</Title>
        </TitleGrp>
        <CodelistReference>urn:ssb:codelist:stabas:8736105</CodelistReference>
        <Level levelNumber="2" id="urn:ssb:classlevel:stabas:8736107">
          <TitleGrp>
            <Title xml:lang="nn">Seksjonsinndeling 2013</Title>
            <Title xml:lang="nb">Seksjonsinndeling 2013_mai: Seksjoner</Title>
            <Title xml:lang="en">Organisation Statistics Norway 2013</Title>
          </TitleGrp>
          <CodelistReference>urn:ssb:codelist:stabas:8736107</CodelistReference>
        </Level>
      </Level>
    </ClassificationVersion>
    <ClassificationVersion id="urn:ssb:classversion:stabas:8512201" isCurrentVersion="false" validFrom="2013-01-01" validTo="2013-04-30" isUnderConstruction="false" updatesPossible="false" disseminationAllowed="true" lastChangedDate="2013-05-14" showIntranet="true" showInternet="false">
      <TitleGrp>
        <Title xml:lang="nn">Seksjonsinndeling 2013_januar</Title>
        <Title xml:lang="nb">Seksjonsinndeling 2013_januar</Title>
        <Title xml:lang="en">Organisation Statistics Norway 2013_January</Title>
      </TitleGrp>
      <DescriptionGrp>
        <Description xml:lang="nn">Oversikten syner dei ulike avdelingene og seksjonane i SSB.</Description>
        <Description xml:lang="nb">Oversikten viser de ulike avdelinger og seksjoner i SSB.</Description>
        <Description xml:lang="en">The overview shows the different departments and divisions in Statistics Norway.</Description>
      </DescriptionGrp>
      <IntroductionGrp>
        <Indtroduction xml:lang="nn">Ikkje relevant</Indtroduction>
        <Indtroduction xml:lang="nb">Ikke relevant</Indtroduction>
        <Indtroduction xml:lang="en">Not relevant</Indtroduction>
      </IntroductionGrp>
      <ContactInformation>
        <Person xmlns="http://www.ssb.no/ns/meta/common">bva</Person>
        <Division xmlns="http://www.ssb.no/ns/meta/common">170</Division>
      </ContactInformation>
      <ExternalDocumentGrp>
        <ExternalDocument xml:lang="nn">Ikkje relevant</ExternalDocument>
        <ExternalDocument xml:lang="nb">Ikke relevant</ExternalDocument>
        <ExternalDocument xml:lang="en">Not relevant</ExternalDocument>
      </ExternalDocumentGrp>
      <ChangesGrp>
        <Change xml:lang="nn">Ikkje relevant</Change>
        <Change xml:lang="nb">Ikke relevant</Change>
        <Change xml:lang="en">Not relevant</Change>
      </ChangesGrp>
      <DerivedFromGrp>
        <DerviedFrom xml:lang="nn">Ikkje relevant</DerviedFrom>
        <DerviedFrom xml:lang="nb">Ikke relevant</DerviedFrom>
        <DerviedFrom xml:lang="en">Not relevant</DerviedFrom>
      </DerivedFromGrp>
      <LegalBaseGrp>
        <LegalBase xml:lang="nn">Ikkje relevant</LegalBase>
        <LegalBase xml:lang="nb">Ikke relevant</LegalBase>
        <LegalBase xml:lang="en">Not relevant</LegalBase>
      </LegalBaseGrp>
      <Level levelNumber="1" id="urn:ssb:classlevel:stabas:8512205">
        <TitleGrp>
          <Title xml:lang="nn">Seksjonsinndeling 2013_januar: Avdeling</Title>
          <Title xml:lang="nb">Seksjonsinndeling 2013_januar: Avdeling</Title>
          <Title xml:lang="en">Organisation Statistics Norway 2013_January: Avdeling</Title>
        </TitleGrp>
        <CodelistReference>urn:ssb:codelist:stabas:8512205</CodelistReference>
        <Level levelNumber="2" id="urn:ssb:classlevel:stabas:8512207">
          <TitleGrp>
            <Title xml:lang="nn">Seksjonsinndeling 2013_januar</Title>
            <Title xml:lang="nb">Seksjonsinndeling 2013_januar: Seksjoner</Title>
            <Title xml:lang="en">Organisation Statistics Norway 2013_January</Title>
          </TitleGrp>
          <CodelistReference>urn:ssb:codelist:stabas:8512207</CodelistReference>
        </Level>
      </Level>
    </ClassificationVersion>
    <ClassificationVersion id="urn:ssb:classversion:stabas:8494001" isCurrentVersion="false" validFrom="2012-10-01" validTo="2012-12-31" isUnderConstruction="false" updatesPossible="false" disseminationAllowed="false" lastChangedDate="2013-01-09" showIntranet="true" showInternet="false">
      <TitleGrp>
        <Title xml:lang="nn">Seksjonsinndeling 2012_oktober</Title>
        <Title xml:lang="nb">Seksjonsinndeling 2012_oktober</Title>
        <Title xml:lang="en">Organisation Statistics Norway 2012_October</Title>
      </TitleGrp>
      <DescriptionGrp>
        <Description xml:lang="nn">Oversikten syner dei ulike avdelingene og seksjonane i SSB.</Description>
        <Description xml:lang="nb">Oversikten viser de ulike avdelinger og seksjoner i SSB.</Description>
        <Description xml:lang="en">The overview shows the different departments and divisions in Statistics Norway.</Description>
      </DescriptionGrp>
      <IntroductionGrp>
        <Indtroduction xml:lang="nn">Ikkje relevant</Indtroduction>
        <Indtroduction xml:lang="nb">Ikke relevant</Indtroduction>
        <Indtroduction xml:lang="en">Not relevant</Indtroduction>
      </IntroductionGrp>
      <ContactInformation>
        <Person xmlns="http://www.ssb.no/ns/meta/common">AGT</Person>
        <Division xmlns="http://www.ssb.no/ns/meta/common">110</Division>
      </ContactInformation>
      <ExternalDocumentGrp>
        <ExternalDocument xml:lang="nn">Ikkje relevant</ExternalDocument>
        <ExternalDocument xml:lang="nb">Ikke relevant</ExternalDocument>
        <ExternalDocument xml:lang="en">Not relevant</ExternalDocument>
      </ExternalDocumentGrp>
      <ChangesGrp>
        <Change xml:lang="nn">Ikkje relevant</Change>
        <Change xml:lang="nb">Ikke relevant</Change>
        <Change xml:lang="en">Not relevant</Change>
      </ChangesGrp>
      <DerivedFromGrp>
        <DerviedFrom xml:lang="nn">Ikkje relevant</DerviedFrom>
        <DerviedFrom xml:lang="nb">Ikke relevant</DerviedFrom>
        <DerviedFrom xml:lang="en">Not relevant</DerviedFrom>
      </DerivedFromGrp>
      <LegalBaseGrp>
        <LegalBase xml:lang="nn">Ikkje relevant</LegalBase>
        <LegalBase xml:lang="nb">Ikke relevant</LegalBase>
        <LegalBase xml:lang="en">Not relevant</LegalBase>
      </LegalBaseGrp>
      <Level levelNumber="1" id="urn:ssb:classlevel:stabas:8494005">
        <TitleGrp>
          <Title xml:lang="nn">Seksjonsinndeling 2012_oktober: Avdeling</Title>
          <Title xml:lang="nb">Seksjonsinndeling 2012_oktober: Avdeling</Title>
          <Title xml:lang="en">Organisation Statistics Norway 2012_October: Avdeling</Title>
        </TitleGrp>
        <CodelistReference>urn:ssb:codelist:stabas:8494005</CodelistReference>
        <Level levelNumber="2" id="urn:ssb:classlevel:stabas:8494007">
          <TitleGrp>
            <Title xml:lang="nn">Seksjonsinndeling 2012_oktober</Title>
            <Title xml:lang="nb">Seksjonsinndeling 2012_oktober: Seksjoner</Title>
            <Title xml:lang="en">Organisation Statistics Norway 2012_October</Title>
          </TitleGrp>
          <CodelistReference>urn:ssb:codelist:stabas:8494007</CodelistReference>
        </Level>
      </Level>
    </ClassificationVersion>
    <ClassificationVersion id="urn:ssb:classversion:stabas:8494133" isCurrentVersion="false" validFrom="2012-09-01" validTo="2012-09-30" isUnderConstruction="false" updatesPossible="false" disseminationAllowed="true" lastChangedDate="2012-10-29" showIntranet="true" showInternet="false">
      <TitleGrp>
        <Title xml:lang="nn">Seksjonsinndeling 2012_september</Title>
        <Title xml:lang="nb">Seksjonsinndeling 2012_september</Title>
        <Title xml:lang="en">Organisation Statistics Norway 2012_September</Title>
      </TitleGrp>
      <DescriptionGrp>
        <Description xml:lang="nn">Oversikten syner dei ulike avdelingene og seksjonane i SSB.</Description>
        <Description xml:lang="nb">Oversikten viser de ulike avdelinger og seksjoner i SSB.</Description>
        <Description xml:lang="en">The overview shows the different departments and divisions in Statistics Norway.</Description>
      </DescriptionGrp>
      <IntroductionGrp>
        <Indtroduction xml:lang="nn">Ikkje relevant</Indtroduction>
        <Indtroduction xml:lang="nb">Ikke relevant</Indtroduction>
        <Indtroduction xml:lang="en">Not relevant</Indtroduction>
      </IntroductionGrp>
      <ContactInformation>
        <Person xmlns="http://www.ssb.no/ns/meta/common">AGT</Person>
        <Division xmlns="http://www.ssb.no/ns/meta/common">110</Division>
      </ContactInformation>
      <ExternalDocumentGrp>
        <ExternalDocument xml:lang="nn">Ikkje relevant</ExternalDocument>
        <ExternalDocument xml:lang="nb">Ikke relevant</ExternalDocument>
        <ExternalDocument xml:lang="en">Not relevant</ExternalDocument>
      </ExternalDocumentGrp>
      <ChangesGrp>
        <Change xml:lang="nn">Ikkje relevant</Change>
        <Change xml:lang="nb">Ikke relevant</Change>
        <Change xml:lang="en">Not relevant</Change>
      </ChangesGrp>
      <DerivedFromGrp>
        <DerviedFrom xml:lang="nn">Ikkje relevant</DerviedFrom>
        <DerviedFrom xml:lang="nb">Ikke relevant</DerviedFrom>
        <DerviedFrom xml:lang="en">Not relevant</DerviedFrom>
      </DerivedFromGrp>
      <LegalBaseGrp>
        <LegalBase xml:lang="nn">Ikkje relevant</LegalBase>
        <LegalBase xml:lang="nb">Ikke relevant</LegalBase>
        <LegalBase xml:lang="en">Not relevant</LegalBase>
      </LegalBaseGrp>
      <Level levelNumber="1" id="urn:ssb:classlevel:stabas:8494137">
        <TitleGrp>
          <Title xml:lang="nn">Seksjonsinndeling 2012_september: Avdeling</Title>
          <Title xml:lang="nb">Seksjonsinndeling 2012_september: Avdeling</Title>
          <Title xml:lang="en">Organisation Statistics Norway 2012_September: Avdeling</Title>
        </TitleGrp>
        <CodelistReference>urn:ssb:codelist:stabas:8494137</CodelistReference>
        <Level levelNumber="2" id="urn:ssb:classlevel:stabas:8494139">
          <TitleGrp>
            <Title xml:lang="nn">Seksjonsinndeling 2012_september</Title>
            <Title xml:lang="nb">Seksjonsinndeling 2012_september: Seksjoner</Title>
            <Title xml:lang="en">Organisation Statistics Norway 2012_September</Title>
          </TitleGrp>
          <CodelistReference>urn:ssb:codelist:stabas:8494139</CodelistReference>
        </Level>
      </Level>
    </ClassificationVersion>
    <ClassificationVersion id="urn:ssb:classversion:stabas:8116201" isCurrentVersion="false" validFrom="2012-01-01" validTo="2012-08-31" isUnderConstruction="false" updatesPossible="false" disseminationAllowed="false" lastChangedDate="2012-09-13" showIntranet="true" showInternet="false">
      <TitleGrp>
        <Title xml:lang="nn">Seksjonsinndeling 2011</Title>
        <Title xml:lang="nb">Seksjonsinndeling 2012</Title>
        <Title xml:lang="en">Organisation Statistics Norway 2011</Title>
      </TitleGrp>
      <DescriptionGrp>
        <Description xml:lang="nn">Oversikten syner dei ulike avdelingene og seksjonane i SSB.</Description>
        <Description xml:lang="nb">Oversikten viser de ulike avdelinger og seksjoner i SSB.</Description>
        <Description xml:lang="en">The overview shows the different departments and divisions in Statistics Norway.</Description>
      </DescriptionGrp>
      <IntroductionGrp>
        <Indtroduction xml:lang="nn">Ikkje relevant</Indtroduction>
        <Indtroduction xml:lang="nb">Ikke relevant</Indtroduction>
        <Indtroduction xml:lang="en">Not relevant</Indtroduction>
      </IntroductionGrp>
      <ContactInformation>
        <Person xmlns="http://www.ssb.no/ns/meta/common">AGT</Person>
        <Division xmlns="http://www.ssb.no/ns/meta/common">110</Division>
      </ContactInformation>
      <ExternalDocumentGrp>
        <ExternalDocument xml:lang="nn">Ikkje relevant</ExternalDocument>
        <ExternalDocument xml:lang="nb">Ikke relevant</ExternalDocument>
        <ExternalDocument xml:lang="en">Not relevant</ExternalDocument>
      </ExternalDocumentGrp>
      <ChangesGrp>
        <Change xml:lang="nn">Ikkje relevant</Change>
        <Change xml:lang="nb">Ikke relevant</Change>
        <Change xml:lang="en">Not relevant</Change>
      </ChangesGrp>
      <DerivedFromGrp>
        <DerviedFrom xml:lang="nn">Ikkje relevant</DerviedFrom>
        <DerviedFrom xml:lang="nb">Ikke relevant</DerviedFrom>
        <DerviedFrom xml:lang="en">Not relevant</DerviedFrom>
      </DerivedFromGrp>
      <LegalBaseGrp>
        <LegalBase xml:lang="nn">Ikkje relevant</LegalBase>
        <LegalBase xml:lang="nb">Ikke relevant</LegalBase>
        <LegalBase xml:lang="en">Not relevant</LegalBase>
      </LegalBaseGrp>
      <Level levelNumber="1" id="urn:ssb:classlevel:stabas:8116205">
        <TitleGrp>
          <Title xml:lang="nn">Seksjonsinndeling 2011: Avdeling</Title>
          <Title xml:lang="nb">Seksjonsinndeling 2012: Avdeling</Title>
          <Title xml:lang="en">Organisation Statistics Norway 2011: Avdeling</Title>
        </TitleGrp>
        <CodelistReference>urn:ssb:codelist:stabas:8116205</CodelistReference>
        <Level levelNumber="2" id="urn:ssb:classlevel:stabas:8116207">
          <TitleGrp>
            <Title xml:lang="nn">Seksjonsinndeling 2011</Title>
            <Title xml:lang="nb">Seksjonsinndeling 2012: Seksjoner</Title>
            <Title xml:lang="en">Organisation Statistics Norway 2011</Title>
          </TitleGrp>
          <CodelistReference>urn:ssb:codelist:stabas:8116207</CodelistReference>
        </Level>
      </Level>
    </ClassificationVersion>
    <ClassificationVersion id="urn:ssb:classversion:stabas:7332901" isCurrentVersion="false" validFrom="2011-01-01" validTo="2011-12-31" isUnderConstruction="false" updatesPossible="false" disseminationAllowed="true" lastChangedDate="2012-05-08" showIntranet="true" showInternet="false">
      <TitleGrp>
        <Title xml:lang="nn">Seksjonsinndeling 2011</Title>
        <Title xml:lang="nb">Seksjonsinndeling 2011</Title>
        <Title xml:lang="en">Organisation Statistics Norway 2011</Title>
      </TitleGrp>
      <DescriptionGrp>
        <Description xml:lang="nn">Oversikten syner dei ulike avdelingene og seksjonane i SSB.</Description>
        <Description xml:lang="nb">Oversikten viser de ulike avdelinger og seksjoner i SSB.</Description>
        <Description xml:lang="en">The overview shows the different departments and divisions in Statistics Norway.</Description>
      </DescriptionGrp>
      <IntroductionGrp>
        <Indtroduction xml:lang="nn">Ikkje relevant</Indtroduction>
        <Indtroduction xml:lang="nb">Ikke relevant</Indtroduction>
        <Indtroduction xml:lang="en">Not relevant</Indtroduction>
      </IntroductionGrp>
      <ContactInformation>
        <Person xmlns="http://www.ssb.no/ns/meta/common">bva</Person>
        <Division xmlns="http://www.ssb.no/ns/meta/common">110</Division>
      </ContactInformation>
      <ExternalDocumentGrp>
        <ExternalDocument xml:lang="nn">Ikkje relevant</ExternalDocument>
        <ExternalDocument xml:lang="nb">Ikke relevant</ExternalDocument>
        <ExternalDocument xml:lang="en">Not relevant</ExternalDocument>
      </ExternalDocumentGrp>
      <ChangesGrp>
        <Change xml:lang="nn">Ikkje relevant</Change>
        <Change xml:lang="nb">Ikke relevant</Change>
        <Change xml:lang="en">Not relevant</Change>
      </ChangesGrp>
      <DerivedFromGrp>
        <DerviedFrom xml:lang="nn">Ikkje relevant</DerviedFrom>
        <DerviedFrom xml:lang="nb">Ikke relevant</DerviedFrom>
        <DerviedFrom xml:lang="en">Not relevant</DerviedFrom>
      </DerivedFromGrp>
      <LegalBaseGrp>
        <LegalBase xml:lang="nn">Ikkje relevant</LegalBase>
        <LegalBase xml:lang="nb">Ikke relevant</LegalBase>
        <LegalBase xml:lang="en">Not relevant</LegalBase>
      </LegalBaseGrp>
      <Level levelNumber="1" id="urn:ssb:classlevel:stabas:7332903">
        <TitleGrp>
          <Title xml:lang="nn">Seksjonsinndeling 2011: Avdeling </Title>
          <Title xml:lang="nb">Seksjonsinndeling 2011: Avdeling</Title>
          <Title xml:lang="en">Organisation Statistics Norway 2011: Avdeling </Title>
        </TitleGrp>
        <CodelistReference>urn:ssb:codelist:stabas:7332903</CodelistReference>
        <Level levelNumber="2" id="urn:ssb:classlevel:stabas:7332905">
          <TitleGrp>
            <Title xml:lang="nn">Seksjonsinndeling 2011</Title>
            <Title xml:lang="nb">Seksjonsinndeling 2011: Seksjoner</Title>
            <Title xml:lang="en">Organisation Statistics Norway 2011</Title>
          </TitleGrp>
          <CodelistReference>urn:ssb:codelist:stabas:7332905</CodelistReference>
        </Level>
      </Level>
    </ClassificationVersion>
    <ClassificationVersion id="urn:ssb:classversion:stabas:7088601" isCurrentVersion="false" validFrom="2010-01-01" validTo="2010-12-31" isUnderConstruction="false" updatesPossible="false" disseminationAllowed="true" lastChangedDate="2012-02-29" showIntranet="true" showInternet="false">
      <TitleGrp>
        <Title xml:lang="nn">Seksjonsinndeling 2010</Title>
        <Title xml:lang="nb">Seksjonsinndeling 2010</Title>
        <Title xml:lang="en">Organisation Statistics Norway 2010</Title>
      </TitleGrp>
      <DescriptionGrp>
        <Description xml:lang="nn">Oversikten syner dei ulike avdelingene og seksjonane i SSB.</Description>
        <Description xml:lang="nb">Oversikten viser de ulike avdelinger og seksjoner i SSB.</Description>
        <Description xml:lang="en">The overview shows the different departments and divisions in Statistics Norway.</Description>
      </DescriptionGrp>
      <IntroductionGrp>
        <Indtroduction xml:lang="nn">Ikkje relevant</Indtroduction>
        <Indtroduction xml:lang="nb">Ikke relevant</Indtroduction>
        <Indtroduction xml:lang="en">Not relevant</Indtroduction>
      </IntroductionGrp>
      <ContactInformation>
        <Person xmlns="http://www.ssb.no/ns/meta/common">AGT</Person>
        <Division xmlns="http://www.ssb.no/ns/meta/common">110</Division>
      </ContactInformation>
      <ExternalDocumentGrp>
        <ExternalDocument xml:lang="nn">Ikkje relevant</ExternalDocument>
        <ExternalDocument xml:lang="nb">Ikke relevant</ExternalDocument>
        <ExternalDocument xml:lang="en">Not relevant</ExternalDocument>
      </ExternalDocumentGrp>
      <ChangesGrp>
        <Change xml:lang="nn">Ikkje relevant</Change>
        <Change xml:lang="nb">Ikke relevant</Change>
        <Change xml:lang="en">Not relevant</Change>
      </ChangesGrp>
      <DerivedFromGrp>
        <DerviedFrom xml:lang="nn">Ikkje relevant</DerviedFrom>
        <DerviedFrom xml:lang="nb">Ikke relevant</DerviedFrom>
        <DerviedFrom xml:lang="en">Not relevant</DerviedFrom>
      </DerivedFromGrp>
      <LegalBaseGrp>
        <LegalBase xml:lang="nn">Ikkje relevant</LegalBase>
        <LegalBase xml:lang="nb">Ikke relevant</LegalBase>
        <LegalBase xml:lang="en">Not relevant</LegalBase>
      </LegalBaseGrp>
      <Level levelNumber="1" id="urn:ssb:classlevel:stabas:7088603">
        <TitleGrp>
          <Title xml:lang="nn">Seksjonsinndeling 2010</Title>
          <Title xml:lang="nb">Seksjonsinndeling 2010: Avdeling</Title>
          <Title xml:lang="en">Organisation Statistics Norway 2010</Title>
        </TitleGrp>
        <CodelistReference>urn:ssb:codelist:stabas:7088603</CodelistReference>
        <Level levelNumber="2" id="urn:ssb:classlevel:stabas:7088605">
          <TitleGrp>
            <Title xml:lang="nn">Seksjonsinndeling 2010</Title>
            <Title xml:lang="nb">Seksjonsinndeling 2010: Seksjoner</Title>
            <Title xml:lang="en">Organisation Statistics Norway 2010</Title>
          </TitleGrp>
          <CodelistReference>urn:ssb:codelist:stabas:7088605</CodelistReference>
        </Level>
      </Level>
    </ClassificationVersion>
    <ClassificationVersion id="urn:ssb:classversion:stabas:7076001" isCurrentVersion="false" validFrom="2009-05-01" validTo="2009-12-31" isUnderConstruction="false" updatesPossible="false" disseminationAllowed="true" lastChangedDate="2012-01-09" showIntranet="true" showInternet="false">
      <TitleGrp>
        <Title xml:lang="nn">Seksjonsinndeling 2009</Title>
        <Title xml:lang="nb">Seksjonsinndeling 2009</Title>
        <Title xml:lang="en">Organisation Statistics Norway 2009</Title>
      </TitleGrp>
      <DescriptionGrp>
        <Description xml:lang="nn">Oversikten syner dei ulike avdelingene og seksjonane i SSB.</Description>
        <Description xml:lang="nb">Oversikten viser de ulike avdelinger og seksjoner i SSB.</Description>
        <Description xml:lang="en">The overview shows the different departments and divisions in Statistics Norway.</Description>
      </DescriptionGrp>
      <IntroductionGrp>
        <Indtroduction xml:lang="nn">Ikkje relevant</Indtroduction>
        <Indtroduction xml:lang="nb">Ikke relevant</Indtroduction>
        <Indtroduction xml:lang="en">Not relevant</Indtroduction>
      </IntroductionGrp>
      <ContactInformation>
        <Person xmlns="http://www.ssb.no/ns/meta/common">AGT</Person>
        <Division xmlns="http://www.ssb.no/ns/meta/common">110</Division>
      </ContactInformation>
      <ExternalDocumentGrp>
        <ExternalDocument xml:lang="nb">Ikke relevant</ExternalDocument>
      </ExternalDocumentGrp>
      <ChangesGrp>
        <Change xml:lang="nn">Ikkje relevant</Change>
        <Change xml:lang="nb">Ikke relevant</Change>
        <Change xml:lang="en">Not relevant</Change>
      </ChangesGrp>
      <DerivedFromGrp>
        <DerviedFrom xml:lang="nn">Ikkje relevant</DerviedFrom>
        <DerviedFrom xml:lang="nb">Ikke relevant</DerviedFrom>
        <DerviedFrom xml:lang="en">Not relevant</DerviedFrom>
      </DerivedFromGrp>
      <LegalBaseGrp>
        <LegalBase xml:lang="nn">Ikkje relevant</LegalBase>
        <LegalBase xml:lang="nb">Ikke relevant</LegalBase>
        <LegalBase xml:lang="en">Not relevant</LegalBase>
      </LegalBaseGrp>
      <Level levelNumber="1" id="urn:ssb:classlevel:stabas:7076003">
        <TitleGrp>
          <Title xml:lang="nn">Seksjonsinndeling 2009</Title>
          <Title xml:lang="nb">Seksjonsinndeling 2009: Avdeling</Title>
          <Title xml:lang="en">Organisation Statistics Norway 2009</Title>
        </TitleGrp>
        <CodelistReference>urn:ssb:codelist:stabas:7076003</CodelistReference>
        <Level levelNumber="2" id="urn:ssb:classlevel:stabas:7076005">
          <TitleGrp>
            <Title xml:lang="nn">Seksjonsinndeling 2009</Title>
            <Title xml:lang="nb">Seksjonsinndeling 2009: Seksjoner</Title>
            <Title xml:lang="en">Organisation Statistics Norway 2009</Title>
          </TitleGrp>
          <CodelistReference>urn:ssb:codelist:stabas:7076005</CodelistReference>
        </Level>
      </Level>
    </ClassificationVersion>
    <ClassificationVersion id="urn:ssb:classversion:stabas:5574002" isCurrentVersion="false" validFrom="2008-07-01" validTo="2009-04-30" isUnderConstruction="false" updatesPossible="false" disseminationAllowed="true" lastChangedDate="2012-09-21" showIntranet="true" showInternet="false">
      <TitleGrp>
        <Title xml:lang="nn">Seksjonsinndeling 2008 </Title>
        <Title xml:lang="nb">Seksjonsinndeling 2008</Title>
        <Title xml:lang="en">Organisation Statistics Norway 2008</Title>
      </TitleGrp>
      <DescriptionGrp>
        <Description xml:lang="nn">Oversikten syner dei ulike avdelingene og seksjonane i SSB.</Description>
        <Description xml:lang="nb">Oversikten viser de ulike avdelinger og seksjoner i SSB.</Description>
        <Description xml:lang="en">The overview shows the different departments and divisions in Statistics Norway.</Description>
      </DescriptionGrp>
      <IntroductionGrp>
        <Indtroduction xml:lang="nn">Ikkje relevant</Indtroduction>
        <Indtroduction xml:lang="nb">Ikke relevant</Indtroduction>
        <Indtroduction xml:lang="en">Not relevant</Indtroduction>
      </IntroductionGrp>
      <ContactInformation>
        <Person xmlns="http://www.ssb.no/ns/meta/common">AGT</Person>
        <Division xmlns="http://www.ssb.no/ns/meta/common">110</Division>
      </ContactInformation>
      <ExternalDocumentGrp>
        <ExternalDocument xml:lang="nn">Ikkje relevant</ExternalDocument>
        <ExternalDocument xml:lang="nb">Ikke relevant</ExternalDocument>
        <ExternalDocument xml:lang="en">Not relevant</ExternalDocument>
      </ExternalDocumentGrp>
      <ChangesGrp>
        <Change xml:lang="nn">Ikkje relevant</Change>
        <Change xml:lang="nb">Ikke relevant</Change>
        <Change xml:lang="en">Not relevant</Change>
      </ChangesGrp>
      <DerivedFromGrp>
        <DerviedFrom xml:lang="nn">Ikkje relevant</DerviedFrom>
        <DerviedFrom xml:lang="nb">Ikke relevant</DerviedFrom>
        <DerviedFrom xml:lang="en">Not relevant</DerviedFrom>
      </DerivedFromGrp>
      <LegalBaseGrp>
        <LegalBase xml:lang="nn">Ikkje relevant</LegalBase>
        <LegalBase xml:lang="nb">Ikke relevant</LegalBase>
        <LegalBase xml:lang="en">Not relevant</LegalBase>
      </LegalBaseGrp>
      <Level levelNumber="1" id="urn:ssb:classlevel:stabas:5574004">
        <TitleGrp>
          <Title xml:lang="nn">Seksjonsinndeling 2008 </Title>
          <Title xml:lang="nb">Seksjonsinndeling 2008: Avdeling</Title>
          <Title xml:lang="en">Organisation Statistics Norway 2008</Title>
        </TitleGrp>
        <CodelistReference>urn:ssb:codelist:stabas:5574004</CodelistReference>
        <Level levelNumber="2" id="urn:ssb:classlevel:stabas:5574006">
          <TitleGrp>
            <Title xml:lang="nn">Seksjonsinndeling 2008 </Title>
            <Title xml:lang="nb">Seksjonsinndeling 2008: Seksjoner</Title>
            <Title xml:lang="en">Organisation Statistics Norway 2008</Title>
          </TitleGrp>
          <CodelistReference>urn:ssb:codelist:stabas:5574006</CodelistReference>
        </Level>
      </Level>
    </ClassificationVersion>
    <ClassificationVersion id="urn:ssb:classversion:stabas:8113361" isCurrentVersion="false" validFrom="2007-01-01" validTo="2008-06-30" isUnderConstruction="false" updatesPossible="false" disseminationAllowed="true" lastChangedDate="2012-02-20" showIntranet="true" showInternet="false">
      <TitleGrp>
        <Title xml:lang="nb">Seksjonsinndeling 2007</Title>
      </TitleGrp>
      <DescriptionGrp>
        <Description xml:lang="nb">Oversikten viser de ulike avdelinger og seksjoner i SSB.</Description>
      </DescriptionGrp>
      <IntroductionGrp>
        <Indtroduction xml:lang="nb">Ikke relevant</Indtroduction>
      </IntroductionGrp>
      <ContactInformation>
        <Person xmlns="http://www.ssb.no/ns/meta/common">bva</Person>
        <Division xmlns="http://www.ssb.no/ns/meta/common">110</Division>
      </ContactInformation>
      <ExternalDocumentGrp>
        <ExternalDocument xml:lang="nb">Ikke relevant</ExternalDocument>
      </ExternalDocumentGrp>
      <DerivedFromGrp>
        <DerviedFrom xml:lang="nb">Ikke relevant</DerviedFrom>
      </DerivedFromGrp>
      <LegalBaseGrp>
        <LegalBase xml:lang="nb">Ikke relevant</LegalBase>
      </LegalBaseGrp>
      <Level levelNumber="1" id="urn:ssb:classlevel:stabas:8113363">
        <TitleGrp>
          <Title xml:lang="nb">Seksjonsinndeling 2007: avd</Title>
        </TitleGrp>
        <CodelistReference>urn:ssb:codelist:stabas:8113363</CodelistReference>
        <Level levelNumber="2" id="urn:ssb:classlevel:stabas:8113365">
          <TitleGrp>
            <Title xml:lang="nb">Seksjonsinndeling 2007: seksjon</Title>
          </TitleGrp>
          <CodelistReference>urn:ssb:codelist:stabas:8113365</CodelistReference>
        </Level>
      </Level>
    </ClassificationVersion>
    <ClassificationVersion id="urn:ssb:classversion:stabas:8113481" isCurrentVersion="false" validFrom="2006-01-01" validTo="2006-12-31" isUnderConstruction="false" updatesPossible="false" disseminationAllowed="true" lastChangedDate="2012-02-14" showIntranet="true" showInternet="false">
      <TitleGrp>
        <Title xml:lang="nb">Seksjonsinndeling 2006</Title>
      </TitleGrp>
      <DescriptionGrp>
        <Description xml:lang="nb">Oversikten viser de ulike avdelinger og seksjoner i SSB.</Description>
      </DescriptionGrp>
      <IntroductionGrp>
        <Indtroduction xml:lang="nb">Ikke relevant</Indtroduction>
      </IntroductionGrp>
      <ContactInformation>
        <Person xmlns="http://www.ssb.no/ns/meta/common">bva</Person>
        <Division xmlns="http://www.ssb.no/ns/meta/common">110</Division>
      </ContactInformation>
      <ExternalDocumentGrp>
        <ExternalDocument xml:lang="nb">Ikke relevant</ExternalDocument>
      </ExternalDocumentGrp>
      <DerivedFromGrp>
        <DerviedFrom xml:lang="nb">Ikke relevant</DerviedFrom>
      </DerivedFromGrp>
      <LegalBaseGrp>
        <LegalBase xml:lang="nb">Ikke relevant</LegalBase>
      </LegalBaseGrp>
      <Level levelNumber="1" id="urn:ssb:classlevel:stabas:8113483">
        <TitleGrp>
          <Title xml:lang="nb">Seksjonsinndeling 2006: avd</Title>
        </TitleGrp>
        <CodelistReference>urn:ssb:codelist:stabas:8113483</CodelistReference>
        <Level levelNumber="2" id="urn:ssb:classlevel:stabas:8113485">
          <TitleGrp>
            <Title xml:lang="nb">Seksjonsinndeling 2006: seksjon</Title>
          </TitleGrp>
          <CodelistReference>urn:ssb:codelist:stabas:8113485</CodelistReference>
        </Level>
      </Level>
    </ClassificationVersion>
    <ClassificationVersion id="urn:ssb:classversion:stabas:8112001" isCurrentVersion="false" validFrom="2005-01-01" validTo="2005-12-31" isUnderConstruction="false" updatesPossible="false" disseminationAllowed="true" lastChangedDate="2012-02-14" showIntranet="true" showInternet="false">
      <TitleGrp>
        <Title xml:lang="nb">Seksjonsinndeling 2005</Title>
      </TitleGrp>
      <DescriptionGrp>
        <Description xml:lang="nb">Oversikten viser de ulike avdelinger og seksjoner i SSB.</Description>
      </DescriptionGrp>
      <IntroductionGrp>
        <Indtroduction xml:lang="nb">Ikke relevant</Indtroduction>
      </IntroductionGrp>
      <ContactInformation>
        <Person xmlns="http://www.ssb.no/ns/meta/common">bva</Person>
        <Division xmlns="http://www.ssb.no/ns/meta/common">110</Division>
      </ContactInformation>
      <ExternalDocumentGrp>
        <ExternalDocument xml:lang="nb">Ikke relevant</ExternalDocument>
      </ExternalDocumentGrp>
      <DerivedFromGrp>
        <DerviedFrom xml:lang="nb">Ikke relevant</DerviedFrom>
      </DerivedFromGrp>
      <LegalBaseGrp>
        <LegalBase xml:lang="nb">Ikke relevant</LegalBase>
      </LegalBaseGrp>
      <Level levelNumber="1" id="urn:ssb:classlevel:stabas:8112003">
        <TitleGrp>
          <Title xml:lang="nb">Seksjonsinndeling 2005: avd</Title>
        </TitleGrp>
        <CodelistReference>urn:ssb:codelist:stabas:8112003</CodelistReference>
        <Level levelNumber="2" id="urn:ssb:classlevel:stabas:8112005">
          <TitleGrp>
            <Title xml:lang="nb">Seksjonsinndeling 2005: seksjon</Title>
          </TitleGrp>
          <CodelistReference>urn:ssb:codelist:stabas:8112005</CodelistReference>
        </Level>
      </Level>
    </ClassificationVersion>
    <ClassificationVersion id="urn:ssb:classversion:stabas:8113241" isCurrentVersion="false" validFrom="2004-01-01" validTo="2004-12-31" isUnderConstruction="false" updatesPossible="false" disseminationAllowed="true" lastChangedDate="2012-02-14" showIntranet="true" showInternet="false">
      <TitleGrp>
        <Title xml:lang="nb">Seksjonsinndeling 2004</Title>
      </TitleGrp>
      <DescriptionGrp>
        <Description xml:lang="nb">Oversikten viser de ulike avdelinger og seksjoner i SSB.</Description>
      </DescriptionGrp>
      <IntroductionGrp>
        <Indtroduction xml:lang="nb">Ikke relevant</Indtroduction>
      </IntroductionGrp>
      <ContactInformation>
        <Person xmlns="http://www.ssb.no/ns/meta/common">bva</Person>
        <Division xmlns="http://www.ssb.no/ns/meta/common">110</Division>
      </ContactInformation>
      <ExternalDocumentGrp>
        <ExternalDocument xml:lang="nb">Ikke relevant</ExternalDocument>
      </ExternalDocumentGrp>
      <DerivedFromGrp>
        <DerviedFrom xml:lang="nb">Ikke relevant</DerviedFrom>
      </DerivedFromGrp>
      <LegalBaseGrp>
        <LegalBase xml:lang="nb">Ikke relevant</LegalBase>
      </LegalBaseGrp>
      <Level levelNumber="1" id="urn:ssb:classlevel:stabas:8113243">
        <TitleGrp>
          <Title xml:lang="nb">Seksjonsinndeling 2004: avd</Title>
        </TitleGrp>
        <CodelistReference>urn:ssb:codelist:stabas:8113243</CodelistReference>
        <Level levelNumber="2" id="urn:ssb:classlevel:stabas:8113245">
          <TitleGrp>
            <Title xml:lang="nb">Seksjonsinndeling 2004: seksjon</Title>
          </TitleGrp>
          <CodelistReference>urn:ssb:codelist:stabas:8113245</CodelistReference>
        </Level>
      </Level>
    </ClassificationVersion>
    <ClassificationVersion id="urn:ssb:classversion:stabas:8113601" isCurrentVersion="false" validFrom="2003-01-01" validTo="2003-12-31" isUnderConstruction="false" updatesPossible="false" disseminationAllowed="true" lastChangedDate="2012-02-14" showIntranet="true" showInternet="false">
      <TitleGrp>
        <Title xml:lang="nb">Seksjonsinndeling 2003</Title>
      </TitleGrp>
      <DescriptionGrp>
        <Description xml:lang="nb">Oversikten viser de ulike avdelinger og seksjoner i SSB.</Description>
      </DescriptionGrp>
      <IntroductionGrp>
        <Indtroduction xml:lang="nb">Ikke relevant</Indtroduction>
      </IntroductionGrp>
      <ContactInformation>
        <Person xmlns="http://www.ssb.no/ns/meta/common">bva</Person>
        <Division xmlns="http://www.ssb.no/ns/meta/common">110</Division>
      </ContactInformation>
      <ExternalDocumentGrp>
        <ExternalDocument xml:lang="nb">Ikke relevant</ExternalDocument>
      </ExternalDocumentGrp>
      <DerivedFromGrp>
        <DerviedFrom xml:lang="nb">Ikke relevant</DerviedFrom>
      </DerivedFromGrp>
      <LegalBaseGrp>
        <LegalBase xml:lang="nb">Ikke relevant</LegalBase>
      </LegalBaseGrp>
      <Level levelNumber="1" id="urn:ssb:classlevel:stabas:8113603">
        <TitleGrp>
          <Title xml:lang="nb">Seksjonsinndeling 2003: avd</Title>
        </TitleGrp>
        <CodelistReference>urn:ssb:codelist:stabas:8113603</CodelistReference>
        <Level levelNumber="2" id="urn:ssb:classlevel:stabas:8113605">
          <TitleGrp>
            <Title xml:lang="nb">Seksjonsinndeling 2003: seksjon</Title>
          </TitleGrp>
          <CodelistReference>urn:ssb:codelist:stabas:8113605</CodelistReference>
        </Level>
      </Level>
    </ClassificationVersion>
    <ClassificationVersion id="urn:ssb:classversion:stabas:8113121" isCurrentVersion="false" validFrom="2002-01-01" validTo="2002-12-31" isUnderConstruction="false" updatesPossible="false" disseminationAllowed="true" lastChangedDate="2012-02-14" showIntranet="true" showInternet="false">
      <TitleGrp>
        <Title xml:lang="nb">Seksjonsinndeling 2002</Title>
      </TitleGrp>
      <DescriptionGrp>
        <Description xml:lang="nb">Oversikten viser de ulike avdelinger og seksjoner i SSB.</Description>
      </DescriptionGrp>
      <IntroductionGrp>
        <Indtroduction xml:lang="nb">Ikke relevant</Indtroduction>
      </IntroductionGrp>
      <ContactInformation>
        <Person xmlns="http://www.ssb.no/ns/meta/common">bva</Person>
        <Division xmlns="http://www.ssb.no/ns/meta/common">110</Division>
      </ContactInformation>
      <ExternalDocumentGrp>
        <ExternalDocument xml:lang="nb">Ikke relevant</ExternalDocument>
      </ExternalDocumentGrp>
      <DerivedFromGrp>
        <DerviedFrom xml:lang="nb">Ikke relevant</DerviedFrom>
      </DerivedFromGrp>
      <LegalBaseGrp>
        <LegalBase xml:lang="nb">Ikke relevant</LegalBase>
      </LegalBaseGrp>
      <Level levelNumber="1" id="urn:ssb:classlevel:stabas:8113123">
        <TitleGrp>
          <Title xml:lang="nb">Seksjonsinndeling 2002: avd</Title>
        </TitleGrp>
        <CodelistReference>urn:ssb:codelist:stabas:8113123</CodelistReference>
        <Level levelNumber="2" id="urn:ssb:classlevel:stabas:8113125">
          <TitleGrp>
            <Title xml:lang="nb">Seksjonsinndeling 2002: seksjon</Title>
          </TitleGrp>
          <CodelistReference>urn:ssb:codelist:stabas:8113125</CodelistReference>
        </Level>
      </Level>
    </ClassificationVersion>
    <ClassificationVersion id="urn:ssb:classversion:stabas:8113001" isCurrentVersion="false" validFrom="2001-01-01" validTo="2001-12-31" isUnderConstruction="false" updatesPossible="false" disseminationAllowed="true" lastChangedDate="2012-02-14" showIntranet="true" showInternet="false">
      <TitleGrp>
        <Title xml:lang="nb">Seksjonsinndeling 2001</Title>
      </TitleGrp>
      <DescriptionGrp>
        <Description xml:lang="nb">Oversikten viser de ulike avdelinger og seksjoner i SSB.</Description>
      </DescriptionGrp>
      <IntroductionGrp>
        <Indtroduction xml:lang="nb">Ikke relevant</Indtroduction>
      </IntroductionGrp>
      <ContactInformation>
        <Person xmlns="http://www.ssb.no/ns/meta/common">bva</Person>
        <Division xmlns="http://www.ssb.no/ns/meta/common">110</Division>
      </ContactInformation>
      <ExternalDocumentGrp>
        <ExternalDocument xml:lang="nb">Ikke relevant</ExternalDocument>
      </ExternalDocumentGrp>
      <DerivedFromGrp>
        <DerviedFrom xml:lang="nb">Ikke relevant</DerviedFrom>
      </DerivedFromGrp>
      <LegalBaseGrp>
        <LegalBase xml:lang="nb">Ikke relevant</LegalBase>
      </LegalBaseGrp>
      <Level levelNumber="1" id="urn:ssb:classlevel:stabas:8113003">
        <TitleGrp>
          <Title xml:lang="nb">Seksjonsinndeling 2001: avd</Title>
        </TitleGrp>
        <CodelistReference>urn:ssb:codelist:stabas:8113003</CodelistReference>
        <Level levelNumber="2" id="urn:ssb:classlevel:stabas:8113005">
          <TitleGrp>
            <Title xml:lang="nb">Seksjonsinndeling 2001: seksjon</Title>
          </TitleGrp>
          <CodelistReference>urn:ssb:codelist:stabas:8113005</CodelistReference>
        </Level>
      </Level>
    </ClassificationVersion>
  </ClassificationVersions>
</Classification>