<?xml version="1.0" encoding="utf-8"?>
<Classification xmlns:xsi="http://www.w3.org/2001/XMLSchema-instance" xmlns:xsd="http://www.w3.org/2001/XMLSchema" id="urn:ssb:classification:stabas:5610001" currentVersionId="urn:ssb:classversion:stabas:5610002" xmlns="http://www.ssb.no/ns/meta/classification">
  <TitleGrp>
    <Title xml:lang="nn">Standard for stoff som blir sleppte ut til luft</Title>
    <Title xml:lang="nb">Standard for stoffer som slippes ut til luft</Title>
    <Title xml:lang="en">Classification of substances emitted to air</Title>
  </TitleGrp>
  <DescriptionGrp>
    <Description xml:lang="nn">Standarden omfattar stoff og sambindingar som er inkluderte i den offisielle norske statistikken over utslepp til luft. Det inkluderer klimagassar, forsurande stoff, ozonforløparar, svevestøv og miljøgifter.

</Description>
    <Description xml:lang="nb">Standarden omfatter stoffer og forbindelser som er inkludert i den offisielle norske statistikken over utslipp til luft. Det inkluderer klimagasser, forsurende stoffer, ozonforløpere, svevestøv og miljøgifter.</Description>
    <Description xml:lang="en">The classification covers gases and other matter emitted to air and which is included or planned to be included in the official Norwegian emission statistics

</Description>
  </DescriptionGrp>
  <StatisticalUnitGrp>
    <StatisticalUnit xml:lang="nn">Ikkje relevant</StatisticalUnit>
    <StatisticalUnit xml:lang="nb">Ikke relevant</StatisticalUnit>
    <StatisticalUnit xml:lang="en">Not relevant</StatisticalUnit>
  </StatisticalUnitGrp>
  <OwnerGrp>
    <Owner xml:lang="nn">Statistisk sentralbyrå (SSB) </Owner>
    <Owner xml:lang="nb">Statistisk sentralbyrå (SSB)</Owner>
    <Owner xml:lang="en">Statistics Norway</Owner>
  </OwnerGrp>
  <SubjectArea>01</SubjectArea>
  <ClassificationVersions>
    <ClassificationVersion id="urn:ssb:classversion:stabas:5610002" isCurrentVersion="true" validFrom="2009-01-01" isUnderConstruction="false" updatesPossible="false" disseminationAllowed="true" lastChangedDate="2012-11-27" showIntranet="true" showInternet="true">
      <TitleGrp>
        <Title xml:lang="nn">Stoff som blir sleppte ut til luft</Title>
        <Title xml:lang="nb">Stoffer som slippes ut til luft</Title>
        <Title xml:lang="en">Substances emitted to air</Title>
      </TitleGrp>
      <DescriptionGrp>
        <Description xml:lang="nn">Standarden femnar gassar og andre stoff som sleppas ut til luft og som er inkluderte eller planlagt å verte inkluderte i den offisielle norske utsleppsstatistikken
</Description>
        <Description xml:lang="nb">Standarden omfatter stoffer og forbindelser som er inkludert i den offisielle norske statistikken over utslipp til luft. Det inkluderer klimagasser, forsurende stoffer, ozonforløpere, svevestøv og miljøgifter.

</Description>
        <Description xml:lang="en">The classification covers gases and other matter emitted to air and which is included or planned to be included in the official Norwegian emission statistics
</Description>
      </DescriptionGrp>
      <IntroductionGrp>
        <Indtroduction xml:lang="nn">Ikkje relevant</Indtroduction>
        <Indtroduction xml:lang="nb">Ikke relevant</Indtroduction>
        <Indtroduction xml:lang="en">Not relevant</Indtroduction>
      </IntroductionGrp>
      <ContactInformation>
        <Person xmlns="http://www.ssb.no/ns/meta/common">hni</Person>
        <Division xmlns="http://www.ssb.no/ns/meta/common">215</Division>
      </ContactInformation>
      <ExternalDocumentGrp>
        <ExternalDocument xml:lang="nn">http://www.ssb.no/emner/01/04/10/rapp_emissions/


</ExternalDocument>
        <ExternalDocument xml:lang="nb">http://www.ssb.no/emner/01/04/10/rapp_emissions/
</ExternalDocument>
        <ExternalDocument xml:lang="en">http://www.ssb.no/emner/01/04/10/rapp_emissions/ 
</ExternalDocument>
      </ExternalDocumentGrp>
      <ChangesGrp>
        <Change xml:lang="nn">Ikkje relevant</Change>
        <Change xml:lang="nb">Ikke relevant</Change>
        <Change xml:lang="en">Not relevant</Change>
      </ChangesGrp>
      <DerivedFromGrp>
        <DerviedFrom xml:lang="nn">2006 IPPC Guidelines for National Greenhouse Gas Inventories og Guidelines for Reporting Emission Data under the Convention on Long-range Transboundary Air Pollution</DerviedFrom>
        <DerviedFrom xml:lang="nb">2006 IPPC Guidelines for National Greenhouse Gas Inventories og Guidelines for Reporting Emission Data under the Convention on Long-range Transboundary Air Pollution</DerviedFrom>
        <DerviedFrom xml:lang="en">2006 IPPC Guidelines for National Greenhouse Gas Inventories og Guidelines for Reporting Emission Data under the Convention on Long-range Transboundary Air Pollution</DerviedFrom>
      </DerivedFromGrp>
      <LegalBaseGrp>
        <LegalBase xml:lang="nn">Ikkje relevant</LegalBase>
        <LegalBase xml:lang="nb">Ikke relevant</LegalBase>
        <LegalBase xml:lang="en">Not relevant</LegalBase>
      </LegalBaseGrp>
      <Level levelNumber="1" id="urn:ssb:classlevel:stabas:5610004" codeStructure="99">
        <TitleGrp>
          <Title xml:lang="nn">Stoff som blir sleppte ut til luft: Nivå 1 </Title>
          <Title xml:lang="nb">Stoffer som slippes ut til luft: Nivå 1</Title>
          <Title xml:lang="en">Substances emitted to air: Level 1</Title>
        </TitleGrp>
        <CodelistReference>urn:ssb:codelist:stabas:5610004</CodelistReference>
        <Level levelNumber="2" id="urn:ssb:classlevel:stabas:5610006" codeStructure="99.9">
          <TitleGrp>
            <Title xml:lang="nn">Stoff som blir sleppte ut til luft: Nivå 2 </Title>
            <Title xml:lang="nb">Stoffer som slippes ut til luft: Nivå 2</Title>
            <Title xml:lang="en">Substances emitted to air: Level 2</Title>
          </TitleGrp>
          <CodelistReference>urn:ssb:codelist:stabas:5610006</CodelistReference>
          <Level levelNumber="3" id="urn:ssb:classlevel:stabas:5610008" codeStructure="99.9.9">
            <TitleGrp>
              <Title xml:lang="nn">Stoff som blir sleppte ut til luft: Nivå 3 </Title>
              <Title xml:lang="nb">Stoffer som slippes ut til luft: Nivå 3</Title>
              <Title xml:lang="en">Substances emitted to air: Level 3</Title>
            </TitleGrp>
            <CodelistReference>urn:ssb:codelist:stabas:5610008</CodelistReference>
            <Level levelNumber="4" id="urn:ssb:classlevel:stabas:6086101" codeStructure="99.9.9.9">
              <TitleGrp>
                <Title xml:lang="nn">Stoff som blir sleppte ut til luft</Title>
                <Title xml:lang="nb">Stoffer som slippes ut til luft: Nivå 4</Title>
                <Title xml:lang="en">Substances emitted to air</Title>
              </TitleGrp>
              <CodelistReference>urn:ssb:codelist:stabas:6086101</CodelistReference>
            </Level>
          </Level>
        </Level>
      </Level>
    </ClassificationVersion>
  </ClassificationVersions>
</Classification>