<?xml version="1.0" encoding="utf-8"?>
<Classification xmlns:xsi="http://www.w3.org/2001/XMLSchema-instance" xmlns:xsd="http://www.w3.org/2001/XMLSchema" id="urn:ssb:classification:stabas:5616001" currentVersionId="urn:ssb:classversion:stabas:5616002" xmlns="http://www.ssb.no/ns/meta/classification">
  <TitleGrp>
    <Title xml:lang="nn">Standard  av reinseprinsipp for store avløpsanlegg (&gt;50 pe)</Title>
    <Title xml:lang="nb">Standard av renseprinsipper for store avløpsanlegg (&gt;50 pe)</Title>
    <Title xml:lang="en">Classification of treatment methods for large wastewater treatment plants (&gt;50 pe)</Title>
  </TitleGrp>
  <DescriptionGrp />
  <StatisticalUnitGrp>
    <StatisticalUnit xml:lang="nn">Ikkje relevant</StatisticalUnit>
    <StatisticalUnit xml:lang="nb">Ikke relevant</StatisticalUnit>
    <StatisticalUnit xml:lang="en">Not relevant</StatisticalUnit>
  </StatisticalUnitGrp>
  <OwnerGrp>
    <Owner xml:lang="nn">Statistisk sentralbyrå (SSB) </Owner>
    <Owner xml:lang="nb">Statistisk sentralbyrå (SSB)</Owner>
    <Owner xml:lang="en">Statistics Norway</Owner>
  </OwnerGrp>
  <SubjectArea>01</SubjectArea>
  <ClassificationVersions>
    <ClassificationVersion id="urn:ssb:classversion:stabas:5616002" isCurrentVersion="true" validFrom="1972-01-01" isUnderConstruction="false" updatesPossible="false" disseminationAllowed="true" lastChangedDate="2011-11-28" showIntranet="true" showInternet="true">
      <TitleGrp>
        <Title xml:lang="nn">Reinseprinsipp for store avløpsanlegg (&gt;50 pe) 1972</Title>
        <Title xml:lang="nb">Renseprinsipper for store avløpsanlegg (&gt;50 pe) 1972</Title>
        <Title xml:lang="en">Classification of treatment methods for large wastewater treatment plants (&gt;50 pe) 1972</Title>
      </TitleGrp>
      <DescriptionGrp>
        <Description xml:lang="nn">Klassifiksjonen er i første rekkje ein statistisk klassifikasjon som klassifiserer avløpsanlegg med kapasitet på 50 personekvivalentar (pe) eller meir etter renseprinsipp.
</Description>
        <Description xml:lang="nb">Klassifikasjonen er i første rekke en statistisk klassifikasjon som klassifiserer avløpsanlegg med kapasitet på 50 personekvivalenter (pe) eller mer etter renseprinsipper.
</Description>
        <Description xml:lang="en">The classification is primarily applied for classification of wastewater treatment plants, with capasity of 50 person equivalents (pe) or more, according to treatment methods.
</Description>
      </DescriptionGrp>
      <IntroductionGrp>
        <Indtroduction xml:lang="nn">Ikkje relevant</Indtroduction>
        <Indtroduction xml:lang="nb">Ikke relevant</Indtroduction>
        <Indtroduction xml:lang="en">Not relevant</Indtroduction>
      </IntroductionGrp>
      <ContactInformation>
        <Person xmlns="http://www.ssb.no/ns/meta/common">gib </Person>
        <Division xmlns="http://www.ssb.no/ns/meta/common">220</Division>
      </ContactInformation>
      <ExternalDocumentGrp>
        <ExternalDocument xml:lang="nn">Ikkje relevant</ExternalDocument>
        <ExternalDocument xml:lang="nb">Ikke relevant</ExternalDocument>
        <ExternalDocument xml:lang="en">Not relevant</ExternalDocument>
      </ExternalDocumentGrp>
      <ChangesGrp>
        <Change xml:lang="nn">Ikkje relevant</Change>
        <Change xml:lang="nb">Ikke relevant</Change>
        <Change xml:lang="en">Not relevant</Change>
      </ChangesGrp>
      <DerivedFromGrp>
        <DerviedFrom xml:lang="nn">Ikkje relevant</DerviedFrom>
        <DerviedFrom xml:lang="nb">Ikke relevant</DerviedFrom>
        <DerviedFrom xml:lang="en">Not relevant</DerviedFrom>
      </DerivedFromGrp>
      <LegalBaseGrp>
        <LegalBase xml:lang="nn">Ikkje relevant</LegalBase>
        <LegalBase xml:lang="nb">Ikke relevant</LegalBase>
        <LegalBase xml:lang="en">Nor relevant</LegalBase>
      </LegalBaseGrp>
      <Level levelNumber="1" id="urn:ssb:classlevel:stabas:5616004">
        <TitleGrp>
          <Title xml:lang="nn">Reinseprinsipp for store avløpsanlegg (&gt;50 pe) 1972: Nivå 1</Title>
          <Title xml:lang="nb">Renseprinsipper for store avløpsanlegg (&gt;50 pe) 1972: Nivå 1</Title>
          <Title xml:lang="en">Classification of treatment methods for large wastewater treatment plants (&gt;50 pe) 1972: Level 1</Title>
        </TitleGrp>
        <CodelistReference>urn:ssb:codelist:stabas:5616004</CodelistReference>
        <Level levelNumber="2" id="urn:ssb:classlevel:stabas:5616006">
          <TitleGrp>
            <Title xml:lang="nn">Reinseprinsipp for store avløpsanlegg (&gt;50 pe) 1972: Nivå 2</Title>
            <Title xml:lang="nb">Renseprinsipper for store avløpsanlegg (&gt;50 pe) 1972: Nivå 2</Title>
            <Title xml:lang="en">Classification of treatment methods for large wastewater treatment plants (&gt;50 pe) 1972: Level 2</Title>
          </TitleGrp>
          <CodelistReference>urn:ssb:codelist:stabas:5616006</CodelistReference>
        </Level>
      </Level>
    </ClassificationVersion>
  </ClassificationVersions>
</Classification>