<?xml version="1.0" encoding="utf-8"?>
<Classification xmlns:xsi="http://www.w3.org/2001/XMLSchema-instance" xmlns:xsd="http://www.w3.org/2001/XMLSchema" id="urn:ssb:classification:stabas:5622001" currentVersionId="urn:ssb:classversion:stabas:5622002" xmlns="http://www.ssb.no/ns/meta/classification">
  <TitleGrp>
    <Title xml:lang="nn">Standard for klassifisering av miljøvernaktivitetar og -utgifter</Title>
    <Title xml:lang="nb">Standard for klassifisering av miljøvernaktiviteter og -utgifter</Title>
    <Title xml:lang="en">Classification of  classification of Environmental Protection Activities and Expenditure (CEPA 2000)</Title>
  </TitleGrp>
  <DescriptionGrp />
  <StatisticalUnitGrp>
    <StatisticalUnit xml:lang="nn">Ikkje relevant</StatisticalUnit>
    <StatisticalUnit xml:lang="nb">Ikke relevant</StatisticalUnit>
    <StatisticalUnit xml:lang="en">Not relevant</StatisticalUnit>
  </StatisticalUnitGrp>
  <OwnerGrp>
    <Owner xml:lang="nn">Statistisk sentralbyrå (SSB) 
</Owner>
    <Owner xml:lang="nb">Statistisk sentralbyrå (SSB)
</Owner>
    <Owner xml:lang="en">Statistics Norway</Owner>
  </OwnerGrp>
  <SubjectArea>01</SubjectArea>
  <ClassificationVersions>
    <ClassificationVersion id="urn:ssb:classversion:stabas:5622002" isCurrentVersion="true" validFrom="2000-01-01" isUnderConstruction="false" updatesPossible="false" disseminationAllowed="true" lastChangedDate="2012-01-17" showIntranet="true" showInternet="true">
      <TitleGrp>
        <Title xml:lang="nn">Klassifisering av miljøvernaktivitetar og -utgifter 2000</Title>
        <Title xml:lang="nb">Klassifisering av miljøvernaktiviteter og -utgifter 2000</Title>
        <Title xml:lang="en">Classification of Environmental Protection Activities and Expenditure (CEPA 2000) 2000</Title>
      </TitleGrp>
      <DescriptionGrp>
        <Description xml:lang="nn">Standarden er ein funksjonell klassifikasjon brukt til å klassifisere aktiviteter, produkt, utgifter og andre overføringar der hovudføremålet er miljøvern. Standarden er bygd opp hierarkisk og har 3 nivå (nivå 1 har 9 kategoriar, nivå 2 har 46 kategoriar og nivå 3 har 20 kategoriar). I norsk offisiell statistikk brukar ein førebels berre nivå 1. </Description>
        <Description xml:lang="nb">Standarden er en funksjonell klassifikasjon brukt til å klassifisere aktiviteter, produkter, utgifter og andre overføringer hvis hovedformål er miljøvern. Standarden er hierarkisk oppbygget og består av 3 nivåer (nivå 1 har 9 kategorier, nivå 2 har 46 kategorier og nivå 3 har 20 kategorier). I norsk offisiell statistikk har man hittil kun tatt i bruk nivå 1. </Description>
        <Description xml:lang="en">CEPA is a functional classification used to classifiy activities, products, outlays and other transactions whose primary purpose is environmental protection. It is a hierarchic classification with 3 levels (level 1: 9 categories, level 2: 46 categories, level 3: 20 categories). Until now, Norway only produces statistics based on level 1. </Description>
      </DescriptionGrp>
      <IntroductionGrp>
        <Indtroduction xml:lang="nn">Ikkje relevant</Indtroduction>
        <Indtroduction xml:lang="nb">Ikke relevant</Indtroduction>
        <Indtroduction xml:lang="en">Not relevant</Indtroduction>
      </IntroductionGrp>
      <ContactInformation>
        <Person xmlns="http://www.ssb.no/ns/meta/common">htk</Person>
        <Division xmlns="http://www.ssb.no/ns/meta/common">215</Division>
      </ContactInformation>
      <ExternalDocumentGrp>
        <ExternalDocument xml:lang="nn">http://ec.europa.eu/eurostat/ramon/nomenclatures/index.cfm?TargetUrl=LST_NOM_DTL&amp;StrNom=CEPA_2000&amp;StrLanguageCode=EN&amp;IntPcKey=&amp;StrLayoutCode=HIERARCHIC&amp;CFID=1378067&amp;CFTOKEN=f3ca17a821ad668f-D41B1650-C434-C401-4A424D82324A27AE&amp;jsessionid=ee30991268c43513391f </ExternalDocument>
        <ExternalDocument xml:lang="nb">http://ec.europa.eu/eurostat/ramon/nomenclatures/index.cfm?TargetUrl=LST_NOM&amp;StrGroupCode=CLASSIFIC&amp;StrLanguageCode=EN</ExternalDocument>
        <ExternalDocument xml:lang="en">http://ec.europa.eu/eurostat/ramon/nomenclatures/index.cfm?TargetUrl=LST_NOM_DTL&amp;StrNom=CEPA_2000&amp;StrLanguageCode=EN&amp;IntPcKey=&amp;StrLayoutCode=HIERARCHIC&amp;CFID=1378067&amp;CFTOKEN=f3ca17a821ad668f-D41B1650-C434-C401-4A424D82324A27AE&amp;jsessionid=ee30991268c43513391f </ExternalDocument>
      </ExternalDocumentGrp>
      <ChangesGrp>
        <Change xml:lang="nn">Ikkje relevant</Change>
        <Change xml:lang="nb">Ikke relevant</Change>
        <Change xml:lang="en">Not relevant</Change>
      </ChangesGrp>
      <DerivedFromGrp>
        <DerviedFrom xml:lang="nn">Ikkje relevant</DerviedFrom>
        <DerviedFrom xml:lang="nb">Ikke relevant</DerviedFrom>
        <DerviedFrom xml:lang="en">Not relevant</DerviedFrom>
      </DerivedFromGrp>
      <LegalBaseGrp>
        <LegalBase xml:lang="nn">Kommisjonsforordning (EF) nr. 29/2002 </LegalBase>
        <LegalBase xml:lang="nb">Kommisjonsforordning (EF) nr. 29/2002</LegalBase>
        <LegalBase xml:lang="en">EU Commission regulation no. 29/2002</LegalBase>
      </LegalBaseGrp>
      <Level levelNumber="1" id="urn:ssb:classlevel:stabas:5622101" codeStructure="9">
        <TitleGrp>
          <Title xml:lang="nn">Klassifisering av miljøvernaktivitetar og -utgifter 2000: Nivå 1</Title>
          <Title xml:lang="nb">Klassifisering av miljøvernaktiviteter og -utgifter 2000: Nivå 1</Title>
          <Title xml:lang="en">Classification of Environmental Protection Activities and Expenditure (CEPA 2000) 2000: Level 1</Title>
        </TitleGrp>
        <CodelistReference>urn:ssb:codelist:stabas:5622101</CodelistReference>
      </Level>
    </ClassificationVersion>
  </ClassificationVersions>
</Classification>