<?xml version="1.0" encoding="utf-8"?>
<Classification xmlns:xsi="http://www.w3.org/2001/XMLSchema-instance" xmlns:xsd="http://www.w3.org/2001/XMLSchema" id="urn:ssb:classification:stabas:5624401" currentVersionId="urn:ssb:classversion:stabas:0" xmlns="http://www.ssb.no/ns/meta/classification">
  <TitleGrp>
    <Title xml:lang="nn">Standard for reinseprinsipper for små avløpsanlegg (&amp;It;50 pe)</Title>
    <Title xml:lang="nb">Standard for renseprinsipper for små avløpsanlegg (&amp;It;50 pe)</Title>
    <Title xml:lang="en">Classification of treatment methods for small wastewater treatment plants (&amp;It;50 pe)</Title>
  </TitleGrp>
  <DescriptionGrp />
  <StatisticalUnitGrp>
    <StatisticalUnit xml:lang="nn">Ikkje relevant</StatisticalUnit>
    <StatisticalUnit xml:lang="nb">Ikke relevant</StatisticalUnit>
    <StatisticalUnit xml:lang="en">Not relevant</StatisticalUnit>
  </StatisticalUnitGrp>
  <OwnerGrp>
    <Owner xml:lang="nn">Statistisk sentralbyrå (SSB)</Owner>
    <Owner xml:lang="nb">Statistisk sentralbyrå (SSB)</Owner>
    <Owner xml:lang="en">Statistics Norway</Owner>
  </OwnerGrp>
  <SubjectArea>01</SubjectArea>
  <ClassificationVersions>
    <ClassificationVersion id="urn:ssb:classversion:stabas:5624402" isCurrentVersion="true" validFrom="2004-01-01" isUnderConstruction="false" updatesPossible="false" disseminationAllowed="true" lastChangedDate="2009-01-15" showIntranet="true" showInternet="true">
      <TitleGrp>
        <Title xml:lang="nn">Reinseprinsipper for små avløpsanlegg (&amp;It;50 pe) 2004</Title>
        <Title xml:lang="nb">Renseprinsipper for små avløpsanlegg (&amp;It;50 pe) 2004</Title>
        <Title xml:lang="en">Treatment methods for small wastewater treatment plants (&amp;It;50 pe) 2004</Title>
      </TitleGrp>
      <DescriptionGrp>
        <Description xml:lang="nn">Standarden er i første rekkje ein statistisk standard som klassifiserer av avløpsanlegg mindre enn 50 personekvivalentar (pe) etter reinseprinsipp</Description>
        <Description xml:lang="nb">Standarden er i første rekke en statistisk standard som klassifiserer avløpsanlegg mindre enn 50 personekvivalenter (pe) etter renseprinsipper.</Description>
        <Description xml:lang="en">The classification is primarily a statistical standard applied for classification of wastewater treatment plants with capacity less than 50 person equivalents (pe) according to treatment methods.</Description>
      </DescriptionGrp>
      <IntroductionGrp>
        <Indtroduction xml:lang="nn">Ikkje relevant</Indtroduction>
        <Indtroduction xml:lang="nb">Ikke relevant</Indtroduction>
        <Indtroduction xml:lang="en">Not relevant</Indtroduction>
      </IntroductionGrp>
      <ContactInformation>
        <Person xmlns="http://www.ssb.no/ns/meta/common">gib</Person>
        <Division xmlns="http://www.ssb.no/ns/meta/common">220</Division>
      </ContactInformation>
      <ExternalDocumentGrp>
        <ExternalDocument xml:lang="nn">Ikkje relevant</ExternalDocument>
        <ExternalDocument xml:lang="nb">Ikke relevant</ExternalDocument>
        <ExternalDocument xml:lang="en">Not relevant</ExternalDocument>
      </ExternalDocumentGrp>
      <ChangesGrp>
        <Change xml:lang="nn">Ikkje relevant</Change>
        <Change xml:lang="nb">Ikke relevant</Change>
        <Change xml:lang="en">Not relevant</Change>
      </ChangesGrp>
      <DerivedFromGrp>
        <DerviedFrom xml:lang="nn">Ikkje relevant</DerviedFrom>
        <DerviedFrom xml:lang="nb">Ikke relevant</DerviedFrom>
        <DerviedFrom xml:lang="en">Not relevant</DerviedFrom>
      </DerivedFromGrp>
      <LegalBaseGrp>
        <LegalBase xml:lang="nn">Ikkje relevant</LegalBase>
        <LegalBase xml:lang="nb">Ikke relevant</LegalBase>
        <LegalBase xml:lang="en">Not relevant</LegalBase>
      </LegalBaseGrp>
      <Level levelNumber="1" id="urn:ssb:classlevel:stabas:5624406" codeStructure="9">
        <TitleGrp>
          <Title xml:lang="nn">Reinseprinsipper for små avløpsanlegg (&amp;It;50 pe) 2004: Nivå 1</Title>
          <Title xml:lang="nb">Renseprinsipper for små avløpsanlegg (&amp;It;50 pe) 2004: Nivå 1</Title>
          <Title xml:lang="en">Treatment methods for small wastewater treatment plants (&amp;It;50 pe) 2004: Level 1</Title>
        </TitleGrp>
        <CodelistReference>urn:ssb:codelist:stabas:5624406</CodelistReference>
        <Level levelNumber="2" id="urn:ssb:classlevel:stabas:5624408" codeStructure="9.9">
          <TitleGrp>
            <Title xml:lang="nn">Reinseprinsipper for små avløpsanlegg (&amp;It;50 pe) 2004: Nivå 2</Title>
            <Title xml:lang="nb">Renseprinsipper for små avløpsanlegg (&amp;It;50 pe) 2004: Nivå 2</Title>
            <Title xml:lang="en">Treatment methods for small wastewater treatment plants (&amp;It;50 pe) 2004: Level 2</Title>
          </TitleGrp>
          <CodelistReference>urn:ssb:codelist:stabas:5624408</CodelistReference>
        </Level>
      </Level>
    </ClassificationVersion>
  </ClassificationVersions>
</Classification>