<?xml version="1.0" encoding="utf-8"?>
<Classification xmlns:xsi="http://www.w3.org/2001/XMLSchema-instance" xmlns:xsd="http://www.w3.org/2001/XMLSchema" id="urn:ssb:classification:stabas:5910001" currentVersionId="urn:ssb:classversion:stabas:5910002" xmlns="http://www.ssb.no/ns/meta/classification">
  <TitleGrp>
    <Title xml:lang="nb">Standard for klassifisering av avfallsbehandling</Title>
    <Title xml:lang="en">Standard for waste treatment</Title>
  </TitleGrp>
  <DescriptionGrp />
  <StatisticalUnitGrp />
  <OwnerGrp />
  <SubjectArea>01</SubjectArea>
  <ClassificationVersions>
    <ClassificationVersion id="urn:ssb:classversion:stabas:5910002" isCurrentVersion="false" isUnderConstruction="false" updatesPossible="false" disseminationAllowed="false" showIntranet="false" showInternet="false" />
  </ClassificationVersions>
</Classification>