<?xml version="1.0" encoding="utf-8"?>
<Classification xmlns:xsi="http://www.w3.org/2001/XMLSchema-instance" xmlns:xsd="http://www.w3.org/2001/XMLSchema" id="urn:ssb:classification:stabas:5918001" currentVersionId="urn:ssb:classversion:stabas:8368001" xmlns="http://www.ssb.no/ns/meta/classification">
  <TitleGrp>
    <Title xml:lang="nn">Variant av SN - Miljørekneskap</Title>
    <Title xml:lang="nb">Variant av SN - Miljøregnskap</Title>
    <Title xml:lang="en">Variant of SIC - Environmental accounts</Title>
  </TitleGrp>
  <DescriptionGrp>
    <Description xml:lang="nn">NAMEA (National Account Matrix including Environmental Accounts)-aggregeringa vert nytta til å lage satelittrekneskap for miljø, her vert miljøstatistikk kopla saman med nasjonalrekneskapen. 
I miljøsamanheng kan næringar som ein elles meiner liknar på kvarandre reint økonomisk eller aktivitetsmessig, gje særs ulike miljøbelasting. Derfor er det ønskjeleg og relevant i miljøsamanheng å skilje næringar som vert presentert aggregerte i andre samanhenger. I tillegg gjev hushalda eit viktig bidrag til miljøbelastingane, og dei er derfor viktige å ha med i eit miljørekneskapssystem.   

</Description>
    <Description xml:lang="nb">NAMEA (National Account Matrix including Environmental Accounts)-aggregeringen brukes til å lage satelittregnskap for miljø, her koples miljøstatistikk sammen med nasjonalregnskap. 
I miljøsammenheng kan næringer som ellers oppfattes å likne på hverandre rent økonomisk eller aktivitetsmessig, gi meget ulik miljøbelastning. Derfor er det ønskelig og relevant i miljøsammenheng å skille næringer som presenteres aggregert i andre sammenhenger. I tillegg er husholdningene en viktig bidragsyter til miljøbelastninger, og de er derfor viktige å ha med i et miljøregnskapssystem.   
</Description>
    <Description xml:lang="en">The NAMEA (National Account Matrix including Environmental Accounts)- aggregation is used for setting up satelite accounts for the environment, linking environmental statistics with national accounts. 
From an envrionmental perspective, industries with similar economic or activity features, might produce quite different environmental pressures. Therefore it is relevant to split industries which are otherwise presented together. In addition to industries, households are important contributors to environmental pressure. Hence, they are important to include in a system of environmental accounts. 
</Description>
  </DescriptionGrp>
  <StatisticalUnitGrp>
    <StatisticalUnit xml:lang="nn">Verksemd</StatisticalUnit>
    <StatisticalUnit xml:lang="nb">Foretak</StatisticalUnit>
    <StatisticalUnit xml:lang="en">Enterprise</StatisticalUnit>
  </StatisticalUnitGrp>
  <OwnerGrp>
    <Owner xml:lang="nn">215 - Seksjon for energi- og miljøstatistikk </Owner>
    <Owner xml:lang="nb">215 - Seksjon for energi- og miljøstatistikk</Owner>
    <Owner xml:lang="en">215 - Energy and environmental statistics</Owner>
  </OwnerGrp>
  <SubjectArea>10</SubjectArea>
  <ClassificationVersions>
    <ClassificationVersion id="urn:ssb:classversion:stabas:8368001" isCurrentVersion="true" validFrom="2012-01-01" isUnderConstruction="false" updatesPossible="false" disseminationAllowed="true" lastChangedDate="2013-08-15" showIntranet="true" showInternet="true">
      <TitleGrp>
        <Title xml:lang="nn">Variant av SN - miljørekneskap (SN2007)</Title>
        <Title xml:lang="nb">Variant av SN - Miljøregnskap (SN2007)</Title>
        <Title xml:lang="en">Variant of SIC - Environmental accounts  (SIC2007)</Title>
      </TitleGrp>
      <DescriptionGrp>
        <Description xml:lang="nn">NAMEA (National Account Matrix including Environmental Accounts)-aggregeringa vert nytta til å lage satelittrekneskap for miljø, her vert miljøstatistikk kopla saman med nasjonalrekneskapen. I miljøsamanheng kan næringar som ein elles meiner liknar på kvarandre reint økonomisk eller aktivitetsmessig, gje særs ulike miljøbelasting. Derfor er det ønskjeleg og relevant i miljøsamanheng å skilje næringar som vert presenterte aggregert i andre samanhenger. I tillegg gjev hushalda eit viktig bidrag til miljøbelastingane, og dei er derfor viktige å ha med i eit miljørekneskapssystem.</Description>
        <Description xml:lang="nb">NAMEA (National Account Matrix including Environmental Accounts)-aggregeringen brukes til å lage satelittregnskap for miljø, her koples miljøstatistikk sammen med nasjonalregnskap. 
I miljøsammenheng kan næringer som ellers oppfattes å likne på hverandre rent økonomisk eller aktivitetsmessig, gi meget ulik miljøbelastning. Derfor er det ønskelig og relevant i miljøsammenheng å skille næringer som presenteres aggregert i andre sammenhenger. I tillegg er husholdningene en viktig bidragsyter til miljøbelastninger, og de er derfor viktige å ha med i et miljøregnskapssystem.</Description>
        <Description xml:lang="en">The NAMEA (National Account Matrix including Environmental Accounts)- aggregation is used for setting up satelite accounts for the environment, linking environmental statistics with national accounts. 
From an environmental perspective, industries with similar economic or activity features, might produce quite different environmental pressures. Therefore it is relevant to split industries which are otherwise presented together. In addition to industries, households are important contributors to environmental pressure. Hence, they are important to include in a system of environmental accounts.</Description>
      </DescriptionGrp>
      <IntroductionGrp>
        <Indtroduction xml:lang="nn">Ikkje relevant</Indtroduction>
        <Indtroduction xml:lang="nb">Ikke relevant</Indtroduction>
        <Indtroduction xml:lang="en">Not relevant</Indtroduction>
      </IntroductionGrp>
      <ContactInformation>
        <Person xmlns="http://www.ssb.no/ns/meta/common">kre</Person>
        <Division xmlns="http://www.ssb.no/ns/meta/common">215</Division>
      </ContactInformation>
      <ExternalDocumentGrp>
        <ExternalDocument xml:lang="nn">http://www.ssb.no/emner/09/01/nrmiljo/</ExternalDocument>
        <ExternalDocument xml:lang="nb">http://www.ssb.no/emner/09/01/nrmiljo/</ExternalDocument>
        <ExternalDocument xml:lang="en">http://www.ssb.no/english/subjects/09/01/nrmiljo_en/</ExternalDocument>
      </ExternalDocumentGrp>
      <ChangesGrp>
        <Change xml:lang="nn">Ikkje relevant</Change>
        <Change xml:lang="nb">Ikke relevant</Change>
        <Change xml:lang="en">Not relevant</Change>
      </ChangesGrp>
      <DerivedFromGrp>
        <DerviedFrom xml:lang="nn">Ikkje relevant</DerviedFrom>
        <DerviedFrom xml:lang="nb">Ikke relevant</DerviedFrom>
        <DerviedFrom xml:lang="en">Not relevant</DerviedFrom>
      </DerivedFromGrp>
      <LegalBaseGrp>
        <LegalBase xml:lang="nn">Ikkje relevant</LegalBase>
        <LegalBase xml:lang="nb">Ikke relevant</LegalBase>
        <LegalBase xml:lang="en">Not relevant</LegalBase>
      </LegalBaseGrp>
      <Level levelNumber="1" id="urn:ssb:classlevel:stabas:8368005" codeStructure="99">
        <TitleGrp>
          <Title xml:lang="nn">Variant av SN - miljørekneskap (SN2007)</Title>
          <Title xml:lang="nb">Variant av SN - Miljøregnskap (SN2007): Næringshovedområde</Title>
          <Title xml:lang="en">Variant of SIC - Environmental accounts  (SIC2007)</Title>
        </TitleGrp>
        <CodelistReference>urn:ssb:codelist:stabas:8368005</CodelistReference>
        <Level levelNumber="2" id="urn:ssb:classlevel:stabas:8368007" codeStructure="99.99">
          <TitleGrp>
            <Title xml:lang="nn">Variant av SN - miljørekneskap (SN2007)</Title>
            <Title xml:lang="nb">Variant av SN - Miljøregnskap (SN2007): Næring</Title>
            <Title xml:lang="en">Variant of SIC - Environmental accounts  (SIC2007)</Title>
          </TitleGrp>
          <CodelistReference>urn:ssb:codelist:stabas:8368007</CodelistReference>
          <Level levelNumber="3" id="urn:ssb:classlevel:stabas:8368301" codeStructure="99.99.99">
            <TitleGrp>
              <Title xml:lang="nn">Variant av SN - miljørekneskap (SN2007)</Title>
              <Title xml:lang="nb">Variant av SN - Miljøregnskap (SN2007): Næringshovedgruppe</Title>
              <Title xml:lang="en">Variant of SIC - Environmental accounts  (SIC2007)</Title>
            </TitleGrp>
            <CodelistReference>urn:ssb:codelist:stabas:8368301</CodelistReference>
          </Level>
        </Level>
      </Level>
    </ClassificationVersion>
    <ClassificationVersion id="urn:ssb:classversion:stabas:5918002" isCurrentVersion="false" validFrom="2002-01-01" validTo="2011-12-31" isUnderConstruction="false" updatesPossible="false" disseminationAllowed="true" lastChangedDate="2012-02-15" showIntranet="true" showInternet="true">
      <TitleGrp>
        <Title xml:lang="nn">Variant av SN - miljørekneskap (SN2002)</Title>
        <Title xml:lang="nb">Variant av SN - Miljøregnskap (SN2002)</Title>
        <Title xml:lang="en">Variant of SIC - Environmental accounts  (SN2002)</Title>
      </TitleGrp>
      <DescriptionGrp>
        <Description xml:lang="nn">NAMEA (National Account Matrix including Environmental Accounts)-aggregeringa vert nytta til å lage satelittrekneskap for miljø, her vert miljøstatistikk kopla saman med nasjonalrekneskapen. 
I miljøsamanheng kan næringar som ein elles meiner liknar på kvarandre reint økonomisk eller aktivitetsmessig, gje særs ulike miljøbelasting. Derfor er det ønskjeleg og relevant i miljøsamanheng å skilje næringar som vert presentert aggregerte i andre samanhenger. I tillegg gjev hushalda eit viktig bidrag til miljøbelastingane, og dei er derfor viktige å ha med i eit miljørekneskapssystem.   
</Description>
        <Description xml:lang="nb">NAMEA (National Account Matrix including Environmental Accounts)-aggregeringen brukes til å lage satelittregnskap for miljø, her koples miljøstatistikk sammen med nasjonalregnskap. 
I miljøsammenheng kan næringer som ellers oppfattes å likne på hverandre rent økonomisk eller aktivitetsmessig, gi meget ulik miljøbelastning. Derfor er det ønskelig og relevant i miljøsammenheng å skille næringer som presenteres aggregert i andre sammenhenger. I tillegg er husholdningene en viktig bidragsyter til miljøbelastninger, og de er derfor viktige å ha med i et miljøregnskapssystem.   
</Description>
        <Description xml:lang="en">The NAMEA (National Account Matrix including Environmental Accounts)- aggregation is used for setting up satelite accounts for the environment, linking environmental statistics with national accounts. 
From an envrionmental perspective, industries with similar economic or activity features, might produce quite different environmental pressures. Therefore it is relevant to split industries which are otherwise presented together. In addition to industries, households are important contributors to environmental pressure. Hence, they are important to include in a system of environmental accounts. 
</Description>
      </DescriptionGrp>
      <IntroductionGrp>
        <Indtroduction xml:lang="nn">Ikkje relevant</Indtroduction>
        <Indtroduction xml:lang="nb">Ikke relevant</Indtroduction>
        <Indtroduction xml:lang="en">Not relevant</Indtroduction>
      </IntroductionGrp>
      <ContactInformation>
        <Person xmlns="http://www.ssb.no/ns/meta/common">kre</Person>
        <Division xmlns="http://www.ssb.no/ns/meta/common">215</Division>
      </ContactInformation>
      <ExternalDocumentGrp>
        <ExternalDocument xml:lang="nn">http://www.ssb.no/emner/09/01/nrmiljo/ </ExternalDocument>
        <ExternalDocument xml:lang="nb">http://www.ssb.no/emner/09/01/nrmiljo/</ExternalDocument>
        <ExternalDocument xml:lang="en">http://www.ssb.no/english/subjects/09/01/nrmiljo_en/</ExternalDocument>
      </ExternalDocumentGrp>
      <ChangesGrp>
        <Change xml:lang="nn">Ikkje relevant</Change>
        <Change xml:lang="nb">Ikke relevant</Change>
        <Change xml:lang="en">Not relevant</Change>
      </ChangesGrp>
      <DerivedFromGrp>
        <DerviedFrom xml:lang="nn">Ikkje relevant</DerviedFrom>
        <DerviedFrom xml:lang="nb">Ikke relevant</DerviedFrom>
        <DerviedFrom xml:lang="en">Not relevant</DerviedFrom>
      </DerivedFromGrp>
      <LegalBaseGrp>
        <LegalBase xml:lang="nn">Ikkje relevant</LegalBase>
        <LegalBase xml:lang="nb">Ikke relevant</LegalBase>
        <LegalBase xml:lang="en">Not relevant</LegalBase>
      </LegalBaseGrp>
      <Level levelNumber="1" id="urn:ssb:classlevel:stabas:5918004" codeStructure="99">
        <TitleGrp>
          <Title xml:lang="nn">Variant av SN - miljørekneskap (SN2002)</Title>
          <Title xml:lang="nb">Variant av SN - Miljøregnskap (SN2002): Næringshovedområde</Title>
          <Title xml:lang="en">Variant of SIC - Environmental accounts  (SN2002): Næringshovedområde </Title>
        </TitleGrp>
        <CodelistReference>urn:ssb:codelist:stabas:5918004</CodelistReference>
        <Level levelNumber="2" id="urn:ssb:classlevel:stabas:5918006">
          <TitleGrp>
            <Title xml:lang="nn">Variant av SN - miljørekneskap (SN2002)</Title>
            <Title xml:lang="nb">Variant av SN - Miljøregnskap (SN2002): Næring</Title>
            <Title xml:lang="en">Variant of SIC - Environmental accounts  (SN2002): Næring </Title>
          </TitleGrp>
          <CodelistReference>urn:ssb:codelist:stabas:5918006</CodelistReference>
        </Level>
      </Level>
    </ClassificationVersion>
  </ClassificationVersions>
</Classification>