<?xml version="1.0" encoding="utf-8"?>
<Classification xmlns:xsi="http://www.w3.org/2001/XMLSchema-instance" xmlns:xsd="http://www.w3.org/2001/XMLSchema" id="urn:ssb:classification:stabas:6079101" currentVersionId="urn:ssb:classversion:stabas:6079102" xmlns="http://www.ssb.no/ns/meta/classification">
  <TitleGrp>
    <Title xml:lang="nn">Standard for klassifisering av reisetype </Title>
    <Title xml:lang="nb">Standard for klassifisering av reisetype</Title>
    <Title xml:lang="en">Standard for classification of types of travels</Title>
  </TitleGrp>
  <DescriptionGrp />
  <StatisticalUnitGrp>
    <StatisticalUnit xml:lang="nb">Reise</StatisticalUnit>
  </StatisticalUnitGrp>
  <OwnerGrp />
  <SubjectArea>10</SubjectArea>
  <ClassificationVersions>
    <ClassificationVersion id="urn:ssb:classversion:stabas:6079102" isCurrentVersion="true" validFrom="2002-01-01" isUnderConstruction="false" updatesPossible="false" disseminationAllowed="true" lastChangedDate="2016-06-14" showIntranet="true" showInternet="true">
      <TitleGrp>
        <Title xml:lang="nn">Standard for klassifisering av reisetype 2002 </Title>
        <Title xml:lang="nb">Standard for klassifisering av reisetype 2002</Title>
        <Title xml:lang="en">Standard classification of types of travels 2002</Title>
      </TitleGrp>
      <DescriptionGrp>
        <Description xml:lang="nn">Klassifiseringa viser dei ulike typane reiser som vert brukte i Reiseundersøkinga.</Description>
        <Description xml:lang="nb">Klassifiseringen viser de ulike reisetypene som brukes i Reiseundersøkelsen.</Description>
        <Description xml:lang="en">The classiifcation shows the types of travels used in the Travel survey.</Description>
      </DescriptionGrp>
      <IntroductionGrp>
        <Indtroduction xml:lang="nn">Ikkje relevant</Indtroduction>
        <Indtroduction xml:lang="nb">Ikke relevant</Indtroduction>
        <Indtroduction xml:lang="en">Not relevant</Indtroduction>
      </IntroductionGrp>
      <ContactInformation>
        <Person xmlns="http://www.ssb.no/ns/meta/common">tog </Person>
        <Division xmlns="http://www.ssb.no/ns/meta/common">440</Division>
      </ContactInformation>
      <ExternalDocumentGrp>
        <ExternalDocument xml:lang="nn">Ikkje relevant</ExternalDocument>
        <ExternalDocument xml:lang="nb">Ikke relevant</ExternalDocument>
        <ExternalDocument xml:lang="en">Not relevant</ExternalDocument>
      </ExternalDocumentGrp>
      <ChangesGrp>
        <Change xml:lang="nn">Ikkje relevant</Change>
        <Change xml:lang="nb">Ikke relevant</Change>
        <Change xml:lang="en">Not relevant</Change>
      </ChangesGrp>
      <DerivedFromGrp>
        <DerviedFrom xml:lang="nn">Ikkje relevant</DerviedFrom>
        <DerviedFrom xml:lang="nb">Ikke relevant</DerviedFrom>
        <DerviedFrom xml:lang="en">Not relevant</DerviedFrom>
      </DerivedFromGrp>
      <LegalBaseGrp>
        <LegalBase xml:lang="nn">Ikkje relevant</LegalBase>
        <LegalBase xml:lang="nb">Ikke relevant</LegalBase>
        <LegalBase xml:lang="en">Not relevan</LegalBase>
      </LegalBaseGrp>
      <Level levelNumber="1" id="urn:ssb:classlevel:stabas:6079104">
        <TitleGrp>
          <Title xml:lang="nn">Standard for klassifisering av reisetype 2002 </Title>
          <Title xml:lang="nb">Standard for klassifisering av reisetype 2002: Hovedreisetype</Title>
          <Title xml:lang="en">Standard classification of types of travels 2002</Title>
        </TitleGrp>
        <CodelistReference>urn:ssb:codelist:stabas:6079104</CodelistReference>
        <Level levelNumber="2" id="urn:ssb:classlevel:stabas:6079106">
          <TitleGrp>
            <Title xml:lang="nn">Standard for klassifisering av reisetype 2002 </Title>
            <Title xml:lang="nb">Standard for klassifisering av reisetype 2002: Reisetype</Title>
            <Title xml:lang="en">Standard classification of types of travels 2002</Title>
          </TitleGrp>
          <CodelistReference>urn:ssb:codelist:stabas:6079106</CodelistReference>
        </Level>
      </Level>
    </ClassificationVersion>
  </ClassificationVersions>
</Classification>