<?xml version="1.0" encoding="utf-8"?>
<Classification xmlns:xsi="http://www.w3.org/2001/XMLSchema-instance" xmlns:xsd="http://www.w3.org/2001/XMLSchema" id="urn:ssb:classification:stabas:6088126" currentVersionId="urn:ssb:classversion:stabas:6088127" xmlns="http://www.ssb.no/ns/meta/classification">
  <TitleGrp>
    <Title xml:lang="nn">Variant av  Standard for stoff som blir sleppte ut til luft - Forsurande stoff</Title>
    <Title xml:lang="nb">Variant av Standard for stoffer som slippes ut til luft - forsurende stoffer</Title>
    <Title xml:lang="en">Variant of  Classification of substances emitted to air - Acidifying substances</Title>
  </TitleGrp>
  <DescriptionGrp>
    <Description xml:lang="nn">Standarden omfattar forsurande stoffer som blir sleppte ut til luft og som er inkluderte i den offisielle norske utsleppsstatistikken. Stoffa gir sur nedbør og forsurar jord og vassdrag. Forsuring skar plante- og dyrelivet. Gir korrosjonsskadar på bygningar og kulturminne. Utsleppa kan vegast saman til syre-ekvivalentar ved hjelp av den forsurande effekten til stoffet. 
</Description>
    <Description xml:lang="nb">Standarden omfatter forsurende stoffer som slippes ut til luft og som er inkludert i den offisielle norske utslippsstatistikken. Stoffene bidrar til sur nedbør og forsuring av jord og vassdrag. Forsuring skader plante- og dyrelivet. Gir korrosjonsskader på bygninger og kulturminner. Utslippene kan sammenveies til syre-ekvivalenter ved hjelp av stoffenes forsurende effekt. 
</Description>
    <Description xml:lang="en">The classification  covers acidifying substances emitted to air and which is included or planned to be included in the official Norwegian emission statistics
</Description>
  </DescriptionGrp>
  <StatisticalUnitGrp>
    <StatisticalUnit xml:lang="nb">Produkt</StatisticalUnit>
  </StatisticalUnitGrp>
  <OwnerGrp>
    <Owner xml:lang="nn">Statistisk sentralbyrå (SSB) </Owner>
    <Owner xml:lang="nb">Statistisk sentralbyrå (SSB)</Owner>
    <Owner xml:lang="en">Statistisk sentralbyrå (SSB) </Owner>
  </OwnerGrp>
  <SubjectArea>01</SubjectArea>
  <ClassificationVersions>
    <ClassificationVersion id="urn:ssb:classversion:stabas:6088127" isCurrentVersion="true" validFrom="2009-01-01" isUnderConstruction="false" updatesPossible="false" disseminationAllowed="true" lastChangedDate="2016-06-14" showIntranet="true" showInternet="true">
      <TitleGrp>
        <Title xml:lang="nn">Forsurande stoff</Title>
        <Title xml:lang="nb">Forsurende stoffer</Title>
        <Title xml:lang="en">Acidifying substances</Title>
      </TitleGrp>
      <DescriptionGrp>
        <Description xml:lang="nn">Standarden omfattar forsurande stoffer som blir sleppte ut til luft og som er inkluderte i den offisielle norske utsleppsstatistikken. Stoffa gir sur nedbør og forsurar jord og vassdrag. Forsuring skar plante- og dyrelivet. Gir korrosjonsskadar på bygningar og kulturminne. Utsleppa kan vegast saman til syre-ekvivalentar ved hjelp av den forsurande effekten til stoffet. 

</Description>
        <Description xml:lang="nb">Standarden omfatter forsurende stoffer som slippes ut til luft og som er inkludert i den offisielle norske utslippsstatistikken. Stoffene bidrar til sur nedbør og forsuring av jord og vassdrag. Forsuring skader plante- og dyrelivet. Gir korrosjonsskader på bygninger og kulturminner. Utslippene kan sammenveies til syre-ekvivalenter ved hjelp av stoffenes forsurende effekt. 
</Description>
        <Description xml:lang="en">The classification covers acidifying substances emitted to air and which is included or planned to be included in the official Norwegian emission statistics


</Description>
      </DescriptionGrp>
      <IntroductionGrp>
        <Indtroduction xml:lang="nn">Ikkje relevant</Indtroduction>
        <Indtroduction xml:lang="nb">Ikke relevant</Indtroduction>
        <Indtroduction xml:lang="en">Not relevant</Indtroduction>
      </IntroductionGrp>
      <ContactInformation>
        <Person xmlns="http://www.ssb.no/ns/meta/common">hni</Person>
        <Division xmlns="http://www.ssb.no/ns/meta/common">215</Division>
      </ContactInformation>
      <ExternalDocumentGrp>
        <ExternalDocument xml:lang="nn">http://www.ssb.no/emner/01/04/10/rapp_emissions/ 
</ExternalDocument>
        <ExternalDocument xml:lang="nb">http://www.ssb.no/emner/01/04/10/rapp_emissions/
</ExternalDocument>
        <ExternalDocument xml:lang="en">http://www.ssb.no/emner/01/04/10/rapp_emissions/ 
</ExternalDocument>
      </ExternalDocumentGrp>
      <ChangesGrp>
        <Change xml:lang="nn">Ikkje relevant</Change>
        <Change xml:lang="nb">Ikke relevant</Change>
        <Change xml:lang="en">Not relevant</Change>
      </ChangesGrp>
      <DerivedFromGrp>
        <DerviedFrom xml:lang="nn">Guidelines for Reporting Emission Data under the Convention on Long-range Transboundary Air Pollution

</DerviedFrom>
        <DerviedFrom xml:lang="nb">Guidelines for Reporting Emission Data under the Convention on Long-range Transboundary Air Pollution
</DerviedFrom>
        <DerviedFrom xml:lang="en">Guidelines for Reporting Emission Data under the Convention on Long-range Transboundary Air Pollution
</DerviedFrom>
      </DerivedFromGrp>
      <LegalBaseGrp>
        <LegalBase xml:lang="nn">Ikkje relevant</LegalBase>
        <LegalBase xml:lang="nb">Ikke relevant</LegalBase>
        <LegalBase xml:lang="en">Not relevant</LegalBase>
      </LegalBaseGrp>
      <Level levelNumber="1" id="urn:ssb:classlevel:stabas:6088129">
        <TitleGrp>
          <Title xml:lang="nn">Forsurande stoff: Nivå 1 </Title>
          <Title xml:lang="nb">Forsurende stoffer: Nivå 1</Title>
          <Title xml:lang="en">Acidifying substances: Nivå 1 </Title>
        </TitleGrp>
        <CodelistReference>urn:ssb:codelist:stabas:6088129</CodelistReference>
      </Level>
    </ClassificationVersion>
  </ClassificationVersions>
</Classification>