<?xml version="1.0" encoding="utf-8"?>
<Classification xmlns:xsi="http://www.w3.org/2001/XMLSchema-instance" xmlns:xsd="http://www.w3.org/2001/XMLSchema" id="urn:ssb:classification:stabas:6088079" currentVersionId="urn:ssb:classversion:stabas:6088080" xmlns="http://www.ssb.no/ns/meta/classification">
  <TitleGrp>
    <Title xml:lang="nn">Variant av  Standard for stoff som blir sleppte ut til luft - klimagasser</Title>
    <Title xml:lang="nb">Variant av Standard for stoffer som slippes ut til luft - klimagasser</Title>
    <Title xml:lang="en">Variant of  Classification of substances emitted to air - Greenhouse gas</Title>
  </TitleGrp>
  <DescriptionGrp>
    <Description xml:lang="nn">Standarden omfattar klimagassar som er inkluderte i den offisielle norske utsleppsstatistikken. Klimagassar aukar drivhuseffekten. Utsleppa av gassane blir vegne saman til CO2-ekvivalentar ved hjelp av GWP-verdiar (Global Warming Potential). GWP-verdien seier kor sterk ein klimagass er. 

</Description>
    <Description xml:lang="nb">Standarden omfatter klimagasser som er inkludert i den offisielle norske utslippsstatistikken. Klimagasser bidrar til økt drivhuseffekt. Utslippet av gassene sammenveies til CO2-ekvivalenter ved hjelp av GWP-verdier (Global Warming Potential). GWP-verdien sier hvor sterk en klimagass er. 
</Description>
    <Description xml:lang="en">The classification covers greenhouse gases emitted to air and which is included or planned to be included in the official Norwegian emission statistics

</Description>
  </DescriptionGrp>
  <StatisticalUnitGrp>
    <StatisticalUnit xml:lang="nb">Produkt</StatisticalUnit>
  </StatisticalUnitGrp>
  <OwnerGrp>
    <Owner xml:lang="nn">Statistisk sentralbyrå (SSB) </Owner>
    <Owner xml:lang="nb">Statistisk sentralbyrå (SSB)</Owner>
    <Owner xml:lang="en">Statistisk sentralbyrå (SSB) </Owner>
  </OwnerGrp>
  <SubjectArea>01</SubjectArea>
  <ClassificationVersions>
    <ClassificationVersion id="urn:ssb:classversion:stabas:6088080" isCurrentVersion="true" validFrom="2009-01-01" isUnderConstruction="false" updatesPossible="false" disseminationAllowed="true" lastChangedDate="2016-06-14" showIntranet="true" showInternet="true">
      <TitleGrp>
        <Title xml:lang="nn">Klimagassar</Title>
        <Title xml:lang="nb">Klimagasser</Title>
        <Title xml:lang="en">Greenhouse gas</Title>
      </TitleGrp>
      <DescriptionGrp>
        <Description xml:lang="nn">Omfattar stoff som medverkar til auka drivhuseffekt. Utsleppet av gassane blir vege saman til CO2-ekvivalentar ved hjelp av GWP-verdiar (Global Warming Potential). GWP-verdien seier kor sterk ein klimagass er. 
</Description>
        <Description xml:lang="nb">Omfatter stoffer som bidrar til økt drivhuseffekt. Utslippet av gassene sammenveies til CO2-ekvivalenter ved hjelp av GWP-verdier (Global Warming Potential). GWP-verdien sier hvor sterk en klimagass er. 

</Description>
        <Description xml:lang="en">The classification covers greenhouse gases emitted to air and which is included or planned to be included in the official Norwegian emission statistics

</Description>
      </DescriptionGrp>
      <IntroductionGrp>
        <Indtroduction xml:lang="nn">Ikkje relevant</Indtroduction>
        <Indtroduction xml:lang="nb">Ikke relevant</Indtroduction>
        <Indtroduction xml:lang="en">Not relevant</Indtroduction>
      </IntroductionGrp>
      <ContactInformation>
        <Person xmlns="http://www.ssb.no/ns/meta/common">hni</Person>
        <Division xmlns="http://www.ssb.no/ns/meta/common">215</Division>
      </ContactInformation>
      <ExternalDocumentGrp>
        <ExternalDocument xml:lang="nn">http://www.ssb.no/emner/01/04/10/rapp_emissions/ 
</ExternalDocument>
        <ExternalDocument xml:lang="nb">http://www.ssb.no/emner/01/04/10/rapp_emissions/
</ExternalDocument>
        <ExternalDocument xml:lang="en">http://www.ssb.no/emner/01/04/10/rapp_emissions/

</ExternalDocument>
      </ExternalDocumentGrp>
      <ChangesGrp>
        <Change xml:lang="nn">Ikkje relevant</Change>
        <Change xml:lang="nb">Ikke relevant</Change>
        <Change xml:lang="en">Not relevant</Change>
      </ChangesGrp>
      <DerivedFromGrp>
        <DerviedFrom xml:lang="nn">2006 IPPC Guidelines for National Greenhouse Gas Inventories
Ikkje relevant</DerviedFrom>
        <DerviedFrom xml:lang="nb">2006 IPPC Guidelines for National Greenhouse Gas Inventories
</DerviedFrom>
        <DerviedFrom xml:lang="en">2006 IPPC Guidelines for National Greenhouse Gas Inventories

</DerviedFrom>
      </DerivedFromGrp>
      <LegalBaseGrp>
        <LegalBase xml:lang="nn">Ikkje relevant
</LegalBase>
        <LegalBase xml:lang="nb">Ikke relevant
</LegalBase>
        <LegalBase xml:lang="en">Not relevant
</LegalBase>
      </LegalBaseGrp>
      <Level levelNumber="1" id="urn:ssb:classlevel:stabas:6088082">
        <TitleGrp>
          <Title xml:lang="nn">Klimagassar</Title>
          <Title xml:lang="nb">Klimagasser: Nivå 1</Title>
          <Title xml:lang="en">Greenhouse gas</Title>
        </TitleGrp>
        <CodelistReference>urn:ssb:codelist:stabas:6088082</CodelistReference>
        <Level levelNumber="2" id="urn:ssb:classlevel:stabas:6088084" codeStructure="9.9">
          <TitleGrp>
            <Title xml:lang="nn">Klimagassar</Title>
            <Title xml:lang="nb">Klimagasser: Nivå 2</Title>
            <Title xml:lang="en">Greenhouse gas</Title>
          </TitleGrp>
          <CodelistReference>urn:ssb:codelist:stabas:6088084</CodelistReference>
          <Level levelNumber="3" id="urn:ssb:classlevel:stabas:6088086" codeStructure="9.9.9">
            <TitleGrp>
              <Title xml:lang="nn">Klimagassar</Title>
              <Title xml:lang="nb">Klimagasser: Nivå 3</Title>
              <Title xml:lang="en">Greenhouse gas</Title>
            </TitleGrp>
            <CodelistReference>urn:ssb:codelist:stabas:6088086</CodelistReference>
          </Level>
        </Level>
      </Level>
    </ClassificationVersion>
  </ClassificationVersions>
</Classification>