<?xml version="1.0" encoding="utf-8"?>
<Classification xmlns:xsi="http://www.w3.org/2001/XMLSchema-instance" xmlns:xsd="http://www.w3.org/2001/XMLSchema" id="urn:ssb:classification:stabas:6090111" currentVersionId="urn:ssb:classversion:stabas:6090112" xmlns="http://www.ssb.no/ns/meta/classification">
  <TitleGrp>
    <Title xml:lang="nn">Variant av  Standard for stoff som blir sleppte ut til luft - svevestøv</Title>
    <Title xml:lang="nb">Variant av Standard for stoffer som slippes ut til luft - svevestøv</Title>
    <Title xml:lang="en">Variant of  Classification of substances emitted to air - Particulate matter</Title>
  </TitleGrp>
  <DescriptionGrp>
    <Description xml:lang="nn">Standarden omfattar svevestøv, dvs. små partiklar som gir auka risiko for luftvegslidingar. Viktige menneskeskapte kjelder i Noreg er vedfyring, vegtrafikk og metallproduksjon. 
</Description>
    <Description xml:lang="nb">Standarden omfatter svevestøv, dvs. små partikler som gir økt risiko for luftveislidelser. Viktige menneskeskapte kilder i Norge er vedfyring, veitrafikk og metallproduksjon. 
</Description>
    <Description xml:lang="en">The classification covers particulate matter emitted to air and which is included or planned to be included in the official Norwegian emission statistics
</Description>
  </DescriptionGrp>
  <StatisticalUnitGrp>
    <StatisticalUnit xml:lang="nb">Produkt</StatisticalUnit>
  </StatisticalUnitGrp>
  <OwnerGrp />
  <SubjectArea>01</SubjectArea>
  <ClassificationVersions>
    <ClassificationVersion id="urn:ssb:classversion:stabas:6090112" isCurrentVersion="true" validFrom="2009-01-01" isUnderConstruction="false" updatesPossible="false" disseminationAllowed="true" lastChangedDate="2016-06-14" showIntranet="true" showInternet="true">
      <TitleGrp>
        <Title xml:lang="nn">Svevestøv</Title>
        <Title xml:lang="nb">Svevestøv</Title>
        <Title xml:lang="en">Substances emitted to air</Title>
      </TitleGrp>
      <DescriptionGrp>
        <Description xml:lang="nn">Standarden omfattar svevestøv, dvs. små partiklar som gir auka risiko for luftvegslidingar. Viktige menneskeskapte kjelder i Noreg er vedfyring, vegtrafikk og metallproduksjon. 

</Description>
        <Description xml:lang="nb">Standarden omfatter svevestøv, dvs. små partikler som gir økt risiko for luftveislidelser. Viktige menneskeskapte kilder i Norge er vedfyring, veitrafikk og metallproduksjon. 
</Description>
        <Description xml:lang="en">The classification covers particulate matter emitted to air and which is included or planned to be included in the official Norwegian emission statistics</Description>
      </DescriptionGrp>
      <IntroductionGrp>
        <Indtroduction xml:lang="nn">Ikkje relevant</Indtroduction>
        <Indtroduction xml:lang="nb">Ikke relevant</Indtroduction>
        <Indtroduction xml:lang="en">Not relevant</Indtroduction>
      </IntroductionGrp>
      <ContactInformation>
        <Person xmlns="http://www.ssb.no/ns/meta/common">hni</Person>
        <Division xmlns="http://www.ssb.no/ns/meta/common">215</Division>
      </ContactInformation>
      <ExternalDocumentGrp>
        <ExternalDocument xml:lang="nn">http://www.ssb.no/emner/01/04/10/rapp_emissions/ 
</ExternalDocument>
        <ExternalDocument xml:lang="nb">http://www.ssb.no/emner/01/04/10/rapp_emissions/
</ExternalDocument>
        <ExternalDocument xml:lang="en">http://www.ssb.no/emner/01/04/10/rapp_emissions/ 
</ExternalDocument>
      </ExternalDocumentGrp>
      <ChangesGrp>
        <Change xml:lang="nn">Ikkje relevant</Change>
        <Change xml:lang="nb">Ikke relevant</Change>
        <Change xml:lang="en">Not relevant</Change>
      </ChangesGrp>
      <DerivedFromGrp>
        <DerviedFrom xml:lang="nn">Guidelines for Reporting Emission Data under the Convention on Long-range  Transboundary Air Pollution
</DerviedFrom>
        <DerviedFrom xml:lang="nb">Guidelines for Reporting Emission Data under the Convention on Long-range Transboundary Air Pollution
</DerviedFrom>
        <DerviedFrom xml:lang="en">Guidelines for Reporting Emission Data under the Convention on Long-range  Transboundary Air Pollution
</DerviedFrom>
      </DerivedFromGrp>
      <LegalBaseGrp>
        <LegalBase xml:lang="nn">Ikkje relevant</LegalBase>
        <LegalBase xml:lang="nb">Ikke relevant</LegalBase>
        <LegalBase xml:lang="en">Not relevant</LegalBase>
      </LegalBaseGrp>
      <Level levelNumber="1" id="urn:ssb:classlevel:stabas:6090114" codeStructure="9">
        <TitleGrp>
          <Title xml:lang="nn">Svevestøv</Title>
          <Title xml:lang="nb">Svevestøv: Nivå 1</Title>
          <Title xml:lang="en">Substances emitted to air</Title>
        </TitleGrp>
        <CodelistReference>urn:ssb:codelist:stabas:6090114</CodelistReference>
        <Level levelNumber="2" id="urn:ssb:classlevel:stabas:6090116" codeStructure="9.9">
          <TitleGrp>
            <Title xml:lang="nn">Svevestøv</Title>
            <Title xml:lang="nb">Svevestøv: Nivå 2</Title>
            <Title xml:lang="en">Substances emitted to air</Title>
          </TitleGrp>
          <CodelistReference>urn:ssb:codelist:stabas:6090116</CodelistReference>
          <Level levelNumber="3" id="urn:ssb:classlevel:stabas:6090118" codeStructure="9.9.9">
            <TitleGrp>
              <Title xml:lang="nn">Svevestøv</Title>
              <Title xml:lang="nb">Svevestøv: Nivå 3</Title>
              <Title xml:lang="en">Substances emitted to air</Title>
            </TitleGrp>
            <CodelistReference>urn:ssb:codelist:stabas:6090118</CodelistReference>
          </Level>
        </Level>
      </Level>
    </ClassificationVersion>
  </ClassificationVersions>
</Classification>