<?xml version="1.0" encoding="utf-8"?>
<Classification xmlns:xsi="http://www.w3.org/2001/XMLSchema-instance" xmlns:xsd="http://www.w3.org/2001/XMLSchema" id="urn:ssb:classification:stabas:6090132" currentVersionId="urn:ssb:classversion:stabas:0" xmlns="http://www.ssb.no/ns/meta/classification">
  <TitleGrp>
    <Title xml:lang="nn">Variant av  Standard for stoff som blir sleppte ut til luft - miljøgifter</Title>
    <Title xml:lang="nb">Variant av Standard for stoffer som slippes ut til luft - miljøgifter</Title>
    <Title xml:lang="en">Variant of  Classification of substances emitted to air - Ecological toxins</Title>
  </TitleGrp>
  <DescriptionGrp>
    <Description xml:lang="nn">Standarden omfattar tungmetall og andre miljøgifter som blir sleppte ut til luft og som er inkluderte eller planlagt å bli inkluderte i den offisielle norske utsleppsstatistikken. Miljøgifter er samlenamn på toksiske (giftige) sambindingar som hamnar i naturen. Det er dei persistente (sakte nedbrytbare) sambindingane som er spesielt problematiske. Dei kan bli spreidde over lange avstandar og hope seg opp i organismane. I organismane kan dei føre til kreft, reproduksjonsskadar og skadar på arvestoff.
</Description>
    <Description xml:lang="nb">Standarden omfatter tungmetaller og andre miljøgifter som slippes ut til luft og som er inkludert eller planlegges å bli inkludert i den offisielle norske utslippsstatistikken. Miljøgifter er samlebetegnelse for toksiske (giftige) forbindelser som havner i naturen. Det er de persistente (langsomt nedbrytbare) forbindelsene som er spesielt problematiske. De kan spres over lange avstander og hope seg opp i organismene. I organismene kan de forårsake kreft, føre til reproduksjonsskader og arvestoffskader. 
</Description>
    <Description xml:lang="en">The classification covers heavy metals and other hazardous substances emitted to air and which is included or planned to be included in the official Norwegian emission statistics

</Description>
  </DescriptionGrp>
  <StatisticalUnitGrp>
    <StatisticalUnit xml:lang="nb">Produkt</StatisticalUnit>
  </StatisticalUnitGrp>
  <OwnerGrp />
  <SubjectArea>01</SubjectArea>
  <ClassificationVersions>
    <ClassificationVersion id="urn:ssb:classversion:stabas:6090133" isCurrentVersion="true" validFrom="2009-01-01" isUnderConstruction="false" updatesPossible="false" disseminationAllowed="true" lastChangedDate="2016-06-14" showIntranet="true" showInternet="true">
      <TitleGrp>
        <Title xml:lang="nn">Miljøgifter</Title>
        <Title xml:lang="nb">Miljøgifter</Title>
        <Title xml:lang="en">Ecological toxins</Title>
      </TitleGrp>
      <DescriptionGrp>
        <Description xml:lang="nn">Standarden omfattar tungmetall og andre miljøgifter som blir sleppte ut til luft og som er inkluderte eller planlagt å bli inkluderte i den offisielle norske utsleppsstatistikken. Miljøgifter er samlenamn på toksiske (giftige) sambindingar som hamnar i naturen. Det er dei persistente (sakte nedbrytbare) sambindingane som er spesielt problematiske. Dei kan bli spreidde over lange avstandar og hope seg opp i organismane. I organismane kan dei føre til kreft, reproduksjonsskadar og skadar på arvestoff.
</Description>
        <Description xml:lang="nb">Standarden omfatter tungmetaller og andre miljøgifter som slippes ut til luft og som er inkludert eller planlegges å bli inkludert i den offisielle norske utslippsstatistikken. Miljøgifter er samlebetegnelse for toksiske (giftige) forbindelser som havner i naturen. Det er de persistente (langsomt nedbrytbare) forbindelsene som er spesielt problematiske. De kan spres over lange avstander og hope seg opp i organismene. I organismene kan de forårsake kreft, føre til reproduksjonsskader og arvestoffskader. 
</Description>
        <Description xml:lang="en">The classification covers heavy metals and other hazardous substances emitted to air and which is included or planned to be included in the official Norwegian emission statistics

</Description>
      </DescriptionGrp>
      <IntroductionGrp>
        <Indtroduction xml:lang="nn">Ikkje relevant</Indtroduction>
        <Indtroduction xml:lang="nb">Ikke relevant</Indtroduction>
        <Indtroduction xml:lang="en">Not relevant</Indtroduction>
      </IntroductionGrp>
      <ContactInformation>
        <Person xmlns="http://www.ssb.no/ns/meta/common">hni</Person>
        <Division xmlns="http://www.ssb.no/ns/meta/common">215</Division>
      </ContactInformation>
      <ExternalDocumentGrp>
        <ExternalDocument xml:lang="nn">http://www.ssb.no/emner/01/04/10/rapp_emissions/ 
</ExternalDocument>
        <ExternalDocument xml:lang="nb">http://www.ssb.no/emner/01/04/10/rapp_emissions/
</ExternalDocument>
        <ExternalDocument xml:lang="en">http://www.ssb.no/emner/01/04/10/rapp_emissions/ 
</ExternalDocument>
      </ExternalDocumentGrp>
      <ChangesGrp>
        <Change xml:lang="nn">Ikkje relevant</Change>
        <Change xml:lang="nb">Ikke relevant</Change>
        <Change xml:lang="en">Not relevant</Change>
      </ChangesGrp>
      <DerivedFromGrp>
        <DerviedFrom xml:lang="nn">Guidelines for Reporting Emission Data under the Convention on Long-range  Transboundary Air Pollution
</DerviedFrom>
        <DerviedFrom xml:lang="nb">Guidelines for Reporting Emission Data under the Convention on Long-range Transboundary Air Pollution
</DerviedFrom>
        <DerviedFrom xml:lang="en">Guidelines for Reporting Emission Data under the Convention on Long-range  Transboundary Air Pollution
</DerviedFrom>
      </DerivedFromGrp>
      <LegalBaseGrp>
        <LegalBase xml:lang="nn">Ikkje relevant</LegalBase>
        <LegalBase xml:lang="nb">Ikke relevant</LegalBase>
        <LegalBase xml:lang="en">Not relevant</LegalBase>
      </LegalBaseGrp>
      <Level levelNumber="1" id="urn:ssb:classlevel:stabas:6090135" codeStructure="9">
        <TitleGrp>
          <Title xml:lang="nn">Miljøgifter</Title>
          <Title xml:lang="nb">Miljøgifter: Nivå 1</Title>
          <Title xml:lang="en">Ecological toxins</Title>
        </TitleGrp>
        <CodelistReference>urn:ssb:codelist:stabas:6090135</CodelistReference>
        <Level levelNumber="2" id="urn:ssb:classlevel:stabas:6090137" codeStructure="9.9">
          <TitleGrp>
            <Title xml:lang="nn">Miljøgifter</Title>
            <Title xml:lang="nb">Miljøgifter: Nivå 2</Title>
            <Title xml:lang="en">Ecological toxins</Title>
          </TitleGrp>
          <CodelistReference>urn:ssb:codelist:stabas:6090137</CodelistReference>
          <Level levelNumber="3" id="urn:ssb:classlevel:stabas:6090139" codeStructure="9.9.9">
            <TitleGrp>
              <Title xml:lang="nn">Miljøgifter</Title>
              <Title xml:lang="nb">Miljøgifter: Nivå 3</Title>
              <Title xml:lang="en">Ecological toxins</Title>
            </TitleGrp>
            <CodelistReference>urn:ssb:codelist:stabas:6090139</CodelistReference>
            <Level levelNumber="4" id="urn:ssb:classlevel:stabas:6090141" codeStructure="9.9.9.9">
              <TitleGrp>
                <Title xml:lang="nn">Miljøgifter</Title>
                <Title xml:lang="nb">Miljøgifter: Nivå 4</Title>
                <Title xml:lang="en">Ecological toxins</Title>
              </TitleGrp>
              <CodelistReference>urn:ssb:codelist:stabas:6090141</CodelistReference>
            </Level>
          </Level>
        </Level>
      </Level>
    </ClassificationVersion>
  </ClassificationVersions>
</Classification>