<?xml version="1.0" encoding="utf-8"?>
<Classification xmlns:xsi="http://www.w3.org/2001/XMLSchema-instance" xmlns:xsd="http://www.w3.org/2001/XMLSchema" id="urn:ssb:classification:stabas:6096001" currentVersionId="urn:ssb:classversion:stabas:0" xmlns="http://www.ssb.no/ns/meta/classification">
  <TitleGrp>
    <Title xml:lang="nn">Standard for klassifisering av IKT-tryggingstiltak </Title>
    <Title xml:lang="nb">Standard for klassifisering av IKT-sikkerhetstiltak</Title>
    <Title xml:lang="en">Standard classification of IT-security facilities</Title>
  </TitleGrp>
  <DescriptionGrp />
  <StatisticalUnitGrp>
    <StatisticalUnit xml:lang="nb">Tiltak</StatisticalUnit>
  </StatisticalUnitGrp>
  <OwnerGrp />
  <SubjectArea>10</SubjectArea>
  <ClassificationVersions>
    <ClassificationVersion id="urn:ssb:classversion:stabas:6096002" isCurrentVersion="true" validFrom="2003-01-01" isUnderConstruction="false" updatesPossible="false" disseminationAllowed="true" lastChangedDate="2013-08-19" showIntranet="true" showInternet="true">
      <TitleGrp>
        <Title xml:lang="nn">Standard for klassifisering av IKT-tryggleikstiltak 2003</Title>
        <Title xml:lang="nb">Standard for klassifisering av IKT-sikkerhetstiltak 2003</Title>
        <Title xml:lang="en">Standard classification of IT-security facilities 2003</Title>
      </TitleGrp>
      <DescriptionGrp>
        <Description xml:lang="nn">Denne klassifikasjonene vert brukt for å klassifisere IKT-trygghetstiltak i næringslivet.</Description>
        <Description xml:lang="nb">Denne klassifikasjonen brukes for å klassifisere IKT-trygghetstiltak i næringslivet.</Description>
        <Description xml:lang="en">This classification is used to classify IT-security facilities in the industry.</Description>
      </DescriptionGrp>
      <IntroductionGrp>
        <Indtroduction xml:lang="nn">Ikkje relevant</Indtroduction>
        <Indtroduction xml:lang="nb">Ikke relevant </Indtroduction>
        <Indtroduction xml:lang="en">Not relevant</Indtroduction>
      </IntroductionGrp>
      <ContactInformation>
        <Person xmlns="http://www.ssb.no/ns/meta/common">gmp</Person>
        <Division xmlns="http://www.ssb.no/ns/meta/common">460</Division>
      </ContactInformation>
      <ExternalDocumentGrp>
        <ExternalDocument xml:lang="nn">Ikkje relevant</ExternalDocument>
        <ExternalDocument xml:lang="nb">Ikke relevant </ExternalDocument>
        <ExternalDocument xml:lang="en">Not relevant</ExternalDocument>
      </ExternalDocumentGrp>
      <ChangesGrp>
        <Change xml:lang="nn">Ikkje relevant</Change>
        <Change xml:lang="nb">Ikke relevant </Change>
        <Change xml:lang="en">Not relevant</Change>
      </ChangesGrp>
      <DerivedFromGrp>
        <DerviedFrom xml:lang="nn">Ikkje relevant</DerviedFrom>
        <DerviedFrom xml:lang="nb">Ikke relevant </DerviedFrom>
        <DerviedFrom xml:lang="en">Not relevant</DerviedFrom>
      </DerivedFromGrp>
      <LegalBaseGrp>
        <LegalBase xml:lang="nn">Ikkje relevant</LegalBase>
        <LegalBase xml:lang="nb">Ikke relevant </LegalBase>
        <LegalBase xml:lang="en">Not relevant</LegalBase>
      </LegalBaseGrp>
      <Level levelNumber="1" id="urn:ssb:classlevel:stabas:6096104">
        <TitleGrp>
          <Title xml:lang="nn">Standard for klassifisering av IKT-tryggleikstiltak 2003</Title>
          <Title xml:lang="nb">Standard for klassifisering av IKT-sikkerhetstiltak 2003: sikkerhet</Title>
          <Title xml:lang="en">Standard classification of IT-security facilities 2003</Title>
        </TitleGrp>
        <CodelistReference>urn:ssb:codelist:stabas:6096104</CodelistReference>
      </Level>
    </ClassificationVersion>
  </ClassificationVersions>
</Classification>