<?xml version="1.0" encoding="utf-8"?>
<Classification xmlns:xsi="http://www.w3.org/2001/XMLSchema-instance" xmlns:xsd="http://www.w3.org/2001/XMLSchema" id="urn:ssb:classification:stabas:6098001" currentVersionId="urn:ssb:classversion:stabas:6098002" xmlns="http://www.ssb.no/ns/meta/classification">
  <TitleGrp>
    <Title xml:lang="nn">Standard for klassifisering av informasjonssektoren </Title>
    <Title xml:lang="nb">Standard for klassifisering av informasjonssektoren</Title>
    <Title xml:lang="en">Standard classification for the information sector</Title>
  </TitleGrp>
  <DescriptionGrp>
    <Description xml:lang="nn">Informasjonssektoren består av IKT-sektoren og innhalds- og mediesektoren og følgjer ein definisjon tilrådd av OECD. Statistikken for informasjonssektoren omfattar dei inkluderte næringsgruppene frå Standard for næringsgruppering (SN2007)</Description>
    <Description xml:lang="nb">.Informasjonssektoren består av IKT-sektoren og innholds- og mediesektoren og følger en definisjon anbefalt av OECD. Statistikken for informasjonssektoren omfatter de angitte næringsgrupper i Standard for næringsgruppering (SN2007)
</Description>
    <Description xml:lang="en">The Information sector contains the ICT sector and the contents and media sector. The ICT sector is delimited on the basis of a definition recommended by the OECD. The statistics for the information sector covers the given industrial groups in the Standard Industrial Classification (SN2007).</Description>
  </DescriptionGrp>
  <StatisticalUnitGrp>
    <StatisticalUnit xml:lang="nb">Økonomiske virksomheter</StatisticalUnit>
  </StatisticalUnitGrp>
  <OwnerGrp />
  <SubjectArea>10</SubjectArea>
  <ClassificationVersions>
    <ClassificationVersion id="urn:ssb:classversion:stabas:6098002" isCurrentVersion="true" validFrom="2007-01-01" isUnderConstruction="false" updatesPossible="false" disseminationAllowed="true" lastChangedDate="2016-06-15" showIntranet="true" showInternet="true">
      <TitleGrp>
        <Title xml:lang="nn">Standard for klassifisering av informasjonssektoren 2007 </Title>
        <Title xml:lang="nb">Standard for klassifisering av informasjonssektoren 2007</Title>
        <Title xml:lang="en">Standard classification for the information sector 2007</Title>
      </TitleGrp>
      <DescriptionGrp>
        <Description xml:lang="nn">Informasjonssektoren består av IKT-sektoren og innhalds- og mediesektoren og følgjer ein definisjon tilrådd av OECD. Statistikken for informasjonssektoren omfattar dei inkluderte næringsgruppene frå Standard for næringsgruppering (SN2007)</Description>
        <Description xml:lang="nb">Informasjonssektoren består av IKT-sektoren og innholds- og mediesektoren og følger en definisjon anbefalt av OECD. Statistikken for informasjonssektoren omfatter de angitte næringsgrupper i Standard for næringsgruppering (SN2007)</Description>
        <Description xml:lang="en">The Information sector contains the ICT sector and the contents and media sector. The ICT sector is delimited on the basis of a definition recommended by the OECD. The statistics for the information sector covers the given industrial groups in the Standard Industrial Classification (SN2007).</Description>
      </DescriptionGrp>
      <IntroductionGrp>
        <Indtroduction xml:lang="nn">Ikkje relevant</Indtroduction>
        <Indtroduction xml:lang="nb">Ikke relevant</Indtroduction>
        <Indtroduction xml:lang="en">Notrelevant</Indtroduction>
      </IntroductionGrp>
      <ContactInformation>
        <Person xmlns="http://www.ssb.no/ns/meta/common">mia</Person>
        <Division xmlns="http://www.ssb.no/ns/meta/common">440</Division>
      </ContactInformation>
      <ExternalDocumentGrp>
        <ExternalDocument xml:lang="nn">Ikkje relevant</ExternalDocument>
        <ExternalDocument xml:lang="nb">Ikke relevant</ExternalDocument>
        <ExternalDocument xml:lang="en">Not relevant</ExternalDocument>
      </ExternalDocumentGrp>
      <ChangesGrp>
        <Change xml:lang="nn">Ikkej relevant</Change>
        <Change xml:lang="nb">Ikke relevant</Change>
        <Change xml:lang="en">Not relevant</Change>
      </ChangesGrp>
      <DerivedFromGrp>
        <DerviedFrom xml:lang="nn">Ikkje relevant</DerviedFrom>
        <DerviedFrom xml:lang="nb">Ikke relevant</DerviedFrom>
        <DerviedFrom xml:lang="en">Not relevant</DerviedFrom>
      </DerivedFromGrp>
      <LegalBaseGrp>
        <LegalBase xml:lang="nn">Ikkej relevant</LegalBase>
        <LegalBase xml:lang="nb">Ikke relevant</LegalBase>
        <LegalBase xml:lang="en">Not relevant</LegalBase>
      </LegalBaseGrp>
      <Level levelNumber="1" id="urn:ssb:classlevel:stabas:6098004">
        <TitleGrp>
          <Title xml:lang="nn">Standard for klassifisering av informasjonssektoren 2007 </Title>
          <Title xml:lang="nb">Standard for klassifisering av informasjonssektoren 2007: nivå1</Title>
          <Title xml:lang="en">Standard classification for the information sector 2007</Title>
        </TitleGrp>
        <CodelistReference>urn:ssb:codelist:stabas:6098004</CodelistReference>
        <Level levelNumber="2" id="urn:ssb:classlevel:stabas:6098006">
          <TitleGrp>
            <Title xml:lang="nn">Standard for klassifisering av informasjonssektoren 2007 </Title>
            <Title xml:lang="nb">Standard for klassifisering av informasjonssektoren 2007: nivå2</Title>
            <Title xml:lang="en">Standard classification for the information sector 2007</Title>
          </TitleGrp>
          <CodelistReference>urn:ssb:codelist:stabas:6098006</CodelistReference>
          <Level levelNumber="3" id="urn:ssb:classlevel:stabas:8386015">
            <TitleGrp>
              <Title xml:lang="nn">Standard for klassifisering av informasjonssektoren 2007 </Title>
              <Title xml:lang="nb">Standard for klassifisering av informasjonssektoren 2007: Nivå 3</Title>
              <Title xml:lang="en">Standard classification for the information sector 2007</Title>
            </TitleGrp>
            <CodelistReference>urn:ssb:codelist:stabas:8386015</CodelistReference>
          </Level>
        </Level>
      </Level>
    </ClassificationVersion>
    <ClassificationVersion id="urn:ssb:classversion:stabas:7844001" isCurrentVersion="false" validFrom="2000-01-01" validTo="2006-12-31" isUnderConstruction="false" updatesPossible="false" disseminationAllowed="true" lastChangedDate="2012-10-24" showIntranet="true" showInternet="true">
      <TitleGrp>
        <Title xml:lang="nn">Standard for klassifisering av informasjonssektoren 2000 </Title>
        <Title xml:lang="nb">Standard for klassifisering av informasjonssektoren 2000</Title>
        <Title xml:lang="en">Standard classiifcation for the Information sector 2000</Title>
      </TitleGrp>
      <DescriptionGrp>
        <Description xml:lang="nn">Informasjonssektoren består av IKT-sektoren og Innhaldssektoren. IKT-sektoren er avgrensa med utgangspunkt i ein definisjon tilrådd av OECD. Innhaldssektoren er basert på ei nasjonal avgrensning sidan det ikkje eksisterer ei  internasjonal avgrensning som det er semje om.  Basisdefinisjonane er imidlertid henta frå notater som er publisert av FN og OECD. Det er også teke omsyn til innspel fra nasjonale brukarar av statistikken. Denne avgrensninga av innhoadssektoren må sjåast på som førebels i påvente av ei internasjonal avgrensning.</Description>
        <Description xml:lang="nb">Informasjonssektoren består av IKT-sektoren og Innholdssektoren. IKT-sektoren er avgrenset med utgangspunkt i en definisjon anbefalt av OECD. Innholdssektoren er basert på en nasjonal avgrensning siden det ikke eksisterer en omforent internasjonal avgrensning. Grunnleggende definisjoner er imidlertid hentet fra notater som er publisert av FN og OECD. Det er også tatt hensyn til innspill fra nasjonale brukere av statistikken. Denne avgrensningen av innholdssektoren må ses på som foreløpig i påvente av en internasjonal avgrensning.</Description>
        <Description xml:lang="en">The Information sector contain of the ICT sector and the content sector. The ICT sector is delimited on the basis of a definition recommended by the OECD. An international delimitation of the content sector is no existence, so the content sector is delimitated on the basis of national definitions. The foundation of these definitions has been copied from notes that are published of UN and OECD. Viewpoints from national users are considered. The delimitation of the content sector is preliminary.</Description>
      </DescriptionGrp>
      <IntroductionGrp>
        <Indtroduction xml:lang="nn">Ikkje relevant</Indtroduction>
        <Indtroduction xml:lang="nb">Ikke relevant</Indtroduction>
        <Indtroduction xml:lang="en">Not relevant</Indtroduction>
      </IntroductionGrp>
      <ContactInformation>
        <Person xmlns="http://www.ssb.no/ns/meta/common">mia</Person>
        <Division xmlns="http://www.ssb.no/ns/meta/common">440</Division>
      </ContactInformation>
      <ExternalDocumentGrp>
        <ExternalDocument xml:lang="nn">Ikkje relevant</ExternalDocument>
        <ExternalDocument xml:lang="nb">Ikke relevant</ExternalDocument>
        <ExternalDocument xml:lang="en">Not relevant</ExternalDocument>
      </ExternalDocumentGrp>
      <ChangesGrp>
        <Change xml:lang="nn">Ikkje relevant</Change>
        <Change xml:lang="nb">Ikke relevant</Change>
        <Change xml:lang="en">Not relevant</Change>
      </ChangesGrp>
      <DerivedFromGrp>
        <DerviedFrom xml:lang="nn">Ikkje relevant</DerviedFrom>
        <DerviedFrom xml:lang="nb">Ikke relevant</DerviedFrom>
        <DerviedFrom xml:lang="en">Not relevant</DerviedFrom>
      </DerivedFromGrp>
      <LegalBaseGrp>
        <LegalBase xml:lang="nn">Ikkje relevant</LegalBase>
        <LegalBase xml:lang="nb">Ikke relevant</LegalBase>
        <LegalBase xml:lang="en">Not relevant</LegalBase>
      </LegalBaseGrp>
      <Level levelNumber="1" id="urn:ssb:classlevel:stabas:7844003">
        <TitleGrp>
          <Title xml:lang="nn">Standard for klassifisering av informasjonssektoren 2000 </Title>
          <Title xml:lang="nb">Standard for klassifisering av informasjonssektoren 2000: Nivå 1</Title>
          <Title xml:lang="en">Standard classiifcation for the Information sector 2000</Title>
        </TitleGrp>
        <CodelistReference>urn:ssb:codelist:stabas:7844003</CodelistReference>
        <Level levelNumber="2" id="urn:ssb:classlevel:stabas:7844005">
          <TitleGrp>
            <Title xml:lang="nn">Standard for klassifisering av informasjonssektoren 2000 </Title>
            <Title xml:lang="nb">Standard for klassifisering av informasjonssektoren 2000: Nivå 2</Title>
            <Title xml:lang="en">Standard classiifcation for the Information sector 2000</Title>
          </TitleGrp>
          <CodelistReference>urn:ssb:codelist:stabas:7844005</CodelistReference>
        </Level>
      </Level>
    </ClassificationVersion>
  </ClassificationVersions>
</Classification>