<?xml version="1.0" encoding="utf-8"?>
<Classification xmlns:xsi="http://www.w3.org/2001/XMLSchema-instance" xmlns:xsd="http://www.w3.org/2001/XMLSchema" id="urn:ssb:classification:stabas:6262001" currentVersionId="urn:ssb:classversion:stabas:8878101" xmlns="http://www.ssb.no/ns/meta/classification">
  <TitleGrp>
    <Title xml:lang="nb">Standard for landkoder utenrikshandel</Title>
    <Title xml:lang="en">Classification for land Codes used in Foreign Trade stats.</Title>
  </TitleGrp>
  <DescriptionGrp>
    <Description xml:lang="nb">Statistisk landliste følger den internasjonale standarden ISO-3166. Land i EU benytter samme landgruppering (ISO-3166) bortsett fra noen avvik av mindre betydning. 
</Description>
    <Description xml:lang="en">The country nomenclature follows the international standard ISO-3166. This standard is also used by EU countries, however with some minor differences.</Description>
  </DescriptionGrp>
  <StatisticalUnitGrp>
    <StatisticalUnit xml:lang="nb">Land
</StatisticalUnit>
    <StatisticalUnit xml:lang="en">Countries</StatisticalUnit>
  </StatisticalUnitGrp>
  <OwnerGrp>
    <Owner xml:lang="nb">Statistisk sentralbyrå (SSB)</Owner>
    <Owner xml:lang="en">Statistics Norway</Owner>
  </OwnerGrp>
  <SubjectArea>09</SubjectArea>
  <ClassificationVersions>
    <ClassificationVersion id="urn:ssb:classversion:stabas:8878101" isCurrentVersion="true" validFrom="2013-01-01" isUnderConstruction="false" updatesPossible="false" disseminationAllowed="true" lastChangedDate="2016-06-03" showIntranet="true" showInternet="true">
      <TitleGrp>
        <Title xml:lang="nb">Landkoder utenrikshandel 2013</Title>
        <Title xml:lang="en">Land Codes used in Foreign Trade stats. 2013</Title>
      </TitleGrp>
      <DescriptionGrp>
        <Description xml:lang="nb">Statistisk landliste følger den internasjonale standarden ISO-3166. Land i EU benytter samme landgruppering (ISO-3166) bortsett fra noen avvik av mindre betydning.</Description>
        <Description xml:lang="en">The country nomenclature follows the international standard ISO-3166. This standard is also used by EU countries, however with some minor differences.</Description>
      </DescriptionGrp>
      <IntroductionGrp>
        <Indtroduction xml:lang="nb">Ikke relevant</Indtroduction>
        <Indtroduction xml:lang="en">Not relevant</Indtroduction>
      </IntroductionGrp>
      <ContactInformation>
        <Person xmlns="http://www.ssb.no/ns/meta/common">oyh</Person>
        <Division xmlns="http://www.ssb.no/ns/meta/common">980</Division>
      </ContactInformation>
      <ExternalDocumentGrp>
        <ExternalDocument xml:lang="nb">Ikke relevant</ExternalDocument>
        <ExternalDocument xml:lang="en">Not relevant</ExternalDocument>
      </ExternalDocumentGrp>
      <ChangesGrp>
        <Change xml:lang="nb">Endringer i 2013: Endring i navn:Fra PS - Vestbredden/Gazastripen til PS-Palestina

</Change>
        <Change xml:lang="en">Changes in 2013: West Bank/Gaza strip to PS- Palestine</Change>
      </ChangesGrp>
      <DerivedFromGrp>
        <DerviedFrom xml:lang="nb">ISO - standarden 3166-1</DerviedFrom>
        <DerviedFrom xml:lang="en">ISO - Standard</DerviedFrom>
      </DerivedFromGrp>
      <LegalBaseGrp>
        <LegalBase xml:lang="nb">Ikke relevant</LegalBase>
        <LegalBase xml:lang="en">Not relevant</LegalBase>
      </LegalBaseGrp>
      <Level levelNumber="1" id="urn:ssb:classlevel:stabas:8878104" codeStructure="XX">
        <TitleGrp>
          <Title xml:lang="nb">Landkoder utenrikshandel 2013: Landkode utenrikshandel 2012</Title>
          <Title xml:lang="en">Land Codes used in Foreign Trade stats. 2013: Land Codes used in Forreign Trade stats. 2012</Title>
        </TitleGrp>
        <CodelistReference>urn:ssb:codelist:stabas:8878104</CodelistReference>
      </Level>
    </ClassificationVersion>
    <ClassificationVersion id="urn:ssb:classversion:stabas:8292001" isCurrentVersion="false" validFrom="2012-01-01" validTo="2012-12-31" isUnderConstruction="false" updatesPossible="false" disseminationAllowed="true" lastChangedDate="2013-09-19" showIntranet="true" showInternet="false">
      <TitleGrp>
        <Title xml:lang="nb">Landkoder utenrikshandel 2012</Title>
        <Title xml:lang="en">Land Codes used in Foreign Trade stats. 2012</Title>
      </TitleGrp>
      <DescriptionGrp>
        <Description xml:lang="nb">Statistisk landliste følger den internasjonale standarden ISO-3166. Land i EU benytter samme landgruppering (ISO-3166) bortsett fra noen avvik av mindre betydning.</Description>
        <Description xml:lang="en">The country nomenclature follows the international standard ISO-3166. This standard is also used by EU countries, however with some minor differences.</Description>
      </DescriptionGrp>
      <IntroductionGrp>
        <Indtroduction xml:lang="nb">Ikke relevant</Indtroduction>
        <Indtroduction xml:lang="en">Not relevant</Indtroduction>
      </IntroductionGrp>
      <ContactInformation>
        <Person xmlns="http://www.ssb.no/ns/meta/common">oyh</Person>
        <Division xmlns="http://www.ssb.no/ns/meta/common">980</Division>
      </ContactInformation>
      <ExternalDocumentGrp>
        <ExternalDocument xml:lang="nb">Ikke relevant</ExternalDocument>
        <ExternalDocument xml:lang="en">Not relevant</ExternalDocument>
      </ExternalDocumentGrp>
      <ChangesGrp>
        <Change xml:lang="nb">Endringer i 2012: Ny stat: SS - Sør-Sudan  Utgår: NT - Nøytral sone og  ZZ -  Internasjonale organisasjoner
</Change>
        <Change xml:lang="en">Changes in 2012: New state: SS  -  South Sudan), cancelled: NT  - Neutral Zone  ZZ -  International Organisations


</Change>
      </ChangesGrp>
      <DerivedFromGrp>
        <DerviedFrom xml:lang="nb">ISO - standarden 3166-1</DerviedFrom>
        <DerviedFrom xml:lang="en">ISO - Standard</DerviedFrom>
      </DerivedFromGrp>
      <LegalBaseGrp>
        <LegalBase xml:lang="nb">Ikke relevant</LegalBase>
        <LegalBase xml:lang="en">Not relevant</LegalBase>
      </LegalBaseGrp>
      <Level levelNumber="1" id="urn:ssb:classlevel:stabas:8292004" codeStructure="XX">
        <TitleGrp>
          <Title xml:lang="nb">Landkoder utenrikshandel 2012: Landkode utenrikshandel 2012</Title>
          <Title xml:lang="en">Land Codes used in Foreign Trade stats. 2012: Land Codes used in Forreign Trade stats. 2012</Title>
        </TitleGrp>
        <CodelistReference>urn:ssb:codelist:stabas:8292004</CodelistReference>
      </Level>
    </ClassificationVersion>
    <ClassificationVersion id="urn:ssb:classversion:stabas:7825601" isCurrentVersion="false" validFrom="2011-01-01" validTo="2011-12-31" isUnderConstruction="false" updatesPossible="false" disseminationAllowed="true" lastChangedDate="2013-01-24" showIntranet="true" showInternet="true">
      <TitleGrp>
        <Title xml:lang="nb">Landkoder utenrikshandel 2011</Title>
        <Title xml:lang="en">Land Codes used in Foreign Trade stats. 2011</Title>
      </TitleGrp>
      <DescriptionGrp>
        <Description xml:lang="nb">Statistisk landliste følger den internasjonale standarden ISO-3166. Land i EU benytter samme landgruppering (ISO-3166) bortsett fra noen avvik av mindre betydning. 
</Description>
        <Description xml:lang="en">The country nomenclature follows the international standard ISO-3166. This standard is also used by EU countries, however with some minor differences.
</Description>
      </DescriptionGrp>
      <IntroductionGrp>
        <Indtroduction xml:lang="nb">Ikke relevant</Indtroduction>
        <Indtroduction xml:lang="en">Not relevant</Indtroduction>
      </IntroductionGrp>
      <ContactInformation>
        <Person xmlns="http://www.ssb.no/ns/meta/common">oyh</Person>
        <Division xmlns="http://www.ssb.no/ns/meta/common">980</Division>
      </ContactInformation>
      <ExternalDocumentGrp>
        <ExternalDocument xml:lang="nb">Ikke relevant</ExternalDocument>
        <ExternalDocument xml:lang="en">Not relevant</ExternalDocument>
      </ExternalDocumentGrp>
      <ChangesGrp>
        <Change xml:lang="nb">Endringer i 2011: Nye stater: BQ     BONAIRE, SAINT EUSTATIUS OG SABA ,   CW    CURACAO,     SX     SINT MARTEEN (nederlandsk del) .  Utgår:  AN     Antillene (NL) da disse nye landkodene var slått sammen her.</Change>
        <Change xml:lang="en">Changes in 2011: New states: BQ     BONAIRE, SAINT EUSTATIUS AND SABA   CW    CURACAO   SX     SINT MARTEEN (Dutch Part).  Cancelled:  AN     Antillene (NL) 


</Change>
      </ChangesGrp>
      <DerivedFromGrp>
        <DerviedFrom xml:lang="nb">ISO - standarden 3166-1</DerviedFrom>
        <DerviedFrom xml:lang="en">ISO - Standard</DerviedFrom>
      </DerivedFromGrp>
      <LegalBaseGrp>
        <LegalBase xml:lang="nb">Ikke relevant</LegalBase>
        <LegalBase xml:lang="en">Not relevant</LegalBase>
      </LegalBaseGrp>
      <Level levelNumber="1" id="urn:ssb:classlevel:stabas:7825603" codeStructure="XX">
        <TitleGrp>
          <Title xml:lang="nb">Landkoder utenrikshandel 2011: Landkode utenrikshandel 2011</Title>
          <Title xml:lang="en">Land Codes used in Foreign Trade stats. 2011: Land Codes used in Forreign Trade stats. 2011</Title>
        </TitleGrp>
        <CodelistReference>urn:ssb:codelist:stabas:7825603</CodelistReference>
      </Level>
    </ClassificationVersion>
    <ClassificationVersion id="urn:ssb:classversion:stabas:6266399" isCurrentVersion="false" validFrom="2009-01-01" validTo="2010-12-31" isUnderConstruction="false" updatesPossible="false" disseminationAllowed="true" lastChangedDate="2013-01-24" showIntranet="true" showInternet="true">
      <TitleGrp>
        <Title xml:lang="nb">Landkoder utenrikshandel 2009</Title>
        <Title xml:lang="en">Land Codes used in Foreign Trade stats. 2009</Title>
      </TitleGrp>
      <DescriptionGrp>
        <Description xml:lang="nb">Statistisk landliste følger den internasjonale standarden ISO-3166. Land i EU benytter samme landgruppering (ISO-3166) bortsett fra noen avvik av mindre betydning. 
</Description>
        <Description xml:lang="en">The country nomenclature follows the international standard ISO-3166. This standard is also used by EU countries, however with some minor differences.

</Description>
      </DescriptionGrp>
      <IntroductionGrp>
        <Indtroduction xml:lang="nb">Ikke relevant</Indtroduction>
        <Indtroduction xml:lang="en">Not relevant</Indtroduction>
      </IntroductionGrp>
      <ContactInformation>
        <Person xmlns="http://www.ssb.no/ns/meta/common">oyh</Person>
        <Division xmlns="http://www.ssb.no/ns/meta/common">980</Division>
      </ContactInformation>
      <ExternalDocumentGrp>
        <ExternalDocument xml:lang="nb">Ikke relevant</ExternalDocument>
        <ExternalDocument xml:lang="en">Not relevant</ExternalDocument>
      </ExternalDocumentGrp>
      <ChangesGrp>
        <Change xml:lang="nb">Endringer i 2009: Ny stat: XK Kosovo
</Change>
        <Change xml:lang="en">Changes in 2009: New state XK Kosovo
</Change>
      </ChangesGrp>
      <DerivedFromGrp>
        <DerviedFrom xml:lang="nb">ISO - standarden 3166-1
</DerviedFrom>
        <DerviedFrom xml:lang="en">ISO - Standard

</DerviedFrom>
      </DerivedFromGrp>
      <LegalBaseGrp>
        <LegalBase xml:lang="nb">Ikke relevant</LegalBase>
        <LegalBase xml:lang="en">Not relevant</LegalBase>
      </LegalBaseGrp>
      <Level levelNumber="1" id="urn:ssb:classlevel:stabas:6266401" codeStructure="XX">
        <TitleGrp>
          <Title xml:lang="nb">Landkoder utenrikshandel 2009: Landkode utenrikshandel 2009</Title>
          <Title xml:lang="en">Land Codes used in Foreign Trade stats. 2009: Land Codes used in Forreign Trade stats. 2009</Title>
        </TitleGrp>
        <CodelistReference>urn:ssb:codelist:stabas:6266401</CodelistReference>
      </Level>
    </ClassificationVersion>
    <ClassificationVersion id="urn:ssb:classversion:stabas:6265900" isCurrentVersion="false" validFrom="2008-01-01" validTo="2008-12-31" isUnderConstruction="false" updatesPossible="false" disseminationAllowed="true" lastChangedDate="2013-01-24" showIntranet="true" showInternet="true">
      <TitleGrp>
        <Title xml:lang="nb">Landkoder utenrikshandel 2008</Title>
        <Title xml:lang="en">Land Codes used in Foreign Trade stats. 2008</Title>
      </TitleGrp>
      <DescriptionGrp>
        <Description xml:lang="nb">Dette sett av landkoder som ble tatt i bruk i 1988 benyttes ved import og eksport av varer i utenrikshandelsstatistikken.Også i EU benyttes samme standard med noen små avvik. 
</Description>
        <Description xml:lang="en">These codes related to countries reporting imports or exports of goods have been used in the External Trade Statistics since 1988. The European Union is using almost a similar set of codes, except for some minor differences   
</Description>
      </DescriptionGrp>
      <IntroductionGrp>
        <Indtroduction xml:lang="nb">Ikke relevant</Indtroduction>
        <Indtroduction xml:lang="en">Not relevant</Indtroduction>
      </IntroductionGrp>
      <ContactInformation>
        <Person xmlns="http://www.ssb.no/ns/meta/common">oyh</Person>
        <Division xmlns="http://www.ssb.no/ns/meta/common">980</Division>
      </ContactInformation>
      <ExternalDocumentGrp>
        <ExternalDocument xml:lang="nb">Ikke relevant</ExternalDocument>
        <ExternalDocument xml:lang="en">Not relevant</ExternalDocument>
      </ExternalDocumentGrp>
      <ChangesGrp>
        <Change xml:lang="nb">Endringer i 2008: Nye stater: BL Saint Barthelemy og  MF Saint Martin</Change>
        <Change xml:lang="en">Changes in  2008: New states: BL Saint Barthelemy and MF Saint Martin</Change>
      </ChangesGrp>
      <DerivedFromGrp>
        <DerviedFrom xml:lang="nb">ISO - standarden 3166-1
</DerviedFrom>
        <DerviedFrom xml:lang="en">ISO - Standard

</DerviedFrom>
      </DerivedFromGrp>
      <LegalBaseGrp>
        <LegalBase xml:lang="nb">Ikke relevant</LegalBase>
        <LegalBase xml:lang="en">Not relevant</LegalBase>
      </LegalBaseGrp>
      <Level levelNumber="1" id="urn:ssb:classlevel:stabas:6265902" codeStructure="XX">
        <TitleGrp>
          <Title xml:lang="nb">Landkoder utenrikshandel 2008: Landkode utenrikshandel 2008</Title>
          <Title xml:lang="en">Land Codes used in Foreign Trade stats. 2008: Land Codes used in Forreign Trade stats. 2008</Title>
        </TitleGrp>
        <CodelistReference>urn:ssb:codelist:stabas:6265902</CodelistReference>
      </Level>
    </ClassificationVersion>
    <ClassificationVersion id="urn:ssb:classversion:stabas:6265405" isCurrentVersion="false" validFrom="2007-01-01" validTo="2007-12-31" isUnderConstruction="false" updatesPossible="false" disseminationAllowed="true" lastChangedDate="2013-01-24" showIntranet="true" showInternet="true">
      <TitleGrp>
        <Title xml:lang="nb">Landkoder utenrikshandel 2007</Title>
        <Title xml:lang="en">Land Codes used in Foreign Trade stats. 2007</Title>
      </TitleGrp>
      <DescriptionGrp>
        <Description xml:lang="nb">Dette sett av landkoder som ble tatt i bruk i 1988 benyttes ved import og eksport av varer i utenrikshandelsstatistikken.Også i EU benyttes samme standard med noen små avvik. 
</Description>
        <Description xml:lang="en">These codes related to countries reporting imports or exports of goods have been used in the External Trade Statistics since 1988. The European Union is using almost a similar set of codes, except for some minor differences   
</Description>
      </DescriptionGrp>
      <IntroductionGrp>
        <Indtroduction xml:lang="nb">Ikke relevant</Indtroduction>
        <Indtroduction xml:lang="en">Not relevant</Indtroduction>
      </IntroductionGrp>
      <ContactInformation>
        <Person xmlns="http://www.ssb.no/ns/meta/common">oyh</Person>
        <Division xmlns="http://www.ssb.no/ns/meta/common">980</Division>
      </ContactInformation>
      <ExternalDocumentGrp>
        <ExternalDocument xml:lang="nb">Ikke relevant</ExternalDocument>
        <ExternalDocument xml:lang="en">Not relevant</ExternalDocument>
      </ExternalDocumentGrp>
      <ChangesGrp>
        <Change xml:lang="nb">Endringer i 2007: Nye stater: GG  Guernsey, IM Isle of Man, JE Jersey, ME Montenegro og RS Serbia</Change>
        <Change xml:lang="en">Changes in 2007: New states: GG  Guernsey, IM Isle of Man, JE Jersey, ME Montenegro and RS Serbia</Change>
      </ChangesGrp>
      <DerivedFromGrp>
        <DerviedFrom xml:lang="nb">ISO - standarden 3166-1
</DerviedFrom>
        <DerviedFrom xml:lang="en">ISO - Standard
</DerviedFrom>
      </DerivedFromGrp>
      <LegalBaseGrp>
        <LegalBase xml:lang="nb">Ikke relevant</LegalBase>
        <LegalBase xml:lang="en">Not relevant</LegalBase>
      </LegalBaseGrp>
      <Level levelNumber="1" id="urn:ssb:classlevel:stabas:6265407" codeStructure="XX">
        <TitleGrp>
          <Title xml:lang="nb">Landkoder utenrikshandel 2007: Landkode utenrikshandel 2007</Title>
          <Title xml:lang="en">Land Codes used in Foreign Trade stats. 2007: Land Codes used in Forreign Trade stats. 2007</Title>
        </TitleGrp>
        <CodelistReference>urn:ssb:codelist:stabas:6265407</CodelistReference>
      </Level>
    </ClassificationVersion>
    <ClassificationVersion id="urn:ssb:classversion:stabas:6264918" isCurrentVersion="false" validFrom="2006-01-01" validTo="2006-12-31" isUnderConstruction="false" updatesPossible="false" disseminationAllowed="true" lastChangedDate="2013-04-11" showIntranet="true" showInternet="true">
      <TitleGrp>
        <Title xml:lang="nb">Landkoder utenrikshandel 2006</Title>
        <Title xml:lang="en">Land Codes used in Foreign Trade stats. 2006</Title>
      </TitleGrp>
      <DescriptionGrp>
        <Description xml:lang="nb">Dette sett av landkoder som ble tatt i bruk i 1988 benyttes ved import og eksport av varer i utenrikshandelsstatistikken.Også i EU benyttes samme standard med noen små avvik. 
</Description>
        <Description xml:lang="en">These codes related to countries reporting imports or exports of goods have been used in the External Trade Statistics since 1988. The European Union is using almost a similar set of codes, except for some minor differences   </Description>
      </DescriptionGrp>
      <IntroductionGrp>
        <Indtroduction xml:lang="nb">Ikke relevant</Indtroduction>
        <Indtroduction xml:lang="en">Not relevant</Indtroduction>
      </IntroductionGrp>
      <ContactInformation>
        <Person xmlns="http://www.ssb.no/ns/meta/common">oyh</Person>
        <Division xmlns="http://www.ssb.no/ns/meta/common">980</Division>
      </ContactInformation>
      <ExternalDocumentGrp>
        <ExternalDocument xml:lang="nb">Ikke relevant</ExternalDocument>
        <ExternalDocument xml:lang="en">Not relevant</ExternalDocument>
      </ExternalDocumentGrp>
      <ChangesGrp>
        <Change xml:lang="nb">Endringer i 2006: Utgår:   CS Serbia og Montenegro 




</Change>
        <Change xml:lang="en">Changes in 2006: Cancelled:  CS Serbia and Montenegro 



</Change>
      </ChangesGrp>
      <DerivedFromGrp>
        <DerviedFrom xml:lang="nb">ISO - standarden 3166-1
</DerviedFrom>
        <DerviedFrom xml:lang="en">ISO - Standard
</DerviedFrom>
      </DerivedFromGrp>
      <LegalBaseGrp>
        <LegalBase xml:lang="nb">Ikke relevant</LegalBase>
        <LegalBase xml:lang="en">Not relevant</LegalBase>
      </LegalBaseGrp>
      <Level levelNumber="1" id="urn:ssb:classlevel:stabas:6264920" codeStructure="XX">
        <TitleGrp>
          <Title xml:lang="nb">Landkoder utenrikshandel 2006: Landkode utenrikshandel 2006</Title>
          <Title xml:lang="en">Land Codes used in Foreign Trade stats. 2006: Land Codes used in Forreign Trade stats. 2006</Title>
        </TitleGrp>
        <CodelistReference>urn:ssb:codelist:stabas:6264920</CodelistReference>
      </Level>
    </ClassificationVersion>
    <ClassificationVersion id="urn:ssb:classversion:stabas:6264431" isCurrentVersion="false" validFrom="2005-01-01" validTo="2005-12-31" isUnderConstruction="false" updatesPossible="false" disseminationAllowed="true" lastChangedDate="2013-04-05" showIntranet="true" showInternet="true">
      <TitleGrp>
        <Title xml:lang="nb">Landkoder utenrikshandel 2005</Title>
        <Title xml:lang="en">Land Codes used in Foreign Trade stats. 2005</Title>
      </TitleGrp>
      <DescriptionGrp>
        <Description xml:lang="nb">Dette sett av landkoder som ble tatt i bruk i 1988 benyttes ved import og eksport av varer i utenrikshandelsstatistikken.Også i EU benyttes samme standard med noen små avvik. 
</Description>
        <Description xml:lang="en">These codes related to countries reporting imports or exports of goods have been used in the External Trade Statistics since 1988. The European Union is using almost a similar set of codes, except for some minor differences   
</Description>
      </DescriptionGrp>
      <IntroductionGrp>
        <Indtroduction xml:lang="nb">Ikke relevant</Indtroduction>
        <Indtroduction xml:lang="en">Not relevant</Indtroduction>
      </IntroductionGrp>
      <ContactInformation>
        <Person xmlns="http://www.ssb.no/ns/meta/common">oyh</Person>
        <Division xmlns="http://www.ssb.no/ns/meta/common">980</Division>
      </ContactInformation>
      <ExternalDocumentGrp>
        <ExternalDocument xml:lang="nb">Ikke relevant</ExternalDocument>
        <ExternalDocument xml:lang="en">Not relevant</ExternalDocument>
      </ExternalDocumentGrp>
      <ChangesGrp>
        <Change xml:lang="nb">Endringer i 2005: Ny stat: AX Åland</Change>
        <Change xml:lang="en">Changes in 2005: New state: AX Åland Islands</Change>
      </ChangesGrp>
      <DerivedFromGrp>
        <DerviedFrom xml:lang="nb">ISO - standarden 3166-1
</DerviedFrom>
        <DerviedFrom xml:lang="en">ISO - Standard

</DerviedFrom>
      </DerivedFromGrp>
      <LegalBaseGrp>
        <LegalBase xml:lang="nb">Ikke relevant</LegalBase>
        <LegalBase xml:lang="en">Not relevant</LegalBase>
      </LegalBaseGrp>
      <Level levelNumber="1" id="urn:ssb:classlevel:stabas:6264433" codeStructure="XX">
        <TitleGrp>
          <Title xml:lang="nb">Landkoder utenrikshandel 2005: Landkode utenrikshandel 2005</Title>
          <Title xml:lang="en">Land Codes used in Foreign Trade stats. 2005: Land Codes used in Forreign Trade stats. 2005</Title>
        </TitleGrp>
        <CodelistReference>urn:ssb:codelist:stabas:6264433</CodelistReference>
      </Level>
    </ClassificationVersion>
    <ClassificationVersion id="urn:ssb:classversion:stabas:6263946" isCurrentVersion="false" validFrom="2004-01-01" validTo="2004-12-31" isUnderConstruction="false" updatesPossible="false" disseminationAllowed="true" lastChangedDate="2013-04-05" showIntranet="true" showInternet="true">
      <TitleGrp>
        <Title xml:lang="nb">Landkoder utenrikshandel 2004</Title>
        <Title xml:lang="en">Land Codes used in Foreign Trade stats. 2004</Title>
      </TitleGrp>
      <DescriptionGrp>
        <Description xml:lang="nb">Dette sett av landkoder som ble tatt i bruk i 1988 benyttes ved import og eksport av varer i utenrikshandelsstatistikken.Også i EU benyttes samme standard med noen små avvik. 
</Description>
        <Description xml:lang="en">These codes related to countries reporting imports or exports of goods have been used in the External Trade Statistics since 1988. The European Union is using almost a similar set of codes, except for some minor differences   

</Description>
      </DescriptionGrp>
      <IntroductionGrp>
        <Indtroduction xml:lang="nb">Ikke relevant</Indtroduction>
        <Indtroduction xml:lang="en">Not relevant</Indtroduction>
      </IntroductionGrp>
      <ContactInformation>
        <Person xmlns="http://www.ssb.no/ns/meta/common">oyh</Person>
        <Division xmlns="http://www.ssb.no/ns/meta/common">980</Division>
      </ContactInformation>
      <ExternalDocumentGrp>
        <ExternalDocument xml:lang="nb">Ikke relevant</ExternalDocument>
        <ExternalDocument xml:lang="en">Not relevant</ExternalDocument>
      </ExternalDocumentGrp>
      <ChangesGrp>
        <Change xml:lang="nb">Endringer i 2004: Ny stat: CS Serbia og Montenegro
</Change>
        <Change xml:lang="en">Changes in 2004: New state: CS Serbia and Montenegro
</Change>
      </ChangesGrp>
      <DerivedFromGrp>
        <DerviedFrom xml:lang="nb">ISO - standarden 3166-1
</DerviedFrom>
        <DerviedFrom xml:lang="en">ISO - standarden 
</DerviedFrom>
      </DerivedFromGrp>
      <LegalBaseGrp>
        <LegalBase xml:lang="nb">Ikke relevant</LegalBase>
        <LegalBase xml:lang="en">Not relevant</LegalBase>
      </LegalBaseGrp>
      <Level levelNumber="1" id="urn:ssb:classlevel:stabas:6263948" codeStructure="XX">
        <TitleGrp>
          <Title xml:lang="nb">Landkoder utenrikshandel 2004: Landkode utenrikshandel 2004</Title>
          <Title xml:lang="en">Land Codes used in Foreign Trade stats. 2004: Land Codes used in Forreign Trade stats. 2004</Title>
        </TitleGrp>
        <CodelistReference>urn:ssb:codelist:stabas:6263948</CodelistReference>
      </Level>
    </ClassificationVersion>
    <ClassificationVersion id="urn:ssb:classversion:stabas:6263461" isCurrentVersion="false" validFrom="2003-01-01" validTo="2003-12-31" isUnderConstruction="false" updatesPossible="false" disseminationAllowed="true" lastChangedDate="2013-04-05" showIntranet="true" showInternet="true">
      <TitleGrp>
        <Title xml:lang="nb">Landkoder utenrikshandel 2003</Title>
        <Title xml:lang="en">Land Codes used in Foreign Trade stats. 2003</Title>
      </TitleGrp>
      <DescriptionGrp>
        <Description xml:lang="nb">Dette sett av landkoder som ble tatt i bruk i 1988 benyttes ved import og eksport av varer i utenrikshandelsstatistikken.Også i EU benyttes samme standard med noen små avvik.</Description>
        <Description xml:lang="en">These codes related to countries reporting imports or exports of goods have been used in the External Trade Statistics since 1988. The European Union is using almost a similar set of codes, except for some minor differences   
</Description>
      </DescriptionGrp>
      <IntroductionGrp>
        <Indtroduction xml:lang="nb">Ikke relevant</Indtroduction>
        <Indtroduction xml:lang="en">Not relevant</Indtroduction>
      </IntroductionGrp>
      <ContactInformation>
        <Person xmlns="http://www.ssb.no/ns/meta/common">oyh</Person>
        <Division xmlns="http://www.ssb.no/ns/meta/common">980</Division>
      </ContactInformation>
      <ExternalDocumentGrp>
        <ExternalDocument xml:lang="nb">Ikke relevant</ExternalDocument>
        <ExternalDocument xml:lang="en">Not relevant</ExternalDocument>
      </ExternalDocumentGrp>
      <ChangesGrp>
        <Change xml:lang="nb">Endringer i 2003: Ny stat: TL Øst-Timor
</Change>
        <Change xml:lang="en">Changes in 2003: New state: TL East Timor</Change>
      </ChangesGrp>
      <DerivedFromGrp>
        <DerviedFrom xml:lang="nb">ISO - standarden 3166-1</DerviedFrom>
        <DerviedFrom xml:lang="en">ISO - Standard
</DerviedFrom>
      </DerivedFromGrp>
      <LegalBaseGrp>
        <LegalBase xml:lang="nb">Ikke relevant</LegalBase>
        <LegalBase xml:lang="en">Not relevant</LegalBase>
      </LegalBaseGrp>
      <Level levelNumber="1" id="urn:ssb:classlevel:stabas:6263463" codeStructure="XX">
        <TitleGrp>
          <Title xml:lang="nb">Landkoder utenrikshandel 2003: Landkode utenrikshandel 2003</Title>
          <Title xml:lang="en">Land Codes used in Foreign Trade stats. 2003: Land Codes used in Forreign Trade stats. 2003</Title>
        </TitleGrp>
        <CodelistReference>urn:ssb:codelist:stabas:6263463</CodelistReference>
      </Level>
    </ClassificationVersion>
    <ClassificationVersion id="urn:ssb:classversion:stabas:6262976" isCurrentVersion="false" validFrom="2002-01-01" validTo="2002-12-31" isUnderConstruction="false" updatesPossible="false" disseminationAllowed="true" lastChangedDate="2013-04-05" showIntranet="true" showInternet="true">
      <TitleGrp>
        <Title xml:lang="nb">Landkoder utenrikshandel 2002</Title>
        <Title xml:lang="en">Land Codes used in Foreign Trade stats. 2002</Title>
      </TitleGrp>
      <DescriptionGrp>
        <Description xml:lang="nb">Dette sett av landkoder som ble tatt i bruk i 1988 benyttes ved import og eksport av varer i utenrikshandelsstatistikken.Også i EU benyttes samme standard med noen små avvik</Description>
        <Description xml:lang="en">These codes related to countries reporting imports or exports of goods have been used in the External Trade Statistics since 1988. The European Union is using almost a similar set of codes, except for some minor differences   
</Description>
      </DescriptionGrp>
      <IntroductionGrp>
        <Indtroduction xml:lang="nb">Ikke relevant</Indtroduction>
        <Indtroduction xml:lang="en">Not relevant</Indtroduction>
      </IntroductionGrp>
      <ContactInformation>
        <Person xmlns="http://www.ssb.no/ns/meta/common">oyh</Person>
        <Division xmlns="http://www.ssb.no/ns/meta/common">980</Division>
      </ContactInformation>
      <ExternalDocumentGrp>
        <ExternalDocument xml:lang="nb">Ikke relevant</ExternalDocument>
        <ExternalDocument xml:lang="en">Not relevant</ExternalDocument>
      </ExternalDocumentGrp>
      <ChangesGrp>
        <Change xml:lang="nb">Endringer i 2002: Utgår:  TP  Øst-Timor</Change>
        <Change xml:lang="en">Changes in 2002: Cancelled: TP East Timor</Change>
      </ChangesGrp>
      <DerivedFromGrp>
        <DerviedFrom xml:lang="nb">ISO - standarden 3166-1</DerviedFrom>
        <DerviedFrom xml:lang="en">ISO - Standard
</DerviedFrom>
      </DerivedFromGrp>
      <LegalBaseGrp>
        <LegalBase xml:lang="nb">Ikke relevant</LegalBase>
        <LegalBase xml:lang="en">Not relevant</LegalBase>
      </LegalBaseGrp>
      <Level levelNumber="1" id="urn:ssb:classlevel:stabas:6262978" codeStructure="XX">
        <TitleGrp>
          <Title xml:lang="nb">Landkoder utenrikshandel 2002: Landkode utenrikshandel 2002</Title>
          <Title xml:lang="en">Land Codes used in Foreign Trade stats. 2002: Land Codes used in Forreign Trade stats. 2002</Title>
        </TitleGrp>
        <CodelistReference>urn:ssb:codelist:stabas:6262978</CodelistReference>
      </Level>
    </ClassificationVersion>
    <ClassificationVersion id="urn:ssb:classversion:stabas:6262491" isCurrentVersion="false" validFrom="2001-01-01" validTo="2001-12-31" isUnderConstruction="false" updatesPossible="false" disseminationAllowed="true" lastChangedDate="2013-04-05" showIntranet="true" showInternet="true">
      <TitleGrp>
        <Title xml:lang="nb">Landkoder utenrikshandel 2001</Title>
        <Title xml:lang="en">Land Codes used in Foreign Trade stats. 2001</Title>
      </TitleGrp>
      <DescriptionGrp>
        <Description xml:lang="nb">Dette sett av landkoder som ble tatt i bruk i 1988 benyttes ved import og eksport av varer i utenrikshandelsstatistikken.Også i EU benyttes samme standard med noen små avvik.</Description>
        <Description xml:lang="en">These codes related to countries reporting imports or exports of goods have been used in the External Trade Statistics since 1988. The European Union is using almost a similar set of codes, except for some minor differences   
</Description>
      </DescriptionGrp>
      <IntroductionGrp>
        <Indtroduction xml:lang="nb">Ikke relevant</Indtroduction>
        <Indtroduction xml:lang="en">Not relevant</Indtroduction>
      </IntroductionGrp>
      <ContactInformation>
        <Person xmlns="http://www.ssb.no/ns/meta/common">oyh</Person>
        <Division xmlns="http://www.ssb.no/ns/meta/common">980</Division>
      </ContactInformation>
      <ExternalDocumentGrp>
        <ExternalDocument xml:lang="nb">Ikke relevant</ExternalDocument>
        <ExternalDocument xml:lang="en">Not relevant</ExternalDocument>
      </ExternalDocumentGrp>
      <ChangesGrp>
        <Change xml:lang="nb">Endringer i 2001: Ny stat: PS Vestbr/Gazast

</Change>
        <Change xml:lang="en">Changes in 2001: New state:  PS West Bank/Gaza strip</Change>
      </ChangesGrp>
      <DerivedFromGrp>
        <DerviedFrom xml:lang="nb">ISO - standarden 3166-1</DerviedFrom>
        <DerviedFrom xml:lang="en">ISO - Standard
</DerviedFrom>
      </DerivedFromGrp>
      <LegalBaseGrp>
        <LegalBase xml:lang="nb">Ikke relevant</LegalBase>
        <LegalBase xml:lang="en">Not relevant</LegalBase>
      </LegalBaseGrp>
      <Level levelNumber="1" id="urn:ssb:classlevel:stabas:6262493" codeStructure="XX">
        <TitleGrp>
          <Title xml:lang="nb">Landkoder utenrikshandel 2001: Landkode utenrikshandel 2001</Title>
          <Title xml:lang="en">Land Codes used in Foreign Trade stats. 2001: Land Codes used in Forreign Trade stats. 2001</Title>
        </TitleGrp>
        <CodelistReference>urn:ssb:codelist:stabas:6262493</CodelistReference>
      </Level>
    </ClassificationVersion>
    <ClassificationVersion id="urn:ssb:classversion:stabas:6262002" isCurrentVersion="false" validFrom="2000-01-01" validTo="2000-12-31" isUnderConstruction="false" updatesPossible="false" disseminationAllowed="true" lastChangedDate="2013-04-05" showIntranet="true" showInternet="true">
      <TitleGrp>
        <Title xml:lang="nb">Landkoder utenrikshandel 2000</Title>
        <Title xml:lang="en">Land Codes used in Foreign Trade stats. 2000</Title>
      </TitleGrp>
      <DescriptionGrp>
        <Description xml:lang="nb">Dette sett av landkoder som ble tatt i bruk i 1988 benyttes ved import og eksport av varer i utenrikshandelsstatistikken.Også i EU benyttes samme standard med noen små avvik.</Description>
        <Description xml:lang="en">These codes related to countries reporting imports or exports of goods have been used in the External Trade Statistics since 1988. The European Union is using almost a similar set of codes, except for some minor differences   
</Description>
      </DescriptionGrp>
      <IntroductionGrp>
        <Indtroduction xml:lang="nb">Ikke relevant</Indtroduction>
        <Indtroduction xml:lang="en">Not relevant</Indtroduction>
      </IntroductionGrp>
      <ContactInformation>
        <Person xmlns="http://www.ssb.no/ns/meta/common">oyh</Person>
        <Division xmlns="http://www.ssb.no/ns/meta/common">980</Division>
      </ContactInformation>
      <ExternalDocumentGrp>
        <ExternalDocument xml:lang="nb">Ikke relevant</ExternalDocument>
        <ExternalDocument xml:lang="en">Not relevant</ExternalDocument>
      </ExternalDocumentGrp>
      <ChangesGrp>
        <Change xml:lang="nb">Ikke relevant</Change>
        <Change xml:lang="en">Not relevant</Change>
      </ChangesGrp>
      <DerivedFromGrp>
        <DerviedFrom xml:lang="nb">ISO - standarden 3166-1</DerviedFrom>
        <DerviedFrom xml:lang="en">ISO - Standard
</DerviedFrom>
      </DerivedFromGrp>
      <LegalBaseGrp>
        <LegalBase xml:lang="nb">Ikke relevant</LegalBase>
        <LegalBase xml:lang="en">Not relevant</LegalBase>
      </LegalBaseGrp>
      <Level levelNumber="1" id="urn:ssb:classlevel:stabas:6262004" codeStructure="XX">
        <TitleGrp>
          <Title xml:lang="nb">Landkoder utenrikshandel 2000: Landkode utenrikshandel 2000</Title>
          <Title xml:lang="en">Land Codes used in Foreign Trade stats. 2000: Land Codes used in Forreign Trade stats. 2000</Title>
        </TitleGrp>
        <CodelistReference>urn:ssb:codelist:stabas:6262004</CodelistReference>
      </Level>
    </ClassificationVersion>
  </ClassificationVersions>
</Classification>