<?xml version="1.0" encoding="utf-8"?>
<Classification xmlns:xsi="http://www.w3.org/2001/XMLSchema-instance" xmlns:xsd="http://www.w3.org/2001/XMLSchema" id="urn:ssb:classification:stabas:670101" currentVersionId="urn:ssb:classversion:stabas:9112701" xmlns="http://www.ssb.no/ns/meta/classification">
  <TitleGrp>
    <Title xml:lang="nn">Standard for arbeidsgivaravgiftssoner</Title>
    <Title xml:lang="nb">Standard for arbeidsgiveravgiftssoner</Title>
    <Title xml:lang="en">Classification of zones of employer's contribution to the National Insurance</Title>
  </TitleGrp>
  <DescriptionGrp>
    <Description xml:lang="nn">Arbeidsgivaravgiftas soneinndeling. Presenterer kommunanes sonetilhøring og avgiftssatsane tilhørande dei ulike sonene.</Description>
    <Description xml:lang="nb">Arbeidsgiveravgiftens soneinndeling. Presenterer kommunenes sonetilhørighet og avgiftssatsene tilhørende de ulike sonene.</Description>
    <Description xml:lang="en">Presentation of zones of employer¿s contributions to the National Insurance and the municipalities belonging to the different zones.</Description>
  </DescriptionGrp>
  <StatisticalUnitGrp>
    <StatisticalUnit xml:lang="nn">Kommunar</StatisticalUnit>
    <StatisticalUnit xml:lang="nb">Kommuner</StatisticalUnit>
    <StatisticalUnit xml:lang="en">Municipalities</StatisticalUnit>
  </StatisticalUnitGrp>
  <OwnerGrp>
    <Owner xml:lang="nn">Statistisk sentralbyrå (SSB)</Owner>
    <Owner xml:lang="nb">Statistisk sentralbyrå (SSB)</Owner>
    <Owner xml:lang="en">Statistics Norway (SSB)</Owner>
  </OwnerGrp>
  <SubjectArea>00</SubjectArea>
  <ClassificationVersions>
    <ClassificationVersion id="urn:ssb:classversion:stabas:9112701" isCurrentVersion="true" validFrom="2014-07-01" isUnderConstruction="false" updatesPossible="true" disseminationAllowed="false" lastChangedDate="2014-10-07" showIntranet="true" showInternet="true">
      <TitleGrp>
        <Title xml:lang="nn">Arbeidsgivaravgiftssoner 2014</Title>
        <Title xml:lang="nb">Arbeidsgiveravgiftssoner 2014</Title>
        <Title xml:lang="en">Zones of employer's contribution to the National Insurance 2014</Title>
      </TitleGrp>
      <DescriptionGrp>
        <Description xml:lang="nn">Soneinndeling for arbeidsgivaravgifta. Presenterer kommunanes sonetilhøring og avgiftssatsane tilhørande dei ulike sonene.</Description>
        <Description xml:lang="nb">Arbeidsgiveravgiftens soneinndeling. Presenterer kommunenes sonetilhørighet og avgiftssatsene tilhørende de ulike sonene.</Description>
        <Description xml:lang="en">Classification of zones of employer's contribution to the National Insurance. Presentation of zones and the municipalities belonging to the different zones.</Description>
      </DescriptionGrp>
      <IntroductionGrp />
      <ContactInformation>
        <Person xmlns="http://www.ssb.no/ns/meta/common">tha</Person>
        <Division xmlns="http://www.ssb.no/ns/meta/common">225</Division>
      </ContactInformation>
      <ExternalDocumentGrp>
        <ExternalDocument xml:lang="nn">Notat 2002/65 "Arbeidsgiveravgiften - Soneinndelingens utvikling. Endringer i perioden 1998-2002" og Notater 98/10 "Arbeidsgiveravgiften 1967-1998. Soneinndelingen"</ExternalDocument>
        <ExternalDocument xml:lang="nb">Notater 2002/65 "Arbeidsgiveravgiften - Soneinndelingens utvikling. Endringer i perioden 1998-2002" og Notater 98/10 "Arbeidsgiveravgiften 1967-1998. Soneinndelingen"</ExternalDocument>
        <ExternalDocument xml:lang="en">Notater 2002/65 "Arbeidsgiveravgiften - Soneinndelingens utvikling. Endringer i perioden 1998-2002" og Notater 98/10 "Arbeidsgiveravgiften 1967-1998. Soneinndelingen"</ExternalDocument>
      </ExternalDocumentGrp>
      <ChangesGrp>
        <Change xml:lang="nn">Det er frå og med 1. juli 2014 endringar i differensiert arbeidsgivaravgift. 31 kommunar har fått lågare sats samt at fleire sektorer har gått ut av ordninga med differensiert arbeidsgivar-avgift Det inneberer at disse sektorene må betale arbeidsgivaravgift med full sats (14,1 pst.)
Det er midlertidig gjort visse unntak frå denne regelen. Ordninga med fribeløp gjelder for sone 1a og arbeidsgivarar med aktiviteter innanfor unntatte sektorer. Følgjene sektorer er unntatt: 35, 49.1, 49.2, 49.31, 49.39, 49.41, 50, 51.1, 51.21, 52.23, 64, 65, 66, 70.10 og 70.22. Fribeløpet er 450 000 kroner årlig, for godstransport på vei er fribeløpet 225 000 kroner årlig.
Det er verksemdas lokalisering og ikkje de tilsette si bustadkommune som avgjør val av sone.
</Change>
        <Change xml:lang="nb">Det er fra og med 1. juli 2014 endringer i differensiert arbeidsgiveravgift. 31 kommuner har fått lavere sats samt at flere sektorer har gått ut av ordningen med differensiert arbeidsgiver-avgift. Det innebærer at disse sektorene må betale arbeidsgiveravgift med full sats (14,1 pst.)
Det er imidlertid gjort visse unntak fra denne regelen. Ordningen med fribeløp gjelder for sone 1a og arbeidsgivere med aktiviteter innenfor unntatte sektorer. Følgende sektorer er unntatt: 35, 49.1, 49.2, 49.31, 49.39, 49.41, 50, 51.1, 51.21, 52.23, 64, 65, 66, 70.10 og 70.22. Fribeløpet er 450 000 kroner årlig, for godstransport på vei er fribeløpet 225 000 kroner årlig.
Det er virksomhetens lokalisering og ikke de ansattes bostedskommune som avgjør valg av sone.
</Change>
        <Change xml:lang="en">From 1st July 2014 there are changes in employer's National Insurance contributions. 31 municipalities are relocated to zones with reduced rates and certain sectors are required to pay full rates (14,1 percent). These sectors are defined as: 35, 49.1, 49.2, 49.31, 49.39, 49.41, 50, 51.1, 51.21, 52.23, 64, 65, 66, 70.10 and 70.22. There are certain exceptions from this rule. The Tax-free allowance is 450 000 NOK per year and is applicable in zone 1a and employers with activities in exempted sectors.  In Freight transport by road the Tax-free is 225 000NOK per year. Location of the company is what decides which zones the employees belong to.</Change>
      </ChangesGrp>
      <DerivedFromGrp>
        <DerviedFrom xml:lang="nn">http://www.skatteetaten.no/no/Bedrift-og-organisasjon/Drive-bedrift/Arbeidsgiver/Arbeidsgiveravgift/Endringer-av-den-differensierte-arbeidsgiveravgiften/</DerviedFrom>
        <DerviedFrom xml:lang="nb">http://www.skatteetaten.no/no/Bedrift-og-organisasjon/Drive-bedrift/Arbeidsgiver/Arbeidsgiveravgift/Endringer-av-den-differensierte-arbeidsgiveravgiften/</DerviedFrom>
        <DerviedFrom xml:lang="en">http://www.skatteetaten.no/no/Bedrift-og-organisasjon/Drive-bedrift/Arbeidsgiver/Arbeidsgiveravgift/Endringer-av-den-differensierte-arbeidsgiveravgiften/</DerviedFrom>
      </DerivedFromGrp>
      <LegalBaseGrp>
        <LegalBase xml:lang="nn">Ikkje relevant</LegalBase>
        <LegalBase xml:lang="nb">Ikke relevant</LegalBase>
        <LegalBase xml:lang="en">Not relevant</LegalBase>
      </LegalBaseGrp>
      <Level levelNumber="1" id="urn:ssb:classlevel:stabas:9112705">
        <TitleGrp>
          <Title xml:lang="nn">Arbeidsgivaravgiftssoner 2014: Sone</Title>
          <Title xml:lang="nb">Arbeidsgiveravgiftssoner 2014: Sone</Title>
          <Title xml:lang="en">Zones of employer's contribution to the National Insurance 2014: Zone</Title>
        </TitleGrp>
        <CodelistReference>urn:ssb:codelist:stabas:9112705</CodelistReference>
        <Level levelNumber="2" id="urn:ssb:classlevel:stabas:9112707">
          <TitleGrp>
            <Title xml:lang="nn">Arbeidsgivaravgiftssoner 2014: Ordinære næringar/Landbruk og fiske</Title>
            <Title xml:lang="nb">Arbeidsgiveravgiftssoner 2014: Ordinære næringer/Landbruk og fiske</Title>
            <Title xml:lang="en">Zones of employer's contribution to the National Insurance 2014: Ordinary industry-trade  / agriculture and fisheries</Title>
          </TitleGrp>
          <CodelistReference>urn:ssb:codelist:stabas:9112707</CodelistReference>
          <Level levelNumber="3" id="urn:ssb:classlevel:stabas:9112709">
            <TitleGrp>
              <Title xml:lang="nn">Arbeidsgivaravgiftssoner 2014: Satsa på avgifta</Title>
              <Title xml:lang="nb">Arbeidsgiveravgiftssoner 2014: Avgiftssats</Title>
              <Title xml:lang="en">Zones of employer's contribution to the National Insurance 2014: Rate of charges</Title>
            </TitleGrp>
            <CodelistReference>urn:ssb:codelist:stabas:9112709</CodelistReference>
          </Level>
        </Level>
      </Level>
    </ClassificationVersion>
    <ClassificationVersion id="urn:ssb:classversion:stabas:4664001" isCurrentVersion="false" validFrom="2007-01-01" validTo="2014-06-30" isUnderConstruction="false" updatesPossible="false" disseminationAllowed="true" lastChangedDate="2014-10-02" showIntranet="true" showInternet="true">
      <TitleGrp>
        <Title xml:lang="nn">Arbeidsgivaravgiftssoner 2007</Title>
        <Title xml:lang="nb">Arbeidsgiveravgiftssoner 2007</Title>
        <Title xml:lang="en">Zones of employer's contribution to the National Insurance 2007</Title>
      </TitleGrp>
      <DescriptionGrp>
        <Description xml:lang="nn">Soneinndeling for arbeidsgivaravgifta. Presenterer kommunanes sonetilhøring og avgiftssatsane tilhørande dei ulike sonene.</Description>
        <Description xml:lang="nb">Arbeidsgiveravgiftens soneinndeling. Presenterer kommunenes sonetilhørighet og avgiftssatsene tilhørende de ulike sonene.</Description>
        <Description xml:lang="en">Classification of zones of employer's contribution to the National Insurance. Presentation of zones and the municipalities belonging to the different zones.</Description>
      </DescriptionGrp>
      <IntroductionGrp />
      <ContactInformation>
        <Person xmlns="http://www.ssb.no/ns/meta/common">tha</Person>
        <Division xmlns="http://www.ssb.no/ns/meta/common">225</Division>
      </ContactInformation>
      <ExternalDocumentGrp>
        <ExternalDocument xml:lang="nn">Notat 2002/65 "Arbeidsgiveravgiften - Soneinndelingens utvikling. Endringer i perioden 1998-2002" og Notater 98/10 "Arbeidsgiveravgiften 1967-1998. Soneinndelingen"</ExternalDocument>
        <ExternalDocument xml:lang="nb">Notater 2002/65 "Arbeidsgiveravgiften - Soneinndelingens utvikling. Endringer i perioden 1998-2002" og Notater 98/10 "Arbeidsgiveravgiften 1967-1998. Soneinndelingen"</ExternalDocument>
        <ExternalDocument xml:lang="en">Notater 2002/65 "Arbeidsgiveravgiften - Soneinndelingens utvikling. Endringer i perioden 1998-2002" og Notater 98/10 "Arbeidsgiveravgiften 1967-1998. Soneinndelingen"</ExternalDocument>
      </ExternalDocumentGrp>
      <ChangesGrp>
        <Change xml:lang="nn">Frå 2007 er det verksemdas lokalisering og ikkje de tilsettes bustadkommune som avgjør val av sone. Det er likevel gjort visse unntak frå denne regelen for transportnæringen og bygg- og anleggsnæringen. Fribeløpet er auka til 530 000 kroner, men ordninga med fribeløp gjelder nå bare for sone 1a. Det har vært betydelige endringar i soneinndelinga frå 2006 til 2007. Bodø og Tromsø er skilt ut til ein egen sone, sone 4a. 53 kommunar som tidlegare har tilhørt sone 2 er skilt ut til sone 1a. Vedtaket om reduserte satsar for arbeidstakarar over 62 år er fjerna. Dette betyr at det for 2007 skal brukas ordinære satsar for arbeidstakarar over 62 år. Fleire av unntaka for bestemte næringar tatt ut. Reglene om transportføretak og statlig verksemd er også endra. For landbruks- og fiskerinæringen vil satsane være dei same som før. For meir informasjon, sjå dokumentet som standarden er basert på.</Change>
        <Change xml:lang="nb">Fra 2007 er det virksomhetens lokalisering og ikke de ansattes bostedskommune som avgjør valg av sone. Det er imidlertid gjort visse unntak fra denne regelen for transportnæringen og bygg- og anleggsnæringen. Fribeløpet er økt til 530 000 kroner, men ordningen med fribeløp gjelder bare for sone 1a. Det har vært betydelige endringer i soneinndelingen fra 2006 til 2007. Bodø og Tromsø er skilt ut til en egen sone, sone 4a. 53 kommuner som tidligere har tilhørt sone 2 er skilt ut til sone 1a. Bestemmelsen om reduserte satser for arbeidstakere over 62 år er fjernet. Dette betyr at det for 2007 skal brukes ordinære satser for arbeidstakere over 62 år. Flere av unntakene for bestemte næringer tatt ut. Reglene om transportforetak og statlig virksomhet er også endret. For landbruks- og fiskerinæringen vil satsene være de samme som før. For mer informasjon, se dokumentet som standarden er basert på.</Change>
        <Change xml:lang="en">From 1 January 2007 the location of the company is what decides which zone the employees belong to. There are certain exceptions from this rule for the transport and construction industries. The Tax-free allowance have increased to NOK 530 000, but are now only applicable in zone 1a. There have been considerable changes in the zonation. Bodø and Tromsø are now zone 4a. 53 municipals are moved from zone 2 to zone 1a. The arrangement about reduced rates for employees 62 years and older have ceased to exist. Many of the exceptions for certain industries have been removed. Rates for the agriculture and fisheries industry are unchanged. The rules concerning transportation companies and public sector have been considerable changed.</Change>
      </ChangesGrp>
      <DerivedFromGrp>
        <DerviedFrom xml:lang="nn">http://www.skatteetaten.no/upload/vedtak_2007_endelig.pdf 
http://www.skatteetaten.no/Templates/Artikkel.aspx?id=46544&amp;epslanguage=NO
</DerviedFrom>
        <DerviedFrom xml:lang="nb">http://www.skatteetaten.no/upload/vedtak_2007_endelig.pdf http://www.skatteetaten.no/Templates/Artikkel.aspx?id=46544&amp;epslanguage=NO</DerviedFrom>
        <DerviedFrom xml:lang="en">http://www.skatteetaten.no/upload/vedtak_2007_endelig.pdf
http://www.skatteetaten.no/Templates/Artikkel.aspx?id=46544&amp;epslanguage=NO
</DerviedFrom>
      </DerivedFromGrp>
      <LegalBaseGrp>
        <LegalBase xml:lang="nn">Ikkje relevant</LegalBase>
        <LegalBase xml:lang="nb">Ikke relevant</LegalBase>
        <LegalBase xml:lang="en">Not relevant</LegalBase>
      </LegalBaseGrp>
      <Level levelNumber="1" id="urn:ssb:classlevel:stabas:4664005">
        <TitleGrp>
          <Title xml:lang="nn">Arbeidsgivaravgiftssoner 2007: Sone</Title>
          <Title xml:lang="nb">Arbeidsgiveravgiftssoner 2007: Sone</Title>
          <Title xml:lang="en">Zones of employer's contribution to the National Insurance 2007: Zone</Title>
        </TitleGrp>
        <CodelistReference>urn:ssb:codelist:stabas:4664005</CodelistReference>
        <Level levelNumber="2" id="urn:ssb:classlevel:stabas:4664007">
          <TitleGrp>
            <Title xml:lang="nn">Arbeidsgivaravgiftssoner 2007: Ordinære næringar/Landbruk og fiske</Title>
            <Title xml:lang="nb">Arbeidsgiveravgiftssoner 2007: Ordinære næringer/Landbruk og fiske</Title>
            <Title xml:lang="en">Zones of employer's contribution to the National Insurance 2007: Ordinary industry-trade  / agriculture and fisheries</Title>
          </TitleGrp>
          <CodelistReference>urn:ssb:codelist:stabas:4664007</CodelistReference>
          <Level levelNumber="3" id="urn:ssb:classlevel:stabas:4664009">
            <TitleGrp>
              <Title xml:lang="nn">Arbeidsgivaravgiftssoner 2007: Satsa på avgifta</Title>
              <Title xml:lang="nb">Arbeidsgiveravgiftssoner 2007: Avgiftssats</Title>
              <Title xml:lang="en">Zones of employer's contribution to the National Insurance 2007: Rate of charges</Title>
            </TitleGrp>
            <CodelistReference>urn:ssb:codelist:stabas:4664009</CodelistReference>
          </Level>
        </Level>
      </Level>
    </ClassificationVersion>
    <ClassificationVersion id="urn:ssb:classversion:stabas:4450101" isCurrentVersion="false" validFrom="2006-01-01" validTo="2006-12-31" isUnderConstruction="false" updatesPossible="false" disseminationAllowed="true" lastChangedDate="2008-10-03" showIntranet="true" showInternet="true">
      <TitleGrp>
        <Title xml:lang="nn">Arbeidsgivaravgiftssonar 2006</Title>
        <Title xml:lang="nb">Arbeidsgiveravgiftssoner 2006</Title>
        <Title xml:lang="en">Zones of employer's contribution to the National Insurance 2006</Title>
      </TitleGrp>
      <DescriptionGrp>
        <Description xml:lang="nn">Soneinndeling for arbeidsgivaravgifta. Presenterer kommunanes sonetilhøring og avgiftssatsane tilhørande dei ulike sonene.</Description>
        <Description xml:lang="nb">Arbeidsgiveravgiftens soneinndeling. Presenterer kommunenes sonetilhørighet og avgiftssatsene tilhørende de ulike sonene.</Description>
        <Description xml:lang="en">Classification of zones of employer's contribution to the National Insurance. Presentation of zones and the municipalities belonging to the different zones.</Description>
      </DescriptionGrp>
      <IntroductionGrp />
      <ContactInformation>
        <Person xmlns="http://www.ssb.no/ns/meta/common">tha</Person>
        <Division xmlns="http://www.ssb.no/ns/meta/common">225</Division>
      </ContactInformation>
      <ExternalDocumentGrp>
        <ExternalDocument xml:lang="nn">Notat 2002/65 "Arbeidsgiveravgiften - Soneinndelingens utvikling. Endringer i perioden 1998-2002" og Notater 98/10 "Arbeidsgiveravgiften 1967-1998. Soneinndelingen"</ExternalDocument>
        <ExternalDocument xml:lang="nb">Notater 2002/65 "Arbeidsgiveravgiften - Soneinndelingens utvikling. Endringer i perioden 1998-2002" og Notater 98/10 "Arbeidsgiveravgiften 1967-1998. Soneinndelingen"</ExternalDocument>
        <ExternalDocument xml:lang="en">Notater 2002/65 "Arbeidsgiveravgiften - Soneinndelingens utvikling. Endringer i perioden 1998-2002" og Notater 98/10 "Arbeidsgiveravgiften 1967-1998. Soneinndelingen"</ExternalDocument>
      </ExternalDocumentGrp>
      <ChangesGrp>
        <Change xml:lang="nn">Arbeidsgjevarar i sone 2-4 betaler framleis avgift etter vanleg sats. Dersom føretaket har oppnådd ein fordel tilsvarande fribeløpet på 270 000 kroner, må føretaket betale avgift etter overgangssatsar.Overgangsordninga inneber at avgiftssatsen i 2006 vart auka med 1,9 prosentpoeng i sone 3 og 2,2 prosentpoeng i sone 4.Særreglar for mellom anna landbruk og fiske, sjå dokumentet som standarden er basert på. For informasjon om transportføretak, vises det til same dokument. Det gjelder framleis ikkje noko fribeløp for føretak som driv transportverksemd. Den ekstra arbeidsgjevaravgifta, "kakseskatten", fell bort frå 1. januar 2006. "Kakseskatt" måtte betalast på den del av avgiftspliktige ytingar frå same arbeidsgjevar som for den enkelte mottakar overstig 16 gangar folketrygda sitt gjennomsnittlege grunnbeløp.</Change>
        <Change xml:lang="nb">Arbeidsgivere i sone 2-4 betaler fremdeles avgift etter vanlig sats. Dersom foretaket har oppnådd en fordel tilsvarende fribeløpet på 270 000 kroner, må foretaket betale avgift etter overgangssatser.Overgangsordningen innebærer at avgiftssatsen i 2006 ble økt med 1,9 prosentpoeng i sone 3 og 2,2 prosentpoeng i sone 4.Særregler for blant annet landbruk og fiske, se dokumentet som standarden er basert på. For informasjon om transportforetak, vises det til samme dokument. Det gjelder fremdeles ikke noe fribeløp for foretak som driver transportvirksomhet.	 Den ekstra arbeidsgiveravgifta, "kakseskatten", bortfalt fra 1. januar 2006. "Kakseskatt" måtte betales på den del av avgiftspliktige ytelser fra samme arbeidsgiver som for den enkelte mottaker overstiger 16 ganger folketrygda sitt gjennomsnittlige grunnbeløp.</Change>
        <Change xml:lang="en">A gradually escalation of the Employer's contribution to the National Insurance is passed by an act of parliament. This implies that the rate increases once a year by 1.9 per cent in zone 3 and 2.2 per cent in zone 4, except from in 2007 when rate in zone 3 will increase with 2 per cent and rate in zone 4 with 2.4 per cent. Tax-free allowance: The tax-free allowance for the differentiated Employer's contribution to the National Insurance is NOK 270.000 in 2006. This means that employers in the zones 2-4 is still paying the today's rate until the difference between what the concern really pays and what the concern should have paid with full rate is the same as the tax-free allowance. Most enterprises in Norway will not exceed their exemption limit, and can thus use the ordinary rates. Additional employer¿s contributions ceased to exist from 1. January 2006. Additional employer¿s contributions became payable when the pay of an individual recipient whose pay was liable for contributions exceeded 16 times the National Insurance basic amount.</Change>
      </ChangesGrp>
      <DerivedFromGrp>
        <DerviedFrom xml:lang="nn">http://www.skatteetaten.no/upload/PDFer/SKD-meldinger/SKD_03-06.pdf</DerviedFrom>
        <DerviedFrom xml:lang="nb">http://www.skatteetaten.no/upload/PDFer/SKD-meldinger/SKD_03-06.pdf</DerviedFrom>
        <DerviedFrom xml:lang="en">http://www.skatteetaten.no/upload/PDFer/SKD-meldinger/SKD_03-06.pdf</DerviedFrom>
      </DerivedFromGrp>
      <LegalBaseGrp>
        <LegalBase xml:lang="nn">Ikkje relevant</LegalBase>
        <LegalBase xml:lang="nb">Ikke relevant</LegalBase>
        <LegalBase xml:lang="en">Not relevant</LegalBase>
      </LegalBaseGrp>
      <Level levelNumber="1" id="urn:ssb:classlevel:stabas:4450105" codeStructure="9">
        <TitleGrp>
          <Title xml:lang="nn">Arbeidsgivaravgiftssonar 2006: Sone</Title>
          <Title xml:lang="nb">Arbeidsgiveravgiftssoner 2006: Sone</Title>
          <Title xml:lang="en">Zones of employer's contribution to the National Insurance 2006: Zone</Title>
        </TitleGrp>
        <CodelistReference>urn:ssb:codelist:stabas:4450105</CodelistReference>
        <Level levelNumber="2" id="urn:ssb:classlevel:stabas:4450107" codeStructure="9.9">
          <TitleGrp>
            <Title xml:lang="nn">Arbeidsgivaravgiftssonar 2006: Vanleg/overgang</Title>
            <Title xml:lang="nb">Arbeidsgiveravgiftssoner 2006: Vanlig/overgang</Title>
            <Title xml:lang="en">Zones of employer's contribution to the National Insurance 2006: Ordinary/transitional rate</Title>
          </TitleGrp>
          <CodelistReference>urn:ssb:codelist:stabas:4450107</CodelistReference>
          <Level levelNumber="3" id="urn:ssb:classlevel:stabas:4450109" codeStructure="9.99">
            <TitleGrp>
              <Title xml:lang="nn">Arbeidsgivaravgiftssonar 2006: Alder</Title>
              <Title xml:lang="nb">Arbeidsgiveravgiftssoner 2006: Alder</Title>
              <Title xml:lang="en">Zones of employer's contribution to the National Insurance 2006: Age</Title>
            </TitleGrp>
            <CodelistReference>urn:ssb:codelist:stabas:4450109</CodelistReference>
            <Level levelNumber="4" id="urn:ssb:classlevel:stabas:4450111" codeStructure="9.999">
              <TitleGrp>
                <Title xml:lang="nn">Arbeidsgivaravgiftssonar 2006: Avgiftssats</Title>
                <Title xml:lang="nb">Arbeidsgiveravgiftssoner 2006: Avgiftssats</Title>
                <Title xml:lang="en">Zones of employer's contribution to the National Insurance 2006: Rate</Title>
              </TitleGrp>
              <CodelistReference>urn:ssb:codelist:stabas:4450111</CodelistReference>
            </Level>
          </Level>
        </Level>
      </Level>
    </ClassificationVersion>
    <ClassificationVersion id="urn:ssb:classversion:stabas:4104101" isCurrentVersion="false" validFrom="2005-01-01" validTo="2005-12-31" isUnderConstruction="false" updatesPossible="false" disseminationAllowed="true" lastChangedDate="2011-08-29" showIntranet="true" showInternet="true">
      <TitleGrp>
        <Title xml:lang="nn">Arbeidsgivaravgiftssoner 2005</Title>
        <Title xml:lang="nb">Arbeidsgiveravgiftssoner 2005</Title>
        <Title xml:lang="en">Zones of employer's contribution to the National Insurance 2005</Title>
      </TitleGrp>
      <DescriptionGrp>
        <Description xml:lang="nn">Soneinndeling for arbeidsgivaravgifta. Presenterer kommunanes sonetilhøring og avgiftssatsane tilhørande dei ulike sonene.</Description>
        <Description xml:lang="nb">Arbeidsgiveravgiftens soneinndeling. Presenterer kommunenes sonetilhørighet og avgiftssatsene tilhørende de ulike sonene.</Description>
        <Description xml:lang="en">Classification of zones of employer's contribution to the National Insurance. Presentation of zones and the municipalities belonging to the different zones.</Description>
      </DescriptionGrp>
      <IntroductionGrp />
      <ContactInformation>
        <Person xmlns="http://www.ssb.no/ns/meta/common">tha</Person>
        <Division xmlns="http://www.ssb.no/ns/meta/common">225</Division>
      </ContactInformation>
      <ExternalDocumentGrp>
        <ExternalDocument xml:lang="nn">Notat 2002/65 "Arbeidsgiveravgiften - Soneinndelingens utvikling. Endringer i perioden 1998-2002" og Notater 98/10 "Arbeidsgiveravgiften 1967-1998. Soneinndelingen"</ExternalDocument>
        <ExternalDocument xml:lang="nb">Notater 2002/65 "Arbeidsgiveravgiften - Soneinndelingens utvikling. Endringer i perioden 1998-2002" og Notater 98/10 "Arbeidsgiveravgiften 1967-1998. Soneinndelingen"</ExternalDocument>
        <ExternalDocument xml:lang="en">Notater 2002/65 "Arbeidsgiveravgiften - Soneinndelingens utvikling. Endringer i perioden 1998-2002" og Notater 98/10 "Arbeidsgiveravgiften 1967-1998. Soneinndelingen" </ExternalDocument>
      </ExternalDocumentGrp>
      <ChangesGrp>
        <Change xml:lang="nn">Ei gradvis opptrapping av avgiften vart vedteke av Stortinget, jf. B.innst.S.nr.1 (2003-2004). Dette inneber ei overgangsordning for arbeidsgivaravgifta, kor satsen aukar årleg med 1,9 prosentpoeng i sone 3 og 2,2 prosentpoeng i sone 4. Arbeidsgivare i sonene 2-4 betaler avgift etter vanleg sats inntil differansen mellom det foretaket faktisk betaler i avgift og det foretaket ville ha betalt i avgift ved full sats på 14,1 prosent er lik fribeløpet på 270 000 kroner i 2005.</Change>
        <Change xml:lang="nb">En gradvis opptrapping av avgiften ble vedtatt av Stortinget, jf. B.innst.S.nr.1 (2003-2004). Dette innebærer en overgangsordning for arbeidsgiveravgiften, hvor satsen økes årlig med 1,9 prosentpoeng i sone 3 og 2,2 prosentpoeng i sone 4. Arbeidsgivere i sonene 2-4 betaler avgift etter vanlig sats inntil differansen mellom det foretaket faktisk betaler i avgift og det foretaket ville ha betalt i avgift ved en full sats på 14,1 prosent er lik fribeløpet på 270 000 kroner i 2005.</Change>
        <Change xml:lang="en">A gradually escalation of the Employer's contribution to the National Insurance is passed by an act of parliament. This implies that the rate increases once a year by 1.9 per cent in zone 3 and 2.2 per cent in zone 4. The transition arrangement implies that private and municipal concerns in zone 2 and 4 will not be fully compensated by the tax-free allowance.</Change>
      </ChangesGrp>
      <LegalBaseGrp>
        <LegalBase xml:lang="nn">Ikkje relevant</LegalBase>
        <LegalBase xml:lang="nb">Ikke relevant</LegalBase>
        <LegalBase xml:lang="en">Not relevant</LegalBase>
      </LegalBaseGrp>
      <Level levelNumber="1" id="urn:ssb:classlevel:stabas:4106103" codeStructure="9">
        <TitleGrp>
          <Title xml:lang="nn">Arbeidsgivaravgiftssoner 2005: Sone </Title>
          <Title xml:lang="nb">Arbeidsgiveravgiftssoner 2005: Sone</Title>
          <Title xml:lang="en">Zones of employer's contribution to the National Insurance 2005: Zone</Title>
        </TitleGrp>
        <CodelistReference>urn:ssb:codelist:stabas:4106103</CodelistReference>
        <Level levelNumber="2" id="urn:ssb:classlevel:stabas:4106101" codeStructure="9.9">
          <TitleGrp>
            <Title xml:lang="nn">Arbeidsgivaravgiftssoner 2005: Vanleg/overgang</Title>
            <Title xml:lang="nb">Arbeidsgiveravgiftssoner 2005: Vanlig/overgang</Title>
            <Title xml:lang="en">Zones of employer's contribution to the National Insurance 2005: Ordinary/transitional rate</Title>
          </TitleGrp>
          <CodelistReference>urn:ssb:codelist:stabas:4106101</CodelistReference>
          <Level levelNumber="3" id="urn:ssb:classlevel:stabas:4106105" codeStructure="9.99">
            <TitleGrp>
              <Title xml:lang="nn">Arbeidsgivaravgiftssoner 2005: Alder </Title>
              <Title xml:lang="nb">Arbeidsgiveravgiftssoner 2005: Alder</Title>
              <Title xml:lang="en">Zones of employer's contribution to the National Insurance 2005: Age</Title>
            </TitleGrp>
            <CodelistReference>urn:ssb:codelist:stabas:4106105</CodelistReference>
            <Level levelNumber="4" id="urn:ssb:classlevel:stabas:4106107" codeStructure="9.999">
              <TitleGrp>
                <Title xml:lang="nn">Arbeidsgivaravgiftssoner 2005: Avgiftssats </Title>
                <Title xml:lang="nb">Arbeidsgiveravgiftssoner 2005: Avgiftssats</Title>
                <Title xml:lang="en">Zones of employer's contribution to the National Insurance 2005: Rate</Title>
              </TitleGrp>
              <CodelistReference>urn:ssb:codelist:stabas:4106107</CodelistReference>
            </Level>
          </Level>
        </Level>
      </Level>
    </ClassificationVersion>
    <ClassificationVersion id="urn:ssb:classversion:stabas:3202101" isCurrentVersion="false" validFrom="2004-01-01" validTo="2004-12-31" isUnderConstruction="false" updatesPossible="false" disseminationAllowed="true" lastChangedDate="2008-10-03" showIntranet="true" showInternet="true">
      <TitleGrp>
        <Title xml:lang="nn">Arbeidsgivaravgiftsone 2004</Title>
        <Title xml:lang="nb">Arbeidsgiveravgiftssoner 2004</Title>
        <Title xml:lang="en">Zones of employer's contribution to the National Insurance 2004</Title>
      </TitleGrp>
      <DescriptionGrp>
        <Description xml:lang="nn">Arbeidsgivaravgiftas soneinndeling. Presenterer kommunanes sonetilhøring og avgiftssatsane tilhørande dei ulike sonene.</Description>
        <Description xml:lang="nb">Arbeidsgiveravgiftens sonein
ndeling. Presenterer kommunenes sonetilhørighet og avgiftssatsene tilhørende de ulike sonene.</Description>
        <Description xml:lang="en">Classification of zones of employer's contribution to the National Insurance 2004. Presentation of zones and the municipalities belonging to the different zones.</Description>
      </DescriptionGrp>
      <IntroductionGrp />
      <ContactInformation>
        <Person xmlns="http://www.ssb.no/ns/meta/common">tha</Person>
        <Division xmlns="http://www.ssb.no/ns/meta/common">225</Division>
      </ContactInformation>
      <ExternalDocumentGrp>
        <ExternalDocument xml:lang="nn">Notater 2002/65 "Arbeidsgiveravgiften - Soneinndelingens utvikling. Endringer i perioden 1998-2002" og Notater 98/10 "Arbeidsgiveravgiften 1967-1998. Soneinndelingen"</ExternalDocument>
        <ExternalDocument xml:lang="nb">Notater 2002/65 "Arbeidsgiveravgiften - Soneinndelingens utvikling. Endringer i perioden 1998-2002" og Notater 98/10 "Arbeidsgiveravgiften 1967-1998. Soneinndelingen"</ExternalDocument>
        <ExternalDocument xml:lang="en">Notater 2002/65 "Arbeidsgiveravgiften - Soneinndelingens utvikling. Endringer i perioden 1998-2002" og Notater 98/10 "Arbeidsgiveravgiften 1967-1998. Soneinndelingen"</ExternalDocument>
      </ExternalDocumentGrp>
      <ChangesGrp>
        <Change xml:lang="nn">Innføring av overgangssats i 2004:

Ei gradvis opptrapping av avgifta vart vedteke av Stortinget, jf. B.innst.S.nr. 1 (2003-2004). Dette inneber at arbeidsgivaravgiftssatsen aukar årleg med 1,9 prosentpoeng i sone 3. For sone 4 går satsen årleg opp med 2,2 prosentpoeng. (I 2007 vil satsane i sonene 3 og 4 auke med høvesvis 2 og 2,4 prosentpoeng). Overgangsordninga inneber at private og kommunale verksemder i sonene 3 og 4 ikkje blir kompensert fullt ut av fribeløpet.

Fribeløp: I 2004 er fribeløpet for differensiert arbeidsgivaravgift 270.000 kroner pr. føretak. Dette inneber at arbeidsgivarar i sonene 2-4 framleis betaler dagens arbeidsgivaravgiftssats inntil differansen mellom det føretaket faktisk betaler i avgift og det føretaket ville ha betalt i avgift ved ein full sats på 14,1 prosent, er lik fribeløpet.</Change>
        <Change xml:lang="nb">Innføring av overgangssats i 2004:

En gradvis opptrapping av avgiften ble vedtatt av Stortinget, jf. B.innst.S.nr.1 (2003-2004). Dette innebærer at arbeidsgiveravgiftssatsen økes årlig med 1,9 prosentpoeng i sone 3. For sone 4 økes satsen årlig med 2,2 prosentpoeng. (I 2007 vil satsene i sone 3 og 4 øke med hhv. 2 og 2,4 prosentpoeng). Overgangsordningen vil ha betydning for private og kommunale virksomheter i sonene 3 og 4 som ikke blir kompensert fullt ut av fribeløpet. 

Fribeløp: I 2004 er fribeløpet for differensiert arbeidsgiveravgift 270.000 kroner pr. foretak. Dvs. at arbeidsgivere i sonene 2-4 fortsatt betaler dagens arbeidsgiveravgiftssats inntil differansen mellom det foretaket faktisk betaler i avgift og det foretaket ville ha betalt i avgift ved en full sats på 14,1 prosent, er lik fribeløpet. </Change>
        <Change xml:lang="en">A gradually escalation of the Employer's contribution to the National Insurance is passed by an act of parliament. This implies that the rate increases once a year by 1.9 per cent in zone 3 and 2.2 per cent in zone 4. The transition arrangement implies that private and municipal concerns in zone 2 and 4 will not be fully compensated by the tax-free allowance.

Tax-free allowance: The tax-free allowance for the differentiated Employer's contribution to the National Insurance is NOK 270.000 in 2004. This means that employers in the zones 2-4 is still paying the today's rate until the difference between what the concern really pays and what the concern should have paid with full rate (14.9 per cent) is the same as the tax-free allowance. </Change>
      </ChangesGrp>
      <LegalBaseGrp>
        <LegalBase xml:lang="nn">Ikkje relevant</LegalBase>
        <LegalBase xml:lang="nb">Ikke relevant</LegalBase>
        <LegalBase xml:lang="en">Not relevant</LegalBase>
      </LegalBaseGrp>
      <Level levelNumber="1" id="urn:ssb:classlevel:stabas:3202103" codeStructure="9">
        <TitleGrp>
          <Title xml:lang="nn">Arbeidsgivaravgiftsone 2004: Soner</Title>
          <Title xml:lang="nb">Arbeidsgiveravgiftssoner 2004: Soner</Title>
          <Title xml:lang="en">Zones of employer's contribution to the National Insurance 2004: Zones</Title>
        </TitleGrp>
        <CodelistReference>urn:ssb:codelist:stabas:3202103</CodelistReference>
        <Level levelNumber="2" id="urn:ssb:classlevel:stabas:3202105" codeStructure="9.9">
          <TitleGrp>
            <Title xml:lang="nn">Arbeidsgivaravgiftsone 2004: Vanleg/overgang</Title>
            <Title xml:lang="nb">Arbeidsgiveravgiftssoner 2004: Vanlig/overgang</Title>
            <Title xml:lang="en">Zones of employer's contribution to the National Insurance 2004: Ordinary/transitional rate</Title>
          </TitleGrp>
          <CodelistReference>urn:ssb:codelist:stabas:3202105</CodelistReference>
          <Level levelNumber="3" id="urn:ssb:classlevel:stabas:3202107" codeStructure="9.99">
            <TitleGrp>
              <Title xml:lang="nn">Arbeidsgivaravgiftsone 2004: Alder</Title>
              <Title xml:lang="nb">Arbeidsgiveravgiftssoner 2004: Alder</Title>
              <Title xml:lang="en">Zones of employer's contribution to the National Insurance 2004: Age</Title>
            </TitleGrp>
            <CodelistReference>urn:ssb:codelist:stabas:3202107</CodelistReference>
            <Level levelNumber="4" id="urn:ssb:classlevel:stabas:3202109" codeStructure="9.999">
              <TitleGrp>
                <Title xml:lang="nn">Arbeidsgivaravgiftsone 2004: Avgiftsatsar</Title>
                <Title xml:lang="nb">Arbeidsgiveravgiftssoner 2004: Avgiftsatser</Title>
                <Title xml:lang="en">Zones of employer's contribution to the National Insurance 2004: Taxation rates</Title>
              </TitleGrp>
              <CodelistReference>urn:ssb:codelist:stabas:3202109</CodelistReference>
            </Level>
          </Level>
        </Level>
      </Level>
    </ClassificationVersion>
    <ClassificationVersion id="urn:ssb:classversion:stabas:1474383" isCurrentVersion="false" validFrom="2003-01-01" validTo="2003-12-31" isUnderConstruction="false" updatesPossible="true" disseminationAllowed="true" lastChangedDate="2009-03-07" showIntranet="true" showInternet="true">
      <TitleGrp>
        <Title xml:lang="nn">Arbeidsgivaravgiftsone 2003</Title>
        <Title xml:lang="nb">Arbeidsgiveravgiftssoner 2003</Title>
        <Title xml:lang="en">Zones of employer's contribution to the National Insurance 2003</Title>
      </TitleGrp>
      <DescriptionGrp>
        <Description xml:lang="nn">Arbeidsgivaravgiftas soneinndeling. Presenterer kommunanes sonetilhøring og avgiftssatsane tilhørande dei ulike sonene.</Description>
        <Description xml:lang="nb">Arbeidsgiveravgiftens soneinndeling. Presenterer kommunenes sonetilhørighet og avgiftssatsene tilhørende de ulike sonene.</Description>
        <Description xml:lang="en">Presentation of zones of employer¿s contributions to the National Insurance and the municipalities belonging to the different zones.</Description>
      </DescriptionGrp>
      <IntroductionGrp>
        <Indtroduction xml:lang="nn">Ikkje relevant</Indtroduction>
        <Indtroduction xml:lang="nb">Ikke relevant</Indtroduction>
        <Indtroduction xml:lang="en">Not relevant</Indtroduction>
      </IntroductionGrp>
      <ContactInformation>
        <Person xmlns="http://www.ssb.no/ns/meta/common">tha</Person>
        <Division xmlns="http://www.ssb.no/ns/meta/common">225</Division>
      </ContactInformation>
      <ExternalDocumentGrp>
        <ExternalDocument xml:lang="nn">Notater 2002/65 "Arbeidsgiveravgiften - Soneinndelingens utvikling. Endringer i perioden 1998-2002" og Notater 98/10 "Arbeidsgiveravgiften 1967-1998. Soneinndelingen"</ExternalDocument>
        <ExternalDocument xml:lang="nb">Notater 2002/65 "Arbeidsgiveravgiften - Soneinndelingens utvikling. Endringer i perioden 1998-2002" og Notater 98/10 "Arbeidsgiveravgiften 1967-1998. Soneinndelingen"</ExternalDocument>
        <ExternalDocument xml:lang="en">Notater 2002/65 "Arbeidsgiveravgiften - Soneinndelingens utvikling. Endringer i perioden 1998-2002" and Notater 98/10 "Arbeidsgiveravgiften 1967-1998. Soneinndelingen"</ExternalDocument>
      </ExternalDocumentGrp>
      <ChangesGrp>
        <Change xml:lang="nn">Frå 1. juli 2002 vart det innført eigne satsar for arbeidstakarar som er fylt 62 år og som er
skattepliktige etter skattelovens §3-1:

01.07.2002 Skifta kommunen 0701 Borre navn til Horten (avgiftssone 1).</Change>
        <Change xml:lang="nb">Fra 1. juli 2002 ble det innført egne satser for arbeidstakere som er fylt 62 år og som er
skattepliktige etter skattelovens §3-1

01.07.2002 Skiftet kommunen 0701 Borre navn til Horten (avgiftssone 1).</Change>
        <Change xml:lang="en">01.07.2002 new rates were introduced for employees who are 62 years and older and who are obligated to pay taxes by the Norwegian Tax Act §3-1: 

01.07.2002: 0701 Borre changed it's named to Horten (zone 1).</Change>
      </ChangesGrp>
      <DerivedFromGrp>
        <DerviedFrom xml:lang="nn">Ikkje relevant</DerviedFrom>
        <DerviedFrom xml:lang="nb">Ikke relevant</DerviedFrom>
        <DerviedFrom xml:lang="en">Not relevant</DerviedFrom>
      </DerivedFromGrp>
      <LegalBaseGrp>
        <LegalBase xml:lang="nn">Ikkje relevant</LegalBase>
        <LegalBase xml:lang="nb">Ikke relevant</LegalBase>
        <LegalBase xml:lang="en">Not relevant</LegalBase>
      </LegalBaseGrp>
      <Level levelNumber="1" id="urn:ssb:classlevel:stabas:1474390" codeStructure="9">
        <TitleGrp>
          <Title xml:lang="nn">Arbeidsgivaravgiftsone 2003: Arbeidsgivaravgiftsone</Title>
          <Title xml:lang="nb">Arbeidsgiveravgiftssoner 2003: Soner</Title>
          <Title xml:lang="en">Zones of employer's contribution to the National Insurance 2003: Zones of employers contribution to the National Insurance</Title>
        </TitleGrp>
        <CodelistReference>urn:ssb:codelist:stabas:1474390</CodelistReference>
        <Level levelNumber="2" id="urn:ssb:classlevel:stabas:3220375">
          <TitleGrp>
            <Title xml:lang="nn">Arbeidsgivaravgiftsone 2003: Alder</Title>
            <Title xml:lang="nb">Arbeidsgiveravgiftssoner 2003: Alder</Title>
            <Title xml:lang="en">Zones of employer's contribution to the National Insurance 2003: Age</Title>
          </TitleGrp>
          <CodelistReference>urn:ssb:codelist:stabas:3220375</CodelistReference>
          <Level levelNumber="3" id="urn:ssb:classlevel:stabas:3220377">
            <TitleGrp>
              <Title xml:lang="nn">Arbeidsgivaravgiftsone 2003: Avgiftsatsar</Title>
              <Title xml:lang="nb">Arbeidsgiveravgiftssoner 2003: Avgiftsatser</Title>
              <Title xml:lang="en">Zones of employer's contribution to the National Insurance 2003: Rates</Title>
            </TitleGrp>
            <CodelistReference>urn:ssb:codelist:stabas:3220377</CodelistReference>
          </Level>
        </Level>
      </Level>
    </ClassificationVersion>
    <ClassificationVersion id="urn:ssb:classversion:stabas:670102" isCurrentVersion="false" validFrom="2002-01-01" validTo="2002-12-31" isUnderConstruction="false" updatesPossible="false" disseminationAllowed="true" lastChangedDate="2008-10-03" showIntranet="true" showInternet="true">
      <TitleGrp>
        <Title xml:lang="nn">Arbeidsgivaravgiftsone 2002</Title>
        <Title xml:lang="nb">Arbeidsgiveravgiftssoner 2002</Title>
        <Title xml:lang="en">Zones of employer's contribution to the National Insurance 2002</Title>
      </TitleGrp>
      <DescriptionGrp>
        <Description xml:lang="nn">Arbeidsgivaravgiftas soneinndeling. Presenterer kommunanes sonetilhøring og avgiftssatsane tilhørande dei ulike sonene.</Description>
        <Description xml:lang="nb">Arbeidsgiveravgiftens soneinndeling. Presenterer kommunenes sonetilhørighet og avgiftssatsene tilhørende de ulike sonene.</Description>
        <Description xml:lang="en">Presentation of zones of employer¿s contributions to the National Insurance and the municipalities belonging to the different zones.</Description>
      </DescriptionGrp>
      <IntroductionGrp>
        <Indtroduction xml:lang="nn">Ikkje relevant</Indtroduction>
        <Indtroduction xml:lang="nb">Ikke relevant</Indtroduction>
        <Indtroduction xml:lang="en">Not relevant</Indtroduction>
      </IntroductionGrp>
      <ContactInformation>
        <Person xmlns="http://www.ssb.no/ns/meta/common">tha</Person>
        <Division xmlns="http://www.ssb.no/ns/meta/common">225</Division>
      </ContactInformation>
      <ExternalDocumentGrp>
        <ExternalDocument xml:lang="nn">Notater 2002/65 "Arbeidsgiveravgiften - Soneinndelingens utvikling. Endringer i perioden 1998-2002" og Notater 98/10 "Arbeidsgiveravgiften 1967-1998. Soneinndelingen"</ExternalDocument>
        <ExternalDocument xml:lang="nb">Notater 2002/65 "Arbeidsgiveravgiften - Soneinndelingens utvikling. Endringer i perioden 1998-2002" og Notater 98/10 "Arbeidsgiveravgiften 1967-1998. Soneinndelingen"</ExternalDocument>
        <ExternalDocument xml:lang="en">Notater 2002/65 "Arbeidsgiveravgiften - Soneinndelingens utvikling. Endringer i perioden 1998-2002" and Notater 98/10 "Arbeidsgiveravgiften 1967-1998. Soneinndelingen"</ExternalDocument>
      </ExternalDocumentGrp>
      <ChangesGrp>
        <Change xml:lang="nn">Frå 01.07.2002 vart det innført eigne satsar for arbeidstakarar som er fylt 62 år og som er skattepliktige etter skattelovens §3-1: 

Frå 01.01.2002 vart kommunane 0716 Våle og 0718 Ramnes slått saman til kommune 0716 Re (tilhørande sone 1). Ølen kommune vart overført frå Hordaland til Rogaland. Nytt kommunenummer vart 1159 (avgiftssone 2).</Change>
        <Change xml:lang="nb">Fra 01.07.2002 ble det innført egne satser for arbeidstakere som er fylt 62 år og som er skattepliktige etter skattelovens §3-1: 

Fra 01.01.2002 ble kommunene 0716 Våle og 0718 Ramnes slått sammen til kommune 0716 Re (tilhørende sone 1). Ølen kommune ble overført fra Hordaland til Rogaland. Nytt kommunenummer ble 1159 (avgiftssone 2).</Change>
        <Change xml:lang="en">01.07.2002 new rates were introduced for employees who are 62 years and older and who are obligated to pay taxes by the Norwegian Tax Act §3-1: 

01.01.2002: 0716 Våle and 0718 Ramnes were merged to one municipality: 0716 Re (zone 1). 

1259 Ølen was transfered from Hordaland to Rogaland. New municipality number: 1159 (zone 2).</Change>
      </ChangesGrp>
      <DerivedFromGrp>
        <DerviedFrom xml:lang="nn">Ikkje relevant</DerviedFrom>
        <DerviedFrom xml:lang="nb">Ikke relevant</DerviedFrom>
        <DerviedFrom xml:lang="en">Not relevant</DerviedFrom>
      </DerivedFromGrp>
      <LegalBaseGrp>
        <LegalBase xml:lang="nn">Ikkje relevant</LegalBase>
        <LegalBase xml:lang="nb">Ikke relevant</LegalBase>
        <LegalBase xml:lang="en">Not relevant</LegalBase>
      </LegalBaseGrp>
      <Level levelNumber="1" id="urn:ssb:classlevel:stabas:670109" codeStructure="9">
        <TitleGrp>
          <Title xml:lang="nn">Arbeidsgivaravgiftsone 2002: Arbeidsgivaravgiftsone</Title>
          <Title xml:lang="nb">Arbeidsgiveravgiftssoner 2002: Arbeidsgiveravgiftsoner</Title>
          <Title xml:lang="en">Zones of employer's contribution to the National Insurance 2002: Classification of zones of employer's contribution to the National Insurance 2002</Title>
        </TitleGrp>
        <CodelistReference>urn:ssb:codelist:stabas:670109</CodelistReference>
      </Level>
    </ClassificationVersion>
  </ClassificationVersions>
</Classification>