<?xml version="1.0" encoding="utf-8"?>
<Classification xmlns:xsi="http://www.w3.org/2001/XMLSchema-instance" xmlns:xsd="http://www.w3.org/2001/XMLSchema" id="urn:ssb:classification:stabas:670139" currentVersionId="urn:ssb:classversion:stabas:4110101" xmlns="http://www.ssb.no/ns/meta/classification">
  <TitleGrp>
    <Title xml:lang="nn">Standard for busetjingstettleik</Title>
    <Title xml:lang="nb">Standard for bosettingstetthet</Title>
    <Title xml:lang="en">Classification of population density</Title>
  </TitleGrp>
  <DescriptionGrp>
    <Description xml:lang="nn">Busetjingstettleik i kommunen som heilskap, tufta på prosent av befolkninga som bur i tettbygde strok. Utgjer eit ledd i den treledda grunnkoden i Standard for kommuneklassifisering.</Description>
    <Description xml:lang="nb">Bosettingstetthet i kommunen som helhet, basert på prosent av befolkningen som bor i tettbygde strøk. Utgjør et ledd i den treleddete grunnkoden i Standard for kommuneklassifisering.</Description>
    <Description xml:lang="en">Population density is measured in terms of the percentage of the population that in the municipality concerned reside in densely populated areas.One of the three criteria in the Standard Classification of Municipalities.</Description>
  </DescriptionGrp>
  <StatisticalUnitGrp>
    <StatisticalUnit xml:lang="nn">Regionale eininger</StatisticalUnit>
    <StatisticalUnit xml:lang="nb">Regionale enheter</StatisticalUnit>
    <StatisticalUnit xml:lang="en">Regional units</StatisticalUnit>
  </StatisticalUnitGrp>
  <OwnerGrp>
    <Owner xml:lang="nn">Statistisk sentralbyrå (SSB)</Owner>
    <Owner xml:lang="nb">Statistisk sentralbyrå (SSB)</Owner>
    <Owner xml:lang="en">Statistics Norway (SSB)</Owner>
  </OwnerGrp>
  <SubjectArea>00</SubjectArea>
  <ClassificationVersions>
    <ClassificationVersion id="urn:ssb:classversion:stabas:4110101" isCurrentVersion="true" validFrom="1994-10-27" isUnderConstruction="false" updatesPossible="false" disseminationAllowed="true" lastChangedDate="2007-05-30" showIntranet="true" showInternet="true">
      <TitleGrp>
        <Title xml:lang="nn">Busetjingstettleik 1994</Title>
        <Title xml:lang="nb">Bosettingstetthet 1994</Title>
        <Title xml:lang="en">Population density  1994</Title>
      </TitleGrp>
      <DescriptionGrp>
        <Description xml:lang="nn">Busetjingstettleik i kommunen som heilskap, tufta på prosent av befolkninga som bur i tettbygde strok. Utgjer eit ledd i den treledda grunnkoden i Standard for kommuneklassifisering.</Description>
        <Description xml:lang="nb">Bosettingstetthet i kommunen som helhet, basert på prosent av befolkningen som bor i tettbygde strøk. Utgjør et ledd i den treleddete grunnkoden i Standard for kommuneklassifisering.</Description>
        <Description xml:lang="en">Population density is measured in terms of the percentage of the population that in the municipality concerned reside in densely populated areas.One of the three criteria in the Standard Classification of Municipalities.</Description>
      </DescriptionGrp>
      <IntroductionGrp>
        <Indtroduction xml:lang="nn">Ikkje relevant</Indtroduction>
        <Indtroduction xml:lang="nb">Ikke relevant</Indtroduction>
        <Indtroduction xml:lang="en">Not relevant</Indtroduction>
      </IntroductionGrp>
      <ContactInformation>
        <Person xmlns="http://www.ssb.no/ns/meta/common">hhe</Person>
        <Division xmlns="http://www.ssb.no/ns/meta/common">320</Division>
      </ContactInformation>
      <ExternalDocumentGrp>
        <ExternalDocument xml:lang="nn">NOS-publikasjonane (C 513) "Regionale inndelinger" og (C 192) "Standard for kommuneklassifisering 1994"</ExternalDocument>
        <ExternalDocument xml:lang="nb">NOS-publikasjonene (C 513) "Regionale inndelinger" og (C 192) "Standard for kommuneklassifisering 1994"</ExternalDocument>
        <ExternalDocument xml:lang="en">The NOS-publications (C 513) "Regionale inndelinger"(Regional Classifications) and (C 192) "Standard for kommuneklassifisering 1994"(Standard Classification of Municipalities 1994)</ExternalDocument>
      </ExternalDocumentGrp>
      <ChangesGrp>
        <Change xml:lang="nn">Ikkje relevant</Change>
        <Change xml:lang="nb">Ikke relevant</Change>
        <Change xml:lang="en">Not relevant</Change>
      </ChangesGrp>
      <DerivedFromGrp>
        <DerviedFrom xml:lang="nn">Ikkje relevant</DerviedFrom>
        <DerviedFrom xml:lang="nb">Ikke relevant</DerviedFrom>
        <DerviedFrom xml:lang="en">Not relevant</DerviedFrom>
      </DerivedFromGrp>
      <LegalBaseGrp>
        <LegalBase xml:lang="nn">Ikkje relevant</LegalBase>
        <LegalBase xml:lang="nb">Ikke relevant</LegalBase>
        <LegalBase xml:lang="en">Not relevant</LegalBase>
      </LegalBaseGrp>
      <Level levelNumber="1" id="urn:ssb:classlevel:stabas:4110105" codeStructure="9">
        <TitleGrp>
          <Title xml:lang="nn">Busetjingstettleik 1994: Busetjingstettleik</Title>
          <Title xml:lang="nb">Bosettingstetthet 1994: Bosettingstetthet</Title>
          <Title xml:lang="en">Population density  1994: Population density</Title>
        </TitleGrp>
        <CodelistReference>urn:ssb:codelist:stabas:4110105</CodelistReference>
      </Level>
    </ClassificationVersion>
  </ClassificationVersions>
</Classification>