<?xml version="1.0" encoding="utf-8"?>
<Classification xmlns:xsi="http://www.w3.org/2001/XMLSchema-instance" xmlns:xsd="http://www.w3.org/2001/XMLSchema" id="urn:ssb:classification:stabas:670302" currentVersionId="urn:ssb:classversion:stabas:2954101" xmlns="http://www.ssb.no/ns/meta/classification">
  <TitleGrp>
    <Title xml:lang="nn">Standard for bydelsinndeling</Title>
    <Title xml:lang="nb">Standard for bydelsinndeling</Title>
    <Title xml:lang="en">Classification of urban district</Title>
  </TitleGrp>
  <DescriptionGrp>
    <Description xml:lang="nn">Bydel utgjer geografiske områder i ein kommune. I norsk offisiell statistikk er nemninga bydel knytt til dei fire største kommunane Oslo, Bergen, Trondheim og Stavanger.</Description>
    <Description xml:lang="nb">Bydel utgjør geografiske områder i en kommune. I norsk offisiell statistikk er benevningen bydel knyttet til de fire største kommunene Oslo, Bergen, Trondheim og Stavanger.</Description>
    <Description xml:lang="en">Urban districts constitute geographical areas in a municipality. In Norwegian official statistics the term urban district is related to the four largest municipalities Oslo, Bergen, Trondheim and Stavanger.</Description>
  </DescriptionGrp>
  <StatisticalUnitGrp>
    <StatisticalUnit xml:lang="nn">Regionale eininger</StatisticalUnit>
    <StatisticalUnit xml:lang="nb">Regionale enheter</StatisticalUnit>
    <StatisticalUnit xml:lang="en">Regional units</StatisticalUnit>
  </StatisticalUnitGrp>
  <OwnerGrp>
    <Owner xml:lang="nn">Statistisk sentralbyrå (SSB)</Owner>
    <Owner xml:lang="nb">Statistisk sentralbyrå (SSB)</Owner>
    <Owner xml:lang="en">Statistics Norway (SSB)</Owner>
  </OwnerGrp>
  <SubjectArea>00</SubjectArea>
  <ClassificationVersions>
    <ClassificationVersion id="urn:ssb:classversion:stabas:2954101" isCurrentVersion="true" validFrom="2004-01-01" isUnderConstruction="false" updatesPossible="false" disseminationAllowed="true" lastChangedDate="2015-01-07" showIntranet="true" showInternet="true">
      <TitleGrp>
        <Title xml:lang="nn">Bydel 2004</Title>
        <Title xml:lang="nb">Bydel 2004</Title>
        <Title xml:lang="en">Urban district 2004</Title>
      </TitleGrp>
      <DescriptionGrp>
        <Description xml:lang="nn">Bydel utgjer geografiske områder i ein kommune. I norsk offisiell statistikk er nemninga bydel knytt til dei fire største kommunane Oslo, Bergen, Trondheim og Stavanger.</Description>
        <Description xml:lang="nb">Bydel utgjør geografiske områder i en kommune. I norsk offisiell statistikk er benevningen bydel knyttet til de fire største kommunene Oslo, Bergen,Trondheim og Stavanger.</Description>
        <Description xml:lang="en">Urban districts constitute geographical areas in a municipality. In Norwegian official statistics the term urban district is related to the four largest municipalities Oslo, Bergen, Trondheim and Stavanger.</Description>
      </DescriptionGrp>
      <IntroductionGrp>
        <Indtroduction xml:lang="nn">Ikkje relevant</Indtroduction>
        <Indtroduction xml:lang="nb">Ikke relevant</Indtroduction>
        <Indtroduction xml:lang="en">Not relevant</Indtroduction>
      </IntroductionGrp>
      <ContactInformation>
        <Person xmlns="http://www.ssb.no/ns/meta/common">hhe</Person>
        <Division xmlns="http://www.ssb.no/ns/meta/common">320</Division>
      </ContactInformation>
      <ExternalDocumentGrp>
        <ExternalDocument xml:lang="nn">http://www.ssb.no/emner/00/00/20/nos_c513/
http://www.ssb.no/vis/kommuner/dokumentasjon.html
</ExternalDocument>
        <ExternalDocument xml:lang="nb">http://www.ssb.no/emner/00/00/20/nos_c513/
http://www.ssb.no/vis/kommuner/dokumentasjon.html</ExternalDocument>
        <ExternalDocument xml:lang="en">http://www.ssb.no/emner/00/00/20/nos_c513/
The NOS-publication (C 513) "Regionale inndelinger"(Regional Classifications).
http://www.ssb.no/vis/kommuner/dokumentasjon.html</ExternalDocument>
      </ExternalDocumentGrp>
      <ChangesGrp>
        <Change xml:lang="nn">Frå 1. januar 2004 fekk kommunane Oslo og Trondheim ei ny bydelsinndeling. Talet på bydelar i Oslo vert redusert i frå 25 bydelar til 15 bydelar. I tillegg kjem dei geografiske områdene Sentrum og Marka. Talet på bydelar i Trondheim vert redusert i frå 6 bydelar til 4 bydelar.</Change>
        <Change xml:lang="nb">Fra 1. januar 2004 fikk kommunene Oslo og Trondheim ny bydelsinndeling. Antall bydeler i Oslo ble redusert i fra 25 bydeler til 15 bydeler. I tillegg kommer de geografiske områdene Sentrum og Marka. Antall bydeler i Trondheim ble redusert i fra 6 bydeler til 4 bydeler.</Change>
        <Change xml:lang="en">1. January 2004 the municipalities of Oslo and Trondheim get a new division of urban districts. The number of urban districts in Oslo were reduced from 25 urban districts to 15 urban districts. In addition we have the geographical areas Sentrum and Marka. The number of urban districts in Trondheim were reduced from 6 urban districts to 4 urban districts.</Change>
      </ChangesGrp>
      <DerivedFromGrp>
        <DerviedFrom xml:lang="nn">Ikkje relevant</DerviedFrom>
        <DerviedFrom xml:lang="nb">Ikke relevant</DerviedFrom>
        <DerviedFrom xml:lang="en">Not relevant</DerviedFrom>
      </DerivedFromGrp>
      <LegalBaseGrp>
        <LegalBase xml:lang="nn">Ikkje relevant</LegalBase>
        <LegalBase xml:lang="nb">Ikke relevant</LegalBase>
        <LegalBase xml:lang="en">Not relevant</LegalBase>
      </LegalBaseGrp>
      <Level levelNumber="1" id="urn:ssb:classlevel:stabas:2954108" codeStructure="999999">
        <TitleGrp>
          <Title xml:lang="nn">Bydel 2004: Bydel</Title>
          <Title xml:lang="nb">Bydel 2004: Bydel</Title>
          <Title xml:lang="en">Urban district 2004: Urban district</Title>
        </TitleGrp>
        <CodelistReference>urn:ssb:codelist:stabas:2954108</CodelistReference>
      </Level>
    </ClassificationVersion>
    <ClassificationVersion id="urn:ssb:classversion:stabas:1303192" isCurrentVersion="false" validFrom="2002-01-01" validTo="2003-12-31" isUnderConstruction="false" updatesPossible="false" disseminationAllowed="true" lastChangedDate="2015-01-07" showIntranet="true" showInternet="true">
      <TitleGrp>
        <Title xml:lang="nn">Bydel 2002</Title>
        <Title xml:lang="nb">Bydel 2002</Title>
        <Title xml:lang="en">Urban district 2002</Title>
      </TitleGrp>
      <DescriptionGrp>
        <Description xml:lang="nn">Bydel utgjer geografiske områder i ein kommune. I norsk offisiell statistikk er nemninga bydel knytt til dei fire største kommunane Oslo, Bergen, Trondheim og Stavanger.</Description>
        <Description xml:lang="nb">Bydel utgjør geografiske områder i en kommune. I norsk offisiell statistikk er benevningen bydel knyttet til de fire største kommunene Oslo, Bergen, Trondheim og Stavanger.</Description>
        <Description xml:lang="en">Urban districts constitute geographical areas in a municipality. In Norwegian official statistics the term urban district is related to the four largest municipalities Oslo, Bergen, Trondheim and Stavanger.</Description>
      </DescriptionGrp>
      <IntroductionGrp>
        <Indtroduction xml:lang="nn">Ikkje relevant</Indtroduction>
        <Indtroduction xml:lang="nb">Ikke relevant</Indtroduction>
        <Indtroduction xml:lang="en">Not relevant</Indtroduction>
      </IntroductionGrp>
      <ContactInformation>
        <Person xmlns="http://www.ssb.no/ns/meta/common">hhe</Person>
        <Division xmlns="http://www.ssb.no/ns/meta/common">320</Division>
      </ContactInformation>
      <ExternalDocumentGrp>
        <ExternalDocument xml:lang="nn">NOS-publikasjonen (C 513) "Regionale inndelinger"</ExternalDocument>
        <ExternalDocument xml:lang="nb">NOS-publikasjonen (C 513) "Regionale inndelinger"</ExternalDocument>
        <ExternalDocument xml:lang="en">The NOS-publication (C 513) "Regionale inndelinger" (Regional Classifications).</ExternalDocument>
      </ExternalDocumentGrp>
      <ChangesGrp>
        <Change xml:lang="nn">Ikkje relevant</Change>
        <Change xml:lang="nb">Ikke relevant</Change>
        <Change xml:lang="en">Not relevant</Change>
      </ChangesGrp>
      <DerivedFromGrp>
        <DerviedFrom xml:lang="nn">Ikkje relevant</DerviedFrom>
        <DerviedFrom xml:lang="nb">Ikke relevant</DerviedFrom>
        <DerviedFrom xml:lang="en">Not relevant</DerviedFrom>
      </DerivedFromGrp>
      <LegalBaseGrp>
        <LegalBase xml:lang="nn">Ikkje relevant</LegalBase>
        <LegalBase xml:lang="nb">Ikke relevant</LegalBase>
        <LegalBase xml:lang="en">Not relevant</LegalBase>
      </LegalBaseGrp>
      <Level levelNumber="1" id="urn:ssb:classlevel:stabas:1303199" codeStructure="999999">
        <TitleGrp>
          <Title xml:lang="nn">Bydel 2002: Bydel</Title>
          <Title xml:lang="nb">Bydel 2002: Bydel</Title>
          <Title xml:lang="en">Urban district 2002: Urban district</Title>
        </TitleGrp>
        <CodelistReference>urn:ssb:codelist:stabas:1303199</CodelistReference>
      </Level>
    </ClassificationVersion>
  </ClassificationVersions>
</Classification>