<?xml version="1.0" encoding="utf-8"?>
<Classification xmlns:xsi="http://www.w3.org/2001/XMLSchema-instance" xmlns:xsd="http://www.w3.org/2001/XMLSchema" id="urn:ssb:classification:stabas:671341" currentVersionId="urn:ssb:classversion:stabas:5046001" xmlns="http://www.ssb.no/ns/meta/classification">
  <TitleGrp>
    <Title xml:lang="nn">Standard for helseregionar</Title>
    <Title xml:lang="nb">Standard for helseregioner</Title>
    <Title xml:lang="en">Classification of health regions</Title>
  </TitleGrp>
  <DescriptionGrp>
    <Description xml:lang="nn">Inndelinga av landet i helseregionar er basert på dei regionale helseforetaka sitt ansvar for å sørgje for helsetenester til befolkninga i eit avgrensa geografisk område. Kvart regionalt helseforetak (RHF) har med dette ansvar for eigen helseregion.</Description>
    <Description xml:lang="nb">Inndelingen av landet i helseregioner er basert på de regionale helseforetakenes ansvar for å sørge for helsetjenester til befolkningen i et avgrenset geografisk område. Hvert regionale helseforetak (RHF) har med dette ansvar for egen helseregion.</Description>
    <Description xml:lang="en">Norway is divided into health regions based on the regional health enterprice's responsibility to provide health services to the population in a limited geographical area.  Each regional health enterprice has the responsibility for it's own health region.</Description>
  </DescriptionGrp>
  <StatisticalUnitGrp>
    <StatisticalUnit xml:lang="nn">Helseregionar</StatisticalUnit>
    <StatisticalUnit xml:lang="nb">Helseregioner</StatisticalUnit>
    <StatisticalUnit xml:lang="en">Health regions</StatisticalUnit>
  </StatisticalUnitGrp>
  <OwnerGrp>
    <Owner xml:lang="nn">Statistisk sentralbyrå (SSB)</Owner>
    <Owner xml:lang="nb">Statistisk sentralbyrå (SSB)</Owner>
    <Owner xml:lang="en">Statistics Norway (SSB)</Owner>
  </OwnerGrp>
  <SubjectArea>00</SubjectArea>
  <ClassificationVersions>
    <ClassificationVersion id="urn:ssb:classversion:stabas:5046001" isCurrentVersion="true" validFrom="2007-01-01" isUnderConstruction="false" updatesPossible="true" disseminationAllowed="true" lastChangedDate="2014-06-27" showIntranet="true" showInternet="true">
      <TitleGrp>
        <Title xml:lang="nn">Helseregionar 2007</Title>
        <Title xml:lang="nb">Helseregioner 2007</Title>
        <Title xml:lang="en">Health regions 2007</Title>
      </TitleGrp>
      <DescriptionGrp>
        <Description xml:lang="nn">Inndelinga av landet i helseregionar er basert på dei regionale helseforetaka sitt ansvar for å sørgje for helsetenester til befolkninga i eit avgrensa geografisk område. Kvart regionalt helseforetak (RHF) har med dette ansvar for eigen helseregion.</Description>
        <Description xml:lang="nb">Inndelingen av landet i helseregioner er basert på de regionale helseforetakenes ansvar for å sørge for helsetjenester til befolkningen i et avgrenset geografisk område. Hvert regionale helseforetak (RHF) har med dette ansvar for egen helseregion.</Description>
        <Description xml:lang="en">Norway is divided into health regions based on the regional health enterprice's responsibility to provide health services to the population in a limited geographical area.  Each regional health enterprice has the responsibility for it's own health region.</Description>
      </DescriptionGrp>
      <IntroductionGrp>
        <Indtroduction xml:lang="nn">Ikkje relevant</Indtroduction>
        <Indtroduction xml:lang="nb">Ikke relevant</Indtroduction>
        <Indtroduction xml:lang="en">Not relevant</Indtroduction>
      </IntroductionGrp>
      <ContactInformation>
        <Person xmlns="http://www.ssb.no/ns/meta/common">and</Person>
        <Division xmlns="http://www.ssb.no/ns/meta/common">330</Division>
      </ContactInformation>
      <ExternalDocumentGrp>
        <ExternalDocument xml:lang="nn">Ikkje relevant</ExternalDocument>
        <ExternalDocument xml:lang="nb">Ikke relevant</ExternalDocument>
        <ExternalDocument xml:lang="en">Not relevant</ExternalDocument>
      </ExternalDocumentGrp>
      <ChangesGrp>
        <Change xml:lang="nn">Fra 01.01.07 blei Helseregion  Øst og Helseregion Sør slått saman til ein helseregion. Den formelle fusjoneringa av dei to regionale helseforetaka skjedde først 01.06.07 men i statistikksamanheng vert denne omorganiseringa handsama som om ho gjaldt frå starten av året.</Change>
        <Change xml:lang="nb">Fra 01.01.07 ble Helse Øst og Helse Sør slått sammen til en helseregion. Den formelle fusjoneringen av de to regionale helseforetakene skjedde først 01.06.07 men i statistikksammenheng behandles denne omorganiseringen som om den var gjeldende fra årets begynnelse</Change>
        <Change xml:lang="en">From 01.01.07 Helse region East and Health Region South merged into Heath region South-East. The formal amalgamation didn't happen till 01.06.07 , but in the statistics the reorganisation is treated as if it happened at the beginning of the year. </Change>
      </ChangesGrp>
      <DerivedFromGrp>
        <DerviedFrom xml:lang="nn">Ikkje relevant</DerviedFrom>
        <DerviedFrom xml:lang="nb">Ikke relevant</DerviedFrom>
        <DerviedFrom xml:lang="en">Not relevant</DerviedFrom>
      </DerivedFromGrp>
      <LegalBaseGrp>
        <LegalBase xml:lang="nn">Ikkje relevant</LegalBase>
        <LegalBase xml:lang="nb">Ikke relevant</LegalBase>
        <LegalBase xml:lang="en">Not relevant</LegalBase>
      </LegalBaseGrp>
      <Level levelNumber="1" id="urn:ssb:classlevel:stabas:5046005" codeStructure="9">
        <TitleGrp>
          <Title xml:lang="nn">Helseregionar 2007: Helseregion</Title>
          <Title xml:lang="nb">Helseregioner 2007: Helseregion</Title>
          <Title xml:lang="en">Health regions 2007: Health region</Title>
        </TitleGrp>
        <CodelistReference>urn:ssb:codelist:stabas:5046005</CodelistReference>
      </Level>
    </ClassificationVersion>
    <ClassificationVersion id="urn:ssb:classversion:stabas:1304328" isCurrentVersion="false" validFrom="2002-01-01" validTo="2006-12-31" isUnderConstruction="false" updatesPossible="true" disseminationAllowed="true" lastChangedDate="2010-02-11" showIntranet="true" showInternet="true">
      <TitleGrp>
        <Title xml:lang="nn">Helseregionar 2002</Title>
        <Title xml:lang="nb">Helseregioner 2002</Title>
        <Title xml:lang="en">Health regions 2002</Title>
      </TitleGrp>
      <DescriptionGrp>
        <Description xml:lang="nn">Inndelinga av landet i helseregionar er basert på dei regionale helseforetaka sitt ansvar for å sørgje for helsetenester til befolkninga i eit avgrensa geografisk område. Kvart regionalt helseforetak (RHF) har med dette ansvar for eigen helseregion.</Description>
        <Description xml:lang="nb">Inndelingen av landet i helseregioner er basert på de regionale helseforetakenes ansvar for å sørge for helsetjenester til befolkningen i et avgrenset geografisk område. Hvert regionale helseforetak (RHF) har med dette ansvar for egen helseregion. </Description>
        <Description xml:lang="en">Norway is divided into health regions based on the regional health enterprice's responsibility to provide health services to the population in a limited geographical area.  Each regional health enterprice has the responsibility for it's own health region. </Description>
      </DescriptionGrp>
      <IntroductionGrp>
        <Indtroduction xml:lang="nn">Ikkje relevant</Indtroduction>
        <Indtroduction xml:lang="nb">Ikke relevant</Indtroduction>
        <Indtroduction xml:lang="en">Not relevant</Indtroduction>
      </IntroductionGrp>
      <ContactInformation>
        <Person xmlns="http://www.ssb.no/ns/meta/common">bov</Person>
        <Division xmlns="http://www.ssb.no/ns/meta/common">330</Division>
      </ContactInformation>
      <ExternalDocumentGrp>
        <ExternalDocument xml:lang="nn">Ikkje relevant</ExternalDocument>
        <ExternalDocument xml:lang="nb">Ikke relevant</ExternalDocument>
        <ExternalDocument xml:lang="en">Not relevant</ExternalDocument>
      </ExternalDocumentGrp>
      <ChangesGrp>
        <Change xml:lang="nn">Ikkje relevant</Change>
        <Change xml:lang="nb">Ikke relevant</Change>
        <Change xml:lang="en">Not relevant</Change>
      </ChangesGrp>
      <DerivedFromGrp>
        <DerviedFrom xml:lang="nn">Ikkje relevant</DerviedFrom>
        <DerviedFrom xml:lang="nb">Ikke relevant</DerviedFrom>
        <DerviedFrom xml:lang="en">Not relevant</DerviedFrom>
      </DerivedFromGrp>
      <LegalBaseGrp>
        <LegalBase xml:lang="nn">Ikkje relevant</LegalBase>
        <LegalBase xml:lang="nb">Ikke relevant</LegalBase>
        <LegalBase xml:lang="en">Not relevant</LegalBase>
      </LegalBaseGrp>
      <Level levelNumber="1" id="urn:ssb:classlevel:stabas:1304335" codeStructure="9">
        <TitleGrp>
          <Title xml:lang="nn">Helseregionar 2002: Helseregion</Title>
          <Title xml:lang="nb">Helseregioner 2002: Helseregion</Title>
          <Title xml:lang="en">Health regions 2002: Health region</Title>
        </TitleGrp>
        <CodelistReference>urn:ssb:codelist:stabas:1304335</CodelistReference>
      </Level>
    </ClassificationVersion>
  </ClassificationVersions>
</Classification>