<?xml version="1.0" encoding="utf-8"?>
<Classification xmlns:xsi="http://www.w3.org/2001/XMLSchema-instance" xmlns:xsd="http://www.w3.org/2001/XMLSchema" id="urn:ssb:classification:stabas:676117" currentVersionId="urn:ssb:classversion:stabas:1304517" xmlns="http://www.ssb.no/ns/meta/classification">
  <TitleGrp>
    <Title xml:lang="nn">Standard for landsdelsinndeling</Title>
    <Title xml:lang="nb">Standard for landsdelsinndeling</Title>
    <Title xml:lang="en">Classification of region</Title>
  </TitleGrp>
  <DescriptionGrp>
    <Description xml:lang="nn">Landsdelsinndelingen er eit regionalt nivå mellom fylke og heile landet.Landsdelane er samansett av fleire fylker.</Description>
    <Description xml:lang="nb">Landsdelsinndelingen er et regionalt nivå mellom fylke og hele landet.Landsdelene består av et helt antall fylker.</Description>
    <Description xml:lang="en">Region is a level between county and the entire country. The regions consist of a certain number of counties.</Description>
  </DescriptionGrp>
  <StatisticalUnitGrp>
    <StatisticalUnit xml:lang="nn">Regionale eininger</StatisticalUnit>
    <StatisticalUnit xml:lang="nb">Regionale enheter</StatisticalUnit>
    <StatisticalUnit xml:lang="en">Regional units</StatisticalUnit>
  </StatisticalUnitGrp>
  <OwnerGrp>
    <Owner xml:lang="nn">Statistisk sentralbyrå (SSB)</Owner>
    <Owner xml:lang="nb">Statistisk sentralbyrå (SSB)</Owner>
    <Owner xml:lang="en">Statistics Norway (SSB)</Owner>
  </OwnerGrp>
  <SubjectArea>00</SubjectArea>
  <ClassificationVersions>
    <ClassificationVersion id="urn:ssb:classversion:stabas:1304517" isCurrentVersion="true" validFrom="2002-01-01" isUnderConstruction="false" updatesPossible="false" disseminationAllowed="true" lastChangedDate="2014-06-27" showIntranet="true" showInternet="true">
      <TitleGrp>
        <Title xml:lang="nn">Landsdel 2002</Title>
        <Title xml:lang="nb">Landsdel 2002</Title>
        <Title xml:lang="en">Region 2002</Title>
      </TitleGrp>
      <DescriptionGrp>
        <Description xml:lang="nn">Landsdelsinndelingen er eit regionalt nivå mellom fylke og heile landet.Landsdelane er samansett av fleire fylker.</Description>
        <Description xml:lang="nb">Landsdelsinndelingen er et regionalt nivå mellom fylke og hele landet.Landsdelene består av et helt antall fylker.</Description>
        <Description xml:lang="en">Region is a level between county and the entire country. The regions consist of a certain number of counties.</Description>
      </DescriptionGrp>
      <IntroductionGrp>
        <Indtroduction xml:lang="nn">Ikkje relevant</Indtroduction>
        <Indtroduction xml:lang="nb">Ikke relevant</Indtroduction>
        <Indtroduction xml:lang="en">Not relevant</Indtroduction>
      </IntroductionGrp>
      <ContactInformation>
        <Person xmlns="http://www.ssb.no/ns/meta/common">hhe</Person>
        <Division xmlns="http://www.ssb.no/ns/meta/common">320</Division>
      </ContactInformation>
      <ExternalDocumentGrp>
        <ExternalDocument xml:lang="nn">NOS-publikasjonen (C 513) "Regionale inndelinger"</ExternalDocument>
        <ExternalDocument xml:lang="nb">http://www.ssb.no/emner/00/00/20/nos_c513/</ExternalDocument>
        <ExternalDocument xml:lang="en">The NOS-publication (C 513) "Regionale inndelinger"(Regional Classifications).</ExternalDocument>
      </ExternalDocumentGrp>
      <ChangesGrp>
        <Change xml:lang="nn">Ikkje relevant</Change>
        <Change xml:lang="nb">Ikke relevant</Change>
        <Change xml:lang="en">Not relevant</Change>
      </ChangesGrp>
      <DerivedFromGrp>
        <DerviedFrom xml:lang="nn">Ikkje relevant</DerviedFrom>
        <DerviedFrom xml:lang="nb">Ikke relevant</DerviedFrom>
        <DerviedFrom xml:lang="en">Not relevant</DerviedFrom>
      </DerivedFromGrp>
      <LegalBaseGrp>
        <LegalBase xml:lang="nn">Ikkje relevant</LegalBase>
        <LegalBase xml:lang="nb">Ikke relevant</LegalBase>
        <LegalBase xml:lang="en">Not relevant</LegalBase>
      </LegalBaseGrp>
      <Level levelNumber="1" id="urn:ssb:classlevel:stabas:1304524" codeStructure="9">
        <TitleGrp>
          <Title xml:lang="nn">Landsdel 2002: Landsdel</Title>
          <Title xml:lang="nb">Landsdel 2002: Landsdel</Title>
          <Title xml:lang="en">Region 2002: Region</Title>
        </TitleGrp>
        <CodelistReference>urn:ssb:codelist:stabas:1304524</CodelistReference>
      </Level>
    </ClassificationVersion>
  </ClassificationVersions>
</Classification>