<?xml version="1.0" encoding="utf-8"?>
<Classification xmlns:xsi="http://www.w3.org/2001/XMLSchema-instance" xmlns:xsd="http://www.w3.org/2001/XMLSchema" id="urn:ssb:classification:stabas:676175" currentVersionId="urn:ssb:classversion:stabas:4120101" xmlns="http://www.ssb.no/ns/meta/classification">
  <TitleGrp>
    <Title xml:lang="nn">Standard for næringstilknyting</Title>
    <Title xml:lang="nb">Standard for næringstilknytning</Title>
    <Title xml:lang="en">Classification of industrial link</Title>
  </TitleGrp>
  <DescriptionGrp>
    <Description xml:lang="nn">Næringstilknyting tek utgangspunkt i yrkesfolket som var busett i kommunane 3. november 1990 (Folke- og bustadteljinga), og blir fastsett gjennom yrkesfolket sitt relative fordeling på ulike næringer. Fyrst blir det undersøkt om dei vareproduserande næringer samla sysselset fleire enn dei tenesteytande næringer. Dersom dette er tilfelle, får kommunen sin næringskode fastsett ved forholdet mellom dei fire vareproduserande einingene. Der ei av dei vareproduserande einingene sysselset meir enn 2/3 av alle sysselsatte innan vareproduksjon samla, blir kommunen gjeve ein kode med ein bokstav. I alle andre høve blir koden samansett av to bokstavar avhengig av storleiksforholdet mellom einingene. For dei andre kommunane er dei tenesteytande næringene større enn dei vareproduserande.
Næringstilknytninga er eit kriterium i Standard for kommuneklassifisering.</Description>
    <Description xml:lang="nb">Næringstilknytning tar utgangspunkt i yrkesbefolkningen som var bosatt i kommunen 3. november 1990 (Folke- og boligtellingen), og bestemmes gjennom yrkesbefolkningens relative fordeling på ulike næringer. Det undersøkes først om de vareproduserende næringer samlet sysselsetter flere enn de tjenesteytende næringer. Hvis dette er tilfelle, får kommunen sin næringskode bestemt ved forholdet mellom de fire vareproduserende enhetene. Der en av de vareproduserende enhetene sysselsetter mer enn 2/3 av alle sysselsatte innen vareproduksjon samlet, gis kommunen en kode med én bokstav. I alle andre tilfeller blir koden bestående av to bokstaver avhengig av størrelsesforholdet mellom enhetene. For de øvrige kommuner er de tjenesteytende næringene større enn de vareproduserende.
Næringstilknytningen er et kriterium i Standard for kommuneklassifisering.</Description>
    <Description xml:lang="en">The industrial link is expressed in terms of the relative distribution of industries in relation to the working population residing in the municipalities 3 November 1990 (Population and Housing Census). An investigation is first made as to whether the production industries collectively employ more people than the service industries. If this is the case, the industry code for the municipality is based on the relationship between the four production industry units. In cases where one of the production industry units is responsible for more than two thirds of the total number of people employed within production industries, the municipality is assigned a code with the letter. In all other cases, the code consists of two letters depends on the relative sizes of the units. In the remaining municipalities, the service industries employ more people than the production industries. 
The industrial link is a criterion in the Standard Classification of Municipalities.</Description>
  </DescriptionGrp>
  <StatisticalUnitGrp>
    <StatisticalUnit xml:lang="nn">Regionale eininger</StatisticalUnit>
    <StatisticalUnit xml:lang="nb">Regionale enheter</StatisticalUnit>
    <StatisticalUnit xml:lang="en">Regional units</StatisticalUnit>
  </StatisticalUnitGrp>
  <OwnerGrp>
    <Owner xml:lang="nn">Statistisk sentralbyrå (SSB)</Owner>
    <Owner xml:lang="nb">Statistisk sentralbyrå (SSB)</Owner>
    <Owner xml:lang="en">Statistics Norway (SSB)</Owner>
  </OwnerGrp>
  <SubjectArea>00</SubjectArea>
  <ClassificationVersions>
    <ClassificationVersion id="urn:ssb:classversion:stabas:4120101" isCurrentVersion="true" validFrom="1994-10-27" isUnderConstruction="false" updatesPossible="false" disseminationAllowed="true" lastChangedDate="2014-06-27" showIntranet="true" showInternet="true">
      <TitleGrp>
        <Title xml:lang="nn">Næringstilknyting 1994</Title>
        <Title xml:lang="nb">Næringstilknytning 1994</Title>
        <Title xml:lang="en">The industrial link 1994</Title>
      </TitleGrp>
      <DescriptionGrp>
        <Description xml:lang="nn">Næringstilknyting tek utgangspunkt i yrkesfolket som var busett i kommunane 3. november 1990 (Folke- og bustadteljinga), og blir fastsett gjennom yrkesfolket sitt relative fordeling på ulike næringer. Fyrst blir det undersøkt om dei vareproduserande næringer samla sysselset fleire enn dei tenesteytande næringer. Dersom dette er tilfelle, får kommunen sin næringskode fastsett ved forholdet mellom dei fire vareproduserande einingene. Der ei av dei vareproduserande einingene sysselset meir enn 2/3 av alle sysselsatte innan vareproduksjon samla, blir kommunen gjeve ein kode med ein bokstav. I alle andre høve blir koden samansett av to bokstavar avhengig av storleiksforholdet mellom einingene. For dei andre kommunane er dei tenesteytande næringene større enn dei vareproduserande.
Næringstilknytninga er eit kriterium i Standard for kommuneklassifisering.</Description>
        <Description xml:lang="nb">Næringstilknytning tar utgangspunkt i yrkesbefolkningen som var bosatt i kommunen 3. november 1990 (Folke- og boligtellingen), og bestemmes gjennom yrkesbefolkningens relative fordeling på ulike næringer. Det undersøkes først om de vareproduserende næringer samlet sysselsetter flere enn de tjenesteytende næringer. Hvis dette er tilfelle, får kommunen sin næringskode bestemt ved forholdet mellom de fire vareproduserende enhetene. Der en av de vareproduserende enhetene sysselsetter mer enn 2/3 av alle sysselsatte innen vareproduksjon samlet, gis kommunen en kode med én bokstav. I alle andre tilfeller blir koden bestående av to bokstaver avhengig av størrelsesforholdet mellom enhetene. For de øvrige kommuner er de tjenesteytende næringene større enn de vareproduserende.
Næringstilknytningen er et kriterium i Standard for kommuneklassifisering.</Description>
        <Description xml:lang="en">The industrial link is expressed in terms of the relative distribution of industries in relation to the working population residing in the municipalities 3 November 1990 (Population and Housing Census). An investigation is first made as to whether the production industries collectively employ more people than the service industries. If this is the case, the industry code for the municipality is based on the relationship between the four production industry units. In cases where one of the production industry units is responsible for more than two thirds of the total number of people employed within production industries, the municipality is assigned a code with the letter. In all other cases, the code consists of two letters depends on the relative sizes of the units. In the remaining municipalities, the service industries employ more people than the production industries. 
The industrial link is a criterion in the Standard Classification of Municipalities.</Description>
      </DescriptionGrp>
      <IntroductionGrp>
        <Indtroduction xml:lang="nn">Ikkje relevant</Indtroduction>
        <Indtroduction xml:lang="nb">Ikke relevant</Indtroduction>
        <Indtroduction xml:lang="en">Not relevant</Indtroduction>
      </IntroductionGrp>
      <ContactInformation>
        <Person xmlns="http://www.ssb.no/ns/meta/common">hhe</Person>
        <Division xmlns="http://www.ssb.no/ns/meta/common">320</Division>
      </ContactInformation>
      <ExternalDocumentGrp>
        <ExternalDocument xml:lang="nn">NOS-publikasjonane (C 192) "Standard for kommuneklassifisering 1994" og (C 513) "Regionale inndelinger"</ExternalDocument>
        <ExternalDocument xml:lang="nb">NOS-publikasjonene (C 192) "Standard for kommuneklassifisering 1994" og http://www.ssb.no/emner/00/00/20/nos_c513/</ExternalDocument>
        <ExternalDocument xml:lang="en">The NOS-publications (C 192) "Standard for kommuneklassifisering 1994" (Standard Classification of Municipalities 1994) and (C 513) "Regionale inndelinger" (Regional Classifications).</ExternalDocument>
      </ExternalDocumentGrp>
      <ChangesGrp>
        <Change xml:lang="nn">Ikkje relevant</Change>
        <Change xml:lang="nb">Ikke relevant</Change>
        <Change xml:lang="en">Not relevant</Change>
      </ChangesGrp>
      <DerivedFromGrp>
        <DerviedFrom xml:lang="nn">Ikkje relevant</DerviedFrom>
        <DerviedFrom xml:lang="nb">Ikke relevant</DerviedFrom>
        <DerviedFrom xml:lang="en">Not relevant</DerviedFrom>
      </DerivedFromGrp>
      <LegalBaseGrp>
        <LegalBase xml:lang="nn">Ikkje relevant</LegalBase>
        <LegalBase xml:lang="nb">Ikke relevant</LegalBase>
        <LegalBase xml:lang="en">Not relevant</LegalBase>
      </LegalBaseGrp>
      <Level levelNumber="1" id="urn:ssb:classlevel:stabas:4120105" codeStructure="A&amp;">
        <TitleGrp>
          <Title xml:lang="nn">Næringstilknyting 1994: Næringstilknyting</Title>
          <Title xml:lang="nb">Næringstilknytning 1994: Næringstilknytning</Title>
          <Title xml:lang="en">The industrial link 1994: The industrial link</Title>
        </TitleGrp>
        <CodelistReference>urn:ssb:codelist:stabas:4120105</CodelistReference>
      </Level>
    </ClassificationVersion>
  </ClassificationVersions>
</Classification>