<?xml version="1.0" encoding="utf-8"?>
<Classification xmlns:xsi="http://www.w3.org/2001/XMLSchema-instance" xmlns:xsd="http://www.w3.org/2001/XMLSchema" id="urn:ssb:classification:stabas:676393" currentVersionId="urn:ssb:classversion:stabas:1367327" xmlns="http://www.ssb.no/ns/meta/classification">
  <TitleGrp>
    <Title xml:lang="nn">Standard for økonomiske regionar</Title>
    <Title xml:lang="nb">Standard for økonomiske regioner</Title>
    <Title xml:lang="en">Classification of economic regions</Title>
  </TitleGrp>
  <DescriptionGrp>
    <Description xml:lang="nn">Økonomisk region er ei regional inndeling på nivået mellom fylke og kommune (89 eininger i alt) Inndelinga byggjer på kriterier som handel og arbeidsmarknad og skal representere eit føremålstenleg publiseringsnivå for statistikk samtidig som inndelinga skal tilsvare det regionale nivået som EU har definert som sin NUTS4-inndeling. Ein konsekvens av dette, er at dei økonomiske regionane ikkje kan krysse fylkesgrensene.</Description>
    <Description xml:lang="nb">Økonomisk region er en regional inndeling på nivået mellom fylke og kommune (89 enheter i alt). Inndelingen bygger på kriterier som handel og arbeidsmarked og skal representere et hensiktsmessig publiseringsnivå for statistikk samtidig som den skal tilsvare det regionale nivået som EU har definert som sin NUTS4-inndeling. En konsekvens av dette, er at de økonomiske regionene ikke kan krysse fylkesgrensene.</Description>
    <Description xml:lang="en">Economic region is a regional classification (standard) for the level between county and municipality(89 units). The main criteria used for defining the regions are labour market and trade. The main purpose of the classification is to constitute an appropiate level for the publishing of statistics, but it shall also correspond to the NUTS 4-level in EU's regional classification. As a consequence of the latter requirement, the regions should not overlap the county borders.</Description>
  </DescriptionGrp>
  <StatisticalUnitGrp>
    <StatisticalUnit xml:lang="nn">Regionale eininger</StatisticalUnit>
    <StatisticalUnit xml:lang="nb">Regionale enheter</StatisticalUnit>
    <StatisticalUnit xml:lang="en">Regional units</StatisticalUnit>
  </StatisticalUnitGrp>
  <OwnerGrp>
    <Owner xml:lang="nn">Statistisk sentralbyrå (SSB)</Owner>
    <Owner xml:lang="nb">Statistisk sentralbyrå (SSB)</Owner>
    <Owner xml:lang="en">Statistics Norway (SSB)</Owner>
  </OwnerGrp>
  <SubjectArea>00</SubjectArea>
  <ClassificationVersions>
    <ClassificationVersion id="urn:ssb:classversion:stabas:1367327" isCurrentVersion="true" validFrom="2002-01-01" isUnderConstruction="false" updatesPossible="false" disseminationAllowed="true" lastChangedDate="2014-06-27" showIntranet="true" showInternet="true">
      <TitleGrp>
        <Title xml:lang="nn">Økonomiske regionar 2002</Title>
        <Title xml:lang="nb">Økonomisk region 2002</Title>
        <Title xml:lang="en">Economic region 2002</Title>
      </TitleGrp>
      <DescriptionGrp>
        <Description xml:lang="nn">Økonomisk region er ei regional inndeling på nivået mellom fylke og kommune (89 eininger i alt) Inndelinga byggjer på kriterier som handel og arbeidsmarknad og skal representere eit føremålstenleg publiseringsnivå for statistikk samtidig som inndelinga skal tilsvare det regionale nivået som EU har definert som sin NUTS4-inndeling. Ein konsekvens av dette, er at dei økonomiske regionane ikkje kan krysse fylkesgrensene.</Description>
        <Description xml:lang="nb">Økonomisk region er en regional inndeling på nivået mellom fylke og kommune. Inndelingen bygger på kriterier som handel og arbeidsmarked og skal representere et hensiktsmessig publiseringsnivå for statistikk samtidig som den skal tilsvare det regionale nivået som EU har definert som sin NUTS4-inndeling. En konsekvens av dette, er at de økonomiske regionene ikke kan krysse fylkesgrensene.</Description>
        <Description xml:lang="en">Economic region is a regional classification (standard) for the level between county and municipality(89 units). The main criteria used for defining the regions are labour market and trade. The main purpose of the classification is to constitute an appropiate level for the publishing of statistics, but it shall also correspond to the NUTS 4-level in EU's regional classification. As a consequence of the latter requirement, the regions should not overlap the county borders.</Description>
      </DescriptionGrp>
      <IntroductionGrp>
        <Indtroduction xml:lang="nn">Ikkje relevant</Indtroduction>
        <Indtroduction xml:lang="nb">Ikke relevant</Indtroduction>
        <Indtroduction xml:lang="en">Not relevant</Indtroduction>
      </IntroductionGrp>
      <ContactInformation>
        <Person xmlns="http://www.ssb.no/ns/meta/common">hhe</Person>
        <Division xmlns="http://www.ssb.no/ns/meta/common">320</Division>
      </ContactInformation>
      <ExternalDocumentGrp>
        <ExternalDocument xml:lang="nn">NOS-publikasjonen (C 616) "Standard for økonomiske regioner"</ExternalDocument>
        <ExternalDocument xml:lang="nb">NOS-publikasjonen (C 616) "Standard for økonomiske regioner"</ExternalDocument>
        <ExternalDocument xml:lang="en">The NOS-publication (C 634) "Classification of Economic Regions"</ExternalDocument>
      </ExternalDocumentGrp>
      <ChangesGrp>
        <Change xml:lang="nn">Frå 1 januar 2002 blei kommunane 0716 Våle og 0718 Ramnes i den økonomiske regionen 0791 Tønsberg/Horten slege saman til 0716 Re kommune. Ølen kommune blei frå same dato flytta over i frå Hordaland til Rogaland som førte med seg at kommunen blei førte over i frå den økonomiske regionen 1292 Søndre Sunnhordland til regionen 1193 Haugesund. Overføringa av Ølen førte med seg at kommunane Sveio og Etne ble flytta over til den økonomiske regionen 1293 Nordre Sunnhordland som endra navn til Sunnhordland og  nummer til 1296. Den økonomiske regionen 1292 Søndre Sunnhordland gjekk ut som økonomisk region.</Change>
        <Change xml:lang="nb">Fra 1 januar 2002 ble kommunene 0716 Våle og 0718 Ramnes i den økonomiske regionen 0791 Tønsberg/Horten slått sammen til 0716 Re kommune. Ølen kommune ble fra samme dato overflyttet i fra Hordaland til Rogaland som medførte at kommunen ble overført i fra den økonomiske regionen 1292 Søndre Sunnhordland til regionen 1193 Haugesund. Overføringen av Ølen medførte at kommunene Sveio og Etne ble overflyttet til den økonomiske regionen 1293 Nordre Sunnhordland som endret navn til Sunnhordland og  nummer til 1296. Den økonomiske regionen 1292 Søndre Sunnhordland utgikk som økonomisk region.</Change>
        <Change xml:lang="en">1 January 2002 the municipalities of Våle and Ramnes in the economic region of Tønsberg/Horten were merged to the municipality of Re. The municipality of Ølen was from the same date transferred from the county of Hordaland to the county of Rogaland which resulted in a transfer of the municipality of Ølen from the economic region of Søndre Sunnhordland to the economic region of Haugesund. As a result of the transfer of the municipality of Ølen the municipalities of Sveio and Etne were transferred to the economic region of Nordre Sunnhordland which changed name to Sunnhordland and number to 1296. The economic region 1292 Søndre Sunnhordland was omitted as economic region.</Change>
      </ChangesGrp>
      <DerivedFromGrp>
        <DerviedFrom xml:lang="nn">Ikkje relevant</DerviedFrom>
        <DerviedFrom xml:lang="nb">Ikke relevant</DerviedFrom>
        <DerviedFrom xml:lang="en">Not relevant</DerviedFrom>
      </DerivedFromGrp>
      <LegalBaseGrp>
        <LegalBase xml:lang="nn">Ikkje relevant</LegalBase>
        <LegalBase xml:lang="nb">Ikke relevant</LegalBase>
        <LegalBase xml:lang="en">Not relevant</LegalBase>
      </LegalBaseGrp>
      <Level levelNumber="1" id="urn:ssb:classlevel:stabas:1367334" codeStructure="9999">
        <TitleGrp>
          <Title xml:lang="nn">Økonomiske regionar 2002: Økonomisk region</Title>
          <Title xml:lang="nb">Økonomisk region 2002: Økonomisk region</Title>
          <Title xml:lang="en">Economic region 2002: Economic region</Title>
        </TitleGrp>
        <CodelistReference>urn:ssb:codelist:stabas:1367334</CodelistReference>
      </Level>
    </ClassificationVersion>
  </ClassificationVersions>
</Classification>