<?xml version="1.0" encoding="utf-8"?>
<Classification xmlns:xsi="http://www.w3.org/2001/XMLSchema-instance" xmlns:xsd="http://www.w3.org/2001/XMLSchema" id="urn:ssb:classification:stabas:677752" currentVersionId="urn:ssb:classversion:stabas:9136101" xmlns="http://www.ssb.no/ns/meta/classification">
  <TitleGrp>
    <Title xml:lang="nn">Standard for tettstadsinndeling</Title>
    <Title xml:lang="nb">Standard for tettstedsinndeling</Title>
    <Title xml:lang="en">Classification of urban settlement</Title>
  </TitleGrp>
  <DescriptionGrp>
    <Description xml:lang="nn">Ei hussamling skal registreres som tettstad dersom det bur minst 200 personar der. Avstanden mellom husa skal normalt ikkje overstig 50 meter. Det er gjeve høve til eit skjønsmessig avvik utover 50 meter mellom husa i områder som ikkje skal eller kan byggjes. Dette kan f.eks. være parkar, idrettsanlegg, industriområder eller naturlege hindringer som elver eller dyrkbare områder. Husklyngjer som naturleg høyrer med til tettstaden tas med inntil ein avstand på 400 meter frå tettstadskjernen.</Description>
    <Description xml:lang="nb">En hussamling skal registreres som tettsted dersom det bor minst 200 personer der. Avstanden mellom husene skal normalt ikke overstige 50 meter. Det er tillatt med et skjønnsmessig avvik utover 50 meter mellom husene i områder som ikke skal eller kan bebygges. Dette kan f.eks. være parker, idrettsanlegg, industriområder eller naturlige hindringer som elver eller dyrkbare områder. Husklynger som naturlig hører med til tettstedet tas med inntil en avstand på 400 meter fra tettstedskjernen.</Description>
    <Description xml:lang="en">A cluster of buildings shall be registered as an urban settlement if it is inhabited by at least 200 persons. The distance between the buildings shall normally not exceed 50 metres. Distances more than 50 metres are allowed in areas that can not or should not be build up. This may for example be parks, facilities for sports, industrial areas and natural barriers such as rivers or arable land. Smaller clusters of buildings that naturally belong to the urban settlement should be included if situated in a distance up to 400 metres from the main urban settlement.</Description>
  </DescriptionGrp>
  <StatisticalUnitGrp>
    <StatisticalUnit xml:lang="nn">Regionale eininger</StatisticalUnit>
    <StatisticalUnit xml:lang="nb">Regionale enheter</StatisticalUnit>
    <StatisticalUnit xml:lang="en">Regional units</StatisticalUnit>
  </StatisticalUnitGrp>
  <OwnerGrp>
    <Owner xml:lang="nn">Statistisk sentralbyrå (SSB)</Owner>
    <Owner xml:lang="nb">Statistisk sentralbyrå (SSB)</Owner>
    <Owner xml:lang="en">Statistics Norway</Owner>
  </OwnerGrp>
  <SubjectArea>00</SubjectArea>
  <ClassificationVersions>
    <ClassificationVersion id="urn:ssb:classversion:stabas:9136101" isCurrentVersion="true" validFrom="2015-01-01" isUnderConstruction="false" updatesPossible="false" disseminationAllowed="true" lastChangedDate="2016-02-10" showIntranet="true" showInternet="true">
      <TitleGrp>
        <Title xml:lang="nn">Tettstader 2015</Title>
        <Title xml:lang="nb">Tettsteder 2015</Title>
        <Title xml:lang="en">Urban settlements 2015</Title>
      </TitleGrp>
      <DescriptionGrp>
        <Description xml:lang="nn">Ei hussamling skal registreres som tettstad dersom det bur minst 200 personar der. Avstanden mellom husa skal normalt ikkje overstig 50 meter. Det er gjeve høve til eit skjønsmessig avvik utover 50 meter mellom husa i områder som ikkje skal eller kan byggjes. Dette kan f.eks. være parkar, idrettsanlegg, industriområder eller naturlege hindringer som elver eller dyrkbare områder. Husklyngjer som naturleg høyrer med til tettstaden tas med inntil ein avstand på 400 meter frå tettstadskjernen.</Description>
        <Description xml:lang="nb">En hussamling skal registreres som tettsted dersom det bor minst 200 personer der. Avstanden mellom husene skal normalt ikke overstige 50 meter. Det er tillatt med et skjønnsmessig avvik utover 50 meter mellom husene i områder som ikke skal eller kan bebygges. Dette kan f.eks. være parker, idrettsanlegg, industriområder eller naturlige hindringer som elver eller dyrkbare områder. Husklynger som naturlig hører med til tettstedet tas med inntil en avstand på 400 meter fra tettstedskjernen.</Description>
        <Description xml:lang="en">A cluster of buildings shall be registered as an urban settlement if it is inhabited by at least 200 persons. The distance between the buildings shall normally not exceed 50 metres. Distances more than 50 metres are allowed in areas that can not or should not be build up. This may for example be parks, facilities for sports, industrial areas and natural barriers such as rivers or arable land. Smaller clusters of buildings that naturally belong to the urban settlement should be included if situated in a distance up to 400 metres from the main urban settlement.</Description>
      </DescriptionGrp>
      <IntroductionGrp>
        <Indtroduction xml:lang="nn">Ikkje relevant</Indtroduction>
        <Indtroduction xml:lang="nb">Ikke relevant</Indtroduction>
        <Indtroduction xml:lang="en">Not relevant</Indtroduction>
      </IntroductionGrp>
      <ContactInformation>
        <Person xmlns="http://www.ssb.no/ns/meta/common">hhe</Person>
        <Division xmlns="http://www.ssb.no/ns/meta/common">320</Division>
      </ContactInformation>
      <ExternalDocumentGrp>
        <ExternalDocument xml:lang="nn">Rapp.  86/11 "Statistikk for tettsteder" og http://www.ssb.no/emner/00/00/20/nos_c513/ http://www.ssb.no/emner/02/01/10/beftett/</ExternalDocument>
        <ExternalDocument xml:lang="nb">Rapp.  86/11 "Statistikk for tettsteder" og http://www.ssb.no/emner/00/00/20/nos_c513/ http://www.ssb.no/emner/02/01/10/beftett/</ExternalDocument>
        <ExternalDocument xml:lang="en">Rapporter 86/11 "Statistikk for tettsteder" (Statistics for urban settlements) and http://www.ssb.no/emner/00/00/20/nos_c513/The NOS-publication (C 513) "Regionale inndelinger"(Regional Classifications).http://www.ssb.no/english/subjects/02/01/10/beftett_en/</ExternalDocument>
      </ExternalDocumentGrp>
      <ChangesGrp>
        <Change xml:lang="nn">http://www.ssb.no/befolkning/statistikker/beftett/aar/2015-12-11?fane=tabell&amp;sort=nummer&amp;tabell=248690</Change>
        <Change xml:lang="nb">http://www.ssb.no/befolkning/statistikker/beftett/aar/2015-12-11?fane=tabell&amp;sort=nummer&amp;tabell=248690

</Change>
        <Change xml:lang="en">http://www.ssb.no/befolkning/statistikker/beftett/aar/2015-12-11?fane=tabell&amp;sort=nummer&amp;tabell=248690</Change>
      </ChangesGrp>
      <DerivedFromGrp>
        <DerviedFrom xml:lang="nn">Ikkje relevant</DerviedFrom>
        <DerviedFrom xml:lang="nb">Ikke relevant</DerviedFrom>
        <DerviedFrom xml:lang="en">Not relevant</DerviedFrom>
      </DerivedFromGrp>
      <LegalBaseGrp>
        <LegalBase xml:lang="nn">Ikkje relevant</LegalBase>
        <LegalBase xml:lang="nb">Ikke relevant</LegalBase>
        <LegalBase xml:lang="en">Not relevant</LegalBase>
      </LegalBaseGrp>
      <Level levelNumber="1" id="urn:ssb:classlevel:stabas:9136105" codeStructure="9999">
        <TitleGrp>
          <Title xml:lang="nn">Tettstader 2015: Tettstad</Title>
          <Title xml:lang="nb">Tettsteder 2015: Tettsted</Title>
          <Title xml:lang="en">Urban settlements 2015: Urban settlement</Title>
        </TitleGrp>
        <CodelistReference>urn:ssb:codelist:stabas:9136105</CodelistReference>
      </Level>
    </ClassificationVersion>
    <ClassificationVersion id="urn:ssb:classversion:stabas:9354201" isCurrentVersion="false" validFrom="2014-01-01" validTo="2014-12-31" isUnderConstruction="false" updatesPossible="false" disseminationAllowed="true" lastChangedDate="2016-02-08" showIntranet="true" showInternet="true">
      <TitleGrp>
        <Title xml:lang="nn">Tettstader 2014</Title>
        <Title xml:lang="nb">Tettsteder 2014</Title>
        <Title xml:lang="en">Urban settlements 2014</Title>
      </TitleGrp>
      <DescriptionGrp>
        <Description xml:lang="nn">Ei hussamling skal registreres som tettstad dersom det bur minst 200 personar der. Avstanden mellom husa skal normalt ikkje overstig 50 meter. Det er gjeve høve til eit skjønsmessig avvik utover 50 meter mellom husa i områder som ikkje skal eller kan byggjes. Dette kan f.eks. være parkar, idrettsanlegg, industriområder eller naturlege hindringer som elver eller dyrkbare områder. Husklyngjer som naturleg høyrer med til tettstaden tas med inntil ein avstand på 400 meter frå tettstadskjernen.</Description>
        <Description xml:lang="nb">En hussamling skal registreres som tettsted dersom det bor minst 200 personer der. Avstanden mellom husene skal normalt ikke overstige 50 meter. Det er tillatt med et skjønnsmessig avvik utover 50 meter mellom husene i områder som ikke skal eller kan bebygges. Dette kan f.eks. være parker, idrettsanlegg, industriområder eller naturlige hindringer som elver eller dyrkbare områder. Husklynger som naturlig hører med til tettstedet tas med inntil en avstand på 400 meter fra tettstedskjernen.</Description>
        <Description xml:lang="en">A cluster of buildings shall be registered as an urban settlement if it is inhabited by at least 200 persons. The distance between the buildings shall normally not exceed 50 metres. Distances more than 50 metres are allowed in areas that can not or should not be build up. This may for example be parks, facilities for sports, industrial areas and natural barriers such as rivers or arable land. Smaller clusters of buildings that naturally belong to the urban settlement should be included if situated in a distance up to 400 metres from the main urban settlement.</Description>
      </DescriptionGrp>
      <IntroductionGrp>
        <Indtroduction xml:lang="nn">Ikkje relevant</Indtroduction>
        <Indtroduction xml:lang="nb">Ikke relevant</Indtroduction>
        <Indtroduction xml:lang="en">Not relevant</Indtroduction>
      </IntroductionGrp>
      <ContactInformation>
        <Person xmlns="http://www.ssb.no/ns/meta/common">hhe</Person>
        <Division xmlns="http://www.ssb.no/ns/meta/common">320</Division>
      </ContactInformation>
      <ExternalDocumentGrp>
        <ExternalDocument xml:lang="nn">Rapp.  86/11 "Statistikk for tettsteder" og http://www.ssb.no/emner/00/00/20/nos_c513/ http://www.ssb.no/emner/02/01/10/beftett/</ExternalDocument>
        <ExternalDocument xml:lang="nb">Rapp.  86/11 "Statistikk for tettsteder" og http://www.ssb.no/emner/00/00/20/nos_c513/ http://www.ssb.no/emner/02/01/10/beftett/</ExternalDocument>
        <ExternalDocument xml:lang="en">Rapporter 86/11 "Statistikk for tettsteder" (Statistics for urban settlements) and http://www.ssb.no/emner/00/00/20/nos_c513/The NOS-publication (C 513) "Regionale inndelinger"(Regional Classifications).http://www.ssb.no/english/subjects/02/01/10/beftett_en/</ExternalDocument>
      </ExternalDocumentGrp>
      <ChangesGrp>
        <Change xml:lang="nn">http://www.ssb.no/befolkning/statistikker/beftett/aar/2015-04-09?fane=tabell&amp;sort=nummer&amp;tabell=222761</Change>
        <Change xml:lang="nb">http://www.ssb.no/befolkning/statistikker/beftett/aar/2015-04-09?fane=tabell&amp;sort=nummer&amp;tabell=222761</Change>
        <Change xml:lang="en">http://www.ssb.no/befolkning/statistikker/beftett/aar/2015-04-09?fane=tabell&amp;sort=nummer&amp;tabell=222761</Change>
      </ChangesGrp>
      <DerivedFromGrp>
        <DerviedFrom xml:lang="nn">Ikkje relevant</DerviedFrom>
        <DerviedFrom xml:lang="nb">Ikke relevant</DerviedFrom>
        <DerviedFrom xml:lang="en">Not relevant</DerviedFrom>
      </DerivedFromGrp>
      <LegalBaseGrp>
        <LegalBase xml:lang="nn">Ikkje relevant</LegalBase>
        <LegalBase xml:lang="nb">Ikke relevant</LegalBase>
        <LegalBase xml:lang="en">Not relevant</LegalBase>
      </LegalBaseGrp>
      <Level levelNumber="1" id="urn:ssb:classlevel:stabas:9354205" codeStructure="9999">
        <TitleGrp>
          <Title xml:lang="nn">Tettstader 2014: Tettstad</Title>
          <Title xml:lang="nb">Tettsteder 2014: Tettsted</Title>
          <Title xml:lang="en">Urban settlements 2014: Urban settlement</Title>
        </TitleGrp>
        <CodelistReference>urn:ssb:codelist:stabas:9354205</CodelistReference>
      </Level>
    </ClassificationVersion>
    <ClassificationVersion id="urn:ssb:classversion:stabas:9104101" isCurrentVersion="false" validFrom="2013-01-01" validTo="2013-12-31" isUnderConstruction="false" updatesPossible="false" disseminationAllowed="true" lastChangedDate="2015-04-30" showIntranet="true" showInternet="true">
      <TitleGrp>
        <Title xml:lang="nn">Tettstader 2013</Title>
        <Title xml:lang="nb">Tettsteder 2013</Title>
        <Title xml:lang="en">Urban settlements 2013</Title>
      </TitleGrp>
      <DescriptionGrp>
        <Description xml:lang="nn">Ei hussamling skal registreres som tettstad dersom det bur minst 200 personar der. Avstanden mellom husa skal normalt ikkje overstig 50 meter. Det er gjeve høve til eit skjønsmessig avvik utover 50 meter mellom husa i områder som ikkje skal eller kan byggjes. Dette kan f.eks. være parkar, idrettsanlegg, industriområder eller naturlege hindringer som elver eller dyrkbare områder. Husklyngjer som naturleg høyrer med til tettstaden tas med inntil ein avstand på 400 meter frå tettstadskjernen.</Description>
        <Description xml:lang="nb">En hussamling skal registreres som tettsted dersom det bor minst 200 personer der. Avstanden mellom husene skal normalt ikke overstige 50 meter. Det er tillatt med et skjønnsmessig avvik utover 50 meter mellom husene i områder som ikke skal eller kan bebygges. Dette kan f.eks. være parker, idrettsanlegg, industriområder eller naturlige hindringer som elver eller dyrkbare områder. Husklynger som naturlig hører med til tettstedet tas med inntil en avstand på 400 meter fra tettstedskjernen.</Description>
        <Description xml:lang="en">A cluster of buildings shall be registered as an urban settlement if it is inhabited by at least 200 persons. The distance between the buildings shall normally not exceed 50 metres. Distances more than 50 metres are allowed in areas that can not or should not be build up. This may for example be parks, facilities for sports, industrial areas and natural barriers such as rivers or arable land. Smaller clusters of buildings that naturally belong to the urban settlement should be included if situated in a distance up to 400 metres from the main urban settlement.</Description>
      </DescriptionGrp>
      <IntroductionGrp>
        <Indtroduction xml:lang="nn">Ikkje relevant</Indtroduction>
        <Indtroduction xml:lang="nb">Ikke relevant</Indtroduction>
        <Indtroduction xml:lang="en">Not relevant</Indtroduction>
      </IntroductionGrp>
      <ContactInformation>
        <Person xmlns="http://www.ssb.no/ns/meta/common">hhe</Person>
        <Division xmlns="http://www.ssb.no/ns/meta/common">320</Division>
      </ContactInformation>
      <ExternalDocumentGrp>
        <ExternalDocument xml:lang="nn">Rapp.  86/11 "Statistikk for tettsteder" og http://www.ssb.no/emner/00/00/20/nos_c513/ http://www.ssb.no/emner/02/01/10/beftett/</ExternalDocument>
        <ExternalDocument xml:lang="nb">Rapp.  86/11 "Statistikk for tettsteder" og http://www.ssb.no/emner/00/00/20/nos_c513/ http://www.ssb.no/emner/02/01/10/beftett/</ExternalDocument>
        <ExternalDocument xml:lang="en">Rapporter 86/11 "Statistikk for tettsteder" (Statistics for urban settlements) and http://www.ssb.no/emner/00/00/20/nos_c513/The NOS-publication (C 513) "Regionale inndelinger"(Regional Classifications).http://www.ssb.no/english/subjects/02/01/10/beftett_en/</ExternalDocument>
      </ExternalDocumentGrp>
      <ChangesGrp>
        <Change xml:lang="nn">http://www.ssb.no/befolkning/statistikker/beftett/aar/2014-07-01?fane=tabell&amp;sort=nummer&amp;tabell=184411</Change>
        <Change xml:lang="nb">http://www.ssb.no/befolkning/statistikker/beftett/aar/2014-07-01?fane=tabell&amp;sort=nummer&amp;tabell=184411</Change>
        <Change xml:lang="en">http://www.ssb.no/befolkning/statistikker/beftett/aar/2014-07-01?fane=tabell&amp;sort=nummer&amp;tabell=184411</Change>
      </ChangesGrp>
      <DerivedFromGrp>
        <DerviedFrom xml:lang="nn">Ikkje relevant</DerviedFrom>
        <DerviedFrom xml:lang="nb">Ikke relevant</DerviedFrom>
        <DerviedFrom xml:lang="en">Not relevant</DerviedFrom>
      </DerivedFromGrp>
      <LegalBaseGrp>
        <LegalBase xml:lang="nn">Ikkje relevant</LegalBase>
        <LegalBase xml:lang="nb">Ikke relevant</LegalBase>
        <LegalBase xml:lang="en">Not relevant</LegalBase>
      </LegalBaseGrp>
      <Level levelNumber="1" id="urn:ssb:classlevel:stabas:9104105" codeStructure="9999">
        <TitleGrp>
          <Title xml:lang="nn">Tettstader 2013: Tettstad</Title>
          <Title xml:lang="nb">Tettsteder 2013: Tettsted</Title>
          <Title xml:lang="en">Urban settlements 2013: Urban settlement</Title>
        </TitleGrp>
        <CodelistReference>urn:ssb:codelist:stabas:9104105</CodelistReference>
      </Level>
    </ClassificationVersion>
    <ClassificationVersion id="urn:ssb:classversion:stabas:8494401" isCurrentVersion="false" validFrom="2012-01-01" validTo="2012-12-31" isUnderConstruction="false" updatesPossible="false" disseminationAllowed="true" lastChangedDate="2014-08-07" showIntranet="true" showInternet="true">
      <TitleGrp>
        <Title xml:lang="nn">Tettstader 2012</Title>
        <Title xml:lang="nb">Tettsteder 2012</Title>
        <Title xml:lang="en">Urban settlements 2012</Title>
      </TitleGrp>
      <DescriptionGrp>
        <Description xml:lang="nn">Ei hussamling skal registreres som tettstad dersom det bur minst 200 personar der. Avstanden mellom husa skal normalt ikkje overstig 50 meter. Det er gjeve høve til eit skjønsmessig avvik utover 50 meter mellom husa i områder som ikkje skal eller kan byggjes. Dette kan f.eks. være parkar, idrettsanlegg, industriområder eller naturlege hindringer som elver eller dyrkbare områder. Husklyngjer som naturleg høyrer med til tettstaden tas med inntil ein avstand på 400 meter frå tettstadskjernen.</Description>
        <Description xml:lang="nb">En hussamling skal registreres som tettsted dersom det bor minst 200 personer der. Avstanden mellom husene skal normalt ikke overstige 50 meter. Det er tillatt med et skjønnsmessig avvik utover 50 meter mellom husene i områder som ikke skal eller kan bebygges. Dette kan f.eks. være parker, idrettsanlegg, industriområder eller naturlige hindringer som elver eller dyrkbare områder. Husklynger som naturlig hører med til tettstedet tas med inntil en avstand på 400 meter fra tettstedskjernen.</Description>
        <Description xml:lang="en">A cluster of buildings shall be registered as an urban settlement if it is inhabited by at least 200 persons. The distance between the buildings shall normally not exceed 50 metres. Distances more than 50 metres are allowed in areas that can not or should not be build up. This may for example be parks, facilities for sports, industrial areas and natural barriers such as rivers or arable land. Smaller clusters of buildings that naturally belong to the urban settlement should be included if situated in a distance up to 400 metres from the main urban settlement.</Description>
      </DescriptionGrp>
      <IntroductionGrp>
        <Indtroduction xml:lang="nn">Ikkje relevant</Indtroduction>
        <Indtroduction xml:lang="nb">Ikke relevant</Indtroduction>
        <Indtroduction xml:lang="en">Not relevant</Indtroduction>
      </IntroductionGrp>
      <ContactInformation>
        <Person xmlns="http://www.ssb.no/ns/meta/common">hhe</Person>
        <Division xmlns="http://www.ssb.no/ns/meta/common">320</Division>
      </ContactInformation>
      <ExternalDocumentGrp>
        <ExternalDocument xml:lang="nn">Rapp.  86/11 "Statistikk for tettsteder" og http://www.ssb.no/emner/00/00/20/nos_c513/ http://www.ssb.no/emner/02/01/10/beftett/</ExternalDocument>
        <ExternalDocument xml:lang="nb">Rapp.  86/11 "Statistikk for tettsteder" og http://www.ssb.no/emner/00/00/20/nos_c513/ http://www.ssb.no/emner/02/01/10/beftett/</ExternalDocument>
        <ExternalDocument xml:lang="en">Rapporter 86/11 "Statistikk for tettsteder" (Statistics for urban settlements) and http://www.ssb.no/emner/00/00/20/nos_c513/The NOS-publication (C 513) "Regionale inndelinger"(Regional Classifications).http://www.ssb.no/english/subjects/02/01/10/beftett_en/</ExternalDocument>
      </ExternalDocumentGrp>
      <ChangesGrp>
        <Change xml:lang="nn">Endringar i 2012. Utgår: 2593 Rånerudåsen 7722 Drag.  Nye: 0587 Setskog  2046 Sollihøgda  2523 Rønningåsen  3572 Høvåg 3631 Valle 4043 Hægeland 4044 Slettebrotane 8015 Fagernes</Change>
        <Change xml:lang="nb">Endringer i 2012. Utgår: 2593 Rånerudåsen 7722 Drag.  Nye: 0587 Setskog  2046 Sollihøgda  2523 Rønningåsen  3572 Høvåg 3631 Valle 4043 Hægeland 4044 Slettebrotane 8015 Fagernes</Change>
        <Change xml:lang="en">Changes in 2012: Cancelled: 2593 Rånerudåsen 7722 Drag.  News: 0587 Setskog  2046 Sollihøgda  2523 Rønningåsen  3572 Høvåg 3631 Valle 4043 Hægeland 4044 Slettebrotane 8015 Fagernes</Change>
      </ChangesGrp>
      <DerivedFromGrp>
        <DerviedFrom xml:lang="nn">Ikkje relevant</DerviedFrom>
        <DerviedFrom xml:lang="nb">Ikke relevant</DerviedFrom>
        <DerviedFrom xml:lang="en">Not relevant</DerviedFrom>
      </DerivedFromGrp>
      <LegalBaseGrp>
        <LegalBase xml:lang="nn">Ikkje relevant</LegalBase>
        <LegalBase xml:lang="nb">Ikke relevant</LegalBase>
        <LegalBase xml:lang="en">Not relevant</LegalBase>
      </LegalBaseGrp>
      <Level levelNumber="1" id="urn:ssb:classlevel:stabas:8494405" codeStructure="9999">
        <TitleGrp>
          <Title xml:lang="nn">Tettstader 2012: Tettstad</Title>
          <Title xml:lang="nb">Tettsteder 2012: Tettsted</Title>
          <Title xml:lang="en">Urban settlements 2012: Urban settlement</Title>
        </TitleGrp>
        <CodelistReference>urn:ssb:codelist:stabas:8494405</CodelistReference>
      </Level>
    </ClassificationVersion>
    <ClassificationVersion id="urn:ssb:classversion:stabas:7880001" isCurrentVersion="false" validFrom="2011-01-01" validTo="2011-12-31" isUnderConstruction="false" updatesPossible="false" disseminationAllowed="true" lastChangedDate="2012-09-12" showIntranet="true" showInternet="true">
      <TitleGrp>
        <Title xml:lang="nn">Tettstader 2011</Title>
        <Title xml:lang="nb">Tettsteder 2011</Title>
        <Title xml:lang="en">Urban settlements 2011</Title>
      </TitleGrp>
      <DescriptionGrp>
        <Description xml:lang="nn">Ei hussamling skal registreres som tettstad dersom det bur minst 200 personar der. Avstanden mellom husa skal normalt ikkje overstig 50 meter. Det er gjeve høve til eit skjønsmessig avvik utover 50 meter mellom husa i områder som ikkje skal eller kan byggjes. Dette kan f.eks. være parkar, idrettsanlegg, industriområder eller naturlege hindringer som elver eller dyrkbare områder. Husklyngjer som naturleg høyrer med til tettstaden tas med inntil ein avstand på 400 meter frå tettstadskjernen.</Description>
        <Description xml:lang="nb">En hussamling skal registreres som tettsted dersom det bor minst 200 personer der. Avstanden mellom husene skal normalt ikke overstige 50 meter. Det er tillatt med et skjønnsmessig avvik utover 50 meter mellom husene i områder som ikke skal eller kan bebygges. Dette kan f.eks. være parker, idrettsanlegg, industriområder eller naturlige hindringer som elver eller dyrkbare områder. Husklynger som naturlig hører med til tettstedet tas med inntil en avstand på 400 meter fra tettstedskjernen.</Description>
        <Description xml:lang="en">A cluster of buildings shall be registered as an urban settlement if it is inhabited by at least 200 persons. The distance between the buildings shall normally not exceed 50 metres. Distances more than 50 metres are allowed in areas that can not or should not be build up. This may for example be parks, facilities for sports, industrial areas and natural barriers such as rivers or arable land. Smaller clusters of buildings that naturally belong to the urban settlement should be included if situated in a distance up to 400 metres from the main urban settlement.</Description>
      </DescriptionGrp>
      <IntroductionGrp>
        <Indtroduction xml:lang="nn">Ikkje relevant</Indtroduction>
        <Indtroduction xml:lang="nb">Ikke relevant</Indtroduction>
        <Indtroduction xml:lang="en">Not relevant</Indtroduction>
      </IntroductionGrp>
      <ContactInformation>
        <Person xmlns="http://www.ssb.no/ns/meta/common">hhe</Person>
        <Division xmlns="http://www.ssb.no/ns/meta/common">320</Division>
      </ContactInformation>
      <ExternalDocumentGrp>
        <ExternalDocument xml:lang="nn">Rapp.  86/11 "Statistikk for tettsteder" og http://www.ssb.no/emner/00/00/20/nos_c513/ http://www.ssb.no/emner/02/01/10/beftett/ </ExternalDocument>
        <ExternalDocument xml:lang="nb">Rapp.  86/11 "Statistikk for tettsteder" og http://www.ssb.no/emner/00/00/20/nos_c513/ http://www.ssb.no/emner/02/01/10/beftett/</ExternalDocument>
        <ExternalDocument xml:lang="en">Rapporter 86/11 "Statistikk for tettsteder" (Statistics for urban settlements) and http://www.ssb.no/emner/00/00/20/nos_c513/The NOS-publication (C 513) "Regionale inndelinger"(Regional Classifications).http://www.ssb.no/english/subjects/02/01/10/beftett_en/</ExternalDocument>
      </ExternalDocumentGrp>
      <ChangesGrp>
        <Change xml:lang="nn">Endringar i 2011. Utgår: 1063 Knapper 1094 Bergesiden 2599 Gretteåsen 3572 Høvåg og 6692 Trøa.    Nye: 0195 Tomb 0214 Rød  0506 Hvitsten 0514 Skotbu 1028 Stavsjø 1103 Sønsterud 1516 Monssveen 1733 Heggenes 2522 Vollen  2593 Rånerudåsen  4054 Brennåsen 4131 Helle 4694 Østenstad 4695 Padlene 5144 Oma 5623 Flekke 5652 Farsund 6143 Stetteremma 6250 Trondshaugen 6657 Storsand 7634 Alternes 7722 Drag	 
</Change>
        <Change xml:lang="nb">Endringer i 2011. Utgår: 1063 Knapper 1094 Bergesiden 2599 Gretteåsen 3572 Høvåg og 6692 Trøa.    Nye: 0195 Tomb 0214 Rød  0506 Hvitsten 0514 Skotbu 1028 Stavsjø 1103 Sønsterud 1516 Monssveen 1733 Heggenes 2522 Vollen  2593 Rånerudåsen  4054 Brennåsen 4131 Helle 4694 Østenstad 4695 Padlene 5144 Oma 5623 Flekke 5652 Farsund 6143 Stetteremma 6250 Trondshaugen 6657 Storsand 7634 Alternes 7722 Drag	 

</Change>
        <Change xml:lang="en">Changes in 2011. Cancelled: 1063 Knapper 1094 Bergesiden 2599 Gretteåsen 3572 Høvåg og 6692 Trøa.    News: 0195 Tomb 0214 Rød  0506 Hvitsten 0514 Skotbu 1028 Stavsjø 1103 Sønsterud 1516 Monssveen 1733 Heggenes 2522 Vollen  2593 Rånerudåsen  4054 Brennåsen 4131 Helle 4694 Østenstad 4695 Padlene 5144 Oma 5623 Flekke 5652 Farsund 6143 Stetteremma 6250 Trondshaugen 6657 Storsand 7634 Alternes 7722 Drag	</Change>
      </ChangesGrp>
      <DerivedFromGrp>
        <DerviedFrom xml:lang="nn">Ikkje relevant</DerviedFrom>
        <DerviedFrom xml:lang="nb">Ikke relevant</DerviedFrom>
        <DerviedFrom xml:lang="en">Not relevant</DerviedFrom>
      </DerivedFromGrp>
      <LegalBaseGrp>
        <LegalBase xml:lang="nn">Ikkje relevant</LegalBase>
        <LegalBase xml:lang="nb">Ikke relevant</LegalBase>
        <LegalBase xml:lang="en">Not relevant</LegalBase>
      </LegalBaseGrp>
      <Level levelNumber="1" id="urn:ssb:classlevel:stabas:7880003" codeStructure="9999">
        <TitleGrp>
          <Title xml:lang="nn">Tettstader 2011: Tettstad</Title>
          <Title xml:lang="nb">Tettsteder 2011: Tettsted</Title>
          <Title xml:lang="en">Urban settlements 2011: Urban settlement</Title>
        </TitleGrp>
        <CodelistReference>urn:ssb:codelist:stabas:7880003</CodelistReference>
      </Level>
    </ClassificationVersion>
    <ClassificationVersion id="urn:ssb:classversion:stabas:6084001" isCurrentVersion="false" validFrom="2009-01-01" validTo="2010-12-31" isUnderConstruction="false" updatesPossible="false" disseminationAllowed="true" lastChangedDate="2011-06-22" showIntranet="true" showInternet="true">
      <TitleGrp>
        <Title xml:lang="nn">Tettstader 2009</Title>
        <Title xml:lang="nb">Tettsteder 2009</Title>
        <Title xml:lang="en">Urban settlements 2009</Title>
      </TitleGrp>
      <DescriptionGrp>
        <Description xml:lang="nn">Ei hussamling skal registreres som tettstad dersom det bur minst 200 personar der. Avstanden mellom husa skal normalt ikkje overstig 50 meter. Det er gjeve høve til eit skjønsmessig avvik utover 50 meter mellom husa i områder som ikkje skal eller kan byggjes. Dette kan f.eks. være parkar, idrettsanlegg, industriområder eller naturlege hindringer som elver eller dyrkbare områder. Husklyngjer som naturleg høyrer med til tettstaden tas med inntil ein avstand på 400 meter frå tettstadskjernen.</Description>
        <Description xml:lang="nb">En hussamling skal registreres som tettsted dersom det bor minst 200 personer der. Avstanden mellom husene skal normalt ikke overstige 50 meter. Det er tillatt med et skjønnsmessig avvik utover 50 meter mellom husene i områder som ikke skal eller kan bebygges. Dette kan f.eks. være parker, idrettsanlegg, industriområder eller naturlige hindringer som elver eller dyrkbare områder. Husklynger som naturlig hører med til tettstedet tas med inntil en avstand på 400 meter fra tettstedskjernen.</Description>
        <Description xml:lang="en">A cluster of buildings shall be registered as an urban settlement if it is inhabited by at least 200 persons. The distance between the buildings shall normally not exceed 50 metres. Distances more than 50 metres are allowed in areas that can not or should not be build up. This may for example be parks, facilities for sports, industrial areas and natural barriers such as rivers or arable land. Smaller clusters of buildings that naturally belong to the urban settlement should be included if situated in a distance up to 400 metres from the main urban settlement.</Description>
      </DescriptionGrp>
      <IntroductionGrp>
        <Indtroduction xml:lang="nn">Ikkje relevant</Indtroduction>
        <Indtroduction xml:lang="nb">Ikke relevant</Indtroduction>
        <Indtroduction xml:lang="en">Not relevant</Indtroduction>
      </IntroductionGrp>
      <ContactInformation>
        <Person xmlns="http://www.ssb.no/ns/meta/common">hhe</Person>
        <Division xmlns="http://www.ssb.no/ns/meta/common">320</Division>
      </ContactInformation>
      <ExternalDocumentGrp>
        <ExternalDocument xml:lang="nn">Rapporter 86/11 "Statistikk for tettsteder" og http://www.ssb.no/emner/00/00/20/nos_c513/</ExternalDocument>
        <ExternalDocument xml:lang="nb">Rapp.  86/11 "Statistikk for tettsteder" og http://www.ssb.no/emner/00/00/20/nos_c513/ http://www.ssb.no/emner/02/01/10/beftett/</ExternalDocument>
        <ExternalDocument xml:lang="en">Rapporter 86/11 "Statistikk for tettsteder" (Statistics for urban settlements) and http://www.ssb.no/emner/00/00/20/nos_c513/The NOS-publication (C 513) "Regionale inndelinger"(Regional Classifications).http://www.ssb.no/english/subjects/02/01/10/beftett_en/</ExternalDocument>
      </ExternalDocumentGrp>
      <ChangesGrp>
        <Change xml:lang="nn">Endringar i 2009.  Utgår: 1751 Bruflat, 2522 Vollen og 7811 Skrova.</Change>
        <Change xml:lang="nb">Endringer i 2009. Utgår: 1751 Bruflat, 2522 Vollen og 7811 Skrova.</Change>
        <Change xml:lang="en">Changes in 2009. Cancelled: 1751 Bruflat, 2522 Vollen og 7811 Skrova.</Change>
      </ChangesGrp>
      <DerivedFromGrp>
        <DerviedFrom xml:lang="nn">Ikkje relevant</DerviedFrom>
        <DerviedFrom xml:lang="nb">Ikke relevant</DerviedFrom>
        <DerviedFrom xml:lang="en">Not relevant</DerviedFrom>
      </DerivedFromGrp>
      <LegalBaseGrp>
        <LegalBase xml:lang="nn">Ikkje relevant</LegalBase>
        <LegalBase xml:lang="nb">Ikke relevant</LegalBase>
        <LegalBase xml:lang="en">Not relevant</LegalBase>
      </LegalBaseGrp>
      <Level levelNumber="1" id="urn:ssb:classlevel:stabas:6084005" codeStructure="9999">
        <TitleGrp>
          <Title xml:lang="nn">Tettstader 2009: Tettstad</Title>
          <Title xml:lang="nb">Tettsteder 2009: Tettsted</Title>
          <Title xml:lang="en">Urban settlements 2009: Urban settlement</Title>
        </TitleGrp>
        <CodelistReference>urn:ssb:codelist:stabas:6084005</CodelistReference>
      </Level>
    </ClassificationVersion>
    <ClassificationVersion id="urn:ssb:classversion:stabas:5496001" isCurrentVersion="false" validFrom="2008-01-01" validTo="2008-12-31" isUnderConstruction="false" updatesPossible="false" disseminationAllowed="true" lastChangedDate="2009-07-03" showIntranet="true" showInternet="true">
      <TitleGrp>
        <Title xml:lang="nn">Tettstader 2008</Title>
        <Title xml:lang="nb">Tettsteder 2008</Title>
        <Title xml:lang="en">Urban settlements 2008</Title>
      </TitleGrp>
      <DescriptionGrp>
        <Description xml:lang="nn">Ei hussamling skal registreres som tettstad dersom det bur minst 200 personar der. Avstanden mellom husa skal normalt ikkje overstig 50 meter. Det er gjeve høve til eit skjønsmessig avvik utover 50 meter mellom husa i områder som ikkje skal eller kan byggjes. Dette kan f.eks. være parkar, idrettsanlegg, industriområder eller naturlege hindringer som elver eller dyrkbare områder. Husklyngjer som naturleg høyrer med til tettstaden tas med inntil ein avstand på 400 meter frå tettstadskjernen.</Description>
        <Description xml:lang="nb">En hussamling skal registreres som tettsted dersom det bor minst 200 personer der. Avstanden mellom husene skal normalt ikke overstige 50 meter. Det er tillatt med et skjønnsmessig avvik utover 50 meter mellom husene i områder som ikke skal eller kan bebygges. Dette kan f.eks. være parker, idrettsanlegg, industriområder eller naturlige hindringer som elver eller dyrkbare områder. Husklynger som naturlig hører med til tettstedet tas med inntil en avstand på 400 meter fra tettstedskjernen.</Description>
        <Description xml:lang="en">A cluster of buildings shall be registered as an urban settlement if it is inhabited by at least 200 persons. The distance between the buildings shall normally not exceed 50 metres. Distances more than 50 metres are allowed in areas that can not or should not be build up. This may for example be parks, facilities for sports, industrial areas and natural barriers such as rivers or arable land. Smaller clusters of buildings that naturally belong to the urban settlement should be included if situated in a distance up to 400 metres from the main urban settlement.</Description>
      </DescriptionGrp>
      <IntroductionGrp>
        <Indtroduction xml:lang="nn">Ikkje relevant</Indtroduction>
        <Indtroduction xml:lang="nb">Ikke relevant</Indtroduction>
        <Indtroduction xml:lang="en">Not relevant</Indtroduction>
      </IntroductionGrp>
      <ContactInformation>
        <Person xmlns="http://www.ssb.no/ns/meta/common">hhe</Person>
        <Division xmlns="http://www.ssb.no/ns/meta/common">320</Division>
      </ContactInformation>
      <ExternalDocumentGrp>
        <ExternalDocument xml:lang="nn">Rapporter 86/11 "Statistikk for tettsteder" og http://www.ssb.no/emner/00/00/20/nos_c513/</ExternalDocument>
        <ExternalDocument xml:lang="nb">Rapp.  86/11 "Statistikk for tettsteder" og http://www.ssb.no/emner/00/00/20/nos_c513/ http://www.ssb.no/emner/02/01/10/beftett/</ExternalDocument>
        <ExternalDocument xml:lang="en">Rapporter 86/11 "Statistikk for tettsteder" (Statistics for urban settlements) and http://www.ssb.no/emner/00/00/20/nos_c513/The NOS-publication (C 513) "Regionale inndelinger"(Regional Classifications).http://www.ssb.no/english/subjects/02/01/10/beftett_en/</ExternalDocument>
      </ExternalDocumentGrp>
      <ChangesGrp>
        <Change xml:lang="nn">Endringar i 2008. Nye tettstedar: 0206 Møvik, 1732 Beitostølen, 1751 Bruflat, 2072 Svøo, 2522 Vollen, 2599 Gretteåsen, 4083 Svennevik, 4771 Forsand, 6292 Glærem, 6506 Bratsberg, 6670 Viggja,  7163 Svalia og 7664 Eidbukta. Utgår: 0222 Knapstad, 0658 Algarheim, 2593 Rånerudåsen, 4503 Hestnes, 6007 Røbekk, 7701 Røsvik, 7672 Sørarnøya og 8125 Fjordgard. Ny skrivemåte: 6504 Ringvål, tidlegare Ringvol.</Change>
        <Change xml:lang="nb">Endringer i 2008. Nye tettsteder: 0206 Møvik, 1732 Beitostølen, 1751 Bruflat, 2072 Svøo, 2522 Vollen, 2599 Gretteåsen, 4083 Svennevik, 4771 Forsand, 6292 Glærem, 6506 Bratsberg, 6670 Viggja, 7163 Svalia og 7664 Eidbukta. Utgår: 0222 Knapstad, 0658 Algarheim, 2593 Rånerudåsen, 4503 Hestnes, 6007 Røbekk, 7701 Røsvik, 7672 Sørarnøya og 8125 Fjordgard. Ny skrivemåte: 6504 Ringvål, tidligere Ringvol.</Change>
        <Change xml:lang="en">Changes in 2008. New: 0206 Møvik, 1732 Beitostølen, 1751 Bruflat, 2072 Svøo, 2522 Vollen, 2599 Gretteåsen, 4083 Svennevik, 4771 Forsand, 6292 Glærem, 6506 Bratsberg, 6670 Viggja, 7163 Svalia and 7664 Eidbukta. Cancelled: 0222 Knapstad, 0658 Algarheim, 2593 Rånerudåsen, 4503 Hestnes, 6007 Røbekk, 7701 Røsvik, 7672 Sørarnøya and 8125 Fjordgard.  New spelling: 6504 Ringvål, previous Ringvol.

</Change>
      </ChangesGrp>
      <DerivedFromGrp>
        <DerviedFrom xml:lang="nn">Ikkje relevant</DerviedFrom>
        <DerviedFrom xml:lang="nb">Ikke relevant</DerviedFrom>
        <DerviedFrom xml:lang="en">Not relevant</DerviedFrom>
      </DerivedFromGrp>
      <LegalBaseGrp>
        <LegalBase xml:lang="nn">Ikkje relevant</LegalBase>
        <LegalBase xml:lang="nb">Ikke relevant</LegalBase>
        <LegalBase xml:lang="en">Not relevant</LegalBase>
      </LegalBaseGrp>
      <Level levelNumber="1" id="urn:ssb:classlevel:stabas:5496005" codeStructure="9999">
        <TitleGrp>
          <Title xml:lang="nn">Tettstader 2008: Tettstad</Title>
          <Title xml:lang="nb">Tettsteder 2008: Tettsted</Title>
          <Title xml:lang="en">Urban settlements 2008: Urban settlement</Title>
        </TitleGrp>
        <CodelistReference>urn:ssb:codelist:stabas:5496005</CodelistReference>
      </Level>
    </ClassificationVersion>
    <ClassificationVersion id="urn:ssb:classversion:stabas:4826001" isCurrentVersion="false" validFrom="2007-01-01" validTo="2007-12-31" isUnderConstruction="false" updatesPossible="false" disseminationAllowed="true" lastChangedDate="2008-07-11" showIntranet="true" showInternet="true">
      <TitleGrp>
        <Title xml:lang="nn">Tettstader 2007</Title>
        <Title xml:lang="nb">Tettsteder 2007</Title>
        <Title xml:lang="en">Urban settlements 2007</Title>
      </TitleGrp>
      <DescriptionGrp>
        <Description xml:lang="nn">Ei hussamling skal registreres som tettstad dersom det bur minst 200 personar der. Avstanden mellom husa skal normalt ikkje overstig 50 meter. Det er gjeve høve til eit skjønsmessig avvik utover 50 meter mellom husa i områder som ikkje skal eller kan byggjes. Dette kan f.eks. være parkar, idrettsanlegg, industriområder eller naturlege hindringer som elver eller dyrkbare områder. Husklyngjer som naturleg høyrer med til tettstaden tas med inntil ein avstand på 400 meter frå tettstadskjernen.</Description>
        <Description xml:lang="nb">En hussamling skal registreres som tettsted dersom det bor minst 200 personer der. Avstanden mellom husene skal normalt ikke overstige 50 meter. Det er tillatt med et skjønnsmessig avvik utover 50 meter mellom husene i områder som ikke skal eller kan bebygges. Dette kan f.eks. være parker, idrettsanlegg, industriområder eller naturlige hindringer som elver eller dyrkbare områder. Husklynger som naturlig hører med til tettstedet tas med inntil en avstand på 400 meter fra tettstedskjernen.</Description>
        <Description xml:lang="en">A cluster of buildings shall be registered as an urban settlement if it is inhabited by at least 200 persons. The distance between the buildings shall normally not exceed 50 metres. Distances more than 50 metres are allowed in areas that can not or should not be build up. This may for example be parks, facilities for sports, industrial areas and natural barriers such as rivers or arable land. Smaller clusters of buildings that naturally belong to the urban settlement should be included if situated in a distance up to 400 metres from the main urban settlement.</Description>
      </DescriptionGrp>
      <IntroductionGrp>
        <Indtroduction xml:lang="nn">Ikkje relevant</Indtroduction>
        <Indtroduction xml:lang="nb">Ikke relevant</Indtroduction>
        <Indtroduction xml:lang="en">Not relevant</Indtroduction>
      </IntroductionGrp>
      <ContactInformation>
        <Person xmlns="http://www.ssb.no/ns/meta/common">hhe</Person>
        <Division xmlns="http://www.ssb.no/ns/meta/common">320</Division>
      </ContactInformation>
      <ExternalDocumentGrp>
        <ExternalDocument xml:lang="nn">Rapporter 86/11 "Statistikk for tettsteder" og http://www.ssb.no/emner/00/00/20/nos_c513/</ExternalDocument>
        <ExternalDocument xml:lang="nb">Rapp.  86/11 "Statistikk for tettsteder" og http://www.ssb.no/emner/00/00/20/nos_c513/ http://www.ssb.no/emner/02/01/10/beftett/</ExternalDocument>
        <ExternalDocument xml:lang="en">Rapporter 86/11 "Statistikk for tettsteder" (Statistics for urban settlements) and 
http://www.ssb.no/emner/00/00/20/nos_c513/
The NOS-publication (C 513) "Regionale inndelinger"(Regional Classifications).
http://www.ssb.no/english/subjects/02/01/10/beftett_en/</ExternalDocument>
      </ExternalDocumentGrp>
      <ChangesGrp>
        <Change xml:lang="nn">Endringar i 2007. Endringer i 2007. Nye tettsteder:1063 Knapper, 2593 Rånerudåsen, 3015 Hoppstad, 3572 Høvåg, 4503 Hestnes, 5145 Ploganes, 5246 Leknes, 6232 Hollingen, 6692 Trøa, 7096 Sakshaug, 7111 Sandvika, 7672 Sørarnøy, 8019 Kjosen. Utgår: 0507 Son/Store Brevik og 7022 Kopperå. Navneendring:Tidlegare namn:: 4005 Justvik  -  nytt namn: 4005 Gjusvik.Tidlegare namn:: 6581 Å - nytt namn: 6581 Å i Åfjord. Tidlegare namn: 7711 Hamarøy - nytt namn: 7711 Oppeid.




</Change>
        <Change xml:lang="nb">Endringer i 2007. Nye tettsteder:1063 Knapper, 2593 Rånerudåsen, 3015 Hoppstad, 3572 Høvåg, 4503 Hestnes, 5145 Ploganes, 5246 Leknes, 6232 Hollingen, 6692 Trøa, 7096 Sakshaug, 7111 Sandvika, 7672 Sørarnøy, 8019 Kjosen. Utgår: 0507 Son/Store Brevik og 7022 Kopperå. Navneendringer. Tidligere navn: 4005 Justvik - nytt navn: 4005 Gjusvik. Tidligere navn: 6581 Å - nytt navn: 6581 Å i Åfjord. Tidligere navn: 7711 Hamarøy - nytt navn: 7711 Oppeid


</Change>
        <Change xml:lang="en">Changes in 2007. New urban settlemants: 1063 Knapper, 2593 Rånerudåsen, 3015 Hoppstad, 3572 Høvåg, 4503 Hestnes, 5145 Ploganes, 5246 Leknes, 6232 Hollingen, 6692 Trøa, 7096 Sakshaug, 7111 Sandvika, 7672 Sørarnøy, 8019 Kjosen. Cancelled: 0507 Son/Store Brevik and 7022 Kopperå. Changed names: Old name: 4005 Justvik - new name: 4005 Gjusvik. Old name: 6581 Å - new name: 6581 Å i Åfjord. Old name: 7711 Hamarøy - new name: 7711 Oppeid
</Change>
      </ChangesGrp>
      <DerivedFromGrp>
        <DerviedFrom xml:lang="nn">Ikkje relevant</DerviedFrom>
        <DerviedFrom xml:lang="nb">Ikke relevant</DerviedFrom>
        <DerviedFrom xml:lang="en">Not relevant</DerviedFrom>
      </DerivedFromGrp>
      <LegalBaseGrp>
        <LegalBase xml:lang="nn">Ikkje relevant</LegalBase>
        <LegalBase xml:lang="nb">Ikke relevant</LegalBase>
        <LegalBase xml:lang="en">Not relevant</LegalBase>
      </LegalBaseGrp>
      <Level levelNumber="1" id="urn:ssb:classlevel:stabas:4826005" codeStructure="9999">
        <TitleGrp>
          <Title xml:lang="nn">Tettstader 2007: Tettstad</Title>
          <Title xml:lang="nb">Tettsteder 2007: Tettsted</Title>
          <Title xml:lang="en">Urban settlements 2007: Urban settlement</Title>
        </TitleGrp>
        <CodelistReference>urn:ssb:codelist:stabas:4826005</CodelistReference>
      </Level>
    </ClassificationVersion>
    <ClassificationVersion id="urn:ssb:classversion:stabas:4617901" isCurrentVersion="false" validFrom="2006-01-01" validTo="2006-12-31" isUnderConstruction="false" updatesPossible="false" disseminationAllowed="true" lastChangedDate="2008-06-25" showIntranet="true" showInternet="true">
      <TitleGrp>
        <Title xml:lang="nn">Tettstader 2006</Title>
        <Title xml:lang="nb">Tettsteder 2006</Title>
        <Title xml:lang="en">Urban settlements 2006</Title>
      </TitleGrp>
      <DescriptionGrp>
        <Description xml:lang="nn">Ei hussamling skal registreres som tettstad dersom det bur minst 200 personar der. Avstanden mellom husa skal normalt ikkje overstig 50 meter. Det er gjeve høve til eit skjønsmessig avvik utover 50 meter mellom husa i områder som ikkje skal eller kan byggjes. Dette kan f.eks. være parkar, idrettsanlegg, industriområder eller naturlege hindringer som elver eller dyrkbare områder. Husklyngjer som naturleg høyrer med til tettstaden tas med inntil ein avstand på 400 meter frå tettstadskjernen.</Description>
        <Description xml:lang="nb">En hussamling skal registreres som tettsted dersom det bor minst 200 personer der. Avstanden mellom husene skal normalt ikke overstige 50 meter. Det er tillatt med et skjønnsmessig avvik utover 50 meter mellom husene i områder som ikke skal eller kan bebygges. Dette kan f.eks. være parker, idrettsanlegg, industriområder eller naturlige hindringer som elver eller dyrkbare områder. Husklynger som naturlig hører med til tettstedet tas med inntil en avstand på 400 meter fra tettstedskjernen.</Description>
        <Description xml:lang="en">A cluster of buildings shall be registered as an urban settlement if it is inhabited by at least 200 persons. The distance between the buildings shall normally not exceed 50 metres. Distances more than 50 metres are allowed in areas that can not or should not be build up. This may for example be parks, facilities for sports, industrial areas and natural barriers such as rivers or arable land. Smaller clusters of buildings that naturally belong to the urban settlement should be included if situated in a distance up to 400 metres from the main urban settlement.</Description>
      </DescriptionGrp>
      <IntroductionGrp>
        <Indtroduction xml:lang="nn">Ikkje relevant</Indtroduction>
        <Indtroduction xml:lang="nb">Ikke relevant</Indtroduction>
        <Indtroduction xml:lang="en">Not relevant</Indtroduction>
      </IntroductionGrp>
      <ContactInformation>
        <Person xmlns="http://www.ssb.no/ns/meta/common">hhe</Person>
        <Division xmlns="http://www.ssb.no/ns/meta/common">320</Division>
      </ContactInformation>
      <ExternalDocumentGrp>
        <ExternalDocument xml:lang="nn">Rapporter 86/11 "Statistikk for tettsteder" og 
http://www.ssb.no/emner/00/00/20/nos_c513/</ExternalDocument>
        <ExternalDocument xml:lang="nb">Rapp.  86/11 "Statistikk for tettsteder" og http://www.ssb.no/emner/00/00/20/nos_c513/ http://www.ssb.no/emner/02/01/10/beftett/</ExternalDocument>
        <ExternalDocument xml:lang="en">Rapporter 86/11 "Statistikk for tettsteder" (Statistics for urban settlements) and 
http://www.ssb.no/emner/00/00/20/nos_c513/
The NOS-publication (C 513) "Regionale inndelinger"(Regional Classifications).
http://www.ssb.no/english/subjects/02/01/10/beftett_en/</ExternalDocument>
      </ExternalDocumentGrp>
      <ChangesGrp>
        <Change xml:lang="nn">Endringar i 2006: Utgåtte tettstedar: 2593 Rånerudåsen, 7672 Sørarnøy, 8033 Tovik, 8561 Sørvær.
Endring av namn: Tidlegare namn: 4005 Gjusvik Nytt namn: 4005 Justvik</Change>
        <Change xml:lang="nb">Endringer i 2006. Utgåtte tettsteder: 2593 Rånerudåsen, 7672 Sørarnøy, 8033 Tovik, 8561 Sørvær. 

Navnendring :Tidligere: 4005 Gjusvik	Nytt navn: 4005 Justvik
	
</Change>
        <Change xml:lang="en">Changes in 2006. Cancelled : 2593 Rånerudåsen, 7672 Sørarnøy, 8033 Tovik, 8561 Sørvær.
Changed name: Old name: 4005 Gjusvik. New name: 4005 Justvik
	
</Change>
      </ChangesGrp>
      <DerivedFromGrp>
        <DerviedFrom xml:lang="nn">Ikkje relevant</DerviedFrom>
        <DerviedFrom xml:lang="nb">Ikke relevant</DerviedFrom>
        <DerviedFrom xml:lang="en">Not relevant</DerviedFrom>
      </DerivedFromGrp>
      <LegalBaseGrp>
        <LegalBase xml:lang="nn">Ikkje relevant</LegalBase>
        <LegalBase xml:lang="nb">Ikke relevant</LegalBase>
        <LegalBase xml:lang="en">Not relevant</LegalBase>
      </LegalBaseGrp>
      <Level levelNumber="1" id="urn:ssb:classlevel:stabas:4617905" codeStructure="9999">
        <TitleGrp>
          <Title xml:lang="nn">Tettstader 2006: Tettstad</Title>
          <Title xml:lang="nb">Tettsteder 2006: Tettsted</Title>
          <Title xml:lang="en">Urban settlements 2006: Urban settlement</Title>
        </TitleGrp>
        <CodelistReference>urn:ssb:codelist:stabas:4617905</CodelistReference>
      </Level>
    </ClassificationVersion>
    <ClassificationVersion id="urn:ssb:classversion:stabas:4140101" isCurrentVersion="false" validFrom="2005-01-01" validTo="2005-12-31" isUnderConstruction="false" updatesPossible="false" disseminationAllowed="true" lastChangedDate="2007-01-09" showIntranet="true" showInternet="true">
      <TitleGrp>
        <Title xml:lang="nn">Tettstader 2005</Title>
        <Title xml:lang="nb">Tettsteder 2005</Title>
        <Title xml:lang="en">Urban settlements 2005</Title>
      </TitleGrp>
      <DescriptionGrp>
        <Description xml:lang="nn">Ei hussamling skal registreres som tettstad dersom det bur minst 200 personar der. Avstanden mellom husa skal normalt ikkje overstig 50 meter. Det er gjeve høve til eit skjønsmessig avvik utover 50 meter mellom husa i områder som ikkje skal eller kan byggjes. Dette kan f.eks. være parkar, idrettsanlegg, industriområder eller naturlege hindringer som elver eller dyrkbare områder. Husklyngjer som naturleg høyrer med til tettstaden tas med inntil ein avstand på 400 meter frå tettstadskjernen.</Description>
        <Description xml:lang="nb">En hussamling skal registreres som tettsted dersom det bor minst 200 personer der. Avstanden mellom husene skal normalt ikke overstige 50 meter. Det er tillatt med et skjønnsmessig avvik utover 50 meter mellom husene i områder som ikke skal eller kan bebygges. Dette kan f.eks. være parker, idrettsanlegg, industriområder eller naturlige hindringer som elver eller dyrkbare områder. Husklynger som naturlig hører med til tettstedet tas med inntil en avstand på 400 meter fra tettstedskjernen.</Description>
        <Description xml:lang="en">A cluster of buildings shall be registered as an urban settlement if it is inhabited by at least 200 persons. The distance between the buildings shall normally not exceed 50 metres. Distances more than 50 metres are allowed in areas that can not or should not be build up. This may for example be parks, facilities for sports, industrial areas and natural barriers such as rivers or arable land. Smaller clusters of buildings that naturally belong to the urban settlement should be included if situated in a distance up to 400 metres from the main urban settlement.</Description>
      </DescriptionGrp>
      <IntroductionGrp>
        <Indtroduction xml:lang="nn">Ikkje relevant</Indtroduction>
        <Indtroduction xml:lang="nb">Ikke relevant</Indtroduction>
        <Indtroduction xml:lang="en">Not relevant</Indtroduction>
      </IntroductionGrp>
      <ContactInformation>
        <Person xmlns="http://www.ssb.no/ns/meta/common">hhe</Person>
        <Division xmlns="http://www.ssb.no/ns/meta/common">320</Division>
      </ContactInformation>
      <ExternalDocumentGrp>
        <ExternalDocument xml:lang="nn">Rapporter 86/11 "Statistikk for tettsteder" og 
http://www.ssb.no/emner/00/00/20/nos_c513/</ExternalDocument>
        <ExternalDocument xml:lang="nb">Rapp.  86/11 "Statistikk for tettsteder" og http://www.ssb.no/emner/00/00/20/nos_c513/ http://www.ssb.no/emner/02/01/10/beftett/</ExternalDocument>
        <ExternalDocument xml:lang="en">Rapporter 86/11 "Statistikk for tettsteder" (Statistics for urban settlements) and 
http://www.ssb.no/emner/00/00/20/nos_c513/
The NOS-publication (C 513) "Regionale inndelinger"(Regional Classifications).
http://www.ssb.no/english/subjects/02/01/10/beftett_en/</ExternalDocument>
      </ExternalDocumentGrp>
      <DerivedFromGrp>
        <DerviedFrom xml:lang="nn">Ikkje relevant</DerviedFrom>
        <DerviedFrom xml:lang="nb">Ikke relevant</DerviedFrom>
        <DerviedFrom xml:lang="en">Not relevant</DerviedFrom>
      </DerivedFromGrp>
      <LegalBaseGrp>
        <LegalBase xml:lang="nn">Ikkje relevant</LegalBase>
        <LegalBase xml:lang="nb">Ikke relevant</LegalBase>
        <LegalBase xml:lang="en">Not relevant</LegalBase>
      </LegalBaseGrp>
      <Level levelNumber="1" id="urn:ssb:classlevel:stabas:4140105" codeStructure="9999">
        <TitleGrp>
          <Title xml:lang="nn">Tettstader 2005: Tettstad</Title>
          <Title xml:lang="nb">Tettsteder 2005: Tettsted</Title>
          <Title xml:lang="en">Urban settlements 2005: Urban settlement</Title>
        </TitleGrp>
        <CodelistReference>urn:ssb:codelist:stabas:4140105</CodelistReference>
      </Level>
    </ClassificationVersion>
    <ClassificationVersion id="urn:ssb:classversion:stabas:2963901" isCurrentVersion="false" validFrom="2004-01-01" validTo="2004-12-31" isUnderConstruction="false" updatesPossible="false" disseminationAllowed="true" lastChangedDate="2006-11-28" showIntranet="true" showInternet="true">
      <TitleGrp>
        <Title xml:lang="nn">Tettstader 2004</Title>
        <Title xml:lang="nb">Tettsteder 2004</Title>
        <Title xml:lang="en">Urban settlements 2004</Title>
      </TitleGrp>
      <DescriptionGrp>
        <Description xml:lang="nn">Ei hussamling skal registreres som tettstad dersom det bur minst 200 personar der. Avstanden mellom husa skal normalt ikkje overstig 50 meter. Det er gjeve høve til eit skjønsmessig avvik utover 50 meter mellom husa i områder som ikkje skal eller kan byggjes. Dette kan f.eks. være parkar, idrettsanlegg, industriområder eller naturlege hindringer som elver eller dyrkbare områder. Husklyngjer som naturleg høyrer med til tettstaden tas med inntil ein avstand på 400 meter frå tettstadskjernen.</Description>
        <Description xml:lang="nb">En hussamling skal registreres som tettsted dersom det bor minst 200 personer der. Avstanden mellom husene skal normalt ikke overstige 50 meter. Det er tillatt med et skjønnsmessig avvik utover 50 meter mellom husene i områder som ikke skal eller kan bebygges. Dette kan f.eks. være parker, idrettsanlegg, industriområder eller naturlige hindringer som elver eller dyrkbare områder. Husklynger som naturlig hører med til tettstedet tas med inntil en avstand på 400 meter fra tettstedskjernen.</Description>
        <Description xml:lang="en">A cluster of buildings shall be registered as an urban settlement if it is inhabited by at least 200 persons. The distance between the buildings shall normally not exceed 50 metres. Distances more than 50 metres are allowed in areas that can not or should not be build up. This may for example be parks, facilities for sports, industrial areas and natural barriers such as rivers or arable land. Smaller clusters of buildings that naturally belong to the urban settlement should be included if situated in a distance up to 400 metres from the main urban settlement.</Description>
      </DescriptionGrp>
      <IntroductionGrp>
        <Indtroduction xml:lang="nn">Ikkje relevant</Indtroduction>
        <Indtroduction xml:lang="nb">Ikke relevant</Indtroduction>
        <Indtroduction xml:lang="en">Not relevant</Indtroduction>
      </IntroductionGrp>
      <ContactInformation>
        <Person xmlns="http://www.ssb.no/ns/meta/common">hhe</Person>
        <Division xmlns="http://www.ssb.no/ns/meta/common">320</Division>
      </ContactInformation>
      <ExternalDocumentGrp>
        <ExternalDocument xml:lang="nn">Rapporter 86/11 "Statistikk for tettsteder" og 
http://www.ssb.no/emner/00/00/20/nos_c513/</ExternalDocument>
        <ExternalDocument xml:lang="nb">Rapp.  86/11 "Statistikk for tettsteder" og http://www.ssb.no/emner/00/00/20/nos_c513/ http://www.ssb.no/emner/02/01/10/beftett/</ExternalDocument>
        <ExternalDocument xml:lang="en">Rapporter 86/11 "Statistikk for tettsteder" (Statistics for urban settlements) and 
http://www.ssb.no/emner/00/00/20/nos_c513/
The NOS-publication (C 513) "Regionale inndelinger"(Regional Classifications).
http://www.ssb.no/english/subjects/02/01/10/beftett_en/</ExternalDocument>
      </ExternalDocumentGrp>
      <DerivedFromGrp>
        <DerviedFrom xml:lang="nn">Ikkje relevant</DerviedFrom>
        <DerviedFrom xml:lang="nb">Ikke relevant</DerviedFrom>
        <DerviedFrom xml:lang="en">Not relevant</DerviedFrom>
      </DerivedFromGrp>
      <LegalBaseGrp>
        <LegalBase xml:lang="nn">Ikkje relevant</LegalBase>
        <LegalBase xml:lang="nb">Ikke relevant</LegalBase>
        <LegalBase xml:lang="en">Not relevant</LegalBase>
      </LegalBaseGrp>
      <Level levelNumber="1" id="urn:ssb:classlevel:stabas:2963908" codeStructure="9999">
        <TitleGrp>
          <Title xml:lang="nn">Tettstader 2004: Tettstad</Title>
          <Title xml:lang="nb">Tettsteder 2004: Tettsted</Title>
          <Title xml:lang="en">Urban settlements 2004: Urban settlement</Title>
        </TitleGrp>
        <CodelistReference>urn:ssb:codelist:stabas:2963908</CodelistReference>
      </Level>
    </ClassificationVersion>
    <ClassificationVersion id="urn:ssb:classversion:stabas:1485597" isCurrentVersion="false" validFrom="2003-01-01" validTo="2003-12-31" isUnderConstruction="false" updatesPossible="false" disseminationAllowed="true" lastChangedDate="2006-11-28" showIntranet="true" showInternet="true">
      <TitleGrp>
        <Title xml:lang="nn">Tettstader 2003</Title>
        <Title xml:lang="nb">Tettsteder 2003</Title>
        <Title xml:lang="en">Urban settlements 2003</Title>
      </TitleGrp>
      <DescriptionGrp>
        <Description xml:lang="nn">Ei hussamling skal registreres som tettstad dersom det bur minst 200 personar der. Avstanden mellom husa skal normalt ikkje overstig 50 meter. Det er gjeve høve til eit skjønsmessig avvik utover 50 meter mellom husa i områder som ikkje skal eller kan byggjes. Dette kan f.eks. være parkar, idrettsanlegg, industriområder eller naturlege hindringer som elver eller dyrkbare områder. Husklyngjer som naturleg høyrer med til tettstaden tas med inntil ein avstand på 400 meter frå tettstadskjernen.</Description>
        <Description xml:lang="nb">En hussamling skal registreres som tettsted dersom det bor minst 200 personer der. Avstanden mellom husene skal normalt ikke overstige 50 meter. Det er tillatt med et skjønnsmessig avvik utover 50 meter mellom husene i områder som ikke skal eller kan bebygges. Dette kan f.eks. være parker, idrettsanlegg, industriområder eller naturlige hindringer som elver eller dyrkbare områder. Husklynger som naturlig hører med til tettstedet tas med inntil en avstand på 400 meter fra tettstedskjernen.</Description>
        <Description xml:lang="en">A cluster of buildings shall be registered as an urban settlement if it is inhabited by at least 200 persons. The distance between the buildings shall normally not exceed 50 metres. Distances more than 50 metres are allowed in areas that can not or should not be build up. This may for example be parks, facilities for sports, industrial areas and natural barriers such as rivers or arable land. Smaller clusters of buildings that naturally belong to the urban settlement should be included if situated in a distance up to 400 metres from the main urban settlement.</Description>
      </DescriptionGrp>
      <IntroductionGrp>
        <Indtroduction xml:lang="nn">Ikkje relevant</Indtroduction>
        <Indtroduction xml:lang="nb">Ikke relevant</Indtroduction>
        <Indtroduction xml:lang="en">Not relevant</Indtroduction>
      </IntroductionGrp>
      <ContactInformation>
        <Person xmlns="http://www.ssb.no/ns/meta/common">hhe</Person>
        <Division xmlns="http://www.ssb.no/ns/meta/common">320</Division>
      </ContactInformation>
      <ExternalDocumentGrp>
        <ExternalDocument xml:lang="nn">Rapporter 86/11 "Statistikk for tettsteder" 
http://www.ssb.no/emner/00/00/20/nos_c513/
</ExternalDocument>
        <ExternalDocument xml:lang="nb">Rapporter 86/11 "Statistikk for tettsteder" og http://www.ssb.no/emner/00/00/20/nos_c513/</ExternalDocument>
        <ExternalDocument xml:lang="en">Rapporter 86/11 "Statistikk for tettsteder" (Statistics for urban settlements) 
http://www.ssb.no/emner/00/00/20/nos_c513/ 
The NOS-publication (C 513) Regionale inndelinger"(Regional Classifications).</ExternalDocument>
      </ExternalDocumentGrp>
      <DerivedFromGrp>
        <DerviedFrom xml:lang="nn">Ikkje relevant</DerviedFrom>
        <DerviedFrom xml:lang="nb">Ikke relevant</DerviedFrom>
        <DerviedFrom xml:lang="en">Not relevant</DerviedFrom>
      </DerivedFromGrp>
      <LegalBaseGrp>
        <LegalBase xml:lang="nn">Ikkje relevant</LegalBase>
        <LegalBase xml:lang="nb">Ikke relevant</LegalBase>
        <LegalBase xml:lang="en">Not relevant</LegalBase>
      </LegalBaseGrp>
      <Level levelNumber="1" id="urn:ssb:classlevel:stabas:1485704" codeStructure="9999">
        <TitleGrp>
          <Title xml:lang="nn">Tettstader 2003: Tettstad</Title>
          <Title xml:lang="nb">Tettsteder 2003: Tettsted</Title>
          <Title xml:lang="en">Urban settlements 2003: Urban settlement</Title>
        </TitleGrp>
        <CodelistReference>urn:ssb:codelist:stabas:1485704</CodelistReference>
      </Level>
    </ClassificationVersion>
    <ClassificationVersion id="urn:ssb:classversion:stabas:1357970" isCurrentVersion="false" validFrom="2002-01-01" validTo="2002-12-31" isUnderConstruction="false" updatesPossible="false" disseminationAllowed="true" lastChangedDate="2006-11-28" showIntranet="true" showInternet="true">
      <TitleGrp>
        <Title xml:lang="nn">Tettstader 2002</Title>
        <Title xml:lang="nb">Tettsteder 2002</Title>
        <Title xml:lang="en">Urban settlements 2002</Title>
      </TitleGrp>
      <DescriptionGrp>
        <Description xml:lang="nn">Ei hussamling skal registreres som tettstad dersom det bur minst 200 personar der. Avstanden mellom husa skal normalt ikkje overstig 50 meter. Det er gjeve høve til eit skjønsmessig avvik utover 50 meter mellom husa i områder som ikkje skal eller kan byggjes. Dette kan f.eks. være parkar, idrettsanlegg, industriområder eller naturlege hindringer som elver eller dyrkbare områder. Husklyngjer som naturleg høyrer med til tettstaden tas med inntil ein avstand på 400 meter frå tettstadskjernen.</Description>
        <Description xml:lang="nb">En hussamling skal registreres som tettsted dersom det bor minst 200 personer der. Avstanden mellom husene skal normalt ikke overstige 50 meter. Det er tillatt med et skjønnsmessig avvik utover 50 meter mellom husene i områder som ikke skal eller kan bebygges. Dette kan f.eks. være parker, idrettsanlegg, industriområder eller naturlige hindringer som elver eller dyrkbare områder. Husklynger som naturlig hører med til tettstedet tas med inntil en avstand på 400 meter fra tettstedskjernen.</Description>
        <Description xml:lang="en">A cluster of buildings shall be registered as an urban settlement if it is inhabited by at least 200 persons. The distance between the buildings shall normally not exceed 50 metres. Distances more than 50 metres are allowed in areas that can not or should not be build up. This may for example be parks, facilities for sports, industrial areas and natural barriers such as rivers or arable land. Smaller clusters of buildings that naturally belong to the urban settlement should be included if situated in a distance up to 400 metres from the main urban settlement.</Description>
      </DescriptionGrp>
      <IntroductionGrp>
        <Indtroduction xml:lang="nn">Ikkje relevant</Indtroduction>
        <Indtroduction xml:lang="nb">Ikke relevant</Indtroduction>
        <Indtroduction xml:lang="en">Not relevant</Indtroduction>
      </IntroductionGrp>
      <ContactInformation>
        <Person xmlns="http://www.ssb.no/ns/meta/common">hhe</Person>
        <Division xmlns="http://www.ssb.no/ns/meta/common">320</Division>
      </ContactInformation>
      <ExternalDocumentGrp>
        <ExternalDocument xml:lang="nn">Rapporter 86/11 "Statistikk for tettsteder" og NOS-publikasjonen (C 513) "Regionale inndelinger"</ExternalDocument>
        <ExternalDocument xml:lang="nb">Rapporter 86/11 "Statistikk for tettsteder" og NOS-publikasjonen (C 513) "Regionale inndelinger"</ExternalDocument>
        <ExternalDocument xml:lang="en">Rapporter 86/11 "Statistikk for tettsteder" (Statistics for urban settlements) and the NOS-publication (C 513) "Regionale inndelinger"(Regional Classifications).</ExternalDocument>
      </ExternalDocumentGrp>
      <ChangesGrp>
        <Change xml:lang="nn">Ikkje relevant</Change>
        <Change xml:lang="nb">Ikke relevant</Change>
        <Change xml:lang="en">Not relevant</Change>
      </ChangesGrp>
      <DerivedFromGrp>
        <DerviedFrom xml:lang="nn">Ikkje relevant</DerviedFrom>
        <DerviedFrom xml:lang="nb">Ikke relevant</DerviedFrom>
        <DerviedFrom xml:lang="en">Not relevant</DerviedFrom>
      </DerivedFromGrp>
      <LegalBaseGrp>
        <LegalBase xml:lang="nn">Ikkje relevant</LegalBase>
        <LegalBase xml:lang="nb">Ikke relevant</LegalBase>
        <LegalBase xml:lang="en">Not relevant</LegalBase>
      </LegalBaseGrp>
      <Level levelNumber="1" id="urn:ssb:classlevel:stabas:1357977" codeStructure="9999">
        <TitleGrp>
          <Title xml:lang="nn">Tettstader 2002: Tettstad</Title>
          <Title xml:lang="nb">Tettsteder 2002: Tettsted</Title>
          <Title xml:lang="en">Urban settlements 2002: Urban settlement</Title>
        </TitleGrp>
        <CodelistReference>urn:ssb:codelist:stabas:1357977</CodelistReference>
      </Level>
    </ClassificationVersion>
  </ClassificationVersions>
</Classification>