<?xml version="1.0" encoding="utf-8"?>
<Classification xmlns:xsi="http://www.w3.org/2001/XMLSchema-instance" xmlns:xsd="http://www.w3.org/2001/XMLSchema" id="urn:ssb:classification:stabas:6880601" currentVersionId="urn:ssb:classversion:stabas:6880602" xmlns="http://www.ssb.no/ns/meta/classification">
  <TitleGrp>
    <Title xml:lang="nn">Standard for kjøretygruppe</Title>
    <Title xml:lang="nb">Standard for kjøretøygrupper</Title>
    <Title xml:lang="en">Classification  of vehicle groups</Title>
  </TitleGrp>
  <DescriptionGrp />
  <StatisticalUnitGrp>
    <StatisticalUnit xml:lang="nb">Kjøretøy</StatisticalUnit>
  </StatisticalUnitGrp>
  <OwnerGrp />
  <SubjectArea>10</SubjectArea>
  <ClassificationVersions>
    <ClassificationVersion id="urn:ssb:classversion:stabas:6880602" isCurrentVersion="true" validFrom="2010-01-01" isUnderConstruction="false" updatesPossible="false" disseminationAllowed="true" lastChangedDate="2016-06-15" showIntranet="true" showInternet="true">
      <TitleGrp>
        <Title xml:lang="nn">Gruppering av kjørety</Title>
        <Title xml:lang="nb">Gruppering av kjøretøy</Title>
        <Title xml:lang="en">Standard for vehicle groups</Title>
      </TitleGrp>
      <DescriptionGrp>
        <Description xml:lang="nn">Ei inndeling av bilparken i grupper av kjørety i samsvar med kjøretyforskrifta av 4. oktober 1994 § 2-2 samt forskrift om eingangsavgift på motorvogner av 19. mars 2001. Kodene vert nytta i Kjøretyregisteret som vert drifta av Statens vegvesen Vegdirektoratet</Description>
        <Description xml:lang="nb">Inndeling av bilparken i kjøretøygrupper i samsvar med kjøretøyforskriften av 4. oktober 1994 § 2-2 samt forskrift om engangsavgift på motorvogner av 19. mars 2001. Kodene benyttes i Kjøretøyregisteret som driftes av Statens vegvesen Vegdirektoratet
</Description>
        <Description xml:lang="en">A division of the number of vehicles in Norway in accordance with the regulation of vehicles of the 4th of October 1994 § 2-2, and the regulation of the nonrecurring duty on motor vehicles of the 19th of March 2001. The codes are used in the Register of vehicles operated by the Directorate of Roads </Description>
      </DescriptionGrp>
      <IntroductionGrp>
        <Indtroduction xml:lang="nn">Ikkje relevant</Indtroduction>
        <Indtroduction xml:lang="nb">Ikke relevant</Indtroduction>
        <Indtroduction xml:lang="en">Not relevant</Indtroduction>
      </IntroductionGrp>
      <ContactInformation>
        <Person xmlns="http://www.ssb.no/ns/meta/common">aww</Person>
        <Division xmlns="http://www.ssb.no/ns/meta/common">440</Division>
      </ContactInformation>
      <ExternalDocumentGrp>
        <ExternalDocument xml:lang="nn">Ikkje relevant</ExternalDocument>
        <ExternalDocument xml:lang="nb">Ikke relevant</ExternalDocument>
        <ExternalDocument xml:lang="en">Not relevant</ExternalDocument>
      </ExternalDocumentGrp>
      <ChangesGrp>
        <Change xml:lang="nn">Ikkje relevant</Change>
        <Change xml:lang="nb">Ikke relevant</Change>
        <Change xml:lang="en">Not relevant</Change>
      </ChangesGrp>
      <DerivedFromGrp>
        <DerviedFrom xml:lang="nn">Ikkje relevant</DerviedFrom>
        <DerviedFrom xml:lang="nb">Ikke relevant</DerviedFrom>
        <DerviedFrom xml:lang="en">Not relevant</DerviedFrom>
      </DerivedFromGrp>
      <LegalBaseGrp>
        <LegalBase xml:lang="nn">Ikkje relevant</LegalBase>
        <LegalBase xml:lang="nb">Ikke relevant</LegalBase>
        <LegalBase xml:lang="en">Not relevant</LegalBase>
      </LegalBaseGrp>
      <Level levelNumber="1" id="urn:ssb:classlevel:stabas:6880620" codeStructure="999">
        <TitleGrp>
          <Title xml:lang="nn">Gruppering av kjørety</Title>
          <Title xml:lang="nb">Gruppering av kjøretøy: kode_1</Title>
          <Title xml:lang="en">Standard for vehicle groups</Title>
        </TitleGrp>
        <CodelistReference>urn:ssb:codelist:stabas:6880620</CodelistReference>
        <Level levelNumber="2" id="urn:ssb:classlevel:stabas:6880606" codeStructure="999">
          <TitleGrp>
            <Title xml:lang="nn">Gruppering av kjørety</Title>
            <Title xml:lang="nb">Gruppering av kjøretøy: kode_3</Title>
            <Title xml:lang="en">Standard for vehicle groups</Title>
          </TitleGrp>
          <CodelistReference>urn:ssb:codelist:stabas:6880606</CodelistReference>
        </Level>
      </Level>
    </ClassificationVersion>
  </ClassificationVersions>
</Classification>