<?xml version="1.0" encoding="utf-8"?>
<Classification xmlns:xsi="http://www.w3.org/2001/XMLSchema-instance" xmlns:xsd="http://www.w3.org/2001/XMLSchema" id="urn:ssb:classification:stabas:6944101" currentVersionId="urn:ssb:classversion:stabas:6944102" xmlns="http://www.ssb.no/ns/meta/classification">
  <TitleGrp>
    <Title xml:lang="nn">Standard for KOSTRA - kommunegruppering </Title>
    <Title xml:lang="nb">Standard for KOSTRA - kommunegruppering</Title>
    <Title xml:lang="en">Classifications of municipalities </Title>
  </TitleGrp>
  <DescriptionGrp>
    <Description xml:lang="nn">Kommunane er gruppert langs tre ulike dimensjonar: Folkemengd, bundne kostnader og frie disponible inntekter per innbyggjar. Klassifiseringa er gjort på grunnlag av data for 2003



</Description>
    <Description xml:lang="nb">Kommunene er gruppert langs tre ulike dimensjoner: Folkemengde, bundne kostnader og frie disponible inntekter per innbygger. Klassifiseringen er foretatt på grunnlag av data for 2003
</Description>
    <Description xml:lang="en">The municipalities are grouped according to three different dimensions: Population, restricted costs and unrestricted disposable income per capita. The classification is made on the basis of data for 2003. 

</Description>
  </DescriptionGrp>
  <StatisticalUnitGrp>
    <StatisticalUnit xml:lang="nn">Kommunar

</StatisticalUnit>
    <StatisticalUnit xml:lang="nb">Kommuner

</StatisticalUnit>
    <StatisticalUnit xml:lang="en">Municipalities
</StatisticalUnit>
  </StatisticalUnitGrp>
  <OwnerGrp>
    <Owner xml:lang="nn">Statistisk sentralbyrå (SSB) 
</Owner>
    <Owner xml:lang="nb">Statistisk sentralbyrå (SSB)
</Owner>
    <Owner xml:lang="en">Statistics Norway (SSB)</Owner>
  </OwnerGrp>
  <SubjectArea>00</SubjectArea>
  <ClassificationVersions>
    <ClassificationVersion id="urn:ssb:classversion:stabas:6944102" isCurrentVersion="true" validFrom="2004-06-15" isUnderConstruction="false" updatesPossible="false" disseminationAllowed="true" lastChangedDate="2011-09-02" showIntranet="true" showInternet="true">
      <TitleGrp>
        <Title xml:lang="nn">KOSTRA - kommunegruppering </Title>
        <Title xml:lang="nb">KOSTRA - kommunegruppering</Title>
        <Title xml:lang="en">Classifications of municipalities </Title>
      </TitleGrp>
      <DescriptionGrp>
        <Description xml:lang="nn">Kommunane er gruppert langs tre ulike dimensjonar: Folkemengd, bundne kostnader og frie disponible inntekter per innbyggjar. Klassifiseringa er gjort på grunnlag av data for 2003


</Description>
        <Description xml:lang="nb">Kommunene er gruppert langs tre ulike dimensjoner: Folkemengde, bundne kostnader og frie disponible inntekter per innbygger. Klassifiseringen er foretatt på grunnlag av data for 2003
</Description>
        <Description xml:lang="en">The municipalities are grouped according to three different dimensions: Population, restricted costs and unrestricted disposable income per capita. The classification is made on the basis of data for 2003. 

</Description>
      </DescriptionGrp>
      <IntroductionGrp>
        <Indtroduction xml:lang="nn">Ikkje relevant</Indtroduction>
        <Indtroduction xml:lang="nb">Ikke relevant</Indtroduction>
        <Indtroduction xml:lang="en">Not relevant</Indtroduction>
      </IntroductionGrp>
      <ContactInformation>
        <Person xmlns="http://www.ssb.no/ns/meta/common">tfl</Person>
        <Division xmlns="http://www.ssb.no/ns/meta/common">950</Division>
      </ContactInformation>
      <ExternalDocumentGrp>
        <ExternalDocument xml:lang="nn">Ikkje relevant</ExternalDocument>
        <ExternalDocument xml:lang="nb">Ikke relevant</ExternalDocument>
        <ExternalDocument xml:lang="en">Not relevant</ExternalDocument>
      </ExternalDocumentGrp>
      <ChangesGrp>
        <Change xml:lang="nn">Ikkje relevant</Change>
        <Change xml:lang="nb">Ikke relevant</Change>
        <Change xml:lang="en">Not relevant</Change>
      </ChangesGrp>
      <DerivedFromGrp>
        <DerviedFrom xml:lang="nn">Ikkje relevant</DerviedFrom>
        <DerviedFrom xml:lang="nb">Ikke relevant</DerviedFrom>
        <DerviedFrom xml:lang="en">Not relevant</DerviedFrom>
      </DerivedFromGrp>
      <LegalBaseGrp>
        <LegalBase xml:lang="nn">Ikkje relevant</LegalBase>
        <LegalBase xml:lang="nb">Ikke relevant</LegalBase>
        <LegalBase xml:lang="en">Not relevant</LegalBase>
      </LegalBaseGrp>
      <Level levelNumber="1" id="urn:ssb:classlevel:stabas:6944201" codeStructure="99">
        <TitleGrp>
          <Title xml:lang="nn">KOSTRA - kommunegruppering : Gruppe </Title>
          <Title xml:lang="nb">KOSTRA - kommunegruppering: Gruppe</Title>
          <Title xml:lang="en">Classifications of municipalities : Group</Title>
        </TitleGrp>
        <CodelistReference>urn:ssb:codelist:stabas:6944201</CodelistReference>
      </Level>
    </ClassificationVersion>
  </ClassificationVersions>
</Classification>