<?xml version="1.0" encoding="utf-8"?>
<Classification xmlns:xsi="http://www.w3.org/2001/XMLSchema-instance" xmlns:xsd="http://www.w3.org/2001/XMLSchema" id="urn:ssb:classification:stabas:8244001" currentVersionId="urn:ssb:classversion:stabas:8918119" xmlns="http://www.ssb.no/ns/meta/classification">
  <TitleGrp>
    <Title xml:lang="nn">Standard for kompetansekode (NUS)</Title>
    <Title xml:lang="nb">Standard for kurstrinnskode (NUS)</Title>
    <Title xml:lang="en">Classification for Competence code (NUS)</Title>
  </TitleGrp>
  <DescriptionGrp>
    <Description xml:lang="nb">Kurstrinnskoden etter Reform 94 og Kunnskapsløftet gir oversikt over de ulike kurstrinn innen videregående opplæring og teknisk fagskole. Se også pkt. 3.2.5. i NOS C 617 (under publikasjoner).
</Description>
  </DescriptionGrp>
  <StatisticalUnitGrp>
    <StatisticalUnit xml:lang="nb">Utdanningsaktiviteter som har en formell skolemessig ramme, innrettet mot en systematisk formidling av kunnskap og ferdigheter, og som har en viss lengde.
</StatisticalUnit>
  </StatisticalUnitGrp>
  <OwnerGrp>
    <Owner xml:lang="nn">Statistisk sentralbyrå (SSB)</Owner>
    <Owner xml:lang="nb">Statistisk sentralbyrå (SSB) </Owner>
    <Owner xml:lang="en">Statistics Norway</Owner>
  </OwnerGrp>
  <SubjectArea>04</SubjectArea>
  <ClassificationVersions>
    <ClassificationVersion id="urn:ssb:classversion:stabas:8918119" isCurrentVersion="true" validFrom="2014-01-01" validTo="2015-11-09" isUnderConstruction="false" updatesPossible="false" disseminationAllowed="true" lastChangedDate="2015-12-14" showIntranet="true" showInternet="true">
      <TitleGrp>
        <Title xml:lang="nn">Kurstrinnskode (NUS 2014/1)</Title>
        <Title xml:lang="nb">Kurstrinnskode (NUS 2014/1) ugyldig f.o.m. 9. nov 2015</Title>
        <Title xml:lang="en">Course level code (NUS 2014/1)</Title>
      </TitleGrp>
      <DescriptionGrp>
        <Description xml:lang="nn">Versjon  2014_1 er ikkje lenger gyldig, for oppdatert versjon av Norsk standard for utdanningsgruppering sjå: http://www.ssb.no/utdanning/norsk-standard-for-utdanningsgruppering
Kurstrinnskoden gir ei oversikt over dei ulike  kurstrinna innanfor vidaregåande opplæring og teknisk fagskole. </Description>
        <Description xml:lang="nb">Versjon  2014_1 er ikke lenger gyldig, for oppdatert versjon av Norsk standard for utdanningsgruppering se: http://www.ssb.no/utdanning/norsk-standard-for-utdanningsgruppering
Kurstrinnskoden etter Reform 94 og Kunnskapsløftet gir oversikt over de ulike kurstrinn innen videregående opplæring og teknisk fagskole.</Description>
        <Description xml:lang="en">NUS 2014/1 is available including 8 November 2015. The new version, applicable from 9 November 2015, is not available in Database for Standard Classifications.
The new version is available here: http://www.ssb.no/utdanning/norsk-standard-for-utdanningsgruppering
The course level code after Reform 94 / The Knowledge Promotion provides an overview of the different course levels at upper secondary and technical vocational school.</Description>
      </DescriptionGrp>
      <IntroductionGrp>
        <Indtroduction xml:lang="nn">NUS2000 inneheld, i tillegg til den sekssifra NUS-koden, også andre kodar knytte til utdanning. Kurstrinnskode er ei slik gruppering. Desse supplerer NUS2000-standarden, men har, med unntak av ISCED97, ikkje status som offisielle standardar i SSB.</Indtroduction>
        <Indtroduction xml:lang="nb">NUS2000 inneholder, i tillegg til den sekssifrede NUS-koden, også andre koder knyttet til utdanning. Kurstrinnskode er en slik gruppering. Disse supplerer NUS2000-standarden, men har, med unntak av ISCED97, ikke status som offisielle standarder i SSB.</Indtroduction>
        <Indtroduction xml:lang="en">In addition to the six digit NUS code, NUS2000 also consist of other codes concerning education. Course level is such a classification. These codes supplement the NUS2000 standard, but with exception from ISCED97, they do not have status as official standards in Statistics Norway.</Indtroduction>
      </IntroductionGrp>
      <ContactInformation>
        <Person xmlns="http://www.ssb.no/ns/meta/common">gki</Person>
        <Division xmlns="http://www.ssb.no/ns/meta/common">360</Division>
      </ContactInformation>
      <ExternalDocumentGrp>
        <ExternalDocument xml:lang="nn">http://www.ssb.no/utdanning/norsk-standard-for-utdanningsgruppering</ExternalDocument>
        <ExternalDocument xml:lang="nb">http://www.ssb.no/utdanning/norsk-standard-for-utdanningsgruppering</ExternalDocument>
        <ExternalDocument xml:lang="en">http://www.ssb.no/utdanning/norsk-standard-for-utdanningsgruppering</ExternalDocument>
      </ExternalDocumentGrp>
      <ChangesGrp>
        <Change xml:lang="nn">Ikkje relevant</Change>
        <Change xml:lang="nb">Ikke relevant</Change>
        <Change xml:lang="en">Not relevant</Change>
      </ChangesGrp>
      <DerivedFromGrp>
        <DerviedFrom xml:lang="nn">Ikkje relevant</DerviedFrom>
        <DerviedFrom xml:lang="nb">Ikke relevant</DerviedFrom>
        <DerviedFrom xml:lang="en">Not relevant</DerviedFrom>
      </DerivedFromGrp>
      <LegalBaseGrp>
        <LegalBase xml:lang="nn">1) 398 R 0577 Rådsforordning (EU) nr 577/98 av 9. mars 1998.  2) 32 000 R 1897 Kommisjonsforordning (EU) nr 1897/2000 av 7. september 2000.  3) 32 000 R 1575 Kommisjonsforordning (EU) nr 1575/2000 av 19. juli 2000. </LegalBase>
        <LegalBase xml:lang="nb">1) 398 R 0577 Rådsforordning (EU) nr 577/98 av 9. mars 1998.  2) 32 000 R 1897 Kommisjonsforordning (EU) nr 1897/2000 av 7. september 2000.  3) 32 000 R 1575 Kommisjonsforordning (EU) nr 1575/2000 av 19. juli 2000.</LegalBase>
        <LegalBase xml:lang="en">1) 398 R 0577 Council Regulation No 577/98 of 9 March 1998. 2) 32 000 R 1897 Commission Regulation No 1897/2000 of 7 September 2000. 3) 32 000 R 1575 Commission Regulation No 1575/2000 of 19 July 2000.</LegalBase>
      </LegalBaseGrp>
      <Level levelNumber="1" id="urn:ssb:classlevel:stabas:8918121" codeStructure="A">
        <TitleGrp>
          <Title xml:lang="nn">Kurstrinnskode (NUS 2014/1): Kurstrinnskode</Title>
          <Title xml:lang="nb">Kurstrinnskode (NUS 2014/1) ugyldig f.o.m. 9. nov 2015: Kurstrinnskode</Title>
          <Title xml:lang="en">Course level code (NUS 2014/1): Course step</Title>
        </TitleGrp>
        <CodelistReference>urn:ssb:codelist:stabas:8918121</CodelistReference>
        <Level levelNumber="2" id="urn:ssb:classlevel:stabas:8918123" codeStructure="999999">
          <TitleGrp>
            <Title xml:lang="nn">Kurstrinnskode (NUS 2014/1): Utdanningskode</Title>
            <Title xml:lang="nb">Kurstrinnskode (NUS 2014/1) ugyldig f.o.m. 9. nov 2015: Utdanningskode</Title>
            <Title xml:lang="en">Course level code (NUS 2014/1): Education code</Title>
          </TitleGrp>
          <CodelistReference>urn:ssb:codelist:stabas:8918123</CodelistReference>
        </Level>
      </Level>
    </ClassificationVersion>
    <ClassificationVersion id="urn:ssb:classversion:stabas:8771949" isCurrentVersion="false" validFrom="2013-07-01" validTo="2013-12-31" isUnderConstruction="false" updatesPossible="false" disseminationAllowed="true" lastChangedDate="2014-01-01" showIntranet="true" showInternet="true">
      <TitleGrp>
        <Title xml:lang="nn">Kurstrinnskode (NUS 2013/2)</Title>
        <Title xml:lang="nb">Kurstrinnskode (NUS 2013/2)</Title>
        <Title xml:lang="en">Course level code (NUS 2013/2)</Title>
      </TitleGrp>
      <DescriptionGrp>
        <Description xml:lang="nn">Kurstrinnskoden gir ei oversikt over dei ulike  kurstrinna innanfor vidaregåande opplæring og teknisk fagskole. Sjå også pkt. 3.2.9. Fagskoleutdanning NOS C 676 (under publikasjonar).</Description>
        <Description xml:lang="nb">Kurstrinnskoden etter Reform 94 og Kunnskapsløftet gir oversikt over de ulike kurstrinn innen videregående opplæring og teknisk fagskole. Se også pkt. 3.2.9 Fagskoleutdanning i NOS C 617 (under publikasjoner).</Description>
        <Description xml:lang="en">The course level code after Reform 94 / The Knowledge Promotion provides an overview of the different course levels at upper secondary and technical vocational school. See also 3.2.9. Vocational school education in NOS C 751 (under publications).</Description>
      </DescriptionGrp>
      <IntroductionGrp>
        <Indtroduction xml:lang="nn">NUS2000 inneheld, i tillegg til den sekssifra NUS-koden, også andre kodar knytte til utdanning. Kurstrinnskode er ei slik gruppering. Desse supplerer NUS2000-standarden, men har, med unntak av ISCED97, ikkje status som offisielle standardar i SSB.</Indtroduction>
        <Indtroduction xml:lang="nb">NUS2000 inneholder, i tillegg til den sekssifrede NUS-koden, også andre koder knyttet til utdanning. Kurstrinnskode er en slik gruppering. Disse supplerer NUS2000-standarden, men har, med unntak av ISCED97, ikke status som offisielle standarder i SSB.</Indtroduction>
        <Indtroduction xml:lang="en">In addition to the six digit NUS code, NUS2000 also consist of other codes concerning education. Course level is such a classification. These codes supplement the NUS2000 standard, but with exception from ISCED97, they do not have status as official standards in Statistics Norway.</Indtroduction>
      </IntroductionGrp>
      <ContactInformation>
        <Person xmlns="http://www.ssb.no/ns/meta/common">gki</Person>
        <Division xmlns="http://www.ssb.no/ns/meta/common">360</Division>
      </ContactInformation>
      <ExternalDocumentGrp>
        <ExternalDocument xml:lang="nn">NOS C 676   http://www.ssb.no/emner/04/90/nos_c617/nos_c676.pdf</ExternalDocument>
        <ExternalDocument xml:lang="nb">NOS C 617   http://www.ssb.no/emner/04/90/nos_c617/nos_c617.pdf</ExternalDocument>
        <ExternalDocument xml:lang="en">NOS C 751 http://www.ssb.no/english/subjects/04/90/nos_c751_en/nos_c751_en.pdf</ExternalDocument>
      </ExternalDocumentGrp>
      <ChangesGrp>
        <Change xml:lang="nn">Ikkje relevant</Change>
        <Change xml:lang="nb">Ikke relevant</Change>
        <Change xml:lang="en">Not relevant</Change>
      </ChangesGrp>
      <DerivedFromGrp>
        <DerviedFrom xml:lang="nn">Ikkje relevant</DerviedFrom>
        <DerviedFrom xml:lang="nb">Ikke relevant</DerviedFrom>
        <DerviedFrom xml:lang="en">Not relevant</DerviedFrom>
      </DerivedFromGrp>
      <LegalBaseGrp>
        <LegalBase xml:lang="nn">1) 398 R 0577 Rådsforordning (EU) nr 577/98 av 9. mars 1998.  2) 32 000 R 1897 Kommisjonsforordning (EU) nr 1897/2000 av 7. september 2000.  3) 32 000 R 1575 Kommisjonsforordning (EU) nr 1575/2000 av 19. juli 2000.</LegalBase>
        <LegalBase xml:lang="nb">1) 398 R 0577 Rådsforordning (EU) nr 577/98 av 9. mars 1998.  2) 32 000 R 1897 Kommisjonsforordning (EU) nr 1897/2000 av 7. september 2000.  3) 32 000 R 1575 Kommisjonsforordning (EU) nr 1575/2000 av 19. juli 2000.</LegalBase>
        <LegalBase xml:lang="en">1) 398 R 0577 Council Regulation No 577/98 of 9 March 1998. 2) 32 000 R 1897 Commission Regulation No 1897/2000 of 7 September 2000. 3) 32 000 R 1575 Commission Regulation No 1575/2000 of 19 July 2000.</LegalBase>
      </LegalBaseGrp>
      <Level levelNumber="1" id="urn:ssb:classlevel:stabas:8771951" codeStructure="A">
        <TitleGrp>
          <Title xml:lang="nn">Kurstrinnskode (NUS 2013/2): Kurstrinnskode</Title>
          <Title xml:lang="nb">Kurstrinnskode (NUS 2013/2): Kurstrinnskode</Title>
          <Title xml:lang="en">Course level code (NUS 2013/2): Course step</Title>
        </TitleGrp>
        <CodelistReference>urn:ssb:codelist:stabas:8771951</CodelistReference>
        <Level levelNumber="2" id="urn:ssb:classlevel:stabas:8771953" codeStructure="999999">
          <TitleGrp>
            <Title xml:lang="nn">Kurstrinnskode (NUS 2013/2): Utdanningskode</Title>
            <Title xml:lang="nb">Kurstrinnskode (NUS 2013/2): Utdanningskode</Title>
            <Title xml:lang="en">Course level code (NUS 2013/2): Education code</Title>
          </TitleGrp>
          <CodelistReference>urn:ssb:codelist:stabas:8771953</CodelistReference>
        </Level>
      </Level>
    </ClassificationVersion>
    <ClassificationVersion id="urn:ssb:classversion:stabas:8542891" isCurrentVersion="false" validFrom="2013-01-01" validTo="2013-06-30" isUnderConstruction="false" updatesPossible="false" disseminationAllowed="true" lastChangedDate="2013-07-01" showIntranet="true" showInternet="true">
      <TitleGrp>
        <Title xml:lang="nn">Kurstrinnskode (NUS 2013/1)</Title>
        <Title xml:lang="nb">Kurstrinnskode (NUS 2013/1)</Title>
        <Title xml:lang="en">Course level code (NUS 2013/1)</Title>
      </TitleGrp>
      <DescriptionGrp>
        <Description xml:lang="nn">Kurstrinnskoden gir ei oversikt over dei ulike  kurstrinna innanfor vidaregåande opplæring og teknisk fagskole. Sjå også pkt. 3.2.9. Fagskoleutdanning NOS C 676 (under publikasjonar).</Description>
        <Description xml:lang="nb">Kurstrinnskoden etter Reform 94 og Kunnskapsløftet gir oversikt over de ulike kurstrinn innen videregående opplæring og teknisk fagskole. Se også pkt. 3.2.9 Fagskoleutdanning i NOS C 617 (under publikasjoner).</Description>
        <Description xml:lang="en">The course level code after Reform 94 / The Knowledge Promotion provides an overview of the different course levels at upper secondary and technical vocational school. See also 3.2.9. Vocational school education in NOS C 751 (under publications).</Description>
      </DescriptionGrp>
      <IntroductionGrp>
        <Indtroduction xml:lang="nn">NUS2000 inneheld, i tillegg til den sekssifra NUS-koden, også andre kodar knytte til utdanning. Kurstrinnskode er ei slik gruppering. Desse supplerer NUS2000-standarden, men har, med unntak av ISCED97, ikkje status som offisielle standardar i SSB.</Indtroduction>
        <Indtroduction xml:lang="nb">NUS2000 inneholder, i tillegg til den sekssifrede NUS-koden, også andre koder knyttet til utdanning. Kurstrinnskode er en slik gruppering. Disse supplerer NUS2000-standarden, men har, med unntak av ISCED97, ikke status som offisielle standarder i SSB.</Indtroduction>
        <Indtroduction xml:lang="en">In addition to the six digit NUS code, NUS2000 also consist of other codes concerning education. Course level is such a classification. These codes supplement the NUS2000 standard, but with exception from ISCED97, they do not have status as official standards in Statistics Norway.</Indtroduction>
      </IntroductionGrp>
      <ContactInformation>
        <Person xmlns="http://www.ssb.no/ns/meta/common">gki</Person>
        <Division xmlns="http://www.ssb.no/ns/meta/common">360</Division>
      </ContactInformation>
      <ExternalDocumentGrp>
        <ExternalDocument xml:lang="nn">NOS C 676   http://www.ssb.no/emner/04/90/nos_c617/nos_c676.pdf</ExternalDocument>
        <ExternalDocument xml:lang="nb">NOS C 617   http://www.ssb.no/emner/04/90/nos_c617/nos_c617.pdf</ExternalDocument>
        <ExternalDocument xml:lang="en">NOS C 751 http://www.ssb.no/english/subjects/04/90/nos_c751_en/nos_c751_en.pdf</ExternalDocument>
      </ExternalDocumentGrp>
      <ChangesGrp>
        <Change xml:lang="nn">Ikkje relevant</Change>
        <Change xml:lang="nb">Ikke relevant</Change>
        <Change xml:lang="en">Not relevant</Change>
      </ChangesGrp>
      <DerivedFromGrp>
        <DerviedFrom xml:lang="nn">Ikkje relevant</DerviedFrom>
        <DerviedFrom xml:lang="nb">Ikke relevant</DerviedFrom>
        <DerviedFrom xml:lang="en">Not relevant</DerviedFrom>
      </DerivedFromGrp>
      <LegalBaseGrp>
        <LegalBase xml:lang="nn">1) 398 R 0577 Rådsforordning (EU) nr 577/98 av 9. mars 1998.  2) 32 000 R 1897 Kommisjonsforordning (EU) nr 1897/2000 av 7. september 2000.  3) 32 000 R 1575 Kommisjonsforordning (EU) nr 1575/2000 av 19. juli 2000 </LegalBase>
        <LegalBase xml:lang="nb">1) 398 R 0577 Rådsforordning (EU) nr 577/98 av 9. mars 1998.  2) 32 000 R 1897 Kommisjonsforordning (EU) nr 1897/2000 av 7. september 2000.  3) 32 000 R 1575 Kommisjonsforordning (EU) nr 1575/2000 av 19. juli 2000</LegalBase>
        <LegalBase xml:lang="en">1) 398 R 0577 Council Regulation No 577/98 of 9 March 1998. 2) 32 000 R 1897 Commission Regulation No 1897/2000 of 7 September 2000. 3) 32 000 R 1575 Commission Regulation No 1575/2000 of 19 July 2000.</LegalBase>
      </LegalBaseGrp>
      <Level levelNumber="1" id="urn:ssb:classlevel:stabas:8542893" codeStructure="A">
        <TitleGrp>
          <Title xml:lang="nn">Kurstrinnskode (NUS 2013/1): Kurstrinnskode</Title>
          <Title xml:lang="nb">Kurstrinnskode (NUS 2013/1): Kurstrinnskode</Title>
          <Title xml:lang="en">Course level code (NUS 2013/1): Course step</Title>
        </TitleGrp>
        <CodelistReference>urn:ssb:codelist:stabas:8542893</CodelistReference>
        <Level levelNumber="2" id="urn:ssb:classlevel:stabas:8542895" codeStructure="999999">
          <TitleGrp>
            <Title xml:lang="nn">Kurstrinnskode (NUS 2013/1): Utdanningskode</Title>
            <Title xml:lang="nb">Kurstrinnskode (NUS 2013/1): Utdanningskode</Title>
            <Title xml:lang="en">Course level code (NUS 2013/1): Education code</Title>
          </TitleGrp>
          <CodelistReference>urn:ssb:codelist:stabas:8542895</CodelistReference>
        </Level>
      </Level>
    </ClassificationVersion>
    <ClassificationVersion id="urn:ssb:classversion:stabas:8417399" isCurrentVersion="false" validFrom="2012-07-01" validTo="2012-12-31" isUnderConstruction="false" updatesPossible="false" disseminationAllowed="true" lastChangedDate="2013-01-09" showIntranet="true" showInternet="true">
      <TitleGrp>
        <Title xml:lang="nn">Kurstrinnskode (NUS 2012/2)</Title>
        <Title xml:lang="nb">Kurstrinnskode (NUS 2012/2)</Title>
        <Title xml:lang="en">Course level code (NUS 2012/2)</Title>
      </TitleGrp>
      <DescriptionGrp>
        <Description xml:lang="nn">Kurstrinnskoden gir ei oversikt over dei ulike  kurstrinna innanfor vidaregåande opplæring og teknisk fagskole. Sjå også pkt. 3.2.9. Fagskoleutdanning NOS C 676 (under publikasjonar).</Description>
        <Description xml:lang="nb">Kurstrinnskoden etter Reform 94 og Kunnskapsløftet gir oversikt over de ulike kurstrinn innen videregående opplæring og teknisk fagskole. Se også pkt. 3.2.9 Fagskoleutdanning i NOS C 617 (under publikasjoner).</Description>
        <Description xml:lang="en">The course level code after Reform 94 / The Knowledge Promotion provides an overview of the different course levels at upper secondary and technical vocational school. See also 3.2.9. Vocational school education in NOS C 751 (under publications).</Description>
      </DescriptionGrp>
      <IntroductionGrp>
        <Indtroduction xml:lang="nn">NUS2000 inneheld, i tillegg til den sekssifra NUS-koden, også andre kodar knytte til utdanning. Kurstrinnskode er ei slik gruppering. Desse supplerer NUS2000-standarden, men har, med unntak av ISCED97, ikkje status som offisielle standardar i SSB.</Indtroduction>
        <Indtroduction xml:lang="nb">NUS2000 inneholder, i tillegg til den sekssifrede NUS-koden, også andre koder knyttet til utdanning. Kurstrinnskode er en slik gruppering. Disse supplerer NUS2000-standarden, men har, med unntak av ISCED97, ikke status som offisielle standarder i SSB.</Indtroduction>
        <Indtroduction xml:lang="en">In addition to the six digit NUS code, NUS2000 also consist of other codes concerning education. Course level is such a classification. These codes supplement the NUS2000 standard, but with exception from ISCED97, they do not have status as official standards in Statistics Norway.</Indtroduction>
      </IntroductionGrp>
      <ContactInformation>
        <Person xmlns="http://www.ssb.no/ns/meta/common">gki</Person>
        <Division xmlns="http://www.ssb.no/ns/meta/common">360</Division>
      </ContactInformation>
      <ExternalDocumentGrp>
        <ExternalDocument xml:lang="nn">NOS C 676   http://www.ssb.no/emner/04/90/nos_c617/nos_c676.pdf</ExternalDocument>
        <ExternalDocument xml:lang="nb">NOS C 617   http://www.ssb.no/emner/04/90/nos_c617/nos_c617.pdf</ExternalDocument>
        <ExternalDocument xml:lang="en">NOS C 751 http://www.ssb.no/english/subjects/04/90/nos_c751_en/nos_c751_en.pdf</ExternalDocument>
      </ExternalDocumentGrp>
      <ChangesGrp>
        <Change xml:lang="nn">Ikkje relevant</Change>
        <Change xml:lang="nb">Ikke relevant</Change>
        <Change xml:lang="en">Not relevant</Change>
      </ChangesGrp>
      <DerivedFromGrp>
        <DerviedFrom xml:lang="nn">Ikkje relevant</DerviedFrom>
        <DerviedFrom xml:lang="nb">Ikke relevant</DerviedFrom>
        <DerviedFrom xml:lang="en">Not relevant</DerviedFrom>
      </DerivedFromGrp>
      <LegalBaseGrp>
        <LegalBase xml:lang="nn">1) 398 R 0577 Rådsforordning (EU) nr 577/98 av 9. mars 1998.  2) 32 000 R 1897 Kommisjonsforordning (EU) nr 1897/2000 av 7. september 2000.  3) 32 000 R 1575 Kommisjonsforordning (EU) nr 1575/2000 av 19. juli 2000 </LegalBase>
        <LegalBase xml:lang="nb">1) 398 R 0577 Rådsforordning (EU) nr 577/98 av 9. mars 1998.  2) 32 000 R 1897 Kommisjonsforordning (EU) nr 1897/2000 av 7. september 2000.  3) 32 000 R 1575 Kommisjonsforordning (EU) nr 1575/2000 av 19. juli 2000</LegalBase>
        <LegalBase xml:lang="en">1) 398 R 0577 Council Regulation No 577/98 of 9 March 1998. 2) 32 000 R 1897 Commission Regulation No 1897/2000 of 7 September 2000. 3) 32 000 R 1575 Commission Regulation No 1575/2000 of 19 July 2000.</LegalBase>
      </LegalBaseGrp>
      <Level levelNumber="1" id="urn:ssb:classlevel:stabas:8417401" codeStructure="A">
        <TitleGrp>
          <Title xml:lang="nn">Kurstrinnskode (NUS 2012/2): Kurstrinnskode</Title>
          <Title xml:lang="nb">Kurstrinnskode (NUS 2012/2): Kurstrinnskode</Title>
          <Title xml:lang="en">Course level code (NUS 2012/2): Course step</Title>
        </TitleGrp>
        <CodelistReference>urn:ssb:codelist:stabas:8417401</CodelistReference>
        <Level levelNumber="2" id="urn:ssb:classlevel:stabas:8417403" codeStructure="999999">
          <TitleGrp>
            <Title xml:lang="nn">Kurstrinnskode (NUS 2012/2): Utdanningskode</Title>
            <Title xml:lang="nb">Kurstrinnskode (NUS 2012/2): Utdanningskode</Title>
            <Title xml:lang="en">Course level code (NUS 2012/2): Education code</Title>
          </TitleGrp>
          <CodelistReference>urn:ssb:codelist:stabas:8417403</CodelistReference>
        </Level>
      </Level>
    </ClassificationVersion>
    <ClassificationVersion id="urn:ssb:classversion:stabas:8253866" isCurrentVersion="false" validFrom="2012-01-01" validTo="2012-06-30" isUnderConstruction="false" updatesPossible="false" disseminationAllowed="true" lastChangedDate="2012-07-31" showIntranet="true" showInternet="true">
      <TitleGrp>
        <Title xml:lang="nn">Kurstrinnskode (NUS 2012/1)</Title>
        <Title xml:lang="nb">Kurstrinnskode (NUS 2012/1)</Title>
        <Title xml:lang="en">Course level code (NUS 2012/1)</Title>
      </TitleGrp>
      <DescriptionGrp>
        <Description xml:lang="nn">Kurstrinnskoden gir ei oversikt over dei ulike  kurstrinna innanfor vidaregåande opplæring og teknisk fagskole. Sjå også pkt. 3.2.9. Fagskoleutdanning NOS C 676 (under publikasjonar).
</Description>
        <Description xml:lang="nb">Kurstrinnskoden etter Reform 94 og Kunnskapsløftet gir oversikt over de ulike kurstrinn innen videregående opplæring og teknisk fagskole. Se også pkt. 3.2.9 Fagskoleutdanning i NOS C 617 (under publikasjoner).</Description>
        <Description xml:lang="en">The course level code after Reform 94 / The Knowledge Promotion provides an overview of the different course levels at upper secondary and technical vocational school. See also 3.2.9. Vocational school education in NOS C 751 (under publications).</Description>
      </DescriptionGrp>
      <IntroductionGrp>
        <Indtroduction xml:lang="nn">NUS2000 inneheld, i tillegg til den sekssifra NUS-koden, også andre kodar knytte til utdanning. Kurstrinnskode er ei slik gruppering. Desse supplerer NUS2000-standarden, men har, med unntak av ISCED97, ikkje status som offisielle standardar i SSB. </Indtroduction>
        <Indtroduction xml:lang="nb">NUS2000 inneholder, i tillegg til den sekssifrede NUS-koden, også andre koder knyttet til utdanning. Kurstrinnskode er en slik gruppering. Disse supplerer NUS2000-standarden, men har, med unntak av ISCED97, ikke status som offisielle standarder i SSB.</Indtroduction>
        <Indtroduction xml:lang="en">In addition to the six digit NUS code, NUS2000 also consist of other codes concerning education. Course level is such a classification. These codes supplement the NUS2000 standard, but with exception from ISCED97, they do not have status as official standards in Statistics Norway.</Indtroduction>
      </IntroductionGrp>
      <ContactInformation>
        <Person xmlns="http://www.ssb.no/ns/meta/common">gki</Person>
        <Division xmlns="http://www.ssb.no/ns/meta/common">360</Division>
      </ContactInformation>
      <ExternalDocumentGrp>
        <ExternalDocument xml:lang="nn">NOS C 676   http://www.ssb.no/emner/04/90/nos_c617/nos_c676.pdf</ExternalDocument>
        <ExternalDocument xml:lang="nb">NOS C 617   http://www.ssb.no/emner/04/90/nos_c617/nos_c617.pdf</ExternalDocument>
        <ExternalDocument xml:lang="en">NOS C 751 http://www.ssb.no/english/subjects/04/90/nos_c751_en/nos_c751_en.pdf</ExternalDocument>
      </ExternalDocumentGrp>
      <ChangesGrp>
        <Change xml:lang="nn">Ikkje relevant</Change>
        <Change xml:lang="nb">Ikke relevant</Change>
        <Change xml:lang="en">Not relevant</Change>
      </ChangesGrp>
      <DerivedFromGrp>
        <DerviedFrom xml:lang="nn">Ikkje relevant</DerviedFrom>
        <DerviedFrom xml:lang="nb">Ikke relevant</DerviedFrom>
        <DerviedFrom xml:lang="en">Not relevant</DerviedFrom>
      </DerivedFromGrp>
      <LegalBaseGrp>
        <LegalBase xml:lang="nn">1) 398 R 0577 Rådsforordning (EU) nr 577/98 av 9. mars 1998.  2) 32 000 R 1897 Kommisjonsforordning (EU) nr 1897/2000 av 7. september 2000.  3) 32 000 R 1575 Kommisjonsforordning (EU) nr 1575/2000 av 19. juli 2000 </LegalBase>
        <LegalBase xml:lang="nb">1) 398 R 0577 Rådsforordning (EU) nr 577/98 av 9. mars 1998.  2) 32 000 R 1897 Kommisjonsforordning (EU) nr 1897/2000 av 7. september 2000.  3) 32 000 R 1575 Kommisjonsforordning (EU) nr 1575/2000 av 19. juli 2000</LegalBase>
        <LegalBase xml:lang="en">1) 398 R 0577 Council Regulation No 577/98 of 9 March 1998. 2) 32 000 R 1897 Commission Regulation No 1897/2000 of 7 September 2000. 3) 32 000 R 1575 Commission Regulation No 1575/2000 of 19 July 2000.</LegalBase>
      </LegalBaseGrp>
      <Level levelNumber="1" id="urn:ssb:classlevel:stabas:8253868" codeStructure="A">
        <TitleGrp>
          <Title xml:lang="nn">Kurstrinnskode (NUS 2012/1): Kurstrinnskode</Title>
          <Title xml:lang="nb">Kurstrinnskode (NUS 2012/1): Kurstrinnskode</Title>
          <Title xml:lang="en">Course level code (NUS 2012/1): Course step</Title>
        </TitleGrp>
        <CodelistReference>urn:ssb:codelist:stabas:8253868</CodelistReference>
        <Level levelNumber="2" id="urn:ssb:classlevel:stabas:8253870" codeStructure="999999">
          <TitleGrp>
            <Title xml:lang="nn">Kurstrinnskode (NUS 2012/1): Utdanningskode</Title>
            <Title xml:lang="nb">Kurstrinnskode (NUS 2012/1): Utdanningskode</Title>
            <Title xml:lang="en">Course level code (NUS 2012/1): Education code</Title>
          </TitleGrp>
          <CodelistReference>urn:ssb:codelist:stabas:8253870</CodelistReference>
        </Level>
      </Level>
    </ClassificationVersion>
    <ClassificationVersion id="urn:ssb:classversion:stabas:8252852" isCurrentVersion="false" validFrom="2011-07-01" validTo="2011-12-31" isUnderConstruction="false" updatesPossible="false" disseminationAllowed="true" lastChangedDate="2012-01-11" showIntranet="true" showInternet="true">
      <TitleGrp>
        <Title xml:lang="nn">Kurstrinnskode (NUS 2011/2)</Title>
        <Title xml:lang="nb">Kurstrinnskode (NUS 2011/2)</Title>
        <Title xml:lang="en">Course level code (NUS 2011/2)</Title>
      </TitleGrp>
      <DescriptionGrp>
        <Description xml:lang="nn">Kurstrinnskoden gir ei oversikt over dei ulike  kurstrinna innanfor vidaregåande opplæring og teknisk fagskole. Sjå også pkt. 3.2.9. Fagskoleutdanning NOS C 676 (under publikasjonar).
</Description>
        <Description xml:lang="nb">Kurstrinnskoden etter Reform 94 og Kunnskapsløftet gir oversikt over de ulike kurstrinn innen videregående opplæring og teknisk fagskole. Se også pkt. 3.2.9 Fagskoleutdanning i NOS C 617 (under publikasjoner).</Description>
        <Description xml:lang="en">The course level code after Reform 94 / The Knowledge Promotion provides an overview of the different course levels at upper secondary and technical vocational school. See also 3.2.9. Vocational school education in NOS C 751 (under publications).</Description>
      </DescriptionGrp>
      <IntroductionGrp>
        <Indtroduction xml:lang="nn">NUS2000 inneheld, i tillegg til den sekssifra NUS-koden, også andre kodar knytte til utdanning. Kurstrinnskode er ei slik gruppering. Desse supplerer NUS2000-standarden, men har, med unntak av ISCED97, ikkje status som offisielle standardar i SSB. </Indtroduction>
        <Indtroduction xml:lang="nb">NUS2000 inneholder, i tillegg til den sekssifrede NUS-koden, også andre koder knyttet til utdanning. Kurstrinnskode er en slik gruppering. Disse supplerer NUS2000-standarden, men har, med unntak av ISCED97, ikke status som offisielle standarder i SSB.</Indtroduction>
        <Indtroduction xml:lang="en">In addition to the six digit NUS code, NUS2000 also consist of other codes concerning education. Course level is such a classification. These codes supplement the NUS2000 standard, but with exception from ISCED97, they do not have status as official standards in Statistics Norway.
</Indtroduction>
      </IntroductionGrp>
      <ContactInformation>
        <Person xmlns="http://www.ssb.no/ns/meta/common">gki</Person>
        <Division xmlns="http://www.ssb.no/ns/meta/common">360</Division>
      </ContactInformation>
      <ExternalDocumentGrp>
        <ExternalDocument xml:lang="nn">NOS C 676   http://www.ssb.no/emner/04/90/nos_c617/nos_c676.pdf</ExternalDocument>
        <ExternalDocument xml:lang="nb">NOS C 617   http://www.ssb.no/emner/04/90/nos_c617/nos_c617.pdf</ExternalDocument>
        <ExternalDocument xml:lang="en">NOS C 751 http://www.ssb.no/english/subjects/04/90/nos_c751_en/nos_c751_en.pdf</ExternalDocument>
      </ExternalDocumentGrp>
      <ChangesGrp>
        <Change xml:lang="nn">Ikkje relevant</Change>
        <Change xml:lang="nb">Ikke relevant</Change>
        <Change xml:lang="en">Not relevant</Change>
      </ChangesGrp>
      <DerivedFromGrp>
        <DerviedFrom xml:lang="nn">Ikkje relevant</DerviedFrom>
        <DerviedFrom xml:lang="nb">Ikke relevant</DerviedFrom>
        <DerviedFrom xml:lang="en">Not relevant</DerviedFrom>
      </DerivedFromGrp>
      <LegalBaseGrp>
        <LegalBase xml:lang="nn">1) 398 R 0577 Rådsforordning (EU) nr 577/98 av 9. mars 1998.  2) 32 000 R 1897 Kommisjonsforordning (EU) nr 1897/2000 av 7. september 2000.  3) 32 000 R 1575 Kommisjonsforordning (EU) nr 1575/2000 av 19. juli 2000 </LegalBase>
        <LegalBase xml:lang="nb">1) 398 R 0577 Rådsforordning (EU) nr 577/98 av 9. mars 1998.  2) 32 000 R 1897 Kommisjonsforordning (EU) nr 1897/2000 av 7. september 2000.  3) 32 000 R 1575 Kommisjonsforordning (EU) nr 1575/2000 av 19. juli 2000</LegalBase>
        <LegalBase xml:lang="en">1) 398 R 0577 Council Regulation No 577/98 of 9 March 1998. 2) 32 000 R 1897 Commission Regulation No 1897/2000 of 7 September 2000. 3) 32 000 R 1575 Commission Regulation No 1575/2000 of 19 July 2000.</LegalBase>
      </LegalBaseGrp>
      <Level levelNumber="1" id="urn:ssb:classlevel:stabas:8252854" codeStructure="A">
        <TitleGrp>
          <Title xml:lang="nn">Kurstrinnskode (NUS 2011/2): Kurstrinnskode</Title>
          <Title xml:lang="nb">Kurstrinnskode (NUS 2011/2): Kurstrinnskode</Title>
          <Title xml:lang="en">Course level code (NUS 2011/2): Course step</Title>
        </TitleGrp>
        <CodelistReference>urn:ssb:codelist:stabas:8252854</CodelistReference>
        <Level levelNumber="2" id="urn:ssb:classlevel:stabas:8252856" codeStructure="999999">
          <TitleGrp>
            <Title xml:lang="nn">Kurstrinnskode (NUS 2011/2): Utdanningskode</Title>
            <Title xml:lang="nb">Kurstrinnskode (NUS 2011/2): Utdanningskode</Title>
            <Title xml:lang="en">Course level code (NUS 2011/2): Education code</Title>
          </TitleGrp>
          <CodelistReference>urn:ssb:codelist:stabas:8252856</CodelistReference>
        </Level>
      </Level>
    </ClassificationVersion>
    <ClassificationVersion id="urn:ssb:classversion:stabas:8251838" isCurrentVersion="false" validFrom="2011-01-01" validTo="2011-06-30" isUnderConstruction="false" updatesPossible="false" disseminationAllowed="true" lastChangedDate="2012-01-10" showIntranet="true" showInternet="true">
      <TitleGrp>
        <Title xml:lang="nn">Kurstrinnskode (NUS 2011/1)</Title>
        <Title xml:lang="nb">Kurstrinnskode (NUS 2011/1)</Title>
        <Title xml:lang="en">Course level code (NUS 2011/1)</Title>
      </TitleGrp>
      <DescriptionGrp>
        <Description xml:lang="nn">Kurstrinnskoden gir ei oversikt over dei ulike  kurstrinna innanfor vidaregåande opplæring og teknisk fagskole. Sjå også pkt. 3.2.9. Fagskoleutdanning NOS C 676 (under publikasjonar).</Description>
        <Description xml:lang="nb">Kurstrinnskoden etter Reform 94 og Kunnskapsløftet gir oversikt over de ulike kurstrinn innen videregående opplæring og teknisk fagskole. Se også pkt. 3.2.9 Fagskoleutdanning i NOS C 617 (under publikasjoner).</Description>
        <Description xml:lang="en">The course level code after Reform 94 / The Knowledge Promotion provides an overview of the different course levels at upper secondary and technical vocational school. See also 3.2.9. Vocational school education in NOS C 751 (under publications).</Description>
      </DescriptionGrp>
      <IntroductionGrp>
        <Indtroduction xml:lang="nn">NUS2000 inneheld, i tillegg til den sekssifra NUS-koden, også andre kodar knytte til utdanning. Kurstrinnskode er ei slik gruppering. Desse supplerer NUS2000-standarden, men har, med unntak av ISCED97, ikkje status som offisielle standardar i SSB. </Indtroduction>
        <Indtroduction xml:lang="nb">NUS2000 inneholder, i tillegg til den sekssifrede NUS-koden, også andre koder knyttet til utdanning. Kurstrinnskode er en slik gruppering. Disse supplerer NUS2000-standarden, men har, med unntak av ISCED97, ikke status som offisielle standarder i SSB.</Indtroduction>
        <Indtroduction xml:lang="en">In addition to the six digit NUS code, NUS2000 also consist of other codes concerning education. Course level is such a classification. These codes supplement the NUS2000 standard, but with exception from ISCED97, they do not have status as official standards in Statistics Norway.
</Indtroduction>
      </IntroductionGrp>
      <ContactInformation>
        <Person xmlns="http://www.ssb.no/ns/meta/common">gki</Person>
        <Division xmlns="http://www.ssb.no/ns/meta/common">360</Division>
      </ContactInformation>
      <ExternalDocumentGrp>
        <ExternalDocument xml:lang="nn">NOS C 676   http://www.ssb.no/emner/04/90/nos_c617/nos_c676.pdf</ExternalDocument>
        <ExternalDocument xml:lang="nb">NOS C 617   http://www.ssb.no/emner/04/90/nos_c617/nos_c617.pdf</ExternalDocument>
        <ExternalDocument xml:lang="en">NOS C 751 http://www.ssb.no/english/subjects/04/90/nos_c751_en/nos_c751_en.pdf</ExternalDocument>
      </ExternalDocumentGrp>
      <ChangesGrp>
        <Change xml:lang="nn">Ikkje relevant</Change>
        <Change xml:lang="nb">Ikke relevant</Change>
        <Change xml:lang="en">Not relevant</Change>
      </ChangesGrp>
      <DerivedFromGrp>
        <DerviedFrom xml:lang="nn">Ikkje relevant</DerviedFrom>
        <DerviedFrom xml:lang="nb">Ikke relevant</DerviedFrom>
        <DerviedFrom xml:lang="en">Not relevant</DerviedFrom>
      </DerivedFromGrp>
      <LegalBaseGrp>
        <LegalBase xml:lang="nn">1) 398 R 0577 Rådsforordning (EU) nr 577/98 av 9. mars 1998.  2) 32 000 R 1897 Kommisjonsforordning (EU) nr 1897/2000 av 7. september 2000.  3) 32 000 R 1575 Kommisjonsforordning (EU) nr 1575/2000 av 19. juli 2000 </LegalBase>
        <LegalBase xml:lang="nb">1) 398 R 0577 Rådsforordning (EU) nr 577/98 av 9. mars 1998.  2) 32 000 R 1897 Kommisjonsforordning (EU) nr 1897/2000 av 7. september 2000.  3) 32 000 R 1575 Kommisjonsforordning (EU) nr 1575/2000 av 19. juli 2000</LegalBase>
        <LegalBase xml:lang="en">1) 398 R 0577 Council Regulation No 577/98 of 9 March 1998. 2) 32 000 R 1897 Commission Regulation No 1897/2000 of 7 September 2000. 3) 32 000 R 1575 Commission Regulation No 1575/2000 of 19 July 2000.</LegalBase>
      </LegalBaseGrp>
      <Level levelNumber="1" id="urn:ssb:classlevel:stabas:8251840" codeStructure="A">
        <TitleGrp>
          <Title xml:lang="nn">Kurstrinnskode (NUS 2011/1): Kurstrinnskode</Title>
          <Title xml:lang="nb">Kurstrinnskode (NUS 2011/1): Kurstrinnskode</Title>
          <Title xml:lang="en">Course level code (NUS 2011/1): Course step</Title>
        </TitleGrp>
        <CodelistReference>urn:ssb:codelist:stabas:8251840</CodelistReference>
        <Level levelNumber="2" id="urn:ssb:classlevel:stabas:8251842" codeStructure="999999">
          <TitleGrp>
            <Title xml:lang="nn">Kurstrinnskode (NUS 2011/1): Utdanningskode</Title>
            <Title xml:lang="nb">Kurstrinnskode (NUS 2011/1): Utdanningskode</Title>
            <Title xml:lang="en">Course level code (NUS 2011/1): Education code</Title>
          </TitleGrp>
          <CodelistReference>urn:ssb:codelist:stabas:8251842</CodelistReference>
        </Level>
      </Level>
    </ClassificationVersion>
    <ClassificationVersion id="urn:ssb:classversion:stabas:8250824" isCurrentVersion="false" validFrom="2010-07-01" validTo="2010-12-31" isUnderConstruction="false" updatesPossible="false" disseminationAllowed="true" lastChangedDate="2012-01-10" showIntranet="true" showInternet="true">
      <TitleGrp>
        <Title xml:lang="nn">Kurstrinnskode (NUS 2010/2)</Title>
        <Title xml:lang="nb">Kurstrinnskode (NUS 2010/2)</Title>
        <Title xml:lang="en">Course level code  (NUS 2010/2)</Title>
      </TitleGrp>
      <DescriptionGrp>
        <Description xml:lang="nn">Kurstrinnskoden gir ei oversikt over dei ulike  kurstrinna innanfor vidaregåande opplæring og teknisk fagskole. Sjå også pkt. 3.2.9. Fagskoleutdanning NOS C 676 (under publikasjonar).</Description>
        <Description xml:lang="nb">Kurstrinnskoden etter Reform 94 og Kunnskapsløftet gir oversikt over de ulike kurstrinn innen videregående opplæring og teknisk fagskole. Se også pkt. 3.2.9 Fagskoleutdanning i NOS C 617 (under publikasjoner).
</Description>
        <Description xml:lang="en">The course level code after Reform 94 / The Knowledge Promotion provides an overview of the different course levels at upper secondary and technical vocational school. See also 3.2.9. Vocational school education in NOS C 751 (under publications).</Description>
      </DescriptionGrp>
      <IntroductionGrp>
        <Indtroduction xml:lang="nn">NUS2000 inneheld, i tillegg til den sekssifra NUS-koden, også andre kodar knytte til utdanning. Kurstrinnskode er ei slik gruppering. Desse supplerer NUS2000-standarden, men har, med unntak av ISCED97, ikkje status som offisielle standardar i SSB. </Indtroduction>
        <Indtroduction xml:lang="nb">NUS2000 inneholder, i tillegg til den sekssifrede NUS-koden, også andre koder knyttet til utdanning. Kurstrinnskode er en slik gruppering. Disse supplerer NUS2000-standarden, men har, med unntak av ISCED97, ikke status som offisielle standarder i SSB.</Indtroduction>
        <Indtroduction xml:lang="en">In addition to the six digit NUS code, NUS2000 also consist of other codes concerning education. Course level is such a classification. These codes supplement the NUS2000 standard, but with exception from ISCED97, they do not have status as official standards in Statistics Norway.
</Indtroduction>
      </IntroductionGrp>
      <ContactInformation>
        <Person xmlns="http://www.ssb.no/ns/meta/common">gki</Person>
        <Division xmlns="http://www.ssb.no/ns/meta/common">360</Division>
      </ContactInformation>
      <ExternalDocumentGrp>
        <ExternalDocument xml:lang="nn">NOS C 676   http://www.ssb.no/emner/04/90/nos_c617/nos_c676.pdf</ExternalDocument>
        <ExternalDocument xml:lang="nb">NOS C 617   http://www.ssb.no/emner/04/90/nos_c617/nos_c617.pdf</ExternalDocument>
        <ExternalDocument xml:lang="en">NOS C 751 http://www.ssb.no/english/subjects/04/90/nos_c751_en/nos_c751_en.pdf</ExternalDocument>
      </ExternalDocumentGrp>
      <ChangesGrp>
        <Change xml:lang="nn">Ikkje relevant</Change>
        <Change xml:lang="nb">Ikke relevant</Change>
        <Change xml:lang="en">Not relevant</Change>
      </ChangesGrp>
      <DerivedFromGrp>
        <DerviedFrom xml:lang="nn">Ikkje relevant</DerviedFrom>
        <DerviedFrom xml:lang="nb">Ikke relevant</DerviedFrom>
        <DerviedFrom xml:lang="en">Not relevant</DerviedFrom>
      </DerivedFromGrp>
      <LegalBaseGrp>
        <LegalBase xml:lang="nn">1) 398 R 0577 Rådsforordning (EU) nr 577/98 av 9. mars 1998.  2) 32 000 R 1897 Kommisjonsforordning (EU) nr 1897/2000 av 7. september 2000.  3) 32 000 R 1575 Kommisjonsforordning (EU) nr 1575/2000 av 19. juli 2000 </LegalBase>
        <LegalBase xml:lang="nb">1) 398 R 0577 Rådsforordning (EU) nr 577/98 av 9. mars 1998.  2) 32 000 R 1897 Kommisjonsforordning (EU) nr 1897/2000 av 7. september 2000.  3) 32 000 R 1575 Kommisjonsforordning (EU) nr 1575/2000 av 19. juli 2000</LegalBase>
        <LegalBase xml:lang="en">1) 398 R 0577 Council Regulation No 577/98 of 9 March 1998. 2) 32 000 R 1897 Commission Regulation No 1897/2000 of 7 September 2000. 3) 32 000 R 1575 Commission Regulation No 1575/2000 of 19 July 2000.</LegalBase>
      </LegalBaseGrp>
      <Level levelNumber="1" id="urn:ssb:classlevel:stabas:8250826" codeStructure="A">
        <TitleGrp>
          <Title xml:lang="nn">Kurstrinnskode (NUS 2010/2): Kurstrinnskode</Title>
          <Title xml:lang="nb">Kurstrinnskode (NUS 2010/2): Kurstrinnskode</Title>
          <Title xml:lang="en">Course level code  (NUS 2010/2): Course step</Title>
        </TitleGrp>
        <CodelistReference>urn:ssb:codelist:stabas:8250826</CodelistReference>
        <Level levelNumber="2" id="urn:ssb:classlevel:stabas:8250828" codeStructure="999999">
          <TitleGrp>
            <Title xml:lang="nn">Kurstrinnskode (NUS 2010/2): Utdanningskode</Title>
            <Title xml:lang="nb">Kurstrinnskode (NUS 2010/2): Utdanningskode</Title>
            <Title xml:lang="en">Course level code  (NUS 2010/2): Education code</Title>
          </TitleGrp>
          <CodelistReference>urn:ssb:codelist:stabas:8250828</CodelistReference>
        </Level>
      </Level>
    </ClassificationVersion>
    <ClassificationVersion id="urn:ssb:classversion:stabas:8249810" isCurrentVersion="false" validFrom="2010-01-01" validTo="2010-06-30" isUnderConstruction="false" updatesPossible="false" disseminationAllowed="true" lastChangedDate="2012-01-10" showIntranet="true" showInternet="true">
      <TitleGrp>
        <Title xml:lang="nn">Kurstrinnskode (NUS 2010/1)</Title>
        <Title xml:lang="nb">Kurstrinnskode (NUS 2010/1)</Title>
        <Title xml:lang="en">Course level code  (NUS 2010/1)</Title>
      </TitleGrp>
      <DescriptionGrp>
        <Description xml:lang="nn">Kurstrinnskoden gir ei oversikt over dei ulike  kurstrinna innanfor vidaregåande opplæring og teknisk fagskole. Sjå også pkt. 3.2.9. Fagskoleutdanning NOS C 676 (under publikasjonar).
</Description>
        <Description xml:lang="nb">Kurstrinnskoden etter Reform 94 og Kunnskapsløftet gir oversikt over de ulike kurstrinn innen videregående opplæring og teknisk fagskole. Se også pkt. 3.2.9 Fagskoleutdanning i NOS C 617 (under publikasjoner).</Description>
        <Description xml:lang="en">The course level code after Reform 94 / The Knowledge Promotion provides an overview of the different course levels at upper secondary and technical vocational school. See also 3.2.9. Vocational school education in NOS C 751 (under publications).</Description>
      </DescriptionGrp>
      <IntroductionGrp>
        <Indtroduction xml:lang="nn">NUS2000 inneheld, i tillegg til den sekssifra NUS-koden, også andre kodar knytte til utdanning. Kurstrinnskode er ei slik gruppering. Desse supplerer NUS2000-standarden, men har, med unntak av ISCED97, ikkje status som offisielle standardar i SSB. </Indtroduction>
        <Indtroduction xml:lang="nb">NUS2000 inneholder, i tillegg til den sekssifrede NUS-koden, også andre koder knyttet til utdanning. Kurstrinnskode er en slik gruppering. Disse supplerer NUS2000-standarden, men har, med unntak av ISCED97, ikke status som offisielle standarder i SSB.</Indtroduction>
        <Indtroduction xml:lang="en">In addition to the six digit NUS code, NUS2000 also consist of other codes concerning education. Course level is such a classification. These codes supplement the NUS2000 standard, but with exception from ISCED97, they do not have status as official standards in Statistics Norway.
</Indtroduction>
      </IntroductionGrp>
      <ContactInformation>
        <Person xmlns="http://www.ssb.no/ns/meta/common">gki</Person>
        <Division xmlns="http://www.ssb.no/ns/meta/common">360</Division>
      </ContactInformation>
      <ExternalDocumentGrp>
        <ExternalDocument xml:lang="nn">NOS C 676   http://www.ssb.no/emner/04/90/nos_c617/nos_c676.pdf</ExternalDocument>
        <ExternalDocument xml:lang="nb">NOS C 617   http://www.ssb.no/emner/04/90/nos_c617/nos_c617.pdf</ExternalDocument>
        <ExternalDocument xml:lang="en">NOS C 751 http://www.ssb.no/english/subjects/04/90/nos_c751_en/nos_c751_en.pdf</ExternalDocument>
      </ExternalDocumentGrp>
      <ChangesGrp>
        <Change xml:lang="nn">Ikkje relevant</Change>
        <Change xml:lang="nb">Ikke relevant</Change>
        <Change xml:lang="en">Not relevant</Change>
      </ChangesGrp>
      <DerivedFromGrp>
        <DerviedFrom xml:lang="nn">Ikkje relevant</DerviedFrom>
        <DerviedFrom xml:lang="nb">Ikke relevant</DerviedFrom>
        <DerviedFrom xml:lang="en">Not relevant</DerviedFrom>
      </DerivedFromGrp>
      <LegalBaseGrp>
        <LegalBase xml:lang="nn">1) 398 R 0577 Rådsforordning (EU) nr 577/98 av 9. mars 1998.  2) 32 000 R 1897 Kommisjonsforordning (EU) nr 1897/2000 av 7. september 2000.  3) 32 000 R 1575 Kommisjonsforordning (EU) nr 1575/2000 av 19. juli 2000 </LegalBase>
        <LegalBase xml:lang="nb">1) 398 R 0577 Rådsforordning (EU) nr 577/98 av 9. mars 1998.  2) 32 000 R 1897 Kommisjonsforordning (EU) nr 1897/2000 av 7. september 2000.  3) 32 000 R 1575 Kommisjonsforordning (EU) nr 1575/2000 av 19. juli 2000</LegalBase>
        <LegalBase xml:lang="en">1) 398 R 0577 Council Regulation No 577/98 of 9 March 1998. 2) 32 000 R 1897 Commission Regulation No 1897/2000 of 7 September 2000. 3) 32 000 R 1575 Commission Regulation No 1575/2000 of 19 July 2000.</LegalBase>
      </LegalBaseGrp>
      <Level levelNumber="1" id="urn:ssb:classlevel:stabas:8249812" codeStructure="A">
        <TitleGrp>
          <Title xml:lang="nn">Kurstrinnskode (NUS 2010/1): Kurstrinnskode</Title>
          <Title xml:lang="nb">Kurstrinnskode (NUS 2010/1): Kurstrinnskode</Title>
          <Title xml:lang="en">Course level code  (NUS 2010/1): Course step</Title>
        </TitleGrp>
        <CodelistReference>urn:ssb:codelist:stabas:8249812</CodelistReference>
        <Level levelNumber="2" id="urn:ssb:classlevel:stabas:8249814" codeStructure="999999">
          <TitleGrp>
            <Title xml:lang="nn">Kurstrinnskode (NUS 2010/1): Utdanningskode</Title>
            <Title xml:lang="nb">Kurstrinnskode (NUS 2010/1): Utdanningskode</Title>
            <Title xml:lang="en">Course level code  (NUS 2010/1): Education code</Title>
          </TitleGrp>
          <CodelistReference>urn:ssb:codelist:stabas:8249814</CodelistReference>
        </Level>
      </Level>
    </ClassificationVersion>
    <ClassificationVersion id="urn:ssb:classversion:stabas:8256893" isCurrentVersion="false" validFrom="2009-07-01" validTo="2009-12-31" isUnderConstruction="false" updatesPossible="false" disseminationAllowed="true" lastChangedDate="2012-01-10" showIntranet="true" showInternet="true">
      <TitleGrp>
        <Title xml:lang="nn">Kurstrinnskode (NUS 2009/2)</Title>
        <Title xml:lang="nb">Kurstrinnskode (NUS 2009/2)</Title>
        <Title xml:lang="en">Course level code (NUS 2009/2)</Title>
      </TitleGrp>
      <DescriptionGrp>
        <Description xml:lang="nn">Kurstrinnskoden gir ei oversikt over dei ulike  kurstrinna innanfor vidaregåande opplæring og teknisk fagskole. Sjå også pkt. 3.2.9. Fagskoleutdanning NOS C 676 (under publikasjonar).</Description>
        <Description xml:lang="nb">Kurstrinnskoden etter Reform 94 og Kunnskapsløftet gir oversikt over de ulike kurstrinn innen videregående opplæring og teknisk fagskole. Se også pkt. 3.2.9 Fagskoleutdanning i NOS C 617 (under publikasjoner).</Description>
        <Description xml:lang="en">The course level code after Reform 94 / The Knowledge Promotion provides an overview of the different course levels at upper secondary and technical vocational school. See also 3.2.9. Vocational school education in NOS C 751 (under publications).</Description>
      </DescriptionGrp>
      <IntroductionGrp>
        <Indtroduction xml:lang="nn">NUS2000 inneheld, i tillegg til den sekssifra NUS-koden, også andre kodar knytte til utdanning. Kurstrinnskode er ei slik gruppering. Desse supplerer NUS2000-standarden, men har, med unntak av ISCED97, ikkje status som offisielle standardar i SSB. </Indtroduction>
        <Indtroduction xml:lang="nb">NUS2000 inneholder, i tillegg til den sekssifrede NUS-koden, også andre koder knyttet til utdanning. Kurstrinnskode er en slik gruppering. Disse supplerer NUS2000-standarden, men har, med unntak av ISCED97, ikke status som offisielle standarder i SSB.</Indtroduction>
        <Indtroduction xml:lang="en">In addition to the six digit NUS code, NUS2000 also consist of other codes concerning education. Course level is such a classification. These codes supplement the NUS2000 standard, but with exception from ISCED97, they do not have status as official standards in Statistics Norway.</Indtroduction>
      </IntroductionGrp>
      <ContactInformation>
        <Person xmlns="http://www.ssb.no/ns/meta/common">gki</Person>
        <Division xmlns="http://www.ssb.no/ns/meta/common">360</Division>
      </ContactInformation>
      <ExternalDocumentGrp>
        <ExternalDocument xml:lang="nn">NOS C 676   http://www.ssb.no/emner/04/90/nos_c617/nos_c676.pdf</ExternalDocument>
        <ExternalDocument xml:lang="nb">NOS C 617   http://www.ssb.no/emner/04/90/nos_c617/nos_c617.pdf</ExternalDocument>
        <ExternalDocument xml:lang="en">NOS C 751 http://www.ssb.no/english/subjects/04/90/nos_c751_en/nos_c751_en.pdf</ExternalDocument>
      </ExternalDocumentGrp>
      <ChangesGrp>
        <Change xml:lang="nn">Ikkje relevant</Change>
        <Change xml:lang="nb">Ikke relevant</Change>
        <Change xml:lang="en">Not relevant</Change>
      </ChangesGrp>
      <DerivedFromGrp>
        <DerviedFrom xml:lang="nn">Ikkje relevant</DerviedFrom>
        <DerviedFrom xml:lang="nb">Ikke relevant</DerviedFrom>
        <DerviedFrom xml:lang="en">Not relevant</DerviedFrom>
      </DerivedFromGrp>
      <LegalBaseGrp>
        <LegalBase xml:lang="nn">1) 398 R 0577 Rådsforordning (EU) nr 577/98 av 9. mars 1998.  2) 32 000 R 1897 Kommisjonsforordning (EU) nr 1897/2000 av 7. september 2000.  3) 32 000 R 1575 Kommisjonsforordning (EU) nr 1575/2000 av 19. juli 2000 </LegalBase>
        <LegalBase xml:lang="nb">1) 398 R 0577 Rådsforordning (EU) nr 577/98 av 9. mars 1998.  2) 32 000 R 1897 Kommisjonsforordning (EU) nr 1897/2000 av 7. september 2000.  3) 32 000 R 1575 Kommisjonsforordning (EU) nr 1575/2000 av 19. juli 2000</LegalBase>
        <LegalBase xml:lang="en">1) 398 R 0577 Council Regulation No 577/98 of 9 March 1998. 2) 32 000 R 1897 Commission Regulation No 1897/2000 of 7 September 2000. 3) 32 000 R 1575 Commission Regulation No 1575/2000 of 19 July 2000.</LegalBase>
      </LegalBaseGrp>
      <Level levelNumber="1" id="urn:ssb:classlevel:stabas:8256895" codeStructure="A">
        <TitleGrp>
          <Title xml:lang="nn">Kurstrinnskode (NUS 2009/2): Kurstrinnskode</Title>
          <Title xml:lang="nb">Kurstrinnskode (NUS 2009/2): Kurstrinnskode</Title>
          <Title xml:lang="en">Course level code (NUS 2009/2): Course step</Title>
        </TitleGrp>
        <CodelistReference>urn:ssb:codelist:stabas:8256895</CodelistReference>
        <Level levelNumber="2" id="urn:ssb:classlevel:stabas:8256897" codeStructure="999999">
          <TitleGrp>
            <Title xml:lang="nn">Kurstrinnskode (NUS 2009/2): Utdanningskode</Title>
            <Title xml:lang="nb">Kurstrinnskode (NUS 2009/2): Utdanningskode</Title>
            <Title xml:lang="en">Course level code (NUS 2009/2): Education code</Title>
          </TitleGrp>
          <CodelistReference>urn:ssb:codelist:stabas:8256897</CodelistReference>
        </Level>
      </Level>
    </ClassificationVersion>
    <ClassificationVersion id="urn:ssb:classversion:stabas:8247797" isCurrentVersion="false" validFrom="2009-01-01" validTo="2009-06-30" isUnderConstruction="false" updatesPossible="false" disseminationAllowed="true" lastChangedDate="2012-01-10" showIntranet="true" showInternet="true">
      <TitleGrp>
        <Title xml:lang="nn">Kurstrinnskode (NUS 2009/1)</Title>
        <Title xml:lang="nb">Kurstrinnskode (NUS 2009/1)</Title>
        <Title xml:lang="en">Course level code (NUS 2009/1)</Title>
      </TitleGrp>
      <DescriptionGrp>
        <Description xml:lang="nn">Kurstrinnskoden gir ei oversikt over dei ulike  kurstrinna innanfor vidaregåande opplæring og teknisk fagskole. Sjå også pkt. 3.2.9. Fagskoleutdanning NOS C 676 (under publikasjonar).
</Description>
        <Description xml:lang="nb">Kurstrinnskoden etter Reform 94 og Kunnskapsløftet gir oversikt over de ulike kurstrinn innen videregående opplæring og teknisk fagskole. Se også pkt. 3.2.9 Fagskoleutdanning i NOS C 617 (under publikasjoner).
</Description>
        <Description xml:lang="en">The course level code after Reform 94 / The Knowledge Promotion provides an overview of the different course levels at upper secondary and technical vocational school. See also 3.2.9. Vocational school education in NOS C 751 (under publications).
</Description>
      </DescriptionGrp>
      <IntroductionGrp>
        <Indtroduction xml:lang="nn">NUS2000 inneheld, i tillegg til den sekssifra NUS-koden, også andre kodar knytte til utdanning. Kurstrinnskode er ei slik gruppering. Desse supplerer NUS2000-standarden, men har, med unntak av ISCED97, ikkje status som offisielle standardar i SSB. </Indtroduction>
        <Indtroduction xml:lang="nb">NUS2000 inneholder, i tillegg til den sekssifrede NUS-koden, også andre koder knyttet til utdanning. Kurstrinnskode er en slik gruppering. Disse supplerer NUS2000-standarden, men har, med unntak av ISCED97, ikke status som offisielle standarder i SSB.</Indtroduction>
        <Indtroduction xml:lang="en">In addition to the six digit NUS code, NUS2000 also consist of other codes concerning education. Course level is such a classification. These codes supplement the NUS2000 standard, but with exception from ISCED97, they do not have status as official standards in Statistics Norway.</Indtroduction>
      </IntroductionGrp>
      <ContactInformation>
        <Person xmlns="http://www.ssb.no/ns/meta/common">gki</Person>
        <Division xmlns="http://www.ssb.no/ns/meta/common">360</Division>
      </ContactInformation>
      <ExternalDocumentGrp>
        <ExternalDocument xml:lang="nn">NOS C 676   http://www.ssb.no/emner/04/90/nos_c617/nos_c676.pdf</ExternalDocument>
        <ExternalDocument xml:lang="nb">NOS C 617   http://www.ssb.no/emner/04/90/nos_c617/nos_c617.pdf</ExternalDocument>
        <ExternalDocument xml:lang="en">NOS C 751 http://www.ssb.no/english/subjects/04/90/nos_c751_en/nos_c751_en.pdf</ExternalDocument>
      </ExternalDocumentGrp>
      <ChangesGrp>
        <Change xml:lang="nn">Ikkje relevant</Change>
        <Change xml:lang="nb">Ikke relevant</Change>
        <Change xml:lang="en">Not relevant</Change>
      </ChangesGrp>
      <DerivedFromGrp>
        <DerviedFrom xml:lang="nn">Ikkje relevant</DerviedFrom>
        <DerviedFrom xml:lang="nb">Ikke relevant</DerviedFrom>
        <DerviedFrom xml:lang="en">Not relevant</DerviedFrom>
      </DerivedFromGrp>
      <LegalBaseGrp>
        <LegalBase xml:lang="nn">1) 398 R 0577 Rådsforordning (EU) nr 577/98 av 9. mars 1998.  2) 32 000 R 1897 Kommisjonsforordning (EU) nr 1897/2000 av 7. september 2000.  3) 32 000 R 1575 Kommisjonsforordning (EU) nr 1575/2000 av 19. juli 2000 </LegalBase>
        <LegalBase xml:lang="nb">1) 398 R 0577 Rådsforordning (EU) nr 577/98 av 9. mars 1998.  2) 32 000 R 1897 Kommisjonsforordning (EU) nr 1897/2000 av 7. september 2000.  3) 32 000 R 1575 Kommisjonsforordning (EU) nr 1575/2000 av 19. juli 2000</LegalBase>
        <LegalBase xml:lang="en">1) 398 R 0577 Council Regulation No 577/98 of 9 March 1998. 2) 32 000 R 1897 Commission Regulation No 1897/2000 of 7 September 2000. 3) 32 000 R 1575 Commission Regulation No 1575/2000 of 19 July 2000.</LegalBase>
      </LegalBaseGrp>
      <Level levelNumber="1" id="urn:ssb:classlevel:stabas:8247799" codeStructure="A">
        <TitleGrp>
          <Title xml:lang="nn">Kurstrinnskode (NUS 2009/1): Kurstrinnskode</Title>
          <Title xml:lang="nb">Kurstrinnskode (NUS 2009/1): Kurstrinnskode</Title>
          <Title xml:lang="en">Course level code (NUS 2009/1): Course step</Title>
        </TitleGrp>
        <CodelistReference>urn:ssb:codelist:stabas:8247799</CodelistReference>
        <Level levelNumber="2" id="urn:ssb:classlevel:stabas:8247801" codeStructure="999999">
          <TitleGrp>
            <Title xml:lang="nn">Kurstrinnskode (NUS 2009/1): Utdanningskode</Title>
            <Title xml:lang="nb">Kurstrinnskode (NUS 2009/1): Utdanningskode</Title>
            <Title xml:lang="en">Course level code (NUS 2009/1): Education code</Title>
          </TitleGrp>
          <CodelistReference>urn:ssb:codelist:stabas:8247801</CodelistReference>
        </Level>
      </Level>
    </ClassificationVersion>
    <ClassificationVersion id="urn:ssb:classversion:stabas:8246829" isCurrentVersion="false" validFrom="2008-07-01" validTo="2008-12-31" isUnderConstruction="false" updatesPossible="false" disseminationAllowed="true" lastChangedDate="2012-01-10" showIntranet="true" showInternet="true">
      <TitleGrp>
        <Title xml:lang="nn">Kurstrinnskode (NUS 2008/2)</Title>
        <Title xml:lang="nb">Kurstrinnskode (NUS 2008/2)</Title>
        <Title xml:lang="en">Course level code (NUS 2008/2)</Title>
      </TitleGrp>
      <DescriptionGrp>
        <Description xml:lang="nn">Kurstrinnskoden gir ei oversikt over dei ulike  kurstrinna innanfor vidaregåande opplæring og teknisk fagskole. Sjå også pkt. 3.2.9. Fagskoleutdanning NOS C 676 (under publikasjonar).
</Description>
        <Description xml:lang="nb">Kurstrinnskoden etter Reform 94 og Kunnskapsløftet gir oversikt over de ulike kurstrinn innen videregående opplæring og teknisk fagskole. Se også pkt. 3.2.9 Fagskoleutdanning i NOS C 617 (under publikasjoner).</Description>
        <Description xml:lang="en">The course level code after Reform 94 / The Knowledge Promotion provides an overview of the different course levels at upper secondary and technical vocational school. See also 3.2.9. Vocational school education in NOS C 751 (under publications).</Description>
      </DescriptionGrp>
      <IntroductionGrp>
        <Indtroduction xml:lang="nn">NUS2000 inneheld, i tillegg til den sekssifra NUS-koden, også andre kodar knytte til utdanning. Kurstrinnskode er ei slik gruppering. Desse supplerer NUS2000-standarden, men har, med unntak av ISCED97, ikkje status som offisielle standardar i SSB. 
</Indtroduction>
        <Indtroduction xml:lang="nb">NUS2000 inneholder, i tillegg til den sekssifrede NUS-koden, også andre koder knyttet til utdanning. Kurstrinnskode er en slik gruppering. Disse supplerer NUS2000-standarden, men har, med unntak av ISCED97, ikke status som offisielle standarder i SSB.</Indtroduction>
        <Indtroduction xml:lang="en">In addition to the six digit NUS code, NUS2000 also consist of other codes concerning education. Course level is such a classification. These codes supplement the NUS2000 standard, but with exception from ISCED97, they do not have status as official standards in Statistics Norway.</Indtroduction>
      </IntroductionGrp>
      <ContactInformation>
        <Person xmlns="http://www.ssb.no/ns/meta/common">gki</Person>
        <Division xmlns="http://www.ssb.no/ns/meta/common">360</Division>
      </ContactInformation>
      <ExternalDocumentGrp>
        <ExternalDocument xml:lang="nn">NOS C 676   http://www.ssb.no/emner/04/90/nos_c617/nos_c676.pdf</ExternalDocument>
        <ExternalDocument xml:lang="nb">NOS C 617   http://www.ssb.no/emner/04/90/nos_c617/nos_c617.pdf</ExternalDocument>
        <ExternalDocument xml:lang="en">NOS C 751 http://www.ssb.no/english/subjects/04/90/nos_c751_en/nos_c751_en.pdf</ExternalDocument>
      </ExternalDocumentGrp>
      <ChangesGrp>
        <Change xml:lang="nn">Ikkje relevant</Change>
        <Change xml:lang="nb">Ikke relevant</Change>
        <Change xml:lang="en">Not relevant</Change>
      </ChangesGrp>
      <DerivedFromGrp>
        <DerviedFrom xml:lang="nn">Ikkje relevant</DerviedFrom>
        <DerviedFrom xml:lang="nb">Ikke relevant</DerviedFrom>
        <DerviedFrom xml:lang="en">Not relevant</DerviedFrom>
      </DerivedFromGrp>
      <LegalBaseGrp>
        <LegalBase xml:lang="nn">1) 398 R 0577 Rådsforordning (EU) nr 577/98 av 9. mars 1998.  2) 32 000 R 1897 Kommisjonsforordning (EU) nr 1897/2000 av 7. september 2000.  3) 32 000 R 1575 Kommisjonsforordning (EU) nr 1575/2000 av 19. juli 2000 </LegalBase>
        <LegalBase xml:lang="nb">1) 398 R 0577 Rådsforordning (EU) nr 577/98 av 9. mars 1998.  2) 32 000 R 1897 Kommisjonsforordning (EU) nr 1897/2000 av 7. september 2000.  3) 32 000 R 1575 Kommisjonsforordning (EU) nr 1575/2000 av 19. juli 2000</LegalBase>
        <LegalBase xml:lang="en">1) 398 R 0577 Council Regulation No 577/98 of 9 March 1998. 2) 32 000 R 1897 Commission Regulation No 1897/2000 of 7 September 2000. 3) 32 000 R 1575 Commission Regulation No 1575/2000 of 19 July 2000.</LegalBase>
      </LegalBaseGrp>
      <Level levelNumber="1" id="urn:ssb:classlevel:stabas:8246831" codeStructure="A">
        <TitleGrp>
          <Title xml:lang="nn">Kurstrinnskode (NUS 2008/2): Kurstrinnskode</Title>
          <Title xml:lang="nb">Kurstrinnskode (NUS 2008/2): Kurstrinnskode</Title>
          <Title xml:lang="en">Course level code (NUS 2008/2): Course step</Title>
        </TitleGrp>
        <CodelistReference>urn:ssb:codelist:stabas:8246831</CodelistReference>
        <Level levelNumber="2" id="urn:ssb:classlevel:stabas:8246833" codeStructure="999999">
          <TitleGrp>
            <Title xml:lang="nn">Kurstrinnskode (NUS 2008/2): Utdanningskode</Title>
            <Title xml:lang="nb">Kurstrinnskode (NUS 2008/2): Utdanningskode</Title>
            <Title xml:lang="en">Course level code (NUS 2008/2): Education code</Title>
          </TitleGrp>
          <CodelistReference>urn:ssb:codelist:stabas:8246833</CodelistReference>
        </Level>
      </Level>
    </ClassificationVersion>
    <ClassificationVersion id="urn:ssb:classversion:stabas:8245883" isCurrentVersion="false" validFrom="2008-01-01" validTo="2008-06-30" isUnderConstruction="false" updatesPossible="false" disseminationAllowed="true" lastChangedDate="2012-01-10" showIntranet="true" showInternet="true">
      <TitleGrp>
        <Title xml:lang="nn">Kurstrinnskode (NUS 2008/1)</Title>
        <Title xml:lang="nb">Kurstrinnskode (NUS 2008/1)</Title>
        <Title xml:lang="en">Course level code  (NUS 2008/1)</Title>
      </TitleGrp>
      <DescriptionGrp>
        <Description xml:lang="nn">Kurstrinnskoden gir ei oversikt over dei ulike  kurstrinna innanfor vidaregåande opplæring og teknisk fagskole. Sjå også pkt. 3.2.9. Fagskoleutdanning NOS C 676 (under publikasjonar).

</Description>
        <Description xml:lang="nb">Kurstrinnskoden etter Reform 94 og Kunnskapsløftet gir oversikt over de ulike kurstrinn innen videregående opplæring og teknisk fagskole. Se også pkt. 3.2.9 Fagskoleutdanning i NOS C 617 (under publikasjoner).
</Description>
        <Description xml:lang="en">The course level code after Reform 94 / The Knowledge Promotion provides an overview of the different course levels at upper secondary and technical vocational school. See also 3.2.9. Vocational school education in NOS C 751 (under publications).</Description>
      </DescriptionGrp>
      <IntroductionGrp>
        <Indtroduction xml:lang="nn">NUS2000 inneheld, i tillegg til den sekssifra NUS-koden, også andre kodar knytte til utdanning. Kurstrinnskode er ei slik gruppering. Desse supplerer NUS2000-standarden, men har, med unntak av ISCED97, ikkje status som offisielle standardar i SSB. 
</Indtroduction>
        <Indtroduction xml:lang="nb">NUS2000 inneholder, i tillegg til den sekssifrede NUS-koden, også andre koder knyttet til utdanning. Kurstrinnskode er en slik gruppering. Disse supplerer NUS2000-standarden, men har, med unntak av ISCED97, ikke status som offisielle standarder i SSB.</Indtroduction>
        <Indtroduction xml:lang="en">In addition to the six digit NUS code, NUS2000 also consist of other codes concerning education. Course level is such a classification. These codes supplement the NUS2000 standard, but with exception from ISCED97, they do not have status as official standards in Statistics Norway.
</Indtroduction>
      </IntroductionGrp>
      <ContactInformation>
        <Person xmlns="http://www.ssb.no/ns/meta/common">gki</Person>
        <Division xmlns="http://www.ssb.no/ns/meta/common">360</Division>
      </ContactInformation>
      <ExternalDocumentGrp>
        <ExternalDocument xml:lang="nn">NOS C 676   http://www.ssb.no/emner/04/90/nos_c617/nos_c676.pdf</ExternalDocument>
        <ExternalDocument xml:lang="nb">NOS C 617   http://www.ssb.no/emner/04/90/nos_c617/nos_c617.pdf</ExternalDocument>
        <ExternalDocument xml:lang="en">NOS C 751 http://www.ssb.no/english/subjects/04/90/nos_c751_en/nos_c751_en.pdf</ExternalDocument>
      </ExternalDocumentGrp>
      <ChangesGrp>
        <Change xml:lang="nn">Ikkje relevant</Change>
        <Change xml:lang="nb">Ikke relevant</Change>
        <Change xml:lang="en">Not relevant</Change>
      </ChangesGrp>
      <DerivedFromGrp>
        <DerviedFrom xml:lang="nn">Ikkje relevant</DerviedFrom>
        <DerviedFrom xml:lang="nb">Ikke relevant</DerviedFrom>
        <DerviedFrom xml:lang="en">Not relevant</DerviedFrom>
      </DerivedFromGrp>
      <LegalBaseGrp>
        <LegalBase xml:lang="nn">1) 398 R 0577 Rådsforordning (EU) nr 577/98 av 9. mars 1998.  2) 32 000 R 1897 Kommisjonsforordning (EU) nr 1897/2000 av 7. september 2000.  3) 32 000 R 1575 Kommisjonsforordning (EU) nr 1575/2000 av 19. juli 2000 </LegalBase>
        <LegalBase xml:lang="nb">1) 398 R 0577 Rådsforordning (EU) nr 577/98 av 9. mars 1998.  2) 32 000 R 1897 Kommisjonsforordning (EU) nr 1897/2000 av 7. september 2000.  3) 32 000 R 1575 Kommisjonsforordning (EU) nr 1575/2000 av 19. juli 2000</LegalBase>
        <LegalBase xml:lang="en">1) 398 R 0577 Council Regulation No 577/98 of 9 March 1998. 2) 32 000 R 1897 Commission Regulation No 1897/2000 of 7 September 2000. 3) 32 000 R 1575 Commission Regulation No 1575/2000 of 19 July 2000.</LegalBase>
      </LegalBaseGrp>
      <Level levelNumber="1" id="urn:ssb:classlevel:stabas:8245885" codeStructure="A">
        <TitleGrp>
          <Title xml:lang="nn">Kurstrinnskode (NUS 2008/1): Kurstrinnskode</Title>
          <Title xml:lang="nb">Kurstrinnskode (NUS 2008/1): Kurstrinnskode</Title>
          <Title xml:lang="en">Course level code  (NUS 2008/1): Course step</Title>
        </TitleGrp>
        <CodelistReference>urn:ssb:codelist:stabas:8245885</CodelistReference>
        <Level levelNumber="2" id="urn:ssb:classlevel:stabas:8245887" codeStructure="999999">
          <TitleGrp>
            <Title xml:lang="nn">Kurstrinnskode (NUS 2008/1): Utdanningskode</Title>
            <Title xml:lang="nb">Kurstrinnskode (NUS 2008/1): Utdanningskode</Title>
            <Title xml:lang="en">Course level code  (NUS 2008/1): Education code</Title>
          </TitleGrp>
          <CodelistReference>urn:ssb:codelist:stabas:8245887</CodelistReference>
        </Level>
      </Level>
    </ClassificationVersion>
    <ClassificationVersion id="urn:ssb:classversion:stabas:8244993" isCurrentVersion="false" validFrom="2007-07-01" validTo="2007-12-31" isUnderConstruction="false" updatesPossible="false" disseminationAllowed="true" lastChangedDate="2012-01-11" showIntranet="true" showInternet="true">
      <TitleGrp>
        <Title xml:lang="nn">Kurstrinnskode (NUS 2007/2)</Title>
        <Title xml:lang="nb">Kurstrinnskode (NUS 2007/2)</Title>
        <Title xml:lang="en">Course level code (NUS 2007/2)</Title>
      </TitleGrp>
      <DescriptionGrp>
        <Description xml:lang="nn">Kurstrinnskoden gir ei oversikt over dei ulike  kurstrinna innanfor vidaregåande opplæring og teknisk fagskole. Sjå også pkt. 3.2.9. Fagskoleutdanning NOS C 676 (under publikasjonar).
</Description>
        <Description xml:lang="nb">Kurstrinnskoden etter Reform 94 og Kunnskapsløftet gir oversikt over de ulike kurstrinn innen videregående opplæring og teknisk fagskole. Se også pkt. 3.2.9 Fagskoleutdanning i NOS C 617 (under publikasjoner).
</Description>
        <Description xml:lang="en">The course level code after Reform 94 / The Knowledge Promotion provides an overview of the different course levels at upper secondary and technical vocational school. See also 3.2.9. Vocational school education in NOS C 751 (under publications).
</Description>
      </DescriptionGrp>
      <IntroductionGrp>
        <Indtroduction xml:lang="nn">NUS2000 inneheld, i tillegg til den sekssifra NUS-koden, også andre kodar knytte til utdanning. Kurstrinnskode er ei slik gruppering. Desse supplerer NUS2000-standarden, men har, med unntak av ISCED97, ikkje status som offisielle standardar i SSB. 
</Indtroduction>
        <Indtroduction xml:lang="nb">NUS2000 inneholder, i tillegg til den sekssifrede NUS-koden, også andre koder knyttet til utdanning. Kurstrinnskode er en slik gruppering. Disse supplerer NUS2000-standarden, men har, med unntak av ISCED97, ikke status som offisielle standarder i SSB.
</Indtroduction>
        <Indtroduction xml:lang="en">In addition to the six digit NUS code, NUS2000 also consist of other codes concerning education. Course level is such a classification. These codes supplement the NUS2000 standard, but with exception from ISCED97, they do not have status as official standards in Statistics Norway.</Indtroduction>
      </IntroductionGrp>
      <ContactInformation>
        <Person xmlns="http://www.ssb.no/ns/meta/common">gki</Person>
        <Division xmlns="http://www.ssb.no/ns/meta/common">360</Division>
      </ContactInformation>
      <ExternalDocumentGrp>
        <ExternalDocument xml:lang="nn">NOS C 676   http://www.ssb.no/emner/04/90/nos_c617/nos_c676.pdf
</ExternalDocument>
        <ExternalDocument xml:lang="nb">NOS C 617   http://www.ssb.no/emner/04/90/nos_c617/nos_c617.pdf
</ExternalDocument>
        <ExternalDocument xml:lang="en">NOS C 751 http://www.ssb.no/english/subjects/04/90/nos_c751_en/nos_c751_en.pdf
</ExternalDocument>
      </ExternalDocumentGrp>
      <ChangesGrp>
        <Change xml:lang="nn">Ikkje relevant</Change>
        <Change xml:lang="nb">Ikke relevant</Change>
        <Change xml:lang="en">Not relevant</Change>
      </ChangesGrp>
      <DerivedFromGrp>
        <DerviedFrom xml:lang="nn">Ikkje relevant</DerviedFrom>
        <DerviedFrom xml:lang="nb">Ikke relevant</DerviedFrom>
        <DerviedFrom xml:lang="en">Not relevant</DerviedFrom>
      </DerivedFromGrp>
      <LegalBaseGrp>
        <LegalBase xml:lang="nn">1) 398 R 0577 Rådsforordning (EU) nr 577/98 av 9. mars 1998.  2) 32 000 R 1897 Kommisjonsforordning (EU) nr 1897/2000 av 7. september 2000.  3) 32 000 R 1575 Kommisjonsforordning (EU) nr 1575/2000 av 19. juli 2000 
 </LegalBase>
        <LegalBase xml:lang="nb">1) 398 R 0577 Rådsforordning (EU) nr 577/98 av 9. mars 1998.  2) 32 000 R 1897 Kommisjonsforordning (EU) nr 1897/2000 av 7. september 2000.  3) 32 000 R 1575 Kommisjonsforordning (EU) nr 1575/2000 av 19. juli 2000</LegalBase>
        <LegalBase xml:lang="en">1) 398 R 0577 Council Regulation No 577/98 of 9 March 1998. 2) 32 000 R 1897 Commission Regulation No 1897/2000 of 7 September 2000. 3) 32 000 R 1575 Commission Regulation No 1575/2000 of 19 July 2000.</LegalBase>
      </LegalBaseGrp>
      <Level levelNumber="1" id="urn:ssb:classlevel:stabas:8244995" codeStructure="A">
        <TitleGrp>
          <Title xml:lang="nn">Kurstrinnskode (NUS 2007/2): Kurstrinnskode</Title>
          <Title xml:lang="nb">Kurstrinnskode (NUS 2007/2): Kurstrinnskode</Title>
          <Title xml:lang="en">Course level code (NUS 2007/2): Course step</Title>
        </TitleGrp>
        <CodelistReference>urn:ssb:codelist:stabas:8244995</CodelistReference>
        <Level levelNumber="2" id="urn:ssb:classlevel:stabas:8244997" codeStructure="999999">
          <TitleGrp>
            <Title xml:lang="nn">Kurstrinnskode (NUS 2007/2): Utdanningskode</Title>
            <Title xml:lang="nb">Kurstrinnskode (NUS 2007/2): Utdanningskode</Title>
            <Title xml:lang="en">Course level code (NUS 2007/2): Education code</Title>
          </TitleGrp>
          <CodelistReference>urn:ssb:codelist:stabas:8244997</CodelistReference>
        </Level>
      </Level>
    </ClassificationVersion>
    <ClassificationVersion id="urn:ssb:classversion:stabas:8256001" isCurrentVersion="false" validFrom="2007-01-01" validTo="2007-06-30" isUnderConstruction="false" updatesPossible="false" disseminationAllowed="true" lastChangedDate="2012-01-11" showIntranet="true" showInternet="true">
      <TitleGrp>
        <Title xml:lang="nn">Kurstrinnskode (NUS 2007/1)</Title>
        <Title xml:lang="nb">Kurstrinnskode (NUS 2007/1)</Title>
        <Title xml:lang="en">Course level code (NUS 2007/1)</Title>
      </TitleGrp>
      <DescriptionGrp>
        <Description xml:lang="nn">Kurstrinnskoden gir ei oversikt over dei ulike  kurstrinna innanfor vidaregåande opplæring og teknisk fagskole. Sjå også pkt. 3.2.9. Fagskoleutdanning NOS C 676 (under publikasjonar).

</Description>
        <Description xml:lang="nb">Kurstrinnskoden etter Reform 94 og Kunnskapsløftet gir oversikt over de ulike kurstrinn innen videregående opplæring og teknisk fagskole. Se også pkt. 3.2.9 Fagskoleutdanning i NOS C 617 (under publikasjoner).
</Description>
        <Description xml:lang="en">The course level code after Reform 94 / The Knowledge Promotion provides an overview of the different course levels at upper secondary and technical vocational school. See also 3.2.9. Vocational school education in NOS C 751 (under publications).
</Description>
      </DescriptionGrp>
      <IntroductionGrp>
        <Indtroduction xml:lang="nn">NUS2000 inneheld, i tillegg til den sekssifra NUS-koden, også andre kodar knytte til utdanning. Kurstrinnskode er ei slik gruppering. Desse supplerer NUS2000-standarden, men har, med unntak av ISCED97, ikkje status som offisielle standardar i SSB. 

</Indtroduction>
        <Indtroduction xml:lang="nb">NUS2000 inneholder, i tillegg til den sekssifrede NUS-koden, også andre koder knyttet til utdanning. Kurstrinnskode er en slik gruppering. Disse supplerer NUS2000-standarden, men har, med unntak av ISCED97, ikke status som offisielle standarder i SSB.
</Indtroduction>
        <Indtroduction xml:lang="en">In addition to the six digit NUS code, NUS2000 also consist of other codes concerning education. Course level is such a classification. These codes supplement the NUS2000 standard, but with exception from ISCED97, they do not have status as official standards in Statistics Norway.

</Indtroduction>
      </IntroductionGrp>
      <ContactInformation>
        <Person xmlns="http://www.ssb.no/ns/meta/common">gki</Person>
        <Division xmlns="http://www.ssb.no/ns/meta/common">360</Division>
      </ContactInformation>
      <ExternalDocumentGrp>
        <ExternalDocument xml:lang="nn">NOS C 676   http://www.ssb.no/emner/04/90/nos_c617/nos_c676.pdf

</ExternalDocument>
        <ExternalDocument xml:lang="nb">NOS C 617   http://www.ssb.no/emner/04/90/nos_c617/nos_c617.pdf
</ExternalDocument>
        <ExternalDocument xml:lang="en">NOS C 751 http://www.ssb.no/english/subjects/04/90/nos_c751_en/nos_c751_en.pdf

</ExternalDocument>
      </ExternalDocumentGrp>
      <ChangesGrp>
        <Change xml:lang="nn">Ikkje relevant
</Change>
        <Change xml:lang="nb">Ikke relevant
</Change>
        <Change xml:lang="en">Not relevant</Change>
      </ChangesGrp>
      <DerivedFromGrp>
        <DerviedFrom xml:lang="nn">Ikkje relevant
</DerviedFrom>
        <DerviedFrom xml:lang="nb">Ikke relevant
</DerviedFrom>
        <DerviedFrom xml:lang="en">Not relevant
</DerviedFrom>
      </DerivedFromGrp>
      <LegalBaseGrp>
        <LegalBase xml:lang="nn">1) 398 R 0577 Rådsforordning (EU) nr 577/98 av 9. mars 1998.  2) 32 000 R 1897 Kommisjonsforordning (EU) nr 1897/2000 av 7. september 2000.  3) 32 000 R 1575 Kommisjonsforordning (EU) nr 1575/2000 av 19. juli 2000 
</LegalBase>
        <LegalBase xml:lang="nb">1) 398 R 0577 Rådsforordning (EU) nr 577/98 av 9. mars 1998.  2) 32 000 R 1897 Kommisjonsforordning (EU) nr 1897/2000 av 7. september 2000.  3) 32 000 R 1575 Kommisjonsforordning (EU) nr 1575/2000 av 19. juli 2000
</LegalBase>
        <LegalBase xml:lang="en">1) 398 R 0577 Council Regulation No 577/98 of 9 March 1998. 2) 32 000 R 1897 Commission Regulation No 1897/2000 of 7 September 2000. 3) 32 000 R 1575 Commission Regulation No 1575/2000 of 19 July 2000.

</LegalBase>
      </LegalBaseGrp>
      <Level levelNumber="1" id="urn:ssb:classlevel:stabas:8256003" codeStructure="A">
        <TitleGrp>
          <Title xml:lang="nn">Kurstrinnskode (NUS 2007/1): kurstrinnskode</Title>
          <Title xml:lang="nb">Kurstrinnskode (NUS 2007/1): kurstrinnskode</Title>
          <Title xml:lang="en">Course level code (NUS 2007/1): Course step</Title>
        </TitleGrp>
        <CodelistReference>urn:ssb:codelist:stabas:8256003</CodelistReference>
        <Level levelNumber="2" id="urn:ssb:classlevel:stabas:8256005" codeStructure="999999">
          <TitleGrp>
            <Title xml:lang="nn">Kurstrinnskode (NUS 2007/1): Utdanningskode</Title>
            <Title xml:lang="nb">Kurstrinnskode (NUS 2007/1): Utdanningskode</Title>
            <Title xml:lang="en">Course level code (NUS 2007/1): Education code</Title>
          </TitleGrp>
          <CodelistReference>urn:ssb:codelist:stabas:8256005</CodelistReference>
        </Level>
      </Level>
    </ClassificationVersion>
  </ClassificationVersions>
</Classification>