<?xml version="1.0" encoding="utf-8"?>
<Classification xmlns:xsi="http://www.w3.org/2001/XMLSchema-instance" xmlns:xsd="http://www.w3.org/2001/XMLSchema" id="urn:ssb:classification:stabas:8366001" currentVersionId="urn:ssb:classversion:stabas:8366002" xmlns="http://www.ssb.no/ns/meta/classification">
  <TitleGrp>
    <Title xml:lang="nn">Standard for klassifisering av energiprodukter </Title>
    <Title xml:lang="nb">Standard for klassifisering av energiprodukter</Title>
    <Title xml:lang="en">Classificaton of energy products </Title>
  </TitleGrp>
  <DescriptionGrp />
  <StatisticalUnitGrp>
    <StatisticalUnit xml:lang="nb">Produkt</StatisticalUnit>
  </StatisticalUnitGrp>
  <OwnerGrp />
  <SubjectArea>01</SubjectArea>
  <ClassificationVersions>
    <ClassificationVersion id="urn:ssb:classversion:stabas:8366002" isCurrentVersion="true" validFrom="2012-01-01" isUnderConstruction="false" updatesPossible="false" disseminationAllowed="true" lastChangedDate="2016-06-15" showIntranet="true" showInternet="true">
      <TitleGrp>
        <Title xml:lang="nn">Standard for klassifisering av energiprodukt 2012</Title>
        <Title xml:lang="nb">Klassifisering av energiprodukter 2012</Title>
        <Title xml:lang="en">Classificaton of energy products 2012</Title>
      </TitleGrp>
      <DescriptionGrp>
        <Description xml:lang="nn">Energiprodukt omfattar alle varer som vert nytta til energiformål i eit land, og alle energiprodukt som vert nytta til råstoff. Unnateke er passiv solenergi, og biomasse og avfall som ikkje vert nytta til energiføremål. Primære energiprodukt er produkt som er utvunne direkte frå naturressursar, som råolje, naturgass og kol. Sekundære energiprodukt vert produserte ved å omvandle eller vidareforedle annan energi, eit eksempel er bensin som er produsert av råolje.</Description>
        <Description xml:lang="nb">Energiprodukt (energibalansen/energiregnskapet):
Omfatter alle varer som benyttes til energiformål i et land, og alle energiprodukter som brukes til råstoff formål. Unntak er passiv solenergi, og biomasse og avfall som ikke brukes til energiformål. Primære energiprodukter gjelder produkter som er utvunnet direkte fra naturressurser, som råolje, naturgass og kull. Sekundær energiprodukter produseres ved å omvandle, eller videreforedle annen energi, som for eksempel bensin som er produsert av råolje.

</Description>
        <Description xml:lang="en">Energy product (energy balance /energy account):
Comprise all products which are utilised for energy purposes in a country, and all energy products which are used for non-energy purposes. An exception is waste and biomass which not it used for energy purposes, and passive solar energy. Primary energy products are products which are extracted directly from natural resources, like crude oil, natural gas and coal. Secondary energy products are produced by conversion or transformation of other energy, for instance gasoline produced by crude oil.
</Description>
      </DescriptionGrp>
      <IntroductionGrp />
      <ContactInformation>
        <Person xmlns="http://www.ssb.no/ns/meta/common">abg</Person>
        <Division xmlns="http://www.ssb.no/ns/meta/common">215</Division>
      </ContactInformation>
      <DerivedFromGrp>
        <DerviedFrom xml:lang="nn">SIEC: Standard International Energy product Classification og IRES (International Recommendations for Energy statistics) - begge frå FN
</DerviedFrom>
        <DerviedFrom xml:lang="nb">SIEC: Standard International Energy product Classification og IRES (International Recommendations for Energy statistics) - begge fra FN
</DerviedFrom>
        <DerviedFrom xml:lang="en">SIEC: Standard International Energy product Classification and IRES (International Recommendations for Energy statistics) - both from UN
</DerviedFrom>
      </DerivedFromGrp>
      <LegalBaseGrp>
        <LegalBase xml:lang="nn">Ikkje relevant</LegalBase>
        <LegalBase xml:lang="nb">Ikke relevant</LegalBase>
        <LegalBase xml:lang="en">Not relevant</LegalBase>
      </LegalBaseGrp>
      <Level levelNumber="1" id="urn:ssb:classlevel:stabas:8366004">
        <TitleGrp>
          <Title xml:lang="nn">Standard for klassifisering av energiprodukt 2012</Title>
          <Title xml:lang="nb">Klassifisering av energiprodukter 2012: nivå1</Title>
          <Title xml:lang="en">Classificaton of energy products 2012</Title>
        </TitleGrp>
        <CodelistReference>urn:ssb:codelist:stabas:8366004</CodelistReference>
        <Level levelNumber="2" id="urn:ssb:classlevel:stabas:8366006">
          <TitleGrp>
            <Title xml:lang="nn">Standard for klassifisering av energiprodukt 2012</Title>
            <Title xml:lang="nb">Klassifisering av energiprodukter 2012: Nivå2</Title>
            <Title xml:lang="en">Classificaton of energy products 2012</Title>
          </TitleGrp>
          <CodelistReference>urn:ssb:codelist:stabas:8366006</CodelistReference>
          <Level levelNumber="3" id="urn:ssb:classlevel:stabas:8366008">
            <TitleGrp>
              <Title xml:lang="nn">Standard for klassifisering av energiprodukt 2012</Title>
              <Title xml:lang="nb">Klassifisering av energiprodukter 2012: Nivå3</Title>
              <Title xml:lang="en">Classificaton of energy products 2012</Title>
            </TitleGrp>
            <CodelistReference>urn:ssb:codelist:stabas:8366008</CodelistReference>
          </Level>
        </Level>
      </Level>
    </ClassificationVersion>
  </ClassificationVersions>
</Classification>