<?xml version="1.0" encoding="utf-8"?>
<Classification xmlns:xsi="http://www.w3.org/2001/XMLSchema-instance" xmlns:xsd="http://www.w3.org/2001/XMLSchema" id="urn:ssb:classification:stabas:8512101" currentVersionId="urn:ssb:classversion:stabas:0" xmlns="http://www.ssb.no/ns/meta/classification">
  <TitleGrp>
    <Title xml:lang="nn">Variant av institusjonell sektorgruppering - intern versjon </Title>
    <Title xml:lang="nb">Variant av institusjonell sektorgruppering - intern versjon</Title>
    <Title xml:lang="en">Classification of Institutional sector - internal version</Title>
  </TitleGrp>
  <DescriptionGrp />
  <StatisticalUnitGrp>
    <StatisticalUnit xml:lang="nb">Institusjonell enhet</StatisticalUnit>
  </StatisticalUnitGrp>
  <OwnerGrp />
  <SubjectArea>10</SubjectArea>
  <ClassificationVersions>
    <ClassificationVersion id="urn:ssb:classversion:stabas:8512401" isCurrentVersion="true" validFrom="2012-01-01" isUnderConstruction="false" updatesPossible="true" disseminationAllowed="false" lastChangedDate="2012-12-18" showIntranet="true" showInternet="false">
      <TitleGrp>
        <Title xml:lang="nn">Intern institusjonell sektorgruppering 2012</Title>
        <Title xml:lang="nb">Intern institusjonell sektorgruppering 2012</Title>
        <Title xml:lang="en">Institutional sectors 2012 - internal version</Title>
      </TitleGrp>
      <DescriptionGrp>
        <Description xml:lang="nn">Institusjonell sektor er ein statistisk standard som vert nytta fyrst og framst av nasjonalrekneskapen. Han deler den norske økonomien i sektorar på basis av gruppering av institusjonelle einingar med same samfunnsøkonomiske funksjon. I Noreg opererer vi med seks hovudsektorar: offentleg forvalting, finansielle føretak, ikkje-finansielle føretak, ideelle organisasjonar, hushald og utlandet.</Description>
        <Description xml:lang="nb">Institusjonell sektor er en statistisk standard som benyttes først og fremst av nasjonalregnskapet. Den deler den norske økonomien i sektorer på basis av gruppering av institusjonelle enheter med samme samfunnsøkonomiske funksjon. I Norge opererer vi med seks hovedsektorer: offentlig forvaltning, finansielle foretak, ikke-finansielle foretak, ideelle organisasjoner, husholdninger og utlandet. I forhold til den offisielle standarden har den interne versjonen også med ufordelt sektor.</Description>
        <Description xml:lang="en">The institutional sector is a statistical standard used mainly in National Accounts. It splits the Norwegian economy into sectors on the basis of groups of homogeneous institutional units. In Norway, we have five main sectors: General government, financial corporations, non-financial corporations, households and rest of the world.</Description>
      </DescriptionGrp>
      <IntroductionGrp />
      <ContactInformation>
        <Person xmlns="http://www.ssb.no/ns/meta/common">opr</Person>
        <Division xmlns="http://www.ssb.no/ns/meta/common">940</Division>
      </ContactInformation>
      <ExternalDocumentGrp>
        <ExternalDocument xml:lang="nn">http://www.ssb.no/emner/10/90/notat_201205/</ExternalDocument>
        <ExternalDocument xml:lang="nb">http://www.ssb.no/emner/10/90/notat_201205/</ExternalDocument>
        <ExternalDocument xml:lang="en">http://www.ssb.no/emner/10/90/notat_201205/</ExternalDocument>
      </ExternalDocumentGrp>
      <DerivedFromGrp>
        <DerviedFrom xml:lang="nn">Institusjonell sektorgruppering er basert på internasjonale standarder: FNs "System of National Accounts" - SNA2008 og EUs "European System of National Accounts" - ESA2010</DerviedFrom>
        <DerviedFrom xml:lang="nb">Institusjonell sektorgruppering er basert på internasjonale standarder: FNs "System of National Accounts" - SNA2008 og EUs "European System of National Accounts" - ESA2010</DerviedFrom>
        <DerviedFrom xml:lang="en">Institutional sectors are based on international standards; UN's "System of National Accounts" - SNA2008 and EU*s "European System of National Accounts" - ESA2010</DerviedFrom>
      </DerivedFromGrp>
      <LegalBaseGrp>
        <LegalBase xml:lang="nn">Ikkje relevant</LegalBase>
        <LegalBase xml:lang="nb">Ikke relevant</LegalBase>
        <LegalBase xml:lang="en">Not relevant</LegalBase>
      </LegalBaseGrp>
      <Level levelNumber="1" id="urn:ssb:classlevel:stabas:8512405">
        <TitleGrp>
          <Title xml:lang="nn">Intern institusjonell sektorgruppering 2012</Title>
          <Title xml:lang="nb">Intern institusjonell sektorgruppering 2012: Nivå 1</Title>
          <Title xml:lang="en">Institutional sectors 2012 - internal version</Title>
        </TitleGrp>
        <CodelistReference>urn:ssb:codelist:stabas:8512405</CodelistReference>
        <Level levelNumber="2" id="urn:ssb:classlevel:stabas:8512407">
          <TitleGrp>
            <Title xml:lang="nn">Intern institusjonell sektorgruppering 2012</Title>
            <Title xml:lang="nb">Intern institusjonell sektorgruppering 2012: Nivå 2</Title>
            <Title xml:lang="en">Institutional sectors 2012 - internal version</Title>
          </TitleGrp>
          <CodelistReference>urn:ssb:codelist:stabas:8512407</CodelistReference>
          <Level levelNumber="3" id="urn:ssb:classlevel:stabas:8512409">
            <TitleGrp>
              <Title xml:lang="nn">Intern institusjonell sektorgruppering 2012</Title>
              <Title xml:lang="nb">Intern institusjonell sektorgruppering 2012: Nivå 3</Title>
              <Title xml:lang="en">Institutional sectors 2012 - internal version</Title>
            </TitleGrp>
            <CodelistReference>urn:ssb:codelist:stabas:8512409</CodelistReference>
          </Level>
        </Level>
      </Level>
    </ClassificationVersion>
  </ClassificationVersions>
</Classification>