<?xml version="1.0" encoding="utf-8"?>
<Classification xmlns:xsi="http://www.w3.org/2001/XMLSchema-instance" xmlns:xsd="http://www.w3.org/2001/XMLSchema" id="urn:ssb:classification:stabas:8700001" currentVersionId="urn:ssb:classversion:stabas:8700002" xmlns="http://www.ssb.no/ns/meta/classification">
  <TitleGrp>
    <Title xml:lang="nn">Standard for utanrikshandel med varer etter brukssområde- BEC</Title>
    <Title xml:lang="nb">Standard for utenrikshandel med varer etter anvendelsesområde- BEC</Title>
    <Title xml:lang="en">External trade in goods, by groups of end use (BEC) </Title>
  </TitleGrp>
  <DescriptionGrp>
    <Description xml:lang="nn">Varegrupperinga BEC (Broad Economic Categories) - FNs standard for gruppering av varer etter bruk,  er basert på FNs Standard International Trade Classification (SITC). Dette er ei gruppering som ikkje vert sett på som ein standard klassifikasjon på same måte som for eksempel SITC, og det er offisielt anerkjend at land har sin eigen versjon av denne grupperinga for å stette nasjonale behov. 



</Description>
    <Description xml:lang="nb">Varegrupperingen BEC (Broad Economic Categories) - FNs standard for gruppering av varer etter anvendelse,  er basert på FNs Standard International Trade Classification (SITC). Dette er en gruppering som ikke er ansett å være en standard klassifikasjon på samme måte som for eksempel SITC, og det er offisielt anerkjent at land har sin egen versjon av denne grupperingen for å tilfredsstille nasjonale behov. 



</Description>
    <Description xml:lang="en">The classification BEC (Broad Economic Categories) -  the UN classification of goods by end use, is based on the UN Standard International Trade Classification (SITC). This classification is not considered to be a "standard classification" in the same way as for example the SITC, and it is officially acknowledged that countries may have their own version of this grouping in order to satisfy national needs. 





</Description>
  </DescriptionGrp>
  <StatisticalUnitGrp>
    <StatisticalUnit xml:lang="nn">Ulike varer vert klassifiserte etter forskjellige brukssområde.</StatisticalUnit>
    <StatisticalUnit xml:lang="nb">En varegruppering som beskriver ulike varers klassifisering etter forskjellige anvendelsesområder.  </StatisticalUnit>
    <StatisticalUnit xml:lang="en">A commodity group division that describes the different goods classification by groups of end use.
</StatisticalUnit>
  </StatisticalUnitGrp>
  <OwnerGrp>
    <Owner xml:lang="nn">Statistisk sentralbyrå (SSB) </Owner>
    <Owner xml:lang="nb">Statistisk sentralbyrå (SSB)</Owner>
    <Owner xml:lang="en">Statistics Norway</Owner>
  </OwnerGrp>
  <SubjectArea>09</SubjectArea>
  <ClassificationVersions>
    <ClassificationVersion id="urn:ssb:classversion:stabas:8700002" isCurrentVersion="true" validFrom="1988-01-01" isUnderConstruction="false" updatesPossible="false" disseminationAllowed="true" lastChangedDate="2013-02-05" showIntranet="true" showInternet="true">
      <TitleGrp>
        <Title xml:lang="nn">Klassifisering av UHVP </Title>
        <Title xml:lang="nb">Utenrikshandel med varer etter anvendelsesområde- BEC</Title>
        <Title xml:lang="en">External trade in goods, by groups of end use (BEC) </Title>
      </TitleGrp>
      <DescriptionGrp>
        <Description xml:lang="nn">Dette er ei gruppering som beskriv korleis ulike varer vert klassifiserte etter ulike bruksområde.</Description>
        <Description xml:lang="nb">En varegruppering som beskriver ulike varers klassifisering etter forskjellige anvendelsesområder</Description>
        <Description xml:lang="en">A commodity group division that describes the different goods classification by groups of end use.
</Description>
      </DescriptionGrp>
      <IntroductionGrp>
        <Indtroduction xml:lang="nn">Ikkje relevant</Indtroduction>
        <Indtroduction xml:lang="nb">Ikke relevant</Indtroduction>
        <Indtroduction xml:lang="en">Not relevant</Indtroduction>
      </IntroductionGrp>
      <ContactInformation>
        <Person xmlns="http://www.ssb.no/ns/meta/common">nro</Person>
        <Division xmlns="http://www.ssb.no/ns/meta/common">980</Division>
      </ContactInformation>
      <ExternalDocumentGrp>
        <ExternalDocument xml:lang="nn">Ikkje relevant</ExternalDocument>
        <ExternalDocument xml:lang="nb">Ikke relevant</ExternalDocument>
        <ExternalDocument xml:lang="en">Not relevant</ExternalDocument>
      </ExternalDocumentGrp>
      <ChangesGrp>
        <Change xml:lang="nn">Ikkje relevant</Change>
        <Change xml:lang="nb">Ikke relevant</Change>
        <Change xml:lang="en">Not relevant</Change>
      </ChangesGrp>
      <DerivedFromGrp>
        <DerviedFrom xml:lang="nn">Varegrupperinga BEC (Broad Economic Categories) - FNs standard for gruppering av varer etter bruk,  er basert på FNs Standard International Trade Classification (SITC). Dette er ei gruppering som ikkje vert sett på som ein standard klassifikasjon på same måte som for eksempel SITC, og det er offisielt anerkjend at land har sin eigen versjon av denne grupperinga for å stette nasjonale behov. </DerviedFrom>
        <DerviedFrom xml:lang="nb">Varegrupperingen BEC (Broad Economic Categories) - FNs standard for gruppering av varer etter anvendelse, som er basert på FNs Standard International Trade Classification (SITC). Dette er en gruppering som ikke er ansett å være en standard klassifikasjon på samme måte som for eksempel SITC, og det er offisielt anerkjent at land har sin egen versjon av denne grupperingen for å tilfredsstille nasjonale behov. 
</DerviedFrom>
        <DerviedFrom xml:lang="en">The classification BEC (Broad Economic Categories) -  the UN classification of goods by end use, is based on the UN Standard International Trade Classification (SITC). This classification is not considered to be a "standard classification" in the same way as for example the SITC, and it is officially acknowledged that countries may have their own version of this grouping in order to satisfy national needs. 
</DerviedFrom>
      </DerivedFromGrp>
      <LegalBaseGrp>
        <LegalBase xml:lang="nn">Ikkje relevant</LegalBase>
        <LegalBase xml:lang="nb">Ikke relevant</LegalBase>
        <LegalBase xml:lang="en">Not relevant</LegalBase>
      </LegalBaseGrp>
      <Level levelNumber="1" id="urn:ssb:classlevel:stabas:8700004" codeStructure="9">
        <TitleGrp>
          <Title xml:lang="nn">Klassifisering av UHVP : Nivå 1 </Title>
          <Title xml:lang="nb">Utenrikshandel med varer etter anvendelsesområde- BEC: Nivå 1</Title>
          <Title xml:lang="en">External trade in goods, by groups of end use (BEC) </Title>
        </TitleGrp>
        <CodelistReference>urn:ssb:codelist:stabas:8700004</CodelistReference>
        <Level levelNumber="2" id="urn:ssb:classlevel:stabas:8700006" codeStructure="9.9">
          <TitleGrp>
            <Title xml:lang="nn">Klassifisering av UHVP </Title>
            <Title xml:lang="nb">Utenrikshandel med varer etter anvendelsesområde- BEC: Nivå 2</Title>
            <Title xml:lang="en">External trade in goods, by groups of end use (BEC) </Title>
          </TitleGrp>
          <CodelistReference>urn:ssb:codelist:stabas:8700006</CodelistReference>
          <Level levelNumber="3" id="urn:ssb:classlevel:stabas:8700008" codeStructure="9.9.9">
            <TitleGrp>
              <Title xml:lang="nn">Klassifisering av UHVP </Title>
              <Title xml:lang="nb">Utenrikshandel med varer etter anvendelsesområde- BEC: Nivå 3</Title>
              <Title xml:lang="en">External trade in goods, by groups of end use (BEC) </Title>
            </TitleGrp>
            <CodelistReference>urn:ssb:codelist:stabas:8700008</CodelistReference>
          </Level>
        </Level>
      </Level>
    </ClassificationVersion>
  </ClassificationVersions>
</Classification>