<?xml version="1.0" encoding="utf-8"?>
<Classification xmlns:xsi="http://www.w3.org/2001/XMLSchema-instance" xmlns:xsd="http://www.w3.org/2001/XMLSchema" id="urn:ssb:classification:stabas:8720401" currentVersionId="urn:ssb:classversion:stabas:8720901" xmlns="http://www.ssb.no/ns/meta/classification">
  <TitleGrp>
    <Title xml:lang="nb">Standard for utenrikshandel med varer etter bearbeidingsnivå -  SITC </Title>
    <Title xml:lang="en">External trade in goods by  levels of processing  -  SITC</Title>
  </TitleGrp>
  <DescriptionGrp>
    <Description xml:lang="nb">Her er varene gruppert etter bearbeidingsnivå (råvarer, halvfabrikata og ferdigvarer).</Description>
    <Description xml:lang="en">The goods are grouped by levels of processing (raw materials, semi-finished and finished goods. </Description>
  </DescriptionGrp>
  <StatisticalUnitGrp>
    <StatisticalUnit xml:lang="nb">Her er varene gruppert etter bearbeidingsnivå (råvarer, halvfabrikata og ferdigvarer). 
</StatisticalUnit>
    <StatisticalUnit xml:lang="en">The goods are grouped by levels of processing (raw materials, semi-finished and finished goods
</StatisticalUnit>
  </StatisticalUnitGrp>
  <OwnerGrp>
    <Owner xml:lang="nb">Statistisk sentralbyrå (SSB)</Owner>
    <Owner xml:lang="en">Statistics Norway</Owner>
  </OwnerGrp>
  <SubjectArea>09</SubjectArea>
  <ClassificationVersions>
    <ClassificationVersion id="urn:ssb:classversion:stabas:8720901" isCurrentVersion="true" validFrom="2007-01-01" isUnderConstruction="false" updatesPossible="false" disseminationAllowed="true" lastChangedDate="2014-09-24" showIntranet="true" showInternet="true">
      <TitleGrp>
        <Title xml:lang="nb">Utenrikshandel med varer etter bearbeidingsnivå -  SITC (Rev.4)</Title>
        <Title xml:lang="en">External trade in goods by  levels of processing  -  SITC (Rev.4)</Title>
      </TitleGrp>
      <DescriptionGrp>
        <Description xml:lang="nb">Her er varene gruppert etter bearbeidingsnivå (råvarer, halvfabrikata og ferdigvarer).</Description>
        <Description xml:lang="en">The goods are grouped by levels of processing (raw materials, semi-finished and finished goods</Description>
      </DescriptionGrp>
      <IntroductionGrp>
        <Indtroduction xml:lang="nb">Ikke relevant</Indtroduction>
        <Indtroduction xml:lang="en">Not relevant</Indtroduction>
      </IntroductionGrp>
      <ContactInformation>
        <Person xmlns="http://www.ssb.no/ns/meta/common">nro</Person>
        <Division xmlns="http://www.ssb.no/ns/meta/common">980</Division>
      </ContactInformation>
      <ExternalDocumentGrp>
        <ExternalDocument xml:lang="nb">Ikke relevant</ExternalDocument>
        <ExternalDocument xml:lang="en">Not relevant</ExternalDocument>
      </ExternalDocumentGrp>
      <ChangesGrp>
        <Change xml:lang="nb">Ikke relevant</Change>
        <Change xml:lang="en">Not relevant</Change>
      </ChangesGrp>
      <DerivedFromGrp>
        <DerviedFrom xml:lang="nb">Dette er FNs Standard International Trade Classification SITC.</DerviedFrom>
        <DerviedFrom xml:lang="en">This is the UN Standard International Trade Classification - SITC.</DerviedFrom>
      </DerivedFromGrp>
      <LegalBaseGrp>
        <LegalBase xml:lang="nb">Ikke relevant</LegalBase>
        <LegalBase xml:lang="en">Not relevant</LegalBase>
      </LegalBaseGrp>
      <Level levelNumber="1" id="urn:ssb:classlevel:stabas:8720904" codeStructure="9">
        <TitleGrp>
          <Title xml:lang="nb">Utenrikshandel med varer etter bearbeidingsnivå -  SITC (Rev.4): Sitc_kode1</Title>
          <Title xml:lang="en">External trade in goods by  levels of processing  -  SITC (Rev.4): Sitc_kode1 </Title>
        </TitleGrp>
        <CodelistReference>urn:ssb:codelist:stabas:8720904</CodelistReference>
        <Level levelNumber="2" id="urn:ssb:classlevel:stabas:8720906" codeStructure="99">
          <TitleGrp>
            <Title xml:lang="nb">Utenrikshandel med varer etter bearbeidingsnivå -  SITC (Rev.4): Sitc_kode2</Title>
            <Title xml:lang="en">External trade in goods by  levels of processing  -  SITC (Rev.4): Sitc_kode2 </Title>
          </TitleGrp>
          <CodelistReference>urn:ssb:codelist:stabas:8720906</CodelistReference>
        </Level>
      </Level>
    </ClassificationVersion>
    <ClassificationVersion id="urn:ssb:classversion:stabas:8720402" isCurrentVersion="false" validFrom="1988-01-01" validTo="2006-12-31" isUnderConstruction="false" updatesPossible="false" disseminationAllowed="true" lastChangedDate="2014-09-24" showIntranet="true" showInternet="true">
      <TitleGrp>
        <Title xml:lang="nb">Utenrikshandel med varer etter bearbeidingsnivå -  SITC (Rev.3)</Title>
        <Title xml:lang="en">External trade in goods by  levels of processing  -  SITC</Title>
      </TitleGrp>
      <DescriptionGrp>
        <Description xml:lang="nb">Her er varene gruppert etter bearbeidingsnivå (råvarer, halvfabrikata og ferdigvarer). </Description>
        <Description xml:lang="en">The goods are grouped by levels of processing (raw materials, semi-finished and finished goods</Description>
      </DescriptionGrp>
      <IntroductionGrp>
        <Indtroduction xml:lang="nb">Ikke relevant</Indtroduction>
        <Indtroduction xml:lang="en">Not relevant</Indtroduction>
      </IntroductionGrp>
      <ContactInformation>
        <Person xmlns="http://www.ssb.no/ns/meta/common">nro</Person>
        <Division xmlns="http://www.ssb.no/ns/meta/common">980</Division>
      </ContactInformation>
      <ExternalDocumentGrp>
        <ExternalDocument xml:lang="nb">Ikke relevant</ExternalDocument>
        <ExternalDocument xml:lang="en">Not relevant</ExternalDocument>
      </ExternalDocumentGrp>
      <ChangesGrp>
        <Change xml:lang="nb">Ikke relevant</Change>
        <Change xml:lang="en">Not relevant</Change>
      </ChangesGrp>
      <DerivedFromGrp>
        <DerviedFrom xml:lang="nb">Dette er FNs Standard International Trade Classification SITC.
</DerviedFrom>
        <DerviedFrom xml:lang="en">This is the UN Standard International Trade Classification - SITC. 
</DerviedFrom>
      </DerivedFromGrp>
      <LegalBaseGrp>
        <LegalBase xml:lang="nb">Ikke relevant</LegalBase>
        <LegalBase xml:lang="en">Not relevant</LegalBase>
      </LegalBaseGrp>
      <Level levelNumber="1" id="urn:ssb:classlevel:stabas:8720404" codeStructure="9">
        <TitleGrp>
          <Title xml:lang="nb">Utenrikshandel med varer etter bearbeidingsnivå -  SITC (Rev.3): Sitc_kode1</Title>
          <Title xml:lang="en">External trade in goods by  levels of processing  -  SITC: Sitc_kode1 </Title>
        </TitleGrp>
        <CodelistReference>urn:ssb:codelist:stabas:8720404</CodelistReference>
        <Level levelNumber="2" id="urn:ssb:classlevel:stabas:8720406" codeStructure="99">
          <TitleGrp>
            <Title xml:lang="nb">Utenrikshandel med varer etter bearbeidingsnivå -  SITC (Rev.3): Sitc_kode2</Title>
            <Title xml:lang="en">External trade in goods by  levels of processing  -  SITC: Sitc_kode2 </Title>
          </TitleGrp>
          <CodelistReference>urn:ssb:codelist:stabas:8720406</CodelistReference>
        </Level>
      </Level>
    </ClassificationVersion>
  </ClassificationVersions>
</Classification>