<?xml version="1.0" encoding="utf-8"?>
<Classification xmlns:xsi="http://www.w3.org/2001/XMLSchema-instance" xmlns:xsd="http://www.w3.org/2001/XMLSchema" id="urn:ssb:classification:stabas:8742101" currentVersionId="urn:ssb:classversion:stabas:0" xmlns="http://www.ssb.no/ns/meta/classification">
  <TitleGrp>
    <Title xml:lang="nn">Standard klassifisering av type reisemål </Title>
    <Title xml:lang="nb">Standard klassifisering av type reisemål</Title>
    <Title xml:lang="en">Standard classification of type of destination</Title>
  </TitleGrp>
  <DescriptionGrp />
  <StatisticalUnitGrp>
    <StatisticalUnit xml:lang="nb">Reise</StatisticalUnit>
  </StatisticalUnitGrp>
  <OwnerGrp />
  <SubjectArea>10</SubjectArea>
  <ClassificationVersions>
    <ClassificationVersion id="urn:ssb:classversion:stabas:8742102" isCurrentVersion="true" validFrom="2013-01-01" isUnderConstruction="false" updatesPossible="false" disseminationAllowed="false" lastChangedDate="2014-09-23" showIntranet="true" showInternet="true">
      <TitleGrp>
        <Title xml:lang="nn">Klassifisering av type reisemål 2013 </Title>
        <Title xml:lang="nb">Klassifisering av type reisemål 2013</Title>
        <Title xml:lang="en">Classification of type of destinationl 2013</Title>
      </TitleGrp>
      <DescriptionGrp>
        <Description xml:lang="nn">Klassifikasjonen viser inndelinga av nordmenn sine reisemål i samband med deira overnattingsreiser.</Description>
        <Description xml:lang="nb">Klassifikasjonen viser inndelingen av nordmenns reisemål i forbindelse med deres overnattingsreiser.</Description>
        <Description xml:lang="en">The classification classifies types of destinations used for travels with overnight stops.</Description>
      </DescriptionGrp>
      <IntroductionGrp>
        <Indtroduction xml:lang="nn">Ikkje relevant</Indtroduction>
        <Indtroduction xml:lang="nb">Ikke relevant</Indtroduction>
        <Indtroduction xml:lang="en">Not relevant</Indtroduction>
      </IntroductionGrp>
      <ContactInformation>
        <Person xmlns="http://www.ssb.no/ns/meta/common">tog </Person>
        <Division xmlns="http://www.ssb.no/ns/meta/common">440</Division>
      </ContactInformation>
      <ExternalDocumentGrp>
        <ExternalDocument xml:lang="nn">Ikkje relevant</ExternalDocument>
        <ExternalDocument xml:lang="nb">Ikke relevant</ExternalDocument>
        <ExternalDocument xml:lang="en">Not relevant</ExternalDocument>
      </ExternalDocumentGrp>
      <ChangesGrp>
        <Change xml:lang="nn">Ikkje relevant</Change>
        <Change xml:lang="nb">Ikke relevant</Change>
        <Change xml:lang="en">Not relevant</Change>
      </ChangesGrp>
      <DerivedFromGrp>
        <DerviedFrom xml:lang="nn">EU si forordning for turisme 692/2011</DerviedFrom>
        <DerviedFrom xml:lang="nb">EUs forordning for turisme 692/2011</DerviedFrom>
        <DerviedFrom xml:lang="en">EU regulation  for tourism 692/2011</DerviedFrom>
      </DerivedFromGrp>
      <LegalBaseGrp>
        <LegalBase xml:lang="nn">Ikkje relevant</LegalBase>
        <LegalBase xml:lang="nb">Ikke relevant</LegalBase>
        <LegalBase xml:lang="en">Not relevant</LegalBase>
      </LegalBaseGrp>
      <Level levelNumber="1" id="urn:ssb:classlevel:stabas:8742104">
        <TitleGrp>
          <Title xml:lang="nn">Klassifisering av type reisemål 2013 </Title>
          <Title xml:lang="nb">Klassifisering av type reisemål 2013: nivå1</Title>
          <Title xml:lang="en">Classification of type of destinationl 2013</Title>
        </TitleGrp>
        <CodelistReference>urn:ssb:codelist:stabas:8742104</CodelistReference>
      </Level>
    </ClassificationVersion>
  </ClassificationVersions>
</Classification>