<?xml version="1.0" encoding="utf-8"?>
<Classification xmlns:xsi="http://www.w3.org/2001/XMLSchema-instance" xmlns:xsd="http://www.w3.org/2001/XMLSchema" id="urn:ssb:classification:stabas:8742209" currentVersionId="urn:ssb:classversion:stabas:8742210" xmlns="http://www.ssb.no/ns/meta/classification">
  <TitleGrp>
    <Title xml:lang="nn">Standard for diagnosekapitler </Title>
    <Title xml:lang="nb">Standard for diagnosekapitler</Title>
    <Title xml:lang="en">Classification of diagnosis chapters 2004</Title>
  </TitleGrp>
  <DescriptionGrp>
    <Description xml:lang="nn">International Classification of Primary Care (ICPC-2) er et internasjonalt kode- og klassifiseringssystem for primærhelsetenesta. Systemet vert brukt for å registrere helseproblem så vel som kontaktårsaker, samt diagnose og behandlingsval. Klassifikasjonen er utarbeidd av Wonca International Classification Committee.</Description>
    <Description xml:lang="nb">International Classification of Primary Care (ICPC-2) er et internasjonalt kode- og klassifiseringssystem for primærhelsetjenesten. Systemet brukes for å registrere helseproblemer så vel som kontaktårsaker, samt diagnose og behandlingsvalg. Den er utarbeidet av Wonca International Classification Committee.</Description>
    <Description xml:lang="en">International Classification of Primary Care (ICPC-2) is an international code- and classification system for primary care. The system is used to register health problems as well as reasons for contact and diagnosis and treatment options. It is developed by the Wonca International Classification Committee.</Description>
  </DescriptionGrp>
  <StatisticalUnitGrp>
    <StatisticalUnit xml:lang="nn">Diagnosar</StatisticalUnit>
    <StatisticalUnit xml:lang="nb">Diagnoser</StatisticalUnit>
    <StatisticalUnit xml:lang="en">Diagnosis</StatisticalUnit>
  </StatisticalUnitGrp>
  <OwnerGrp>
    <Owner xml:lang="nn">Wonka International Classification Committee</Owner>
    <Owner xml:lang="nb">Wonka International Classification Committee</Owner>
    <Owner xml:lang="en">Wonka International Classification Committee</Owner>
  </OwnerGrp>
  <SubjectArea>03</SubjectArea>
  <ClassificationVersions>
    <ClassificationVersion id="urn:ssb:classversion:stabas:8742210" isCurrentVersion="true" validFrom="2004-01-01" isUnderConstruction="false" updatesPossible="false" disseminationAllowed="true" lastChangedDate="2013-08-22" showIntranet="true" showInternet="true">
      <TitleGrp>
        <Title xml:lang="nn">Standard for diagnosekapittel 2004</Title>
        <Title xml:lang="nb">Standard for diagnosekapitler 2004</Title>
        <Title xml:lang="en">Classification of diagnosis chapters 2004</Title>
      </TitleGrp>
      <DescriptionGrp>
        <Description xml:lang="nn">International Classification of Primary Care (ICPC-2) er et internasjonalt kode- og klassifiseringssystem for primærhelsetenesta. Systemet vert brukt for å registrere helseproblem så vel som kontaktårsaker, samt diagnose og behandlingsval. Klassifikasjonen er utarbeidd av Wonca International Classification Committee.</Description>
        <Description xml:lang="nb">International Classification of Primary Care (ICPC-2) er et internasjonalt kode- og klassifiseringssystem for primærhelsetjenesten. Systemet brukes for å registrere helseproblemer så vel som kontaktårsaker, samt diagnose og behandlingsvalg. Den er utarbeidet av Wonca International Classification Committee.</Description>
        <Description xml:lang="en">International Classification of Primary Care (ICPC-2) is an international code- and classification system for primary care. The system is used to register health problems as well as reasons for contact and diagnosis and treatment options. It is developed by the Wonca International Classification Committee.</Description>
      </DescriptionGrp>
      <IntroductionGrp>
        <Indtroduction xml:lang="nn">Ikkje relevant</Indtroduction>
        <Indtroduction xml:lang="nb">Ikke relevant</Indtroduction>
        <Indtroduction xml:lang="en">Not relevant</Indtroduction>
      </IntroductionGrp>
      <ContactInformation>
        <Person xmlns="http://www.ssb.no/ns/meta/common">esl </Person>
        <Division xmlns="http://www.ssb.no/ns/meta/common">330</Division>
      </ContactInformation>
      <ExternalDocumentGrp>
        <ExternalDocument xml:lang="nn">ICPC-2 Andre utgåve</ExternalDocument>
        <ExternalDocument xml:lang="nb">ICPC-2 Andre utgave</ExternalDocument>
        <ExternalDocument xml:lang="en">ICPC-2 Second edition</ExternalDocument>
      </ExternalDocumentGrp>
      <ChangesGrp>
        <Change xml:lang="nn">Ikkje relevant</Change>
        <Change xml:lang="nb">Ikke relevant</Change>
        <Change xml:lang="en">Not relevant</Change>
      </ChangesGrp>
      <DerivedFromGrp>
        <DerviedFrom xml:lang="nn">International Classification of Primary Care (ICPC-2)  frå1998</DerviedFrom>
        <DerviedFrom xml:lang="nb">International Classification of Primary Care (ICPC-2)  fra 1998</DerviedFrom>
        <DerviedFrom xml:lang="en">International Classification of Primary Care (ICPC-2)  from 1998</DerviedFrom>
      </DerivedFromGrp>
      <LegalBaseGrp>
        <LegalBase xml:lang="nn">Ikkej relevant</LegalBase>
        <LegalBase xml:lang="nb">Ikke relevant</LegalBase>
        <LegalBase xml:lang="en">Not relevant</LegalBase>
      </LegalBaseGrp>
      <Level levelNumber="1" id="urn:ssb:classlevel:stabas:8742212">
        <TitleGrp>
          <Title xml:lang="nn">Standard for diagnosekapittel 2004</Title>
          <Title xml:lang="nb">Standard for diagnosekapitler 2004: nivå 1</Title>
          <Title xml:lang="en">Classification of diagnosis chapters 2004</Title>
        </TitleGrp>
        <CodelistReference>urn:ssb:codelist:stabas:8742212</CodelistReference>
      </Level>
    </ClassificationVersion>
  </ClassificationVersions>
</Classification>