<?xml version="1.0" encoding="utf-8"?>
<Classification xmlns:xsi="http://www.w3.org/2001/XMLSchema-instance" xmlns:xsd="http://www.w3.org/2001/XMLSchema" id="urn:ssb:classification:stabas:8880201" currentVersionId="urn:ssb:classversion:stabas:0" xmlns="http://www.ssb.no/ns/meta/classification">
  <TitleGrp>
    <Title xml:lang="nn">Variant av institusjonell sektorgruppering - S950</Title>
    <Title xml:lang="nb">Variant av institusjonell sektorgruppering - S950</Title>
    <Title xml:lang="en">Classification of Institutional sector- 950</Title>
  </TitleGrp>
  <DescriptionGrp>
    <Description xml:lang="nn">Institusjonell sektor er ein statistisk standard som hovudsakleg blir nytta av nasjonalrekneskapen. Han deler den norske økonomien i sektorar på basis av gruppering av einsarta institusjonelle einingar. I Noreg opererer vi med fire hovudsektorar: Offentleg forvaltning, finansielle føretak, ikkje-finansielle føretak, hushald og utlandet.</Description>
    <Description xml:lang="nb">Institusjonell sektor er en statistisk standard som benyttes først og fremst av nasjonalregnskapet. Den deler den norske økonomien i sektorer på basis av gruppering av ensartede institusjonelle enheter.  I Norge opererer vi med 4 hovedsektorer; Offentlig forvaltning, finansielle foretak, ikke-finansielle foretak, husholdninger og utlandet.</Description>
    <Description xml:lang="en">The institutional sector is a statistical standard used mainly in National Accounts. It splits the Norwegian economy into sectors on the basis of groups of homogeneous institutional units. In Norway, we have 4 main sectors:General goverment, financialcorporations, non-financialcorporations, households and rest of the world.</Description>
  </DescriptionGrp>
  <StatisticalUnitGrp>
    <StatisticalUnit xml:lang="nb">Institusjonell enhet</StatisticalUnit>
  </StatisticalUnitGrp>
  <OwnerGrp>
    <Owner xml:lang="nn">Statistisk sentralbyrå (SSB)</Owner>
    <Owner xml:lang="nb">Statistisk sentralbyrå (SSB)</Owner>
    <Owner xml:lang="en">Statistics Norway (SSB)</Owner>
  </OwnerGrp>
  <SubjectArea>10</SubjectArea>
  <ClassificationVersions>
    <ClassificationVersion id="urn:ssb:classversion:stabas:8880202" isCurrentVersion="true" validFrom="2006-01-01" isUnderConstruction="false" updatesPossible="false" disseminationAllowed="false" lastChangedDate="2013-10-24" showIntranet="true" showInternet="false">
      <TitleGrp>
        <Title xml:lang="nn">Institusjonell sektorgruppering 2006</Title>
        <Title xml:lang="nb">Institusjonell sektorgruppering 2006</Title>
        <Title xml:lang="en">Institutional sector classification 2006</Title>
      </TitleGrp>
      <DescriptionGrp>
        <Description xml:lang="nn">Institusjonell sektor er ein statistisk standard som hovudsakleg blir nytta av nasjonalrekneskapen. Han deler den norske økonomien i sektorar på basis av gruppering av einsarta institusjonelle einingar. I Noreg opererer vi med fem hovudsektorar: Offentleg forvaltning, finansielle føretak, ikkje-finansielle føretak, hushald og utlandet.</Description>
        <Description xml:lang="nb">Institusjonell sektor er en statistisk standard som benyttes først og fremst av nasjonalregnskapet. Den deler den norske økonomien i sektorer på basis av gruppering av ensartede institusjonelle enheter.  I Norge opererer vi med fem hovedsektorer; Offentlig forvaltning, finansielle foretak, ikke-finansielle foretak, husholdninger og utlandet.

Denne varianten brukes av S930 og skiller seg fra standard klassifikasjonen ved at kode 110 har teksten "statsforvaltningen" i stedet for stats-og trygdeforvaltningen".</Description>
        <Description xml:lang="en">The institutional sector is a statistical standard used mainly in National Accounts. It splits the Norwegian economy into sectors on the basis of groups of homogeneous institutional units. In Norway, we have five main sectors: General government, financial corporations, non-financial corporations, households and rest of the world.</Description>
      </DescriptionGrp>
      <IntroductionGrp />
      <ContactInformation>
        <Person xmlns="http://www.ssb.no/ns/meta/common">GUH</Person>
        <Division xmlns="http://www.ssb.no/ns/meta/common">960</Division>
      </ContactInformation>
      <ExternalDocumentGrp>
        <ExternalDocument xml:lang="nn">Institusjonell sektorgruppering http://www.ssb.no/emner/10/13/isgrp/ og Prinsipp og definisjonar i kredittmarknadsstatistikken http://www.ssb.no/emner/10/13/definisjoner/</ExternalDocument>
        <ExternalDocument xml:lang="nb">Institusjonell sektorgruppering http://www.ssb.no/emner/10/13/isgrp/  og Prinsipper og definisjoner i kredittmarkedsstatistikken http://www.ssb.no/emner/10/13/definisjoner/</ExternalDocument>
        <ExternalDocument xml:lang="en">Grouping of institutional sectors http://www.ssb.no/english/subjects/10/13/ and Concepts and definitions in credit market statistics http://www.ssb.no/english/subjects/10/13/definisjoner_en/</ExternalDocument>
      </ExternalDocumentGrp>
      <ChangesGrp>
        <Change xml:lang="nn">Endringar eller revisjonar skjer sjeldan.</Change>
        <Change xml:lang="nb">Endringer eller revisjoner forekommer sjelden.</Change>
        <Change xml:lang="en">Changes or revisions are seldom.</Change>
      </ChangesGrp>
      <DerivedFromGrp>
        <DerviedFrom xml:lang="nn">Institusjonell sektorgruppering er basert på internasjonale standardar; FN's "System of National Accounts" - SNA93 og EU's "European System of National Accounts" - ESA95.</DerviedFrom>
        <DerviedFrom xml:lang="nb">Institusjonell sektorgruppering er basert på internasjonale standarder; FN's "System of National Accounts" - SNA93 og EU's "European System of National Accounts" - ESA95.</DerviedFrom>
        <DerviedFrom xml:lang="en">Grouping of institutional sectors is based on the international standards; UN's "System of National Accounts" - SNA93 and EU's "European System of National Accounts" - ESA95.</DerviedFrom>
      </DerivedFromGrp>
      <LegalBaseGrp>
        <LegalBase xml:lang="nn">Ikkje relevant</LegalBase>
        <LegalBase xml:lang="nb">Ikke relevant</LegalBase>
        <LegalBase xml:lang="en">Not relevant</LegalBase>
      </LegalBaseGrp>
      <Level levelNumber="1" id="urn:ssb:classlevel:stabas:8880206">
        <TitleGrp>
          <Title xml:lang="nn">Institusjonell sektorgruppering 2006: Nivå 1  - hovedgrupper</Title>
          <Title xml:lang="nb">Institusjonell sektorgruppering 2006: Nivå 1  - hovedgrupper</Title>
          <Title xml:lang="en">Institutional sector classification 2006: Nivå 1  - hovedgrupper</Title>
        </TitleGrp>
        <CodelistReference>urn:ssb:codelist:stabas:8880206</CodelistReference>
        <Level levelNumber="2" id="urn:ssb:classlevel:stabas:8880208">
          <TitleGrp>
            <Title xml:lang="nn">Institusjonell sektorgruppering 2006: Nivå 2</Title>
            <Title xml:lang="nb">Institusjonell sektorgruppering 2006: Nivå 2</Title>
            <Title xml:lang="en">Institutional sector classification 2006: Nivå 2</Title>
          </TitleGrp>
          <CodelistReference>urn:ssb:codelist:stabas:8880208</CodelistReference>
          <Level levelNumber="3" id="urn:ssb:classlevel:stabas:8880210" codeStructure="999">
            <TitleGrp>
              <Title xml:lang="nn">Institusjonell sektorgruppering 2006</Title>
              <Title xml:lang="nb">Institusjonell sektorgruppering 2006: Nivå 3</Title>
              <Title xml:lang="en">Institutional sector classification 2006</Title>
            </TitleGrp>
            <CodelistReference>urn:ssb:codelist:stabas:8880210</CodelistReference>
          </Level>
        </Level>
      </Level>
    </ClassificationVersion>
  </ClassificationVersions>
</Classification>