<?xml version="1.0" encoding="utf-8"?>
<Classification xmlns:xsi="http://www.w3.org/2001/XMLSchema-instance" xmlns:xsd="http://www.w3.org/2001/XMLSchema" id="urn:ssb:classification:stabas:9116102" currentVersionId="urn:ssb:classversion:stabas:9117001" xmlns="http://www.ssb.no/ns/meta/classification">
  <TitleGrp>
    <Title xml:lang="nb">Standard for landkoder utviklingsland</Title>
    <Title xml:lang="en">Land codes for developing countries</Title>
  </TitleGrp>
  <DescriptionGrp>
    <Description xml:lang="nb">http://www.oecd.org/dac/stats/daclistofodarecipients.htm
slik de er definert i OECDs DAC-liste (DAC: Development Assistance Committee)  for ODA-mottagere (ODA: Official Development Assistance).</Description>
    <Description xml:lang="en">http://www.oecd.org/dac/stats/daclistofodarecipients.htm
 as defined in the OECD DAC- list (DAC: Development Assistance Committee) of ODA  recipients (ODA: Official Development Assistance).</Description>
  </DescriptionGrp>
  <StatisticalUnitGrp>
    <StatisticalUnit xml:lang="nb">Land</StatisticalUnit>
    <StatisticalUnit xml:lang="en">Countries</StatisticalUnit>
  </StatisticalUnitGrp>
  <OwnerGrp>
    <Owner xml:lang="nb">Statistisk sentralbyrå (SSB)</Owner>
    <Owner xml:lang="en">Statistics Norway</Owner>
  </OwnerGrp>
  <SubjectArea>09</SubjectArea>
  <ClassificationVersions>
    <ClassificationVersion id="urn:ssb:classversion:stabas:9117001" isCurrentVersion="true" validFrom="2015-01-01" isUnderConstruction="false" updatesPossible="false" disseminationAllowed="true" lastChangedDate="2015-02-16" showIntranet="true" showInternet="true">
      <TitleGrp>
        <Title xml:lang="nb">Landkoder for utviklingsland 2014</Title>
        <Title xml:lang="en">Land codes for developing countries 2014</Title>
      </TitleGrp>
      <DescriptionGrp>
        <Description xml:lang="nb">Utviklingsland: http://www.oecd.org/dac/stats/daclistofodarecipients.htm  
slik de er definert i OECDs DAC-liste (DAC: Development Assistance Committee)  for ODA-mottagere (ODA: Official Development Assistance).  

Frem til 2006 ble disse landene definert som utviklingsland i den norske handelsstatistikken: Bosnia-Hercegovina, Jugoslavia (Serbia og Montenegro), Kroatia, Makedonia, Malta, Slovenia - Afrika unntatt Sør-Afrika - Asia unntatt Japan; Nord- og Sør-Amerika unntatt USA, Canada og Grønland - Oceania unntatt Australia og New Zealand.</Description>
        <Description xml:lang="en">Developing countries: http://www.oecd.org/dac/stats/daclistofodarecipients.htm 
as defined in the OECD DAC- list (DAC: Development Assistance Committee) of ODA  recipients (ODA: Official Development Assistance).
Until 2006, these countries were defined as developing countries in the Norwegian trade statistics: Bosnia-Herzegovina, Yugoslavia (Serbia and Montenegro), Croatia, Macedonia, Malta, Slovenia - Africa except South Africa - Asia excluding Japan, North and South America except USA, Canada and Greenland - Oceania except Australia and New Zealand.</Description>
      </DescriptionGrp>
      <IntroductionGrp>
        <Indtroduction xml:lang="nb">Ikke relevant</Indtroduction>
        <Indtroduction xml:lang="en">Not relevant</Indtroduction>
      </IntroductionGrp>
      <ContactInformation>
        <Person xmlns="http://www.ssb.no/ns/meta/common">nro</Person>
        <Division xmlns="http://www.ssb.no/ns/meta/common">980</Division>
      </ContactInformation>
      <ExternalDocumentGrp>
        <ExternalDocument xml:lang="nb">Ikke relevant</ExternalDocument>
        <ExternalDocument xml:lang="en">Not relevant</ExternalDocument>
      </ExternalDocumentGrp>
      <ChangesGrp>
        <Change xml:lang="nb">2014 - Anguilla,  Saint Kitts og Nevis ut
</Change>
        <Change xml:lang="en">2014 -  Cancelled: Anguilla, Saint Kitts and Nevis 
</Change>
      </ChangesGrp>
      <DerivedFromGrp>
        <DerviedFrom xml:lang="nb">OECDs DAC-liste: http://www.oecd.org/dac/stats/daclistofodarecipients.htm Denne listen er designet for statistiske formål. Den bidrar til å måle og klassifisere bistand og andre ressursoverføringer fra giverland. Den er ikke et utgangspunkt for styring av utviklingshjelp eller annen preferansebehandling.</DerviedFrom>
        <DerviedFrom xml:lang="en">The DAC List of ODA (Official Development Assistance) Recipients of the (OECD): http://www.oecd.org/dac/stats/daclistofodarecipients.htm The list is designed for statistical purposes. It helps to measure and classify aid and other resource flows originating in donor countries. It is not designed as guidance for aid or other preferential treatment.</DerviedFrom>
      </DerivedFromGrp>
      <LegalBaseGrp>
        <LegalBase xml:lang="nb">Ikke relevant</LegalBase>
        <LegalBase xml:lang="en">Not relevant</LegalBase>
      </LegalBaseGrp>
      <Level levelNumber="1" id="urn:ssb:classlevel:stabas:9117004" codeStructure="XX">
        <TitleGrp>
          <Title xml:lang="nb">Landkoder for utviklingsland 2014: Landkoder for utviklingsland</Title>
          <Title xml:lang="en">Land codes for developing countries 2014: Land Codes used in Forreign Trade stats. </Title>
        </TitleGrp>
        <CodelistReference>urn:ssb:codelist:stabas:9117004</CodelistReference>
      </Level>
    </ClassificationVersion>
    <ClassificationVersion id="urn:ssb:classversion:stabas:9119401" isCurrentVersion="false" validFrom="2011-01-01" validTo="2013-12-31" isUnderConstruction="false" updatesPossible="false" disseminationAllowed="true" lastChangedDate="2015-02-16" showIntranet="true" showInternet="true">
      <TitleGrp>
        <Title xml:lang="nb">Landkoder for utviklingsland 2011</Title>
        <Title xml:lang="en">Land codes for developing countries 2011</Title>
      </TitleGrp>
      <DescriptionGrp>
        <Description xml:lang="nb">Utviklingsland: http://www.oecd.org/dac/stats/daclistofodarecipients.htm  
slik de er definert i OECDs DAC-liste (DAC: Development Assistance Committee)  for ODA-mottagere (ODA: Official Development Assistance).  

Frem til 2006 ble disse landene definert som utviklingsland i den norske handelsstatistikken: Bosnia-Hercegovina, Jugoslavia (Serbia og Montenegro), Kroatia, Makedonia, Malta, Slovenia - Afrika unntatt Sør-Afrika - Asia unntatt Japan; Nord- og Sør-Amerika unntatt USA, Canada og Grønland - Oceania unntatt Australia og New Zealand.</Description>
        <Description xml:lang="en">Developing countries: http://www.oecd.org/dac/stats/daclistofodarecipients.htm 
as defined in the OECD DAC- list (DAC: Development Assistance Committee) of ODA  recipients (ODA: Official Development Assistance).
Until 2006, these countries were defined as developing countries in the Norwegian trade statistics: Bosnia-Herzegovina, Yugoslavia (Serbia and Montenegro), Croatia, Macedonia, Malta, Slovenia - Africa except South Africa - Asia excluding Japan, North and South America except USA, Canada and Greenland - Oceania except Australia and New Zealand.</Description>
      </DescriptionGrp>
      <IntroductionGrp>
        <Indtroduction xml:lang="nb">Ikke relevant</Indtroduction>
        <Indtroduction xml:lang="en">Not relevant</Indtroduction>
      </IntroductionGrp>
      <ContactInformation>
        <Person xmlns="http://www.ssb.no/ns/meta/common">nro</Person>
        <Division xmlns="http://www.ssb.no/ns/meta/common">980</Division>
      </ContactInformation>
      <ExternalDocumentGrp>
        <ExternalDocument xml:lang="nb">Ikke relevant</ExternalDocument>
        <ExternalDocument xml:lang="en">Not relevant</ExternalDocument>
      </ExternalDocumentGrp>
      <ChangesGrp>
        <Change xml:lang="nb">2011 - Barbados, Kroatia, Mayotte, Oman, Trinidad og Tobago ut.  Sør-Sudan inn.</Change>
        <Change xml:lang="en">2011 - Cancelled: Barbados, Croatia, Mayotte, Oman, Trinidad and Tobago. New country: South Sudan</Change>
      </ChangesGrp>
      <DerivedFromGrp>
        <DerviedFrom xml:lang="nb">OECDs DAC-liste: http://www.oecd.org/dac/stats/daclistofodarecipients.htm Denne listen er designet for statistiske formål. Den bidrar til å måle og klassifisere bistand og andre ressursoverføringer fra giverland. Den er ikke et utgangspunkt for styring av utviklingshjelp eller annen preferansebehandling.</DerviedFrom>
        <DerviedFrom xml:lang="en">The DAC List of ODA (Official Development Assistance) Recipients of the (OECD): http://www.oecd.org/dac/stats/daclistofodarecipients.htm The list is designed for statistical purposes. It helps to measure and classify aid and other resource flows originating in donor countries. It is not designed as guidance for aid or other preferential treatment.</DerviedFrom>
      </DerivedFromGrp>
      <LegalBaseGrp>
        <LegalBase xml:lang="nb">Ikke relevant</LegalBase>
        <LegalBase xml:lang="en">Not relevant</LegalBase>
      </LegalBaseGrp>
      <Level levelNumber="1" id="urn:ssb:classlevel:stabas:9119404" codeStructure="XX">
        <TitleGrp>
          <Title xml:lang="nb">Landkoder for utviklingsland 2011: Landkoder for utviklingsland</Title>
          <Title xml:lang="en">Land codes for developing countries 2011: Land Codes used in Forreign Trade stats. </Title>
        </TitleGrp>
        <CodelistReference>urn:ssb:codelist:stabas:9119404</CodelistReference>
      </Level>
    </ClassificationVersion>
    <ClassificationVersion id="urn:ssb:classversion:stabas:9118901" isCurrentVersion="false" validFrom="2009-01-01" validTo="2010-12-31" isUnderConstruction="false" updatesPossible="false" disseminationAllowed="true" lastChangedDate="2015-02-16" showIntranet="true" showInternet="true">
      <TitleGrp>
        <Title xml:lang="nb">Landkoder for utviklingsland 2009</Title>
        <Title xml:lang="en">Land codes for developing countries 2009</Title>
      </TitleGrp>
      <DescriptionGrp>
        <Description xml:lang="nb">Utviklingsland: http://www.oecd.org/dac/stats/daclistofodarecipients.htm  
slik de er definert i OECDs DAC-liste (DAC: Development Assistance Committee)  for ODA-mottagere (ODA: Official Development Assistance).  

Frem til 2006 ble disse landene definert som utviklingsland i den norske handelsstatistikken: Bosnia-Hercegovina, Jugoslavia (Serbia og Montenegro), Kroatia, Makedonia, Malta, Slovenia - Afrika unntatt Sør-Afrika - Asia unntatt Japan; Nord- og Sør-Amerika unntatt USA, Canada og Grønland - Oceania unntatt Australia og New Zealand.</Description>
        <Description xml:lang="en">Developing countries: http://www.oecd.org/dac/stats/daclistofodarecipients.htm 
as defined in the OECD DAC- list (DAC: Development Assistance Committee) of ODA  recipients (ODA: Official Development Assistance).
Until 2006, these countries were defined as developing countries in the Norwegian trade statistics: Bosnia-Herzegovina, Yugoslavia (Serbia and Montenegro), Croatia, Macedonia, Malta, Slovenia - Africa except South Africa - Asia excluding Japan, North and South America except USA, Canada and Greenland - Oceania except Australia and New Zealand.</Description>
      </DescriptionGrp>
      <IntroductionGrp>
        <Indtroduction xml:lang="nb">Ikke relevant</Indtroduction>
        <Indtroduction xml:lang="en">Not relevant</Indtroduction>
      </IntroductionGrp>
      <ContactInformation>
        <Person xmlns="http://www.ssb.no/ns/meta/common">nro</Person>
        <Division xmlns="http://www.ssb.no/ns/meta/common">980</Division>
      </ContactInformation>
      <ExternalDocumentGrp>
        <ExternalDocument xml:lang="nb">Ikke relevant</ExternalDocument>
        <ExternalDocument xml:lang="en">Not relevant</ExternalDocument>
      </ExternalDocumentGrp>
      <ChangesGrp>
        <Change xml:lang="nb">2009 - Kosovo inn</Change>
        <Change xml:lang="en">2009 - New country: Kosovo</Change>
      </ChangesGrp>
      <DerivedFromGrp>
        <DerviedFrom xml:lang="nb">OECDs DAC-liste: http://www.oecd.org/dac/stats/daclistofodarecipients.htm Denne listen er designet for statistiske formål. Den bidrar til å måle og klassifisere bistand og andre ressursoverføringer fra giverland. Den er ikke et utgangspunkt for styring av utviklingshjelp eller annen preferansebehandling.</DerviedFrom>
        <DerviedFrom xml:lang="en">The DAC List of ODA (Official Development Assistance) Recipients of the (OECD): http://www.oecd.org/dac/stats/daclistofodarecipients.htm The list is designed for statistical purposes. It helps to measure and classify aid and other resource flows originating in donor countries. It is not designed as guidance for aid or other preferential treatment.</DerviedFrom>
      </DerivedFromGrp>
      <LegalBaseGrp>
        <LegalBase xml:lang="nb">Ikke relevant</LegalBase>
        <LegalBase xml:lang="en">Not relevant</LegalBase>
      </LegalBaseGrp>
      <Level levelNumber="1" id="urn:ssb:classlevel:stabas:9118904" codeStructure="XX">
        <TitleGrp>
          <Title xml:lang="nb">Landkoder for utviklingsland 2009: Landkoder for utviklingsland</Title>
          <Title xml:lang="en">Land codes for developing countries 2009: Land Codes used in Forreign Trade stats. </Title>
        </TitleGrp>
        <CodelistReference>urn:ssb:codelist:stabas:9118904</CodelistReference>
      </Level>
    </ClassificationVersion>
    <ClassificationVersion id="urn:ssb:classversion:stabas:9118501" isCurrentVersion="false" validFrom="2008-01-01" validTo="2008-12-31" isUnderConstruction="false" updatesPossible="false" disseminationAllowed="true" lastChangedDate="2015-02-16" showIntranet="true" showInternet="true">
      <TitleGrp>
        <Title xml:lang="nb">Landkoder for utviklingsland 2008</Title>
        <Title xml:lang="en">Land codes for developing countries 2008</Title>
      </TitleGrp>
      <DescriptionGrp>
        <Description xml:lang="nb">Utviklingsland: http://www.oecd.org/dac/stats/daclistofodarecipients.htm  
slik de er definert i OECDs DAC-liste (DAC: Development Assistance Committee)  for ODA-mottagere (ODA: Official Development Assistance).  

Frem til 2006 ble disse landene definert som utviklingsland i den norske handelsstatistikken: Bosnia-Hercegovina, Jugoslavia (Serbia og Montenegro), Kroatia, Makedonia, Malta, Slovenia - Afrika unntatt Sør-Afrika - Asia unntatt Japan; Nord- og Sør-Amerika unntatt USA, Canada og Grønland - Oceania unntatt Australia og New Zealand.</Description>
        <Description xml:lang="en">Developing countries: http://www.oecd.org/dac/stats/daclistofodarecipients.htm 
as defined in the OECD DAC- list (DAC: Development Assistance Committee) of ODA  recipients (ODA: Official Development Assistance).
Until 2006, these countries were defined as developing countries in the Norwegian trade statistics: Bosnia-Herzegovina, Yugoslavia (Serbia and Montenegro), Croatia, Macedonia, Malta, Slovenia - Africa except South Africa - Asia excluding Japan, North and South America except USA, Canada and Greenland - Oceania except Australia and New Zealand.</Description>
      </DescriptionGrp>
      <IntroductionGrp>
        <Indtroduction xml:lang="nb">Ikke relevant</Indtroduction>
        <Indtroduction xml:lang="en">Not relevant</Indtroduction>
      </IntroductionGrp>
      <ContactInformation>
        <Person xmlns="http://www.ssb.no/ns/meta/common">nro</Person>
        <Division xmlns="http://www.ssb.no/ns/meta/common">980</Division>
      </ContactInformation>
      <ExternalDocumentGrp>
        <ExternalDocument xml:lang="nb">Ikke relevant</ExternalDocument>
        <ExternalDocument xml:lang="en">Not relevant</ExternalDocument>
      </ExternalDocumentGrp>
      <ChangesGrp>
        <Change xml:lang="nb">2008 - Saudi-Arabia, Turks and Caicos Islands ut</Change>
        <Change xml:lang="en">2008 - Cancelled: Saudi Arabia, Turks and Caicos Islands </Change>
      </ChangesGrp>
      <DerivedFromGrp>
        <DerviedFrom xml:lang="nb">OECDs DAC-liste: http://www.oecd.org/dac/stats/daclistofodarecipients.htm Denne listen er designet for statistiske formål. Den bidrar til å måle og klassifisere bistand og andre ressursoverføringer fra giverland. Den er ikke et utgangspunkt for styring av utviklingshjelp eller annen preferansebehandling.</DerviedFrom>
        <DerviedFrom xml:lang="en">The DAC List of ODA (Official Development Assistance) Recipients of the (OECD): http://www.oecd.org/dac/stats/daclistofodarecipients.htm The list is designed for statistical purposes. It helps to measure and classify aid and other resource flows originating in donor countries. It is not designed as guidance for aid or other preferential treatment.</DerviedFrom>
      </DerivedFromGrp>
      <LegalBaseGrp>
        <LegalBase xml:lang="nb">Ikke relevant</LegalBase>
        <LegalBase xml:lang="en">Not relevant</LegalBase>
      </LegalBaseGrp>
      <Level levelNumber="1" id="urn:ssb:classlevel:stabas:9118504" codeStructure="XX">
        <TitleGrp>
          <Title xml:lang="nb">Landkoder for utviklingsland 2008: Landkoder for utviklingsland</Title>
          <Title xml:lang="en">Land codes for developing countries 2008: Land Codes used in Forreign Trade stats.</Title>
        </TitleGrp>
        <CodelistReference>urn:ssb:codelist:stabas:9118504</CodelistReference>
      </Level>
    </ClassificationVersion>
    <ClassificationVersion id="urn:ssb:classversion:stabas:9118101" isCurrentVersion="false" validFrom="2007-01-01" validTo="2007-12-31" isUnderConstruction="false" updatesPossible="false" disseminationAllowed="true" lastChangedDate="2015-02-16" showIntranet="true" showInternet="true">
      <TitleGrp>
        <Title xml:lang="nb">Landkoder for utviklingsland 2007</Title>
        <Title xml:lang="en">Land codes for developing countries 2007</Title>
      </TitleGrp>
      <DescriptionGrp>
        <Description xml:lang="nb">Utviklingsland: http://www.oecd.org/dac/stats/daclistofodarecipients.htm  
slik de er definert i OECDs DAC-liste (DAC: Development Assistance Committee)  for ODA-mottagere (ODA: Official Development Assistance).  

Frem til 2006 ble disse landene definert som utviklingsland i den norske handelsstatistikken: Bosnia-Hercegovina, Jugoslavia (Serbia og Montenegro), Kroatia, Makedonia, Malta, Slovenia - Afrika unntatt Sør-Afrika - Asia unntatt Japan; Nord- og Sør-Amerika unntatt USA, Canada og Grønland - Oceania unntatt Australia og New Zealand.</Description>
        <Description xml:lang="en">Developing countries: http://www.oecd.org/dac/stats/daclistofodarecipients.htm 
as defined in the OECD DAC- list (DAC: Development Assistance Committee) of ODA  recipients (ODA: Official Development Assistance).
Until 2006, these countries were defined as developing countries in the Norwegian trade statistics: Bosnia-Herzegovina, Yugoslavia (Serbia and Montenegro), Croatia, Macedonia, Malta, Slovenia - Africa except South Africa - Asia excluding Japan, North and South America except USA, Canada and Greenland - Oceania except Australia and New Zealand.</Description>
      </DescriptionGrp>
      <IntroductionGrp>
        <Indtroduction xml:lang="nb">Ikke relevant</Indtroduction>
        <Indtroduction xml:lang="en">Not relevant</Indtroduction>
      </IntroductionGrp>
      <ContactInformation>
        <Person xmlns="http://www.ssb.no/ns/meta/common">nro</Person>
        <Division xmlns="http://www.ssb.no/ns/meta/common">980</Division>
      </ContactInformation>
      <ExternalDocumentGrp>
        <ExternalDocument xml:lang="nb">Ikke relevant</ExternalDocument>
        <ExternalDocument xml:lang="en">Not relevant</ExternalDocument>
      </ExternalDocumentGrp>
      <ChangesGrp>
        <Change xml:lang="nb">Ikke relevant</Change>
        <Change xml:lang="en">Not relevant</Change>
      </ChangesGrp>
      <DerivedFromGrp>
        <DerviedFrom xml:lang="nb">OECDs DAC-liste: http://www.oecd.org/dac/stats/daclistofodarecipients.htm Denne listen er designet for statistiske formål. Den bidrar til å måle og klassifisere bistand og andre ressursoverføringer fra giverland. Den er ikke et utgangspunkt for styring av utviklingshjelp eller annen preferansebehandling.</DerviedFrom>
        <DerviedFrom xml:lang="en">The DAC List of ODA (Official Development Assistance) Recipients of the (OECD): http://www.oecd.org/dac/stats/daclistofodarecipients.htm The list is designed for statistical purposes. It helps to measure and classify aid and other resource flows originating in donor countries. It is not designed as guidance for aid or other preferential treatment.</DerviedFrom>
      </DerivedFromGrp>
      <LegalBaseGrp>
        <LegalBase xml:lang="nb">Ikke relevant</LegalBase>
        <LegalBase xml:lang="en">Not relevant</LegalBase>
      </LegalBaseGrp>
      <Level levelNumber="1" id="urn:ssb:classlevel:stabas:9118104" codeStructure="XX">
        <TitleGrp>
          <Title xml:lang="nb">Landkoder for utviklingsland 2007: Landkoder for utviklingsland</Title>
          <Title xml:lang="en">Land codes for developing countries 2007: Land Codes used in Forreign Trade stats. </Title>
        </TitleGrp>
        <CodelistReference>urn:ssb:codelist:stabas:9118104</CodelistReference>
      </Level>
    </ClassificationVersion>
  </ClassificationVersions>
</Classification>