<?xml version="1.0" encoding="utf-8"?>
<Classification xmlns:xsi="http://www.w3.org/2001/XMLSchema-instance" xmlns:xsd="http://www.w3.org/2001/XMLSchema" id="urn:ssb:classification:stabas:9119901" currentVersionId="urn:ssb:classversion:stabas:9121901" xmlns="http://www.ssb.no/ns/meta/classification">
  <TitleGrp>
    <Title xml:lang="nb">Standard for landkoder utviklingsland_MUL</Title>
    <Title xml:lang="en">Land codes for developing countries_MUL</Title>
  </TitleGrp>
  <DescriptionGrp>
    <Description xml:lang="nb">http://www.oecd.org/dac/stats/daclistofodarecipients.htm
slik de er definert i OECDs DAC-liste (DAC: Development Assistance Committee)  for ODA-mottagere (ODA: Official Development Assistance).</Description>
    <Description xml:lang="en">http://www.oecd.org/dac/stats/daclistofodarecipients.htm
as defined in the OECD DAC- list (DAC: Development Assistance Committee) of ODA  recipients (ODA: Official Development Assistance).</Description>
  </DescriptionGrp>
  <StatisticalUnitGrp>
    <StatisticalUnit xml:lang="nb">Land</StatisticalUnit>
    <StatisticalUnit xml:lang="en">Countries</StatisticalUnit>
  </StatisticalUnitGrp>
  <OwnerGrp>
    <Owner xml:lang="nb">Statistisk sentralbyrå (SSB)</Owner>
    <Owner xml:lang="en">Statistics Norway</Owner>
  </OwnerGrp>
  <SubjectArea>09</SubjectArea>
  <ClassificationVersions>
    <ClassificationVersion id="urn:ssb:classversion:stabas:9121901" isCurrentVersion="true" validFrom="2014-01-01" isUnderConstruction="false" updatesPossible="false" disseminationAllowed="true" lastChangedDate="2015-02-16" showIntranet="true" showInternet="true">
      <TitleGrp>
        <Title xml:lang="nb">Landkoder for  minst utviklede land  MUL 2014</Title>
        <Title xml:lang="en">Land codes for least developed countries - LDC 2014</Title>
      </TitleGrp>
      <DescriptionGrp>
        <Description xml:lang="nb">De minst utviklede land: http://unohrlls.org/about-ldcs/
(MUL) slik de er definert av FN</Description>
        <Description xml:lang="en">The least Developed Counrtries (LDCs): http://www.oecd.org/dac/stats/daclistofodarecipients.htm 


as defined in the OECD DAC- list (DAC: Development Assistance Committee) of ODA  recipients (ODA: Official Development Assistance).</Description>
      </DescriptionGrp>
      <IntroductionGrp>
        <Indtroduction xml:lang="nb">Ikke relevant</Indtroduction>
        <Indtroduction xml:lang="en">Not relevant</Indtroduction>
      </IntroductionGrp>
      <ContactInformation>
        <Person xmlns="http://www.ssb.no/ns/meta/common">nro</Person>
        <Division xmlns="http://www.ssb.no/ns/meta/common">980</Division>
      </ContactInformation>
      <ExternalDocumentGrp>
        <ExternalDocument xml:lang="nb">Ikke relevant</ExternalDocument>
        <ExternalDocument xml:lang="en">Not relevant</ExternalDocument>
      </ExternalDocumentGrp>
      <ChangesGrp>
        <Change xml:lang="nb">2014 - Samoa ut.</Change>
        <Change xml:lang="en">2014 - Cancelled:Samoa.</Change>
      </ChangesGrp>
      <DerivedFromGrp>
        <DerviedFrom xml:lang="nb">OECDs DAC-liste: http://www.oecd.org/dac/stats/daclistofodarecipients.htm
Denne listen er designet for statistiske formål. Den bidrar til å måle og klassifisere bistand og andre ressursoverføringer fra giverland. Den er ikke et utgangspunkt for styring av utviklingshjelp eller annen preferansebehandling. </DerviedFrom>
        <DerviedFrom xml:lang="en">The DAC List of ODA (Official Development Assistance) Recipients of the (OECD): http://www.oecd.org/dac/stats/daclistofodarecipients.htm The list is designed for statistical purposes. It helps to measure and classify aid and other resource flows originating in donor countries. It is not designed as guidance for aid or other preferential treatment.</DerviedFrom>
      </DerivedFromGrp>
      <LegalBaseGrp>
        <LegalBase xml:lang="nb">Ikke relevant</LegalBase>
        <LegalBase xml:lang="en">Not relevant</LegalBase>
      </LegalBaseGrp>
      <Level levelNumber="1" id="urn:ssb:classlevel:stabas:9121904" codeStructure="XX">
        <TitleGrp>
          <Title xml:lang="nb">Landkoder for  minst utviklede land  MUL 2014: Landkoder for utviklingsland</Title>
          <Title xml:lang="en">Land codes for least developed countries - LDC 2014: Land Codes used in Forreign Trade stats. </Title>
        </TitleGrp>
        <CodelistReference>urn:ssb:codelist:stabas:9121904</CodelistReference>
      </Level>
    </ClassificationVersion>
    <ClassificationVersion id="urn:ssb:classversion:stabas:9122002" isCurrentVersion="false" validFrom="2012-01-01" validTo="2013-12-31" isUnderConstruction="false" updatesPossible="false" disseminationAllowed="true" lastChangedDate="2015-02-16" showIntranet="true" showInternet="true">
      <TitleGrp>
        <Title xml:lang="nb">Landkoder for  minst utviklede land  MUL 2012</Title>
        <Title xml:lang="en">(Land codes for least developed countries - LDC) 2012</Title>
      </TitleGrp>
      <DescriptionGrp>
        <Description xml:lang="nb">De minst utviklede land: http://unohrlls.org/about-ldcs/
(MUL) slik de er definert av FN</Description>
        <Description xml:lang="en">The least Developed Counrtries (LDCs): http://www.oecd.org/dac/stats/daclistofodarecipients.htm 
as defined in the OECD DAC- list (DAC: Development Assistance Committee) of ODA  recipients (ODA: Official Development Assistance).
</Description>
      </DescriptionGrp>
      <IntroductionGrp>
        <Indtroduction xml:lang="nb">Ikke relevant</Indtroduction>
        <Indtroduction xml:lang="en">Not relevant</Indtroduction>
      </IntroductionGrp>
      <ContactInformation>
        <Person xmlns="http://www.ssb.no/ns/meta/common">nro</Person>
        <Division xmlns="http://www.ssb.no/ns/meta/common">980</Division>
      </ContactInformation>
      <ExternalDocumentGrp>
        <ExternalDocument xml:lang="nb">Ikke relevant</ExternalDocument>
        <ExternalDocument xml:lang="en">Not relevant</ExternalDocument>
      </ExternalDocumentGrp>
      <ChangesGrp>
        <Change xml:lang="nb">2012 - Sør-Sudan inn.</Change>
        <Change xml:lang="en">2012 - New:  South Sudan</Change>
      </ChangesGrp>
      <DerivedFromGrp>
        <DerviedFrom xml:lang="nb">OECDs DAC-liste: http://www.oecd.org/dac/stats/daclistofodarecipients.htm
Denne listen er designet for statistiske formål. Den bidrar til å måle og klassifisere bistand og andre ressursoverføringer fra giverland. Den er ikke et utgangspunkt for styring av utviklingshjelp eller annen preferansebehandling.</DerviedFrom>
        <DerviedFrom xml:lang="en">The DAC List of ODA (Official Development Assistance) Recipients of the (OECD): http://www.oecd.org/dac/stats/daclistofodarecipients.htm The list is designed for statistical purposes. It helps to measure and classify aid and other resource flows originating in donor countries. It is not designed as guidance for aid or other preferential treatment.</DerviedFrom>
      </DerivedFromGrp>
      <LegalBaseGrp>
        <LegalBase xml:lang="nb">Ikke relevant</LegalBase>
        <LegalBase xml:lang="en">Not relevant</LegalBase>
      </LegalBaseGrp>
      <Level levelNumber="1" id="urn:ssb:classlevel:stabas:9122005" codeStructure="XX">
        <TitleGrp>
          <Title xml:lang="nb">Landkoder for  minst utviklede land  MUL 2012: Landkoder for utviklingsland</Title>
          <Title xml:lang="en">(Land codes for least developed countries - LDC) 2012: Land Codes used in Forreign Trade stats. </Title>
        </TitleGrp>
        <CodelistReference>urn:ssb:codelist:stabas:9122005</CodelistReference>
      </Level>
    </ClassificationVersion>
    <ClassificationVersion id="urn:ssb:classversion:stabas:9121701" isCurrentVersion="false" validFrom="2011-01-01" validTo="2011-12-31" isUnderConstruction="false" updatesPossible="false" disseminationAllowed="true" lastChangedDate="2015-02-16" showIntranet="true" showInternet="true">
      <TitleGrp>
        <Title xml:lang="nb">Landkoder for  minst utviklede land  MUL 2011</Title>
        <Title xml:lang="en">Land codes for least developed countries - LDC 2011</Title>
      </TitleGrp>
      <DescriptionGrp>
        <Description xml:lang="nb">De minst utviklede land: http://unohrlls.org/about-ldcs/
(MUL) slik de er definert av FN</Description>
        <Description xml:lang="en">The least Developed Counrtries (LDCs): http://www.oecd.org/dac/stats/daclistofodarecipients.htm 
as defined in the OECD DAC- list (DAC: Development Assistance Committee) of ODA  recipients (ODA: Official Development Assistance).</Description>
      </DescriptionGrp>
      <IntroductionGrp>
        <Indtroduction xml:lang="nb">Ikke relevant</Indtroduction>
        <Indtroduction xml:lang="en">Not relevant</Indtroduction>
      </IntroductionGrp>
      <ContactInformation>
        <Person xmlns="http://www.ssb.no/ns/meta/common">nro</Person>
        <Division xmlns="http://www.ssb.no/ns/meta/common">980</Division>
      </ContactInformation>
      <ExternalDocumentGrp>
        <ExternalDocument xml:lang="nb">Ikke relevant</ExternalDocument>
        <ExternalDocument xml:lang="en">Not relevant</ExternalDocument>
      </ExternalDocumentGrp>
      <ChangesGrp>
        <Change xml:lang="nb">2011 - Maldivene ut</Change>
        <Change xml:lang="en">2011 - Cancelled: Maldives</Change>
      </ChangesGrp>
      <DerivedFromGrp>
        <DerviedFrom xml:lang="nb">OECDs DAC-liste: http://www.oecd.org/dac/stats/daclistofodarecipients.htm
Denne listen er designet for statistiske formål. Den bidrar til å måle og klassifisere bistand og andre ressursoverføringer fra giverland. Den er ikke et utgangspunkt for styring av utviklingshjelp eller annen preferansebehandling.</DerviedFrom>
        <DerviedFrom xml:lang="en">The DAC List of ODA (Official Development Assistance) Recipients of the (OECD): http://www.oecd.org/dac/stats/daclistofodarecipients.htm The list is designed for statistical purposes. It helps to measure and classify aid and other resource flows originating in donor countries. It is not designed as guidance for aid or other preferential treatment.</DerviedFrom>
      </DerivedFromGrp>
      <LegalBaseGrp>
        <LegalBase xml:lang="nb">Ikke relevant</LegalBase>
        <LegalBase xml:lang="en">Not relevant</LegalBase>
      </LegalBaseGrp>
      <Level levelNumber="1" id="urn:ssb:classlevel:stabas:9121704" codeStructure="XX">
        <TitleGrp>
          <Title xml:lang="nb">Landkoder for  minst utviklede land  MUL 2011: Landkoder for utviklingsland</Title>
          <Title xml:lang="en">Land codes for least developed countries - LDC 2011: Land Codes used in Forreign Trade stats. </Title>
        </TitleGrp>
        <CodelistReference>urn:ssb:codelist:stabas:9121704</CodelistReference>
      </Level>
    </ClassificationVersion>
    <ClassificationVersion id="urn:ssb:classversion:stabas:9121106" isCurrentVersion="false" validFrom="2007-01-01" validTo="2010-12-31" isUnderConstruction="false" updatesPossible="false" disseminationAllowed="true" lastChangedDate="2015-02-16" showIntranet="true" showInternet="true">
      <TitleGrp>
        <Title xml:lang="nb">Landkoder for  minst utviklede land  MUL 2007</Title>
        <Title xml:lang="en">Land codes for least developed countries - LDC 2007</Title>
      </TitleGrp>
      <DescriptionGrp>
        <Description xml:lang="nb">De minst utviklede land: http://unohrlls.org/about-ldcs/
(MUL) slik de er definert av FN
</Description>
        <Description xml:lang="en">The least Developed Counrtries (LDCs): http://www.oecd.org/dac/stats/daclistofodarecipients.htm 
as defined in the OECD DAC- list (DAC: Development Assistance Committee) of ODA  recipients (ODA: Official Development Assistance).
</Description>
      </DescriptionGrp>
      <IntroductionGrp>
        <Indtroduction xml:lang="nb">Ikke relevant</Indtroduction>
        <Indtroduction xml:lang="en">Not relevant</Indtroduction>
      </IntroductionGrp>
      <ContactInformation>
        <Person xmlns="http://www.ssb.no/ns/meta/common">nro</Person>
        <Division xmlns="http://www.ssb.no/ns/meta/common">980</Division>
      </ContactInformation>
      <ExternalDocumentGrp>
        <ExternalDocument xml:lang="nb">Ikke relevant</ExternalDocument>
        <ExternalDocument xml:lang="en">Not relevant</ExternalDocument>
      </ExternalDocumentGrp>
      <ChangesGrp>
        <Change xml:lang="nb">Ikke relevant</Change>
        <Change xml:lang="en">Not relevant</Change>
      </ChangesGrp>
      <DerivedFromGrp>
        <DerviedFrom xml:lang="nb">OECDs DAC-liste: http://www.oecd.org/dac/stats/daclistofodarecipients.htm
Denne listen er designet for statistiske formål. Den bidrar til å måle og klassifisere bistand og andre ressursoverføringer fra giverland. Den er ikke et utgangspunkt for styring av utviklingshjelp eller annen preferansebehandling.</DerviedFrom>
        <DerviedFrom xml:lang="en">The DAC List of ODA (Official Development Assistance) Recipients of the (OECD): http://www.oecd.org/dac/stats/daclistofodarecipients.htm The list is designed for statistical purposes. It helps to measure and classify aid and other resource flows originating in donor countries. It is not designed as guidance for aid or other preferential treatment.</DerviedFrom>
      </DerivedFromGrp>
      <LegalBaseGrp>
        <LegalBase xml:lang="nb">Ikke relevant</LegalBase>
        <LegalBase xml:lang="en">Not relevant</LegalBase>
      </LegalBaseGrp>
      <Level levelNumber="1" id="urn:ssb:classlevel:stabas:9121109" codeStructure="XX">
        <TitleGrp>
          <Title xml:lang="nb">Landkoder for  minst utviklede land  MUL 2007: Landkoder for utviklingsland</Title>
          <Title xml:lang="en">Land codes for least developed countries - LDC 2007: Land Codes used in Forreign Trade stats. </Title>
        </TitleGrp>
        <CodelistReference>urn:ssb:codelist:stabas:9121109</CodelistReference>
      </Level>
    </ClassificationVersion>
  </ClassificationVersions>
</Classification>