<?xml version="1.0" encoding="utf-8"?>
<Classification xmlns:xsi="http://www.w3.org/2001/XMLSchema-instance" xmlns:xsd="http://www.w3.org/2001/XMLSchema" id="urn:ssb:classification:stabas:9140201" currentVersionId="urn:ssb:classversion:stabas:9140202" xmlns="http://www.ssb.no/ns/meta/classification">
  <TitleGrp>
    <Title xml:lang="nb">test</Title>
  </TitleGrp>
  <DescriptionGrp />
  <StatisticalUnitGrp />
  <OwnerGrp />
  <SubjectArea>06</SubjectArea>
  <ClassificationVersions>
    <ClassificationVersion id="urn:ssb:classversion:stabas:9140202" isCurrentVersion="false" isUnderConstruction="false" updatesPossible="false" disseminationAllowed="false" showIntranet="false" showInternet="false" />
  </ClassificationVersions>
</Classification>