<?xml version="1.0" encoding="utf-8"?>
<Classification xmlns:xsi="http://www.w3.org/2001/XMLSchema-instance" xmlns:xsd="http://www.w3.org/2001/XMLSchema" id="urn:ssb:classification:stabas:919597" currentVersionId="urn:ssb:classversion:stabas:5285601" xmlns="http://www.ssb.no/ns/meta/classification">
  <TitleGrp>
    <Title xml:lang="nn">Standard for sentralitet</Title>
    <Title xml:lang="nb">Standard for sentralitet</Title>
    <Title xml:lang="en">Classification of centrality</Title>
  </TitleGrp>
  <DescriptionGrp>
    <Description xml:lang="nn">Sentralitet 1994 inngår som eit av kriteria i Standard for kommuneklassifisering.Med sentralitet meines ein kommune sin geografiske plassering i høve til eit senter kor det er funksjonar av høg orden (sentrale funksjonar som post,bank).Dei sentrale funksjonar er fyrst og fremst lokalisert til tettstadar og tettstadane deles inn i tre grupper etter folkemengd og tilbod av funksjonar. Tettstadar i gruppe 3 er landsdelssentre (eller ei folkemengd på minst 50 000), gruppe 2 har ei folkemengd på mellom 15 000 og 50 000 og gruppe 1 ei folkemengd på mellom 5 000 og 15 000. Det er fire huvednivåer av sentralitet, koda 3-0, alt etter reisetid frå dei ulike sentertypane. Ein har også markert om kommunar for sentralitetsnivå 0-2 ligg slik til at det er mogleg å gjennomføre dagsreiser til ein tettstad på nivå 3 (koda A og B i 1994-standarden og koda 2 og 1 i 2008-standarden). Ei endring i 2008-standarden er at sentralitetsnivå 3 er delt opp i tre undernivå.</Description>
    <Description xml:lang="nb">Sentralitet 1994 inngår som et av kriteriene i Standard for kommuneklassifisering.Med sentralitet menes en kommunes geografiske beliggenhet i forhold til et senter hvor det er funksjoner av høy orden (sentrale funksjoner som post,bank). De sentrale funksjoner er først og fremst lokalisert til tettsteder.Tettstedene deles inn i tre nivåer etter folketall og tilbud av funksjoner. Tettsteder på nivå 3 er landsdelssentre (eller folketall på minst 50 000), nivå 2 har et folketall på mellom 15 000 og 50 000 og nivå 1 har et folketall på mellom 5 000 og 15 000. Det er fire hovednivåer av sentralitet, kode 3-0, alt etter reisetid til de forskjellige tettstedsnivåene. En har også markert om kommuner på sentralitetsnivå 0-2 ligger slik til at det er mulig å gjennomføre leilighetsvise dagsreiser til et tettsted på nivå 3 (kodet A og B i 1994-standarden og kodet 2 og 1 i 2008-standarden). En endring i 2008-standarden er at sentralitetsnivå 3 er delt opp i tre undernivåer.

</Description>
    <Description xml:lang="en">Centrality 1994 is one of the three criteria in the Standard Classification of Municipalities.Centrality is a measure of a municipality's geographical position seen in relation to a centre where higher order of functions (central functions as bank,post office) is found. Central functions are found mainly in urban settlements.Urban settlements are divided into three levels. Urban settlements on level 3 shall normally have a population of at least 50 000 and otherwise have functions as a regional centre, urban settlements on level 2 shall have a population of between 15 000 and 50 000 and urban settlements on level 1 shall normally have a population of between 5 000 and 15 000. In order to characterize the possibilities the population in a municipality has for commuting to one or more of these urban settlements, municipalities have been divided into four centrality levels (code 3-0). In addition it has also been indicated whether the location of a municipality enables occasional day visits to an urban settlement on level 3 within a reasonable travelling time and cost (code A and B). Level 3 is split in three new levels in the Standard Classification of Centrality 2008.</Description>
  </DescriptionGrp>
  <StatisticalUnitGrp>
    <StatisticalUnit xml:lang="nn">Regionale eininger</StatisticalUnit>
    <StatisticalUnit xml:lang="nb">Regionale enheter</StatisticalUnit>
    <StatisticalUnit xml:lang="en">Regional units</StatisticalUnit>
  </StatisticalUnitGrp>
  <OwnerGrp>
    <Owner xml:lang="nn">Statistisk sentralbyrå (SSB)</Owner>
    <Owner xml:lang="nb">Statistisk sentralbyrå (SSB)</Owner>
    <Owner xml:lang="en">Statistics Norway (SSB)</Owner>
  </OwnerGrp>
  <SubjectArea>00</SubjectArea>
  <ClassificationVersions>
    <ClassificationVersion id="urn:ssb:classversion:stabas:5326001" isCurrentVersion="false" validFrom="2008-01-01" isUnderConstruction="false" updatesPossible="false" disseminationAllowed="true" lastChangedDate="2014-06-27" showIntranet="true" showInternet="true">
      <TitleGrp>
        <Title xml:lang="nn">Variant 1 - Oppdeling av sentralitetsnivå 3 - 2008</Title>
        <Title xml:lang="nb">Variant 1 - Oppdeling av sentralitetsnivå 3 2008</Title>
        <Title xml:lang="en">Variant 1 - Division of centrality level 3 - 2008</Title>
      </TitleGrp>
      <DescriptionGrp>
        <Description xml:lang="nn">Sentralitetsnivå 3 er delt i dei tre nivåa 31-33. Først bereknar vi kva for kommunar som høyrer til sentralitetsnivå 3, så får kommunane kode etter reisetid til landsdelssentra (tettstader nivå 3).</Description>
        <Description xml:lang="nb">Beskrivelse: Sentralitetsnivå 3 er delt i de tre nivåene 31-33. Først beregnes hvilke kommuner som hører til sentralitetsnivå 3, så gis kommunene kode etter reisetid til landsdelssentrene (tettsteder nivå 3).</Description>
        <Description xml:lang="en">Centrality level 3 is divided into the three levels 31-33. First we determine which municipalities belong to centrality level 3. Then the municipalities are assigned codes according to travel time to regional centres (urban settlement level 3).</Description>
      </DescriptionGrp>
      <IntroductionGrp>
        <Indtroduction xml:lang="nn">Ikkje relevant</Indtroduction>
        <Indtroduction xml:lang="nb">Ikke relevant</Indtroduction>
        <Indtroduction xml:lang="en">Not relevant</Indtroduction>
      </IntroductionGrp>
      <ContactInformation>
        <Person xmlns="http://www.ssb.no/ns/meta/common">hhe</Person>
        <Division xmlns="http://www.ssb.no/ns/meta/common">320</Division>
      </ContactInformation>
      <ExternalDocumentGrp>
        <ExternalDocument xml:lang="nn">Ikkje relevant</ExternalDocument>
        <ExternalDocument xml:lang="nb">Ikke relevant</ExternalDocument>
        <ExternalDocument xml:lang="en">Not relevant</ExternalDocument>
      </ExternalDocumentGrp>
      <ChangesGrp>
        <Change xml:lang="nn">Ikkje relevant</Change>
        <Change xml:lang="nb">Ikke relevant</Change>
        <Change xml:lang="en">Not relevant</Change>
      </ChangesGrp>
      <DerivedFromGrp>
        <DerviedFrom xml:lang="nn">Ikkje relevant</DerviedFrom>
        <DerviedFrom xml:lang="nb">Ikke relevant</DerviedFrom>
        <DerviedFrom xml:lang="en">Not relevant</DerviedFrom>
      </DerivedFromGrp>
      <LegalBaseGrp>
        <LegalBase xml:lang="nn">Ikkje relevant</LegalBase>
        <LegalBase xml:lang="nb">Ikke relevant</LegalBase>
        <LegalBase xml:lang="en">Not relevant</LegalBase>
      </LegalBaseGrp>
      <Level levelNumber="1" id="urn:ssb:classlevel:stabas:5326005" codeStructure="99">
        <TitleGrp>
          <Title xml:lang="nn">Variant 1 - Oppdeling av sentralitetsnivå 3 - 2008: Oppdeling av sentralitet kode3</Title>
          <Title xml:lang="nb">Variant 1 - Oppdeling av sentralitetsnivå 3 2008: Oppdeling av Sentralitet kode3</Title>
          <Title xml:lang="en">Variant 1 - Division of centrality level 3 - 2008: Splitting up centrality code3</Title>
        </TitleGrp>
        <CodelistReference>urn:ssb:codelist:stabas:5326005</CodelistReference>
      </Level>
    </ClassificationVersion>
    <ClassificationVersion id="urn:ssb:classversion:stabas:5285601" isCurrentVersion="true" validFrom="2008-01-01" isUnderConstruction="false" updatesPossible="false" disseminationAllowed="true" lastChangedDate="2014-06-27" showIntranet="true" showInternet="true">
      <TitleGrp>
        <Title xml:lang="nn">Sentralitet 2008 </Title>
        <Title xml:lang="nb">Sentralitet 2008</Title>
        <Title xml:lang="en">Centrality 2008</Title>
      </TitleGrp>
      <DescriptionGrp>
        <Description xml:lang="nn">Med sentralitet meiner vi korleis ein kommune ligg geografisk i høve til tettstader av forskjellige storleiker. Tettstadene blir delte i tre nivå etter folketal og tilbod av funksjonar. Tettstader på nivå 3 er landsdelssenter (eller eit folketal på minst 50 000), nivå 2 har eit folketal mellom 15 000 og 50 000, nivå 1 har eit folketal mellom 5 000 og 15 000. For å beskrive dei alternativa befolkningen i ein kommune har for arbeidsreiser til ein eller fleire av desse tettstadene, har vi delt inn kommunane i fire sentralitetsnivå (0-3).

</Description>
        <Description xml:lang="nb">Med sentralitet menes en kommunes geografiske beliggenhet sett i forhold til tettsteder av ulik størrelse. Tettstedene deles i tre nivåer etter folketall og tilbud av funksjoner. Tettsteder på nivå 3 er landsdelssentrene (eller et folketall på minst 50 000), nivå 2 har et folketall mellom 15 000 og 50 000, nivå 1 har et folketall mellom 5 000 og 15 000. For å beskrive de muligheter befolkningen i en kommune har for arbeidsreiser til et eller flere av disse tettstedene, har en inndelt kommunene i fire sentralitetsnivåer (0-3).



</Description>
        <Description xml:lang="en">Centrality describes the geographic location of a municipality in relation to urban settlements of various sizes. The urban settlements are divided into three levels according to population and available public services. Urban settlements at level 3 are regional centres (population at least 50 000), level 2 settlements have a population between 15 000 and 50 000, and level 1 settlements have a population between 5 000 and 15 000. To describe the available alternatives for work travels to one or several urban settlements, the municipalities are divided into four centrality levels (0-3).

</Description>
      </DescriptionGrp>
      <IntroductionGrp>
        <Indtroduction xml:lang="nn">Ikkje relevant</Indtroduction>
        <Indtroduction xml:lang="nb">Ikke relevant</Indtroduction>
        <Indtroduction xml:lang="en">Not relevant</Indtroduction>
      </IntroductionGrp>
      <ContactInformation>
        <Person xmlns="http://www.ssb.no/ns/meta/common">hhe</Person>
        <Division xmlns="http://www.ssb.no/ns/meta/common">320</Division>
      </ContactInformation>
      <ExternalDocumentGrp>
        <ExternalDocument xml:lang="nn">Ikkje relevant</ExternalDocument>
        <ExternalDocument xml:lang="nb">Ikke relevant</ExternalDocument>
        <ExternalDocument xml:lang="en">Not relevant</ExternalDocument>
      </ExternalDocumentGrp>
      <ChangesGrp>
        <Change xml:lang="nn">Ikkje relevant</Change>
        <Change xml:lang="nb">Ikke relevant</Change>
        <Change xml:lang="en">Not relevant</Change>
      </ChangesGrp>
      <DerivedFromGrp>
        <DerviedFrom xml:lang="nn">Ikkje relevant</DerviedFrom>
        <DerviedFrom xml:lang="nb">Ikke relevant</DerviedFrom>
        <DerviedFrom xml:lang="en">Not relevant</DerviedFrom>
      </DerivedFromGrp>
      <LegalBaseGrp>
        <LegalBase xml:lang="nn">Ikkje relevant</LegalBase>
        <LegalBase xml:lang="nb">Ikke relevant</LegalBase>
        <LegalBase xml:lang="en">Not relevant</LegalBase>
      </LegalBaseGrp>
      <Level levelNumber="1" id="urn:ssb:classlevel:stabas:5285605" codeStructure="9">
        <TitleGrp>
          <Title xml:lang="nn">Sentralitet 2008 : Sentralitet </Title>
          <Title xml:lang="nb">Sentralitet 2008: Sentralitet</Title>
          <Title xml:lang="en">Centrality 2008: Centrality</Title>
        </TitleGrp>
        <CodelistReference>urn:ssb:codelist:stabas:5285605</CodelistReference>
        <Level levelNumber="2" id="urn:ssb:classlevel:stabas:8104101">
          <TitleGrp>
            <Title xml:lang="nn">Sentralitet 2008 </Title>
            <Title xml:lang="nb">Sentralitet 2008: nivå 2</Title>
            <Title xml:lang="en">Centrality 2008</Title>
          </TitleGrp>
          <CodelistReference>urn:ssb:codelist:stabas:8104101</CodelistReference>
        </Level>
      </Level>
    </ClassificationVersion>
    <ClassificationVersion id="urn:ssb:classversion:stabas:5326201" isCurrentVersion="false" validFrom="2008-01-01" isUnderConstruction="false" updatesPossible="false" disseminationAllowed="true" lastChangedDate="2014-06-27" showIntranet="true" showInternet="true">
      <TitleGrp>
        <Title xml:lang="nn">Variant 2 - Tilleggskoding av sentralitet  (kode 0, kode1 og kode 2) - 2008</Title>
        <Title xml:lang="nb">Variant 2 - Tilleggskoding av sentralitetsnivå 0 t.o.m 2  2008</Title>
        <Title xml:lang="en">Variant 2 - Additional coding of centrality level 0-2 (code 0, code1 og code 2) - 2008</Title>
      </TitleGrp>
      <DescriptionGrp>
        <Description xml:lang="nn">Kommunar med sentralitetsnivå 0-2 er markert om dei ligg slik til at det er mogleg å gjennomføre dagsreiser innimellom til eit landsdelssenter (tettstad på nivå 3). Alle kommunane som har ei reisetid på mindre enn 2,5 time (for Oslo:3 timar) til sentrum i næraste tettstad på nivå 3, får delnivåkode 2, elles markert med 1.
</Description>
        <Description xml:lang="nb">Kommuner med sentralitetsnivå  0-2 er markert om de ligger slik til at det er mulig å gjennomføre leilighetsvise dagsreiser til et landsdelssenter (tettsted på nivå 3).Alle kommuner som har en reisetid på mindre enn 2,5 time (for Oslo:3 timer) til sentrum i nærmeste tettsted på nivå 3, gis kode 2, ellers markert med 1.</Description>
        <Description xml:lang="en">Municipalities with centrality level 0-2 are marked if they are located in a way that enables occasional day trips to a regional centre (urban settlement level 3). Municipalities with a travel time of less than 2.5 hours (3 hours for Oslo) to the centre of the nearest urban settlement at level 3, are assigned sub-level code 2, others are assigned code 1.</Description>
      </DescriptionGrp>
      <IntroductionGrp>
        <Indtroduction xml:lang="nn">Ikkje relevant</Indtroduction>
        <Indtroduction xml:lang="nb">Ikke relevant</Indtroduction>
        <Indtroduction xml:lang="en">Not relevant</Indtroduction>
      </IntroductionGrp>
      <ContactInformation>
        <Person xmlns="http://www.ssb.no/ns/meta/common">hhe</Person>
        <Division xmlns="http://www.ssb.no/ns/meta/common">320</Division>
      </ContactInformation>
      <ExternalDocumentGrp>
        <ExternalDocument xml:lang="nn">Ikkje relevant</ExternalDocument>
        <ExternalDocument xml:lang="nb">Ikke relevant</ExternalDocument>
        <ExternalDocument xml:lang="en">Not relevant</ExternalDocument>
      </ExternalDocumentGrp>
      <ChangesGrp>
        <Change xml:lang="nn">Ikkje relevant</Change>
        <Change xml:lang="nb">Ikke relevant</Change>
        <Change xml:lang="en">Not relevant</Change>
      </ChangesGrp>
      <DerivedFromGrp>
        <DerviedFrom xml:lang="nn">Ikkje relevant</DerviedFrom>
        <DerviedFrom xml:lang="nb">Ikke relevant</DerviedFrom>
        <DerviedFrom xml:lang="en">Not relevant</DerviedFrom>
      </DerivedFromGrp>
      <LegalBaseGrp>
        <LegalBase xml:lang="nn">Ikkje relevant</LegalBase>
        <LegalBase xml:lang="nb">Ikke relevant</LegalBase>
        <LegalBase xml:lang="en">Not relevant</LegalBase>
      </LegalBaseGrp>
      <Level levelNumber="1" id="urn:ssb:classlevel:stabas:5326205" codeStructure="99">
        <TitleGrp>
          <Title xml:lang="nn">Variant 2 - Tilleggskoding av sentralitet  (kode 0, kode1 og kode 2) - 2008: Tilleggskoding av sentralitet </Title>
          <Title xml:lang="nb">Variant 2 - Tilleggskoding av sentralitetsnivå 0 t.o.m 2  2008: Tilleggskoding av sentralitet </Title>
          <Title xml:lang="en">Variant 2 - Additional coding of centrality level 0-2 (code 0, code1 og code 2) - 2008: Additional coding of centrality </Title>
        </TitleGrp>
        <CodelistReference>urn:ssb:codelist:stabas:5326205</CodelistReference>
      </Level>
    </ClassificationVersion>
    <ClassificationVersion id="urn:ssb:classversion:stabas:5290001" isCurrentVersion="false" validFrom="1994-10-27" validTo="2007-12-31" isUnderConstruction="false" updatesPossible="false" disseminationAllowed="true" lastChangedDate="2008-06-25" showIntranet="true" showInternet="true">
      <TitleGrp>
        <Title xml:lang="nn">Sentralitet 1994</Title>
        <Title xml:lang="nb">Sentralitet 1994</Title>
        <Title xml:lang="en">Centrality 1994</Title>
      </TitleGrp>
      <DescriptionGrp>
        <Description xml:lang="nn">Sentralitet 1994 inngår som eit av kriteria i Standard for kommuneklassifisering. Med sentralitet meiner vi kor ein kommune ligg i høve til kor det er funksjonar av høg orden (sentrale funksjonar som post, bank). Dei sentrale funksjonane er framfor alt lokaliserte til tettstader. Tettstadene blir delte inn i tre nivå etter folketal og tilbod av funksjonar. Tettstader på nivå 3 er landsdelssenter (eller folketal på minst 50 000), nivå 2 har et folketal på mellom 15 000 og 50 000 og nivå 1 har et folketal på mellom 5 000 og 15 000. Det er fire hovudnivå av sentralitet, kode 3-0, alt etter reisetid til dei forskjellige tettstadsnivåa. Ein har også markert om kommunar på sentralitetsnivå 0-2 ligg slik til at det av og til er mogleg å gjennomføre dagsreiser til ein tettstad på nivå 3 (koda A og B).</Description>
        <Description xml:lang="nb">Sentralitet 1994 inngår som et av kriteriene i Standard for kommuneklassifisering.Med sentralitet menes en kommunes geografiske beliggenhet i forhold til et senter hvor det er funksjoner av høy orden (sentrale funksjoner som post,bank). De sentrale funksjoner er først og fremst lokalisert til tettsteder.Tettstedene deles inn i tre nivåer etter folketall og tilbud av funksjoner. Tettsteder på nivå 3 er landsdelssentre (eller folketall på minst 50 000), nivå 2 har et folketall på mellom 15 000 og 50 000 og nivå 1 har et folketall på mellom 5 000 og 15 000. Det er fire hovednivåer av sentralitet, kode 3-0, alt etter reisetid til de forskjellige tettstedsnivåene. En har også markert om kommuner på sentralitetsnivå 0-2 ligger slik til at det er mulig å gjennomføre leilighetsvise dagsreiser til et tettsted på nivå 3 (kodet A og B). 
</Description>
        <Description xml:lang="en">Centrality 1994 is one of the criteria in Standard Classification of Municipalities . Centrality is defined as a municipality's geographic location in relation to a centre where there are service functions such as a post office and bank. The central functions are primarily located in urban settlements. Urban settlements are divided into three levels according to population and available service functions. Level 3 urban settlements are regional centres (or have a population of at least 50 000), level 2 urban settlements have a population between 15 000 and 50 000, and level 1 urban settlements have a population between 5 000 and 15 000. There are four main levels of centrality, code 3-0, depending on the time of travel to the different urban settlment levels. Whether centrality level 0-2 municipalities are located a day's journey from a level 3 urban settlement (coded A and B) have been marked.
</Description>
      </DescriptionGrp>
      <IntroductionGrp>
        <Indtroduction xml:lang="nn">Ikkje relevant</Indtroduction>
        <Indtroduction xml:lang="nb">Ikke relevant</Indtroduction>
        <Indtroduction xml:lang="en">Not relevant</Indtroduction>
      </IntroductionGrp>
      <ContactInformation>
        <Person xmlns="http://www.ssb.no/ns/meta/common">hhe</Person>
        <Division xmlns="http://www.ssb.no/ns/meta/common">320</Division>
      </ContactInformation>
      <ExternalDocumentGrp>
        <ExternalDocument xml:lang="nn">NOS-publikasjonane (C 192) "Standard for kommuneklassifisering 1994" og (C 513) "Regionale inndelinger"</ExternalDocument>
        <ExternalDocument xml:lang="nb">NOS-publikasjonene (C 192) "Standard for kommuneklassifisering 1994" og (C 513)  "Regionale inndelinger"</ExternalDocument>
        <ExternalDocument xml:lang="en">The NOS-publications (C 192) "Standard for kommuneklassifisering 1994" (Standard Classification of Municipalities 1994) and (C 513) "Regionale inndelinger" (Regional Classifications).</ExternalDocument>
      </ExternalDocumentGrp>
      <ChangesGrp>
        <Change xml:lang="nn">Ikkje relevant</Change>
        <Change xml:lang="nb">Ikke relevant</Change>
        <Change xml:lang="en">Not relevant</Change>
      </ChangesGrp>
      <DerivedFromGrp>
        <DerviedFrom xml:lang="nn">Ikkje relevant</DerviedFrom>
        <DerviedFrom xml:lang="nb">Ikke relevant</DerviedFrom>
        <DerviedFrom xml:lang="en">Not relevant</DerviedFrom>
      </DerivedFromGrp>
      <LegalBaseGrp>
        <LegalBase xml:lang="nn">Ikkje relevant</LegalBase>
        <LegalBase xml:lang="nb">Ikke relevant</LegalBase>
        <LegalBase xml:lang="en">Not relevant</LegalBase>
      </LegalBaseGrp>
      <Level levelNumber="1" id="urn:ssb:classlevel:stabas:5290005" codeStructure="9A">
        <TitleGrp>
          <Title xml:lang="nn">Sentralitet 1994: Sentralitet</Title>
          <Title xml:lang="nb">Sentralitet 1994: Sentralitet</Title>
          <Title xml:lang="en">Centrality 1994: Centrality</Title>
        </TitleGrp>
        <CodelistReference>urn:ssb:codelist:stabas:5290005</CodelistReference>
      </Level>
    </ClassificationVersion>
  </ClassificationVersions>
</Classification>