<?xml version="1.0" encoding="utf-8"?>
<Classification xmlns:xsi="http://www.w3.org/2001/XMLSchema-instance" xmlns:xsd="http://www.w3.org/2001/XMLSchema" id="urn:ssb:classification:stabas:920749" currentVersionId="urn:ssb:classversion:stabas:4124101" xmlns="http://www.ssb.no/ns/meta/classification">
  <TitleGrp>
    <Title xml:lang="nn">Standard for kommuneklassifisering</Title>
    <Title xml:lang="nb">Standard for kommuneklassifisering</Title>
    <Title xml:lang="en">Classification of municipalities</Title>
  </TitleGrp>
  <DescriptionGrp>
    <Description xml:lang="nn">Standard for kommuneklassifisering sin hovudklassifisering er tufta på kriteriene næringstilknytning og sentralitet.</Description>
    <Description xml:lang="nb">Standard for kommuneklassifisering sin hovedklassifisering er basert på kriteriene næringstilknytning og sentralitet.</Description>
    <Description xml:lang="en">The main classification of Standard Classification of Municipalities is based on the criteria industrial link and centrality.</Description>
  </DescriptionGrp>
  <StatisticalUnitGrp>
    <StatisticalUnit xml:lang="nn">Regionale eininger</StatisticalUnit>
    <StatisticalUnit xml:lang="nb">Regionale enheter</StatisticalUnit>
    <StatisticalUnit xml:lang="en">Regional units</StatisticalUnit>
  </StatisticalUnitGrp>
  <OwnerGrp>
    <Owner xml:lang="nn">Statistisk sentralbyrå (SSB)</Owner>
    <Owner xml:lang="nb">Statistisk sentralbyrå (SSB)</Owner>
    <Owner xml:lang="en">Statistics Norway (SSB)</Owner>
  </OwnerGrp>
  <SubjectArea>00</SubjectArea>
  <ClassificationVersions>
    <ClassificationVersion id="urn:ssb:classversion:stabas:4124101" isCurrentVersion="true" validFrom="1994-10-27" isUnderConstruction="false" updatesPossible="false" disseminationAllowed="true" lastChangedDate="2014-06-27" showIntranet="true" showInternet="true">
      <TitleGrp>
        <Title xml:lang="nn">Kommuneklassifisering 1994</Title>
        <Title xml:lang="nb">Kommuneklassifisering 1994</Title>
        <Title xml:lang="en">Classification of municipalities 1994</Title>
      </TitleGrp>
      <DescriptionGrp>
        <Description xml:lang="nn">Standard for kommuneklassifisering sin hovudklassifisering er tufta på kriteriene næringstilknytning og sentralitet.</Description>
        <Description xml:lang="nb">Standard for kommuneklassifisering sin hovedklassifisering er basert på kriteriene næringstilknytning og sentralitet.</Description>
        <Description xml:lang="en">The main classification of Standard Classification of Municipalities is based on the criteria industrial link and centrality.</Description>
      </DescriptionGrp>
      <IntroductionGrp>
        <Indtroduction xml:lang="nn">Ikkje relevant</Indtroduction>
        <Indtroduction xml:lang="nb">Ikke relevant</Indtroduction>
        <Indtroduction xml:lang="en">Not relevant</Indtroduction>
      </IntroductionGrp>
      <ContactInformation>
        <Person xmlns="http://www.ssb.no/ns/meta/common">hhe</Person>
        <Division xmlns="http://www.ssb.no/ns/meta/common">320</Division>
      </ContactInformation>
      <ExternalDocumentGrp>
        <ExternalDocument xml:lang="nn">NOS-publikasjonane (C 192) "Standard for kommuneklassifisering 1994" og (C 513) "Regionale inndelinger"</ExternalDocument>
        <ExternalDocument xml:lang="nb">NOS-publikasjonene (C 192) "Standard for kommuneklassifisering 1994" og http://www.ssb.no/emner/00/00/20/nos_c513/</ExternalDocument>
        <ExternalDocument xml:lang="en">The NOS-publications (C 192) "Standard for kommuneklassifisering 1994" (Standard Classification of Municipalities 1994) and (C 513) "Regionale inndelinger" (Regional Classifications).</ExternalDocument>
      </ExternalDocumentGrp>
      <ChangesGrp>
        <Change xml:lang="nn">Ikkje relevant</Change>
        <Change xml:lang="nb">Ikke relevant</Change>
        <Change xml:lang="en">Not relevant</Change>
      </ChangesGrp>
      <DerivedFromGrp>
        <DerviedFrom xml:lang="nn">Ikkje relevant</DerviedFrom>
        <DerviedFrom xml:lang="nb">Ikke relevant</DerviedFrom>
        <DerviedFrom xml:lang="en">Not relevant</DerviedFrom>
      </DerivedFromGrp>
      <LegalBaseGrp>
        <LegalBase xml:lang="nn">Ikkje relevant</LegalBase>
        <LegalBase xml:lang="nb">Ikke relevant</LegalBase>
        <LegalBase xml:lang="en">Not relevant</LegalBase>
      </LegalBaseGrp>
      <Level levelNumber="1" id="urn:ssb:classlevel:stabas:4124105" codeStructure="9">
        <TitleGrp>
          <Title xml:lang="nn">Kommuneklassifisering 1994: Kommuneklassifisering</Title>
          <Title xml:lang="nb">Kommuneklassifisering 1994: Kommuneklassifisering</Title>
          <Title xml:lang="en">Classification of municipalities 1994: Classification of municipalities</Title>
        </TitleGrp>
        <CodelistReference>urn:ssb:codelist:stabas:4124105</CodelistReference>
      </Level>
    </ClassificationVersion>
  </ClassificationVersions>
</Classification>