<?xml version="1.0" encoding="utf-8"?>
<Classification xmlns:xsi="http://www.w3.org/2001/XMLSchema-instance" xmlns:xsd="http://www.w3.org/2001/XMLSchema" id="urn:ssb:classification:stabas:9232010" currentVersionId="urn:ssb:classversion:stabas:0" xmlns="http://www.ssb.no/ns/meta/classification">
  <TitleGrp>
    <Title xml:lang="nn">Standard for fagskoleutdanning (NUS)</Title>
    <Title xml:lang="nb">Standard for fagskolepoeng (NUS)</Title>
    <Title xml:lang="en">Classification for Vocational school education (NUS)</Title>
  </TitleGrp>
  <DescriptionGrp />
  <StatisticalUnitGrp />
  <OwnerGrp>
    <Owner xml:lang="nn">Statistisk sentralbyrå (SSB)</Owner>
    <Owner xml:lang="nb">Statistisk sentralbyrå (SSB) </Owner>
    <Owner xml:lang="en">Statistics Norway</Owner>
  </OwnerGrp>
  <SubjectArea>04</SubjectArea>
  <ClassificationVersions>
    <ClassificationVersion id="urn:ssb:classversion:stabas:9259601" isCurrentVersion="false" isUnderConstruction="false" updatesPossible="false" disseminationAllowed="false" showIntranet="false" showInternet="false" />
  </ClassificationVersions>
</Classification>