<?xml version="1.0" encoding="utf-8"?>
<Classification xmlns:xsi="http://www.w3.org/2001/XMLSchema-instance" xmlns:xsd="http://www.w3.org/2001/XMLSchema" id="urn:ssb:classification:stabas:9261201" currentVersionId="urn:ssb:classversion:stabas:9263715" xmlns="http://www.ssb.no/ns/meta/classification">
  <TitleGrp>
    <Title xml:lang="nn">Standard for studiepoeng (NUS)</Title>
    <Title xml:lang="nb">Standard for fagskoleutdanning (NUS)</Title>
    <Title xml:lang="en">Classification for Credit points (NUS)</Title>
  </TitleGrp>
  <DescriptionGrp>
    <Description xml:lang="nb">Grupperingen brukes for utdanninger som er godkjent etter lov om fagskoleutdanning av 20.mars 2003. Godkjent fagskoleutdanning kodes 10. Grupperingen er tatt i bruk fra skoleåret 2005/06.</Description>
  </DescriptionGrp>
  <StatisticalUnitGrp>
    <StatisticalUnit xml:lang="nb">Utdanningsaktiviteter som har en formell skolemessig ramme, innrettet mot en systematisk formidling av kunnskap og ferdigheter, og som har en viss lengde.</StatisticalUnit>
  </StatisticalUnitGrp>
  <OwnerGrp>
    <Owner xml:lang="nn">Statistisk sentralbyrå (SSB)</Owner>
    <Owner xml:lang="nb">Statistisk sentralbyrå (SSB) </Owner>
    <Owner xml:lang="en">Statistics Norway</Owner>
  </OwnerGrp>
  <SubjectArea>04</SubjectArea>
  <ClassificationVersions>
    <ClassificationVersion id="urn:ssb:classversion:stabas:9261301" isCurrentVersion="false" isUnderConstruction="false" updatesPossible="false" disseminationAllowed="false" showIntranet="false" showInternet="false" />
    <ClassificationVersion id="urn:ssb:classversion:stabas:9261403" isCurrentVersion="false" isUnderConstruction="false" updatesPossible="false" disseminationAllowed="false" showIntranet="false" showInternet="false" />
    <ClassificationVersion id="urn:ssb:classversion:stabas:9261513" isCurrentVersion="false" isUnderConstruction="false" updatesPossible="false" disseminationAllowed="false" showIntranet="false" showInternet="false" />
    <ClassificationVersion id="urn:ssb:classversion:stabas:9261643" isCurrentVersion="false" isUnderConstruction="false" updatesPossible="false" disseminationAllowed="false" showIntranet="false" showInternet="false" />
    <ClassificationVersion id="urn:ssb:classversion:stabas:9261773" isCurrentVersion="false" isUnderConstruction="false" updatesPossible="false" disseminationAllowed="false" showIntranet="false" showInternet="false" />
    <ClassificationVersion id="urn:ssb:classversion:stabas:9261933" isCurrentVersion="false" isUnderConstruction="false" updatesPossible="false" disseminationAllowed="false" showIntranet="false" showInternet="false" />
    <ClassificationVersion id="urn:ssb:classversion:stabas:9262095" isCurrentVersion="false" isUnderConstruction="false" updatesPossible="false" disseminationAllowed="false" showIntranet="false" showInternet="false" />
    <ClassificationVersion id="urn:ssb:classversion:stabas:9262263" isCurrentVersion="false" isUnderConstruction="false" updatesPossible="false" disseminationAllowed="false" showIntranet="false" showInternet="false" />
    <ClassificationVersion id="urn:ssb:classversion:stabas:9262433" isCurrentVersion="false" isUnderConstruction="false" updatesPossible="false" disseminationAllowed="false" showIntranet="false" showInternet="false" />
    <ClassificationVersion id="urn:ssb:classversion:stabas:9262615" isCurrentVersion="false" isUnderConstruction="false" updatesPossible="false" disseminationAllowed="false" showIntranet="false" showInternet="false" />
    <ClassificationVersion id="urn:ssb:classversion:stabas:9262803" isCurrentVersion="false" isUnderConstruction="false" updatesPossible="false" disseminationAllowed="false" showIntranet="false" showInternet="false" />
    <ClassificationVersion id="urn:ssb:classversion:stabas:9263015" isCurrentVersion="false" isUnderConstruction="false" updatesPossible="false" disseminationAllowed="false" showIntranet="false" showInternet="false" />
    <ClassificationVersion id="urn:ssb:classversion:stabas:9263229" isCurrentVersion="false" isUnderConstruction="false" updatesPossible="false" disseminationAllowed="false" showIntranet="false" showInternet="false" />
    <ClassificationVersion id="urn:ssb:classversion:stabas:9263459" isCurrentVersion="false" isUnderConstruction="false" updatesPossible="false" disseminationAllowed="false" showIntranet="false" showInternet="false" />
    <ClassificationVersion id="urn:ssb:classversion:stabas:9263715" isCurrentVersion="true" validFrom="2014-01-01" validTo="2015-11-09" isUnderConstruction="false" updatesPossible="false" disseminationAllowed="true" lastChangedDate="2015-12-14" showIntranet="true" showInternet="true">
      <TitleGrp>
        <Title xml:lang="nn">Fagskoleutdanning (NUS 2014/1)</Title>
        <Title xml:lang="nb">Fagskoleutdanning (NUS 2014/1) ugyldig f.o.m. 9. nov 2015</Title>
        <Title xml:lang="en">Vocational school education (NUS 2014/1)</Title>
      </TitleGrp>
      <DescriptionGrp>
        <Description xml:lang="nn">Versjon  2014_1 er ikkje lenger gyldig, for oppdatert versjon av Norsk standard for utdanningsgruppering sjå: http://www.ssb.no/utdanning/norsk-standard-for-utdanningsgruppering
Grupperinga blir brukt for å gruppere utdanningar som er godkjende etter lov om fagskoleutdanning av 20. mars 2003. Godkjend fagskoleutdanning blir gitt kode 10. Grupperinga er teke i bruk frå skoleåret 2005/06.</Description>
        <Description xml:lang="nb">Versjon  2014_1 er ikke lenger gyldig, for oppdatert versjon av Norsk standard for utdanningsgruppering se: http://www.ssb.no/utdanning/norsk-standard-for-utdanningsgruppering
Grupperingen brukes for utdanninger som er godkjent etter lov om fagskoleutdanning av 20.mars 2003. Godkjent fagskoleutdanning kodes 10. Grupperingen er tatt i bruk fra skoleåret 2005/06.</Description>
        <Description xml:lang="en">NUS 2014/1 is available including 8 November 2015. The new version, applicable from 9 November 2015, is not available in Database for Standard Classifications.
This classification is used for educations approved in the law of vocational school education of March 20. 2003. Approved vocational school education is coded 10. This classification is in use from school-year 2005/06.</Description>
      </DescriptionGrp>
      <IntroductionGrp>
        <Indtroduction xml:lang="nn">NUS2000 inneheld, i tillegg til den sekssifra NUS-koden, også andre kodar knytte til utdanning. Kode for godkjend fagskoleutdanning er ei slik gruppering. Desse supplerer NUS2000-standarden, men har, med unntak av ISCED97, ikkje status som offisielle standardar i SSB. </Indtroduction>
        <Indtroduction xml:lang="nb">NUS2000 inneholder, i tillegg til den sekssifrede NUS-koden, også andre koder knyttet til utdanning. Kode for godkjent fagskoleutdanning er en slik gruppering. Disse supplerer NUS2000-standarden, men har, med unntak av ISCED97, ikke status som offisielle standarder i SSB.</Indtroduction>
        <Indtroduction xml:lang="en">In addition to the six digit NUS code, NUS2000 also consist of other codes concerning education. Code for approved vocational school education is such a classification. These codes supplement the NUS2000 standard, but with exception from ISCED97, they do not have status as official standards in Statistics Norway.</Indtroduction>
      </IntroductionGrp>
      <ContactInformation>
        <Person xmlns="http://www.ssb.no/ns/meta/common">gki</Person>
        <Division xmlns="http://www.ssb.no/ns/meta/common">360</Division>
      </ContactInformation>
      <ExternalDocumentGrp>
        <ExternalDocument xml:lang="nn">http://www.ssb.no/utdanning/norsk-standard-for-utdanningsgruppering</ExternalDocument>
        <ExternalDocument xml:lang="nb">http://www.ssb.no/utdanning/norsk-standard-for-utdanningsgruppering</ExternalDocument>
        <ExternalDocument xml:lang="en">http://www.ssb.no/utdanning/norsk-standard-for-utdanningsgruppering</ExternalDocument>
      </ExternalDocumentGrp>
      <ChangesGrp>
        <Change xml:lang="nn">Ikkje relevant</Change>
        <Change xml:lang="nb">Ikke relevant</Change>
        <Change xml:lang="en">Not relevant</Change>
      </ChangesGrp>
      <DerivedFromGrp>
        <DerviedFrom xml:lang="nn">Ikkje relevant</DerviedFrom>
        <DerviedFrom xml:lang="nb">Ikke relevant</DerviedFrom>
        <DerviedFrom xml:lang="en">Not relevant</DerviedFrom>
      </DerivedFromGrp>
      <LegalBaseGrp>
        <LegalBase xml:lang="nn">1) 398 R 0577 Rådsforordning (EU) nr 577/98 av 9. mars 1998.  2) 32 000 R 1897 Kommisjonsforordning (EU) nr 1897/2000 av 7. september 2000.  3) 32 000 R 1575 Kommisjonsforordning (EU) nr 1575/2000 av 19. juli 2000.   </LegalBase>
        <LegalBase xml:lang="nb">1) 398 R 0577 Rådsforordning (EU) nr 577/98 av 9. mars 1998.  2) 32 000 R 1897 Kommisjonsforordning (EU) nr 1897/2000 av 7. september 2000.  3) 32 000 R 1575 Kommisjonsforordning (EU) nr 1575/2000 av 19. juli 2000.</LegalBase>
        <LegalBase xml:lang="en">1) 398 R 0577 Council Regulation No 577/98 of 9 March 1998. 2) 32 000 R 1897 Commission Regulation No 1897/2000 of 7 September 2000. 3) 32 000 R 1575 Commission Regulation No 1575/2000 of 19 July 2000.</LegalBase>
      </LegalBaseGrp>
      <Level levelNumber="1" id="urn:ssb:classlevel:stabas:9263717" codeStructure="99">
        <TitleGrp>
          <Title xml:lang="nn">Fagskoleutdanning (NUS 2014/1): Fagskoleutdanning</Title>
          <Title xml:lang="nb">Fagskoleutdanning (NUS 2014/1) ugyldig f.o.m. 9. nov 2015: Fagskoleutdanning</Title>
          <Title xml:lang="en">Vocational school education (NUS 2014/1): Vocational school</Title>
        </TitleGrp>
        <CodelistReference>urn:ssb:codelist:stabas:9263717</CodelistReference>
        <Level levelNumber="2" id="urn:ssb:classlevel:stabas:9263719" codeStructure="999999">
          <TitleGrp>
            <Title xml:lang="nn">Fagskoleutdanning (NUS 2014/1): Utdanningskode</Title>
            <Title xml:lang="nb">Fagskoleutdanning (NUS 2014/1) ugyldig f.o.m. 9. nov 2015: Utdanningskode</Title>
            <Title xml:lang="en">Vocational school education (NUS 2014/1): Education code</Title>
          </TitleGrp>
          <CodelistReference>urn:ssb:codelist:stabas:9263719</CodelistReference>
        </Level>
      </Level>
    </ClassificationVersion>
  </ClassificationVersions>
</Classification>